battery_id,discharge_cycle_index,actual_next_capacity,predicted_next_capacity,baseline,split_type,seed,prediction_method
B0005,0.0,1.846327249719927,1.8564874208181574,last_observed_value,leave_one_battery_out,,last_observed_value
B0005,0.0,1.846327249719927,1.8564874208181574,exponential,leave_one_battery_out,,fallback_last_observed
B0005,1.0,1.8353491942234077,1.846327249719927,last_observed_value,leave_one_battery_out,,last_observed_value
B0005,1.0,1.8353491942234077,1.846327249719927,exponential,leave_one_battery_out,,fallback_last_observed
B0005,2.0,1.8352625275821128,1.8353491942234077,last_observed_value,leave_one_battery_out,,last_observed_value
B0005,2.0,1.8352625275821128,1.8353491942234077,exponential,leave_one_battery_out,,fallback_last_observed
B0005,3.0,1.8346455082120419,1.8352625275821128,last_observed_value,leave_one_battery_out,,last_observed_value
B0005,3.0,1.8346455082120419,1.824692009994564,exponential,leave_one_battery_out,,exponential
B0005,4.0,1.8356616600675495,1.8346455082120419,last_observed_value,leave_one_battery_out,,last_observed_value
B0005,4.0,1.8356616600675495,1.8251889083985589,exponential,leave_one_battery_out,,exponential
B0005,5.0,1.8351461429226603,1.8356616600675495,last_observed_value,leave_one_battery_out,,last_observed_value
B0005,5.0,1.8351461429226603,1.8266961769142256,exponential,leave_one_battery_out,,exponential
B0005,6.0,1.8257567905665537,1.8351461429226603,last_observed_value,leave_one_battery_out,,last_observed_value
B0005,6.0,1.8257567905665537,1.827545940351925,exponential,leave_one_battery_out,,exponential
B0005,7.0,1.8247738529891333,1.8257567905665537,last_observed_value,leave_one_battery_out,,last_observed_value
B0005,7.0,1.8247738529891333,1.8235773566190403,exponential,leave_one_battery_out,,exponential
B0005,8.0,1.824613268496936,1.8247738529891333,last_observed_value,leave_one_battery_out,,last_observed_value
B0005,8.0,1.824613268496936,1.8208857358836212,exponential,leave_one_battery_out,,exponential
B0005,9.0,1.8246195526864504,1.824613268496936,last_observed_value,leave_one_battery_out,,last_observed_value
B0005,9.0,1.8246195526864504,1.819233160312848,exponential,leave_one_battery_out,,exponential
B0005,10.0,1.8142019357673917,1.8246195526864504,last_observed_value,leave_one_battery_out,,last_observed_value
B0005,10.0,1.8142019357673917,1.8182523625396811,exponential,leave_one_battery_out,,exponential
B0005,11.0,1.8137521577549054,1.8142019357673917,last_observed_value,leave_one_battery_out,,last_observed_value
B0005,11.0,1.8137521577549054,1.8142064217787066,exponential,leave_one_battery_out,,exponential
B0005,12.0,1.8134404914735822,1.8137521577549054,last_observed_value,leave_one_battery_out,,last_observed_value
B0005,12.0,1.8134404914735822,1.8112150228495096,exponential,leave_one_battery_out,,exponential
B0005,13.0,1.8025980036306504,1.8134404914735822,last_observed_value,leave_one_battery_out,,last_observed_value
B0005,13.0,1.8025980036306504,1.8089852482111866,exponential,leave_one_battery_out,,exponential
B0005,14.0,1.80210690024615,1.8025980036306504,last_observed_value,leave_one_battery_out,,last_observed_value
B0005,14.0,1.80210690024615,1.8046422798082968,exponential,leave_one_battery_out,,exponential
B0005,15.0,1.802579500826209,1.80210690024615,last_observed_value,leave_one_battery_out,,last_observed_value
B0005,15.0,1.802579500826209,1.8009299410829485,exponential,leave_one_battery_out,,exponential
B0005,16.0,1.8030683142834096,1.802579500826209,last_observed_value,leave_one_battery_out,,last_observed_value
B0005,16.0,1.8030683142834096,1.798322344622516,exponential,leave_one_battery_out,,exponential
B0005,17.0,1.8027776247196041,1.8030683142834096,last_observed_value,leave_one_battery_out,,last_observed_value
B0005,17.0,1.8027776247196041,1.796375109964373,exponential,leave_one_battery_out,,exponential
B0005,18.0,1.8470259949329193,1.8027776247196041,last_observed_value,leave_one_battery_out,,last_observed_value
B0005,18.0,1.8470259949329193,1.7974536024832104,exponential,leave_one_battery_out,,exponential
B0005,19.0,1.847417311283644,1.8470259949329193,last_observed_value,leave_one_battery_out,,last_observed_value
B0005,19.0,1.847417311283644,1.8024689641459588,exponential,leave_one_battery_out,,exponential
B0005,20.0,1.8361774213478947,1.847417311283644,last_observed_value,leave_one_battery_out,,last_observed_value
B0005,20.0,1.8361774213478947,1.8089810810673441,exponential,leave_one_battery_out,,exponential
B0005,21.0,1.8257807475776242,1.8361774213478947,last_observed_value,leave_one_battery_out,,last_observed_value
B0005,21.0,1.8257807475776242,1.812456986061676,exponential,leave_one_battery_out,,exponential
B0005,22.0,1.8251136435078368,1.8257807475776242,last_observed_value,leave_one_battery_out,,last_observed_value
B0005,22.0,1.8251136435078368,1.813630182225765,exponential,leave_one_battery_out,,exponential
B0005,23.0,1.8255815042203762,1.8251136435078368,last_observed_value,leave_one_battery_out,,last_observed_value
B0005,23.0,1.8255815042203762,1.814543365495254,exponential,leave_one_battery_out,,exponential
B0005,24.0,1.8140311275083907,1.8255815042203762,last_observed_value,leave_one_battery_out,,last_observed_value
B0005,24.0,1.8140311275083907,1.8154244822822818,exponential,leave_one_battery_out,,exponential
B0005,25.0,1.8147691941158939,1.8140311275083907,last_observed_value,leave_one_battery_out,,last_observed_value
B0005,25.0,1.8147691941158939,1.8144264323017012,exponential,leave_one_battery_out,,exponential
B0005,26.0,1.813969388710352,1.8147691941158939,last_observed_value,leave_one_battery_out,,last_observed_value
B0005,26.0,1.813969388710352,1.8136833558346126,exponential,leave_one_battery_out,,exponential
B0005,27.0,1.802765665167823,1.813969388710352,last_observed_value,leave_one_battery_out,,last_observed_value
B0005,27.0,1.802765665167823,1.8129297968970377,exponential,leave_one_battery_out,,exponential
B0005,28.0,1.804077040117352,1.802765665167823,last_observed_value,leave_one_battery_out,,last_observed_value
B0005,28.0,1.804077040117352,1.810736970832025,exponential,leave_one_battery_out,,exponential
B0005,29.0,1.8518025516704486,1.804077040117352,last_observed_value,leave_one_battery_out,,last_observed_value
B0005,29.0,1.8518025516704486,1.8089888793931124,exponential,leave_one_battery_out,,exponential
B0005,30.0,1.8307038456739428,1.8518025516704486,last_observed_value,leave_one_battery_out,,last_observed_value
B0005,30.0,1.8307038456739428,1.8136089282429566,exponential,leave_one_battery_out,,exponential
B0005,31.0,1.8199041089501267,1.8307038456739428,last_observed_value,leave_one_battery_out,,last_observed_value
B0005,31.0,1.8199041089501267,1.8151017008126757,exponential,leave_one_battery_out,,exponential
B0005,32.0,1.8093079637028517,1.8199041089501267,last_observed_value,leave_one_battery_out,,last_observed_value
B0005,32.0,1.8093079637028517,1.815137940873612,exponential,leave_one_battery_out,,exponential
B0005,33.0,1.80460990458052,1.8093079637028517,last_observed_value,leave_one_battery_out,,last_observed_value
B0005,33.0,1.80460990458052,1.8139289486157537,exponential,leave_one_battery_out,,exponential
B0005,34.0,1.7993770651972192,1.80460990458052,last_observed_value,leave_one_battery_out,,last_observed_value
B0005,34.0,1.7993770651972192,1.8123118407916081,exponential,leave_one_battery_out,,exponential
B0005,35.0,1.7884432335370462,1.7993770651972192,last_observed_value,leave_one_battery_out,,last_observed_value
B0005,35.0,1.7884432335370462,1.8173118425058707,exponential,leave_one_battery_out,,exponential
B0005,36.0,1.7829230484252723,1.7884432335370462,last_observed_value,leave_one_battery_out,,last_observed_value
B0005,36.0,1.7829230484252723,1.8158768408653763,exponential,leave_one_battery_out,,exponential
B0005,37.0,1.7730337158018288,1.7829230484252723,last_observed_value,leave_one_battery_out,,last_observed_value
B0005,37.0,1.7730337158018288,1.8039533714542415,exponential,leave_one_battery_out,,exponential
B0005,38.0,1.773037755078937,1.7730337158018288,last_observed_value,leave_one_battery_out,,last_observed_value
B0005,38.0,1.773037755078937,1.799943291766894,exponential,leave_one_battery_out,,exponential
B0005,39.0,1.7678721106662054,1.773037755078937,last_observed_value,leave_one_battery_out,,last_observed_value
B0005,39.0,1.7678721106662054,1.7962876744853133,exponential,leave_one_battery_out,,exponential
B0005,40.0,1.7623150704093087,1.7678721106662054,last_observed_value,leave_one_battery_out,,last_observed_value
B0005,40.0,1.7623150704093087,1.7924504651296331,exponential,leave_one_battery_out,,exponential
B0005,41.0,1.7676172924938447,1.7623150704093087,last_observed_value,leave_one_battery_out,,last_observed_value
B0005,41.0,1.7676172924938447,1.7884213515635565,exponential,leave_one_battery_out,,exponential
B0005,42.0,1.762668359743147,1.7676172924938447,last_observed_value,leave_one_battery_out,,last_observed_value
B0005,42.0,1.762668359743147,1.785223560623848,exponential,leave_one_battery_out,,exponential
B0005,43.0,1.7517304870664143,1.762668359743147,last_observed_value,leave_one_battery_out,,last_observed_value
B0005,43.0,1.7517304870664143,1.7818472292834713,exponential,leave_one_battery_out,,exponential
B0005,44.0,1.7418496047960008,1.7517304870664143,last_observed_value,leave_one_battery_out,,last_observed_value
B0005,44.0,1.7418496047960008,1.777771270161736,exponential,leave_one_battery_out,,exponential
B0005,45.0,1.7360913511847138,1.7418496047960008,last_observed_value,leave_one_battery_out,,last_observed_value
B0005,45.0,1.7360913511847138,1.773162536307268,exponential,leave_one_battery_out,,exponential
B0005,46.0,1.7936240148573608,1.7360913511847138,last_observed_value,leave_one_battery_out,,last_observed_value
B0005,46.0,1.7936240148573608,1.7684262881734867,exponential,leave_one_battery_out,,exponential
B0005,47.0,1.7831890223273275,1.7936240148573608,last_observed_value,leave_one_battery_out,,last_observed_value
B0005,47.0,1.7831890223273275,1.768845307094125,exponential,leave_one_battery_out,,exponential
B0005,48.0,1.7673642076278957,1.7831890223273275,last_observed_value,leave_one_battery_out,,last_observed_value
B0005,48.0,1.7673642076278957,1.7683978528427815,exponential,leave_one_battery_out,,exponential
B0005,49.0,1.7570177850353066,1.7673642076278957,last_observed_value,leave_one_battery_out,,last_observed_value
B0005,49.0,1.7570177850353066,1.7667329969916068,exponential,leave_one_battery_out,,exponential
B0005,50.0,1.7468706179837907,1.7570177850353066,last_observed_value,leave_one_battery_out,,last_observed_value
B0005,50.0,1.7468706179837907,1.764387906902357,exponential,leave_one_battery_out,,exponential
B0005,51.0,1.7417172507457144,1.7468706179837907,last_observed_value,leave_one_battery_out,,last_observed_value
B0005,51.0,1.7417172507457144,1.7614318453663032,exponential,leave_one_battery_out,,exponential
B0005,52.0,1.7364225056478186,1.7417172507457144,last_observed_value,leave_one_battery_out,,last_observed_value
B0005,52.0,1.7364225056478186,1.7582992472804904,exponential,leave_one_battery_out,,exponential
B0005,53.0,1.7263217239235826,1.7364225056478186,last_observed_value,leave_one_battery_out,,last_observed_value
B0005,53.0,1.7263217239235826,1.7549939874897973,exponential,leave_one_battery_out,,exponential
B0005,54.0,1.7158065389330133,1.7263217239235826,last_observed_value,leave_one_battery_out,,last_observed_value
B0005,54.0,1.7158065389330133,1.7511781807302214,exponential,leave_one_battery_out,,exponential
B0005,55.0,1.710533351135192,1.7158065389330133,last_observed_value,leave_one_battery_out,,last_observed_value
B0005,55.0,1.710533351135192,1.7468649774893947,exponential,leave_one_battery_out,,exponential
B0005,56.0,1.706014499648521,1.710533351135192,last_observed_value,leave_one_battery_out,,last_observed_value
B0005,56.0,1.706014499648521,1.7424654767020797,exponential,leave_one_battery_out,,exponential
B0005,57.0,1.7003110272642588,1.706014499648521,last_observed_value,leave_one_battery_out,,last_observed_value
B0005,57.0,1.7003110272642588,1.7380305007710604,exponential,leave_one_battery_out,,exponential
B0005,58.0,1.6945798601797895,1.7003110272642588,last_observed_value,leave_one_battery_out,,last_observed_value
B0005,58.0,1.6945798601797895,1.7334900322438216,exponential,leave_one_battery_out,,exponential
B0005,59.0,1.6849029086609286,1.6945798601797895,last_observed_value,leave_one_battery_out,,last_observed_value
B0005,59.0,1.6849029086609286,1.7288505981512117,exponential,leave_one_battery_out,,exponential
B0005,60.0,1.6744741591159717,1.6849029086609286,last_observed_value,leave_one_battery_out,,last_observed_value
B0005,60.0,1.6744741591159717,1.723859590646839,exponential,leave_one_battery_out,,exponential
B0005,61.0,1.6745692479879102,1.6744741591159717,last_observed_value,leave_one_battery_out,,last_observed_value
B0005,61.0,1.6745692479879102,1.7184937385864032,exponential,leave_one_battery_out,,exponential
B0005,62.0,1.663716375981405,1.6745692479879102,last_observed_value,leave_one_battery_out,,last_observed_value
B0005,62.0,1.663716375981405,1.7134489516994336,exponential,leave_one_battery_out,,exponential
B0005,63.0,1.659013868748246,1.663716375981405,last_observed_value,leave_one_battery_out,,last_observed_value
B0005,63.0,1.659013868748246,1.7080210127680857,exponential,leave_one_battery_out,,exponential
B0005,64.0,1.6538540573335014,1.659013868748246,last_observed_value,leave_one_battery_out,,last_observed_value
B0005,64.0,1.6538540573335014,1.702611421889742,exponential,leave_one_battery_out,,exponential
B0005,65.0,1.642653782130131,1.6538540573335014,last_observed_value,leave_one_battery_out,,last_observed_value
B0005,65.0,1.642653782130131,1.6971937406917732,exponential,leave_one_battery_out,,exponential
B0005,66.0,1.6378578430223698,1.642653782130131,last_observed_value,leave_one_battery_out,,last_observed_value
B0005,66.0,1.6378578430223698,1.6914097579776808,exponential,leave_one_battery_out,,exponential
B0005,67.0,1.6327350407099108,1.6378578430223698,last_observed_value,leave_one_battery_out,,last_observed_value
B0005,67.0,1.6327350407099108,1.685666196878401,exponential,leave_one_battery_out,,exponential
B0005,68.0,1.6277528915533617,1.6327350407099108,last_observed_value,leave_one_battery_out,,last_observed_value
B0005,68.0,1.6277528915533617,1.6799269139836497,exponential,leave_one_battery_out,,exponential
B0005,69.0,1.622125485521159,1.6277528915533617,last_observed_value,leave_one_battery_out,,last_observed_value
B0005,69.0,1.622125485521159,1.6742087880386407,exponential,leave_one_battery_out,,exponential
B0005,70.0,1.6113256603765849,1.622125485521159,last_observed_value,leave_one_battery_out,,last_observed_value
B0005,70.0,1.6113256603765849,1.6684812484727445,exponential,leave_one_battery_out,,exponential
B0005,71.0,1.6065631397488385,1.6113256603765849,last_observed_value,leave_one_battery_out,,last_observed_value
B0005,71.0,1.6065631397488385,1.662447837538707,exponential,leave_one_battery_out,,exponential
B0005,72.0,1.6015142233917594,1.6065631397488385,last_observed_value,leave_one_battery_out,,last_observed_value
B0005,72.0,1.6015142233917594,1.6564624367097167,exponential,leave_one_battery_out,,exponential
B0005,73.0,1.590369231400328,1.6015142233917594,last_observed_value,leave_one_battery_out,,last_observed_value
B0005,73.0,1.590369231400328,1.650507265170063,exponential,leave_one_battery_out,,exponential
B0005,74.0,1.5857889968242211,1.590369231400328,last_observed_value,leave_one_battery_out,,last_observed_value
B0005,74.0,1.5857889968242211,1.6442569182606803,exponential,leave_one_battery_out,,exponential
B0005,75.0,1.5849430707374117,1.5857889968242211,last_observed_value,leave_one_battery_out,,last_observed_value
B0005,75.0,1.5849430707374117,1.6380730281671276,exponential,leave_one_battery_out,,exponential
B0005,76.0,1.5955263892495937,1.5849430707374117,last_observed_value,leave_one_battery_out,,last_observed_value
B0005,76.0,1.5955263892495937,1.6321440956778588,exponential,leave_one_battery_out,,exponential
B0005,77.0,1.5747301747801037,1.5955263892495937,last_observed_value,leave_one_battery_out,,last_observed_value
B0005,77.0,1.5747301747801037,1.6270500405219082,exponential,leave_one_battery_out,,exponential
B0005,78.0,1.5649019950937946,1.5747301747801037,last_observed_value,leave_one_battery_out,,last_observed_value
B0005,78.0,1.5649019950937946,1.6211423310517148,exponential,leave_one_battery_out,,exponential
B0005,79.0,1.5597659473370362,1.5649019950937946,last_observed_value,leave_one_battery_out,,last_observed_value
B0005,79.0,1.5597659473370362,1.6150266873191867,exponential,leave_one_battery_out,,exponential
B0005,80.0,1.5594815668184234,1.5597659473370362,last_observed_value,leave_one_battery_out,,last_observed_value
B0005,80.0,1.5594815668184234,1.6089372434105371,exponential,leave_one_battery_out,,exponential
B0005,81.0,1.55468935359061,1.5594815668184234,last_observed_value,leave_one_battery_out,,last_observed_value
B0005,81.0,1.55468935359061,1.6031177481468148,exponential,leave_one_battery_out,,exponential
B0005,82.0,1.5488741079890418,1.55468935359061,last_observed_value,leave_one_battery_out,,last_observed_value
B0005,82.0,1.5488741079890418,1.5973302629779482,exponential,leave_one_battery_out,,exponential
B0005,83.0,1.538236598942558,1.5488741079890418,last_observed_value,leave_one_battery_out,,last_observed_value
B0005,83.0,1.538236598942558,1.5915297972176177,exponential,leave_one_battery_out,,exponential
B0005,84.0,1.527914258251028,1.538236598942558,last_observed_value,leave_one_battery_out,,last_observed_value
B0005,84.0,1.527914258251028,1.58548824038553,exponential,leave_one_battery_out,,exponential
B0005,85.0,1.5285252629756445,1.527914258251028,last_observed_value,leave_one_battery_out,,last_observed_value
B0005,85.0,1.5285252629756445,1.5792328275640557,exponential,leave_one_battery_out,,exponential
B0005,86.0,1.522647325284378,1.5285252629756445,last_observed_value,leave_one_battery_out,,last_observed_value
B0005,86.0,1.522647325284378,1.573276626180359,exponential,leave_one_battery_out,,exponential
B0005,87.0,1.5174859938489869,1.522647325284378,last_observed_value,leave_one_battery_out,,last_observed_value
B0005,87.0,1.5174859938489869,1.5673111424116541,exponential,leave_one_battery_out,,exponential
B0005,88.0,1.605818899130659,1.5174859938489869,last_observed_value,leave_one_battery_out,,last_observed_value
B0005,88.0,1.605818899130659,1.5613708061550824,exponential,leave_one_battery_out,,exponential
B0005,89.0,1.5638491446744425,1.605818899130659,last_observed_value,leave_one_battery_out,,last_observed_value
B0005,89.0,1.5638491446744425,1.5596056641561518,exponential,leave_one_battery_out,,exponential
B0005,90.0,1.5480915247767786,1.5638491446744425,last_observed_value,leave_one_battery_out,,last_observed_value
B0005,90.0,1.5480915247767786,1.5560943613054405,exponential,leave_one_battery_out,,exponential
B0005,91.0,1.5323755631868592,1.5480915247767786,last_observed_value,leave_one_battery_out,,last_observed_value
B0005,91.0,1.5323755631868592,1.552035319743709,exponential,leave_one_battery_out,,exponential
B0005,92.0,1.5269528268489705,1.5323755631868592,last_observed_value,leave_one_battery_out,,last_observed_value
B0005,92.0,1.5269528268489705,1.5474819158821447,exponential,leave_one_battery_out,,exponential
B0005,93.0,1.5169573017136326,1.5269528268489705,last_observed_value,leave_one_battery_out,,last_observed_value
B0005,93.0,1.5169573017136326,1.5428822974181458,exponential,leave_one_battery_out,,exponential
B0005,94.0,1.5118975960142693,1.5169573017136326,last_observed_value,leave_one_battery_out,,last_observed_value
B0005,94.0,1.5118975960142693,1.538056205689145,exponential,leave_one_battery_out,,exponential
B0005,95.0,1.5065638960681105,1.5118975960142693,last_observed_value,leave_one_battery_out,,last_observed_value
B0005,95.0,1.5065638960681105,1.5332106890891737,exponential,leave_one_battery_out,,exponential
B0005,96.0,1.5015453526671363,1.5065638960681105,last_observed_value,leave_one_battery_out,,last_observed_value
B0005,96.0,1.5015453526671363,1.5283402859067792,exponential,leave_one_battery_out,,exponential
B0005,97.0,1.4908444050400238,1.5015453526671363,last_observed_value,leave_one_battery_out,,last_observed_value
B0005,97.0,1.4908444050400238,1.5234586031738218,exponential,leave_one_battery_out,,exponential
B0005,98.0,1.485868384561201,1.4908444050400238,last_observed_value,leave_one_battery_out,,last_observed_value
B0005,98.0,1.485868384561201,1.5183377320204272,exponential,leave_one_battery_out,,exponential
B0005,99.0,1.480413677976106,1.485868384561201,last_observed_value,leave_one_battery_out,,last_observed_value
B0005,99.0,1.480413677976106,1.5132160579028096,exponential,leave_one_battery_out,,exponential
B0005,100.0,1.4752095869031632,1.480413677976106,last_observed_value,leave_one_battery_out,,last_observed_value
B0005,100.0,1.4752095869031632,1.5080720959986138,exponential,leave_one_battery_out,,exponential
B0005,101.0,1.4859035988304024,1.4752095869031632,last_observed_value,leave_one_battery_out,,last_observed_value
B0005,101.0,1.4859035988304024,1.5029227244190224,exponential,leave_one_battery_out,,exponential
B0005,102.0,1.4960918298136696,1.4859035988304024,last_observed_value,leave_one_battery_out,,last_observed_value
B0005,102.0,1.4960918298136696,1.4983811472843627,exponential,leave_one_battery_out,,exponential
B0005,103.0,1.4808005946928984,1.4960918298136696,last_observed_value,leave_one_battery_out,,last_observed_value
B0005,103.0,1.4808005946928984,1.4944014320826682,exponential,leave_one_battery_out,,exponential
B0005,104.0,1.4697543268466824,1.4808005946928984,last_observed_value,leave_one_battery_out,,last_observed_value
B0005,104.0,1.4697543268466824,1.4899915113369389,exponential,leave_one_battery_out,,exponential
B0005,105.0,1.4539012274845928,1.4697543268466824,last_observed_value,leave_one_battery_out,,last_observed_value
B0005,105.0,1.4539012274845928,1.4853294092054057,exponential,leave_one_battery_out,,exponential
B0005,106.0,1.4541462067235693,1.4539012274845928,last_observed_value,leave_one_battery_out,,last_observed_value
B0005,106.0,1.4541462067235693,1.4802458000185652,exponential,leave_one_battery_out,,exponential
B0005,107.0,1.455023751906683,1.4541462067235693,last_observed_value,leave_one_battery_out,,last_observed_value
B0005,107.0,1.455023751906683,1.4753533083053298,exponential,leave_one_battery_out,,exponential
B0005,108.0,1.449042163761236,1.455023751906683,last_observed_value,leave_one_battery_out,,last_observed_value
B0005,108.0,1.449042163761236,1.4706658937298016,exponential,leave_one_battery_out,,exponential
B0005,109.0,1.4386709371480566,1.449042163761236,last_observed_value,leave_one_battery_out,,last_observed_value
B0005,109.0,1.4386709371480566,1.4659331618690885,exponential,leave_one_battery_out,,exponential
B0005,110.0,1.433445432156979,1.4386709371480566,last_observed_value,leave_one_battery_out,,last_observed_value
B0005,110.0,1.433445432156979,1.4609886383800585,exponential,leave_one_battery_out,,exponential
B0005,111.0,1.4333958900838095,1.433445432156979,last_observed_value,leave_one_battery_out,,last_observed_value
B0005,111.0,1.4333958900838095,1.4560311044610899,exponential,leave_one_battery_out,,exponential
B0005,112.0,1.42806487344776,1.4333958900838095,last_observed_value,leave_one_battery_out,,last_observed_value
B0005,112.0,1.42806487344776,1.4512432723036,exponential,leave_one_battery_out,,exponential
B0005,113.0,1.4229203181741186,1.42806487344776,last_observed_value,leave_one_battery_out,,last_observed_value
B0005,113.0,1.4229203181741186,1.4464348118367525,exponential,leave_one_battery_out,,exponential
B0005,114.0,1.417429032731308,1.4229203181741186,last_observed_value,leave_one_battery_out,,last_observed_value
B0005,114.0,1.417429032731308,1.4416077693076659,exponential,leave_one_battery_out,,exponential
B0005,115.0,1.412409228794446,1.417429032731308,last_observed_value,leave_one_battery_out,,last_observed_value
B0005,115.0,1.412409228794446,1.4367584927390453,exponential,leave_one_battery_out,,exponential
B0005,116.0,1.412578792940193,1.412409228794446,last_observed_value,leave_one_battery_out,,last_observed_value
B0005,116.0,1.412578792940193,1.431895872750374,exponential,leave_one_battery_out,,exponential
B0005,117.0,1.4075983731469897,1.412578792940193,last_observed_value,leave_one_battery_out,,last_observed_value
B0005,117.0,1.4075983731469897,1.4272013190579855,exponential,leave_one_battery_out,,exponential
B0005,118.0,1.4333920485221476,1.4075983731469897,last_observed_value,leave_one_battery_out,,last_observed_value
B0005,118.0,1.4333920485221476,1.4224950111174621,exponential,leave_one_battery_out,,exponential
B0005,119.0,1.4382550176792908,1.4333920485221476,last_observed_value,leave_one_battery_out,,last_observed_value
B0005,119.0,1.4382550176792908,1.4187994787871503,exponential,leave_one_battery_out,,exponential
B0005,120.0,1.4173547174485526,1.4382550176792908,last_observed_value,leave_one_battery_out,,last_observed_value
B0005,120.0,1.4173547174485526,1.415393388278062,exponential,leave_one_battery_out,,exponential
B0005,121.0,1.406981663677643,1.4173547174485526,last_observed_value,leave_one_battery_out,,last_observed_value
B0005,121.0,1.406981663677643,1.4114199910318348,exponential,leave_one_battery_out,,exponential
B0005,122.0,1.4012037783587625,1.406981663677643,last_observed_value,leave_one_battery_out,,last_observed_value
B0005,122.0,1.4012037783587625,1.4072262998606675,exponential,leave_one_battery_out,,exponential
B0005,123.0,1.3967008232726328,1.4012037783587625,last_observed_value,leave_one_battery_out,,last_observed_value
B0005,123.0,1.3967008232726328,1.402990624058475,exponential,leave_one_battery_out,,exponential
B0005,124.0,1.391284788852726,1.3967008232726328,last_observed_value,leave_one_battery_out,,last_observed_value
B0005,124.0,1.391284788852726,1.398740115469991,exponential,leave_one_battery_out,,exponential
B0005,125.0,1.3862287677978349,1.391284788852726,last_observed_value,leave_one_battery_out,,last_observed_value
B0005,125.0,1.3862287677978349,1.3944588899835253,exponential,leave_one_battery_out,,exponential
B0005,126.0,1.3804366761974138,1.3862287677978349,last_observed_value,leave_one_battery_out,,last_observed_value
B0005,126.0,1.3804366761974138,1.3901455782597623,exponential,leave_one_battery_out,,exponential
B0005,127.0,1.3752364150256224,1.3804366761974138,last_observed_value,leave_one_battery_out,,last_observed_value
B0005,127.0,1.3752364150256224,1.3857858860355918,exponential,leave_one_battery_out,,exponential
B0005,128.0,1.3705128024895008,1.3752364150256224,last_observed_value,leave_one_battery_out,,last_observed_value
B0005,128.0,1.3705128024895008,1.3814001144355643,exponential,leave_one_battery_out,,exponential
B0005,129.0,1.3705085566270399,1.3705128024895008,last_observed_value,leave_one_battery_out,,last_observed_value
B0005,129.0,1.3705085566270399,1.3770035553643538,exponential,leave_one_battery_out,,exponential
B0005,130.0,1.3647355108681518,1.3705085566270399,last_observed_value,leave_one_battery_out,,last_observed_value
B0005,130.0,1.3647355108681518,1.3727411409199703,exponential,leave_one_battery_out,,exponential
B0005,131.0,1.375392016895762,1.3647355108681518,last_observed_value,leave_one_battery_out,,last_observed_value
B0005,131.0,1.375392016895762,1.3684282927119966,exponential,leave_one_battery_out,,exponential
B0005,132.0,1.3861115151535393,1.375392016895762,last_observed_value,leave_one_battery_out,,last_observed_value
B0005,132.0,1.3861115151535393,1.3645734403030474,exponential,leave_one_battery_out,,exponential
B0005,133.0,1.3698500035838939,1.3861115151535393,last_observed_value,leave_one_battery_out,,last_observed_value
B0005,133.0,1.3698500035838939,1.3611459027579258,exponential,leave_one_battery_out,,exponential
B0005,134.0,1.3647827949260758,1.3698500035838939,last_observed_value,leave_one_battery_out,,last_observed_value
B0005,134.0,1.3647827949260758,1.3573405945176091,exponential,leave_one_battery_out,,exponential
B0005,135.0,1.3543220466259964,1.3647827949260758,last_observed_value,leave_one_battery_out,,last_observed_value
B0005,135.0,1.3543220466259964,1.3534989914273865,exponential,leave_one_battery_out,,exponential
B0005,136.0,1.3546417018378962,1.3543220466259964,last_observed_value,leave_one_battery_out,,last_observed_value
B0005,136.0,1.3546417018378962,1.3494669207111656,exponential,leave_one_battery_out,,exponential
B0005,137.0,1.3547039213192407,1.3546417018378962,last_observed_value,leave_one_battery_out,,last_observed_value
B0005,137.0,1.3547039213192407,1.3455626967443095,exponential,leave_one_battery_out,,exponential
B0005,138.0,1.349314997503458,1.3547039213192407,last_observed_value,leave_one_battery_out,,last_observed_value
B0005,138.0,1.349314997503458,1.3417688301015005,exponential,leave_one_battery_out,,exponential
B0005,139.0,1.3441891937970554,1.349314997503458,last_observed_value,leave_one_battery_out,,last_observed_value
B0005,139.0,1.3441891937970554,1.3379327977354478,exponential,leave_one_battery_out,,exponential
B0005,140.0,1.3389913790695755,1.3441891937970554,last_observed_value,leave_one_battery_out,,last_observed_value
B0005,140.0,1.3389913790695755,1.3340637932610662,exponential,leave_one_battery_out,,exponential
B0005,141.0,1.3389145230206971,1.3389913790695755,last_observed_value,leave_one_battery_out,,last_observed_value
B0005,141.0,1.3389145230206971,1.3301533534900045,exponential,leave_one_battery_out,,exponential
B0005,142.0,1.3340066759761655,1.3389145230206971,last_observed_value,leave_one_battery_out,,last_observed_value
B0005,142.0,1.3340066759761655,1.3263543192520046,exponential,leave_one_battery_out,,exponential
B0005,143.0,1.3286444309174914,1.3340066759761655,last_observed_value,leave_one_battery_out,,last_observed_value
B0005,143.0,1.3286444309174914,1.3225219831824688,exponential,leave_one_battery_out,,exponential
B0005,144.0,1.3231708992276219,1.3286444309174914,last_observed_value,leave_one_battery_out,,last_observed_value
B0005,144.0,1.3231708992276219,1.3186519965142907,exponential,leave_one_battery_out,,exponential
B0005,145.0,1.3181691588445197,1.3231708992276219,last_observed_value,leave_one_battery_out,,last_observed_value
B0005,145.0,1.3181691588445197,1.3147344694475578,exponential,leave_one_battery_out,,exponential
B0005,146.0,1.3184664436640334,1.3181691588445197,last_observed_value,leave_one_battery_out,,last_observed_value
B0005,146.0,1.3184664436640334,1.31079072155444,exponential,leave_one_battery_out,,exponential
B0005,147.0,1.318293040102702,1.3184664436640334,last_observed_value,leave_one_battery_out,,last_observed_value
B0005,147.0,1.318293040102702,1.3069616875218344,exponential,leave_one_battery_out,,exponential
B0005,148.0,1.323872422244268,1.318293040102702,last_observed_value,leave_one_battery_out,,last_observed_value
B0005,148.0,1.323872422244268,1.303230542356232,exponential,leave_one_battery_out,,exponential
B0005,149.0,1.3601216766554785,1.323872422244268,last_observed_value,leave_one_battery_out,,last_observed_value
B0005,149.0,1.3601216766554785,1.2997484029010593,exponential,leave_one_battery_out,,exponential
B0005,150.0,1.3395306867947354,1.3601216766554785,last_observed_value,leave_one_battery_out,,last_observed_value
B0005,150.0,1.3395306867947354,1.2973240389615057,exponential,leave_one_battery_out,,exponential
B0005,151.0,1.3290286565120697,1.3395306867947354,last_observed_value,leave_one_battery_out,,last_observed_value
B0005,151.0,1.3290286565120697,1.2944278100485462,exponential,leave_one_battery_out,,exponential
B0005,152.0,1.3236741274998955,1.3290286565120697,last_observed_value,leave_one_battery_out,,last_observed_value
B0005,152.0,1.3236741274998955,1.2913271309071206,exponential,leave_one_battery_out,,exponential
B0005,153.0,1.318633896753293,1.3236741274998955,last_observed_value,leave_one_battery_out,,last_observed_value
B0005,153.0,1.318633896753293,1.2881773907538445,exponential,leave_one_battery_out,,exponential
B0005,154.0,1.3134751321324272,1.318633896753293,last_observed_value,leave_one_battery_out,,last_observed_value
B0005,154.0,1.3134751321324272,1.2849787397963155,exponential,leave_one_battery_out,,exponential
B0005,155.0,1.3132020634442203,1.3134751321324272,last_observed_value,leave_one_battery_out,,last_observed_value
B0005,155.0,1.3132020634442203,1.2817375061413259,exponential,leave_one_battery_out,,exponential
B0005,156.0,1.3077959946944353,1.3132020634442203,last_observed_value,leave_one_battery_out,,last_observed_value
B0005,156.0,1.3077959946944353,1.2785745010510254,exponential,leave_one_battery_out,,exponential
B0005,157.0,1.3030329186405918,1.3077959946944353,last_observed_value,leave_one_battery_out,,last_observed_value
B0005,157.0,1.3030329186405918,1.275352770958989,exponential,leave_one_battery_out,,exponential
B0005,158.0,1.3033573559038205,1.3030329186405918,last_observed_value,leave_one_battery_out,,last_observed_value
B0005,158.0,1.3033573559038205,1.2721016492178023,exponential,leave_one_battery_out,,exponential
B0005,159.0,1.3034100438655642,1.3033573559038205,last_observed_value,leave_one_battery_out,,last_observed_value
B0005,159.0,1.3034100438655642,1.268931477635988,exponential,leave_one_battery_out,,exponential
B0005,160.0,1.2978870806495706,1.3034100438655642,last_observed_value,leave_one_battery_out,,last_observed_value
B0005,160.0,1.2978870806495706,1.265856707402918,exponential,leave_one_battery_out,,exponential
B0005,161.0,1.2980735056918902,1.2978870806495706,last_observed_value,leave_one_battery_out,,last_observed_value
B0005,161.0,1.2980735056918902,1.2627159008402487,exponential,leave_one_battery_out,,exponential
B0005,162.0,1.293463613844243,1.2980735056918902,last_observed_value,leave_one_battery_out,,last_observed_value
B0005,162.0,1.293463613844243,1.2596674310839262,exponential,leave_one_battery_out,,exponential
B0005,163.0,1.288003392619118,1.293463613844243,last_observed_value,leave_one_battery_out,,last_observed_value
B0005,163.0,1.288003392619118,1.2565796540020528,exponential,leave_one_battery_out,,exponential
B0005,164.0,1.2874525221379407,1.288003392619118,last_observed_value,leave_one_battery_out,,last_observed_value
B0005,164.0,1.2874525221379407,1.2534486977422148,exponential,leave_one_battery_out,,exponential
B0005,165.0,1.3090153642307354,1.2874525221379407,last_observed_value,leave_one_battery_out,,last_observed_value
B0005,165.0,1.3090153642307354,1.250414817689375,exponential,leave_one_battery_out,,exponential
B0005,166.0,1.3250793286429356,1.3090153642307354,last_observed_value,leave_one_battery_out,,last_observed_value
B0005,166.0,1.3250793286429356,1.248889696344257,exponential,leave_one_battery_out,,exponential
B0006,0.0,2.0251402460314116,2.035337591005598,last_observed_value,leave_one_battery_out,,last_observed_value
B0006,0.0,2.0251402460314116,2.035337591005598,exponential,leave_one_battery_out,,fallback_last_observed
B0006,1.0,2.013326371345464,2.0251402460314116,last_observed_value,leave_one_battery_out,,last_observed_value
B0006,1.0,2.013326371345464,2.0251402460314116,exponential,leave_one_battery_out,,fallback_last_observed
B0006,2.0,2.0132846655407413,2.013326371345464,last_observed_value,leave_one_battery_out,,last_observed_value
B0006,2.0,2.0132846655407413,2.013326371345464,exponential,leave_one_battery_out,,fallback_last_observed
B0006,3.0,2.000528337624771,2.0132846655407413,last_observed_value,leave_one_battery_out,,last_observed_value
B0006,3.0,2.000528337624771,2.009655644077038,exponential,leave_one_battery_out,,exponential
B0006,4.0,2.0138990759931645,2.000528337624771,last_observed_value,leave_one_battery_out,,last_observed_value
B0006,4.0,2.0138990759931645,1.9965897587396038,exponential,leave_one_battery_out,,exponential
B0006,5.0,2.013101105626967,2.0138990759931645,last_observed_value,leave_one_battery_out,,last_observed_value
B0006,5.0,2.013101105626967,2.0071310767196233,exponential,leave_one_battery_out,,exponential
B0006,6.0,1.9687898262728398,2.013101105626967,last_observed_value,leave_one_battery_out,,last_observed_value
B0006,6.0,1.9687898262728398,2.0092249317794013,exponential,leave_one_battery_out,,exponential
B0006,7.0,1.9681661764334244,1.9687898262728398,last_observed_value,leave_one_battery_out,,last_observed_value
B0006,7.0,1.9681661764334244,1.9816595245068669,exponential,leave_one_battery_out,,exponential
B0006,8.0,1.9572307917560536,1.9681661764334244,last_observed_value,leave_one_battery_out,,last_observed_value
B0006,8.0,1.9572307917560536,1.969272230744366,exponential,leave_one_battery_out,,exponential
B0006,9.0,1.9455991514129352,1.9572307917560536,last_observed_value,leave_one_battery_out,,last_observed_value
B0006,9.0,1.9455991514129352,1.9571636615019656,exponential,leave_one_battery_out,,exponential
B0006,10.0,1.9347505044841131,1.9455991514129352,last_observed_value,leave_one_battery_out,,last_observed_value
B0006,10.0,1.9347505044841131,1.9450106282480704,exponential,leave_one_battery_out,,exponential
B0006,11.0,1.9232799539368028,1.9347505044841131,last_observed_value,leave_one_battery_out,,last_observed_value
B0006,11.0,1.9232799539368028,1.933119651822608,exponential,leave_one_battery_out,,exponential
B0006,12.0,1.911889930948487,1.9232799539368028,last_observed_value,leave_one_battery_out,,last_observed_value
B0006,12.0,1.911889930948487,1.9212239756496388,exponential,leave_one_battery_out,,exponential
B0006,13.0,1.9010667141979305,1.911889930948487,last_observed_value,leave_one_battery_out,,last_observed_value
B0006,13.0,1.9010667141979305,1.9093666319012073,exponential,leave_one_battery_out,,exponential
B0006,14.0,1.8891989948061458,1.9010667141979305,last_observed_value,leave_one_battery_out,,last_observed_value
B0006,14.0,1.8891989948061458,1.8976929863098349,exponential,leave_one_battery_out,,exponential
B0006,15.0,1.878278372248849,1.8891989948061458,last_observed_value,leave_one_battery_out,,last_observed_value
B0006,15.0,1.878278372248849,1.8859038094147422,exponential,leave_one_battery_out,,exponential
B0006,16.0,1.8675697161520206,1.878278372248849,last_observed_value,leave_one_battery_out,,last_observed_value
B0006,16.0,1.8675697161520206,1.8742569702180845,exponential,leave_one_battery_out,,exponential
B0006,17.0,1.8675892574453767,1.8675697161520206,last_observed_value,leave_one_battery_out,,last_observed_value
B0006,17.0,1.8675892574453767,1.8627687196191118,exponential,leave_one_battery_out,,exponential
B0006,18.0,1.979626548250818,1.8675892574453767,last_observed_value,leave_one_battery_out,,last_observed_value
B0006,18.0,1.979626548250818,1.8536650177102274,exponential,leave_one_battery_out,,exponential
B0006,19.0,1.9575499080884022,1.979626548250818,last_observed_value,leave_one_battery_out,,last_observed_value
B0006,19.0,1.9575499080884022,1.8823710302530225,exponential,leave_one_battery_out,,exponential
B0006,20.0,1.9458150170787551,1.9575499080884022,last_observed_value,leave_one_battery_out,,last_observed_value
B0006,20.0,1.9458150170787551,1.8970133333489003,exponential,leave_one_battery_out,,exponential
B0006,21.0,1.9242461121680094,1.9458150170787551,last_observed_value,leave_one_battery_out,,last_observed_value
B0006,21.0,1.9242461121680094,1.9043994125363166,exponential,leave_one_battery_out,,exponential
B0006,22.0,1.9459811331421641,1.9242461121680094,last_observed_value,leave_one_battery_out,,last_observed_value
B0006,22.0,1.9459811331421641,1.906269536713941,exponential,leave_one_battery_out,,exponential
B0006,23.0,1.901407930553079,1.9459811331421641,last_observed_value,leave_one_battery_out,,last_observed_value
B0006,23.0,1.901407930553079,1.9111049986518425,exponential,leave_one_battery_out,,exponential
B0006,24.0,1.878674213680085,1.901407930553079,last_observed_value,leave_one_battery_out,,last_observed_value
B0006,24.0,1.878674213680085,1.9089153543587964,exponential,leave_one_battery_out,,exponential
B0006,25.0,1.8683061328264219,1.878674213680085,last_observed_value,leave_one_battery_out,,last_observed_value
B0006,25.0,1.8683061328264219,1.903888329494329,exponential,leave_one_battery_out,,exponential
B0006,26.0,1.8560244070082998,1.8683061328264219,last_observed_value,leave_one_battery_out,,last_observed_value
B0006,26.0,1.8560244070082998,1.897784108737778,exponential,leave_one_battery_out,,exponential
B0006,27.0,1.8451997961855777,1.8560244070082998,last_observed_value,leave_one_battery_out,,last_observed_value
B0006,27.0,1.8451997961855777,1.890132533045039,exponential,leave_one_battery_out,,exponential
B0006,28.0,1.857228890885317,1.8451997961855777,last_observed_value,leave_one_battery_out,,last_observed_value
B0006,28.0,1.857228890885317,1.8809021159804389,exponential,leave_one_battery_out,,exponential
B0006,29.0,1.9247760889090635,1.857228890885317,last_observed_value,leave_one_battery_out,,last_observed_value
B0006,29.0,1.9247760889090635,1.874714034336816,exponential,leave_one_battery_out,,exponential
B0006,30.0,1.8822317526092551,1.9247760889090635,last_observed_value,leave_one_battery_out,,last_observed_value
B0006,30.0,1.8822317526092551,1.881709186561491,exponential,leave_one_battery_out,,exponential
B0006,31.0,1.855276687885587,1.8822317526092551,last_observed_value,leave_one_battery_out,,last_observed_value
B0006,31.0,1.855276687885587,1.8806206833167558,exponential,leave_one_battery_out,,exponential
B0006,32.0,1.8392508917181876,1.855276687885587,last_observed_value,leave_one_battery_out,,last_observed_value
B0006,32.0,1.8392508917181876,1.8757048272577597,exponential,leave_one_battery_out,,exponential
B0006,33.0,1.8185396073994429,1.8392508917181876,last_observed_value,leave_one_battery_out,,last_observed_value
B0006,33.0,1.8185396073994429,1.868687652425756,exponential,leave_one_battery_out,,exponential
B0006,34.0,1.8134770059567056,1.8185396073994429,last_observed_value,leave_one_battery_out,,last_observed_value
B0006,34.0,1.8134770059567056,1.8584036519135467,exponential,leave_one_battery_out,,exponential
B0006,35.0,1.7971018450305436,1.8134770059567056,last_observed_value,leave_one_battery_out,,last_observed_value
B0006,35.0,1.7971018450305436,1.8476122854162773,exponential,leave_one_battery_out,,exponential
B0006,36.0,1.7810046294120476,1.7971018450305436,last_observed_value,leave_one_battery_out,,last_observed_value
B0006,36.0,1.7810046294120476,1.8339545291997463,exponential,leave_one_battery_out,,exponential
B0006,37.0,1.7710130422682329,1.7810046294120476,last_observed_value,leave_one_battery_out,,last_observed_value
B0006,37.0,1.7710130422682329,1.8174212308328697,exponential,leave_one_battery_out,,exponential
B0006,38.0,1.7604712448170943,1.7710130422682329,last_observed_value,leave_one_battery_out,,last_observed_value
B0006,38.0,1.7604712448170943,1.8006673855386808,exponential,leave_one_battery_out,,exponential
B0006,39.0,1.7502913788006587,1.7604712448170943,last_observed_value,leave_one_battery_out,,last_observed_value
B0006,39.0,1.7502913788006587,1.7910211359313735,exponential,leave_one_battery_out,,exponential
B0006,40.0,1.7394925037732578,1.7502913788006587,last_observed_value,leave_one_battery_out,,last_observed_value
B0006,40.0,1.7394925037732578,1.7813244679132367,exponential,leave_one_battery_out,,exponential
B0006,41.0,1.7546766553637203,1.7394925037732578,last_observed_value,leave_one_battery_out,,last_observed_value
B0006,41.0,1.7546766553637203,1.7714757607176352,exponential,leave_one_battery_out,,exponential
B0006,42.0,1.7659390941842175,1.7546766553637203,last_observed_value,leave_one_battery_out,,last_observed_value
B0006,42.0,1.7659390941842175,1.76391312690032,exponential,leave_one_battery_out,,exponential
B0006,43.0,1.7337887419624838,1.7659390941842175,last_observed_value,leave_one_battery_out,,last_observed_value
B0006,43.0,1.7337887419624838,1.7580440170443126,exponential,leave_one_battery_out,,exponential
B0006,44.0,1.713325912040734,1.7337887419624838,last_observed_value,leave_one_battery_out,,last_observed_value
B0006,44.0,1.713325912040734,1.7498419700307295,exponential,leave_one_battery_out,,exponential
B0006,45.0,1.7024077813673466,1.713325912040734,last_observed_value,leave_one_battery_out,,last_observed_value
B0006,45.0,1.7024077813673466,1.7405477841695074,exponential,leave_one_battery_out,,exponential
B0006,46.0,1.82371946178183,1.7024077813673466,last_observed_value,leave_one_battery_out,,last_observed_value
B0006,46.0,1.82371946178183,1.7310878268511942,exponential,leave_one_battery_out,,exponential
B0006,47.0,1.8081284050314708,1.82371946178183,last_observed_value,leave_one_battery_out,,last_observed_value
B0006,47.0,1.8081284050314708,1.7324839548598447,exponential,leave_one_battery_out,,exponential
B0006,48.0,1.7757610945034283,1.8081284050314708,last_observed_value,leave_one_battery_out,,last_observed_value
B0006,48.0,1.7757610945034283,1.7326057911962494,exponential,leave_one_battery_out,,exponential
B0006,49.0,1.7447409841836798,1.7757610945034283,last_observed_value,leave_one_battery_out,,last_observed_value
B0006,49.0,1.7447409841836798,1.7324455285407605,exponential,leave_one_battery_out,,exponential
B0006,50.0,1.729207034132373,1.7447409841836798,last_observed_value,leave_one_battery_out,,last_observed_value
B0006,50.0,1.729207034132373,1.7290283555997163,exponential,leave_one_battery_out,,exponential
B0006,51.0,1.7081086552553244,1.729207034132373,last_observed_value,leave_one_battery_out,,last_observed_value
B0006,51.0,1.7081086552553244,1.7236980598607317,exponential,leave_one_battery_out,,exponential
B0006,52.0,1.6975954237461768,1.7081086552553244,last_observed_value,leave_one_battery_out,,last_observed_value
B0006,52.0,1.6975954237461768,1.7157795034934227,exponential,leave_one_battery_out,,exponential
B0006,53.0,1.6820634524029463,1.6975954237461768,last_observed_value,leave_one_battery_out,,last_observed_value
B0006,53.0,1.6820634524029463,1.7072722342573377,exponential,leave_one_battery_out,,exponential
B0006,54.0,1.6714768322295086,1.6820634524029463,last_observed_value,leave_one_battery_out,,last_observed_value
B0006,54.0,1.6714768322295086,1.6988552518149618,exponential,leave_one_battery_out,,exponential
B0006,55.0,1.6607591387047655,1.6714768322295086,last_observed_value,leave_one_battery_out,,last_observed_value
B0006,55.0,1.6607591387047655,1.6910166143230185,exponential,leave_one_battery_out,,exponential
B0006,56.0,1.651121015038069,1.6607591387047655,last_observed_value,leave_one_battery_out,,last_observed_value
B0006,56.0,1.651121015038069,1.682981040469258,exponential,leave_one_battery_out,,exponential
B0006,57.0,1.6401349256190927,1.651121015038069,last_observed_value,leave_one_battery_out,,last_observed_value
B0006,57.0,1.6401349256190927,1.6748147346125961,exponential,leave_one_battery_out,,exponential
B0006,58.0,1.6291999416165441,1.6401349256190927,last_observed_value,leave_one_battery_out,,last_observed_value
B0006,58.0,1.6291999416165441,1.6664444165311352,exponential,leave_one_battery_out,,exponential
B0006,59.0,1.6088496302961666,1.6291999416165441,last_observed_value,leave_one_battery_out,,last_observed_value
B0006,59.0,1.6088496302961666,1.6578750343654747,exponential,leave_one_battery_out,,exponential
B0006,60.0,1.6035244898969248,1.6088496302961666,last_observed_value,leave_one_battery_out,,last_observed_value
B0006,60.0,1.6035244898969248,1.6485206467714306,exponential,leave_one_battery_out,,exponential
B0006,61.0,1.5989712144027983,1.6035244898969248,last_observed_value,leave_one_battery_out,,last_observed_value
B0006,61.0,1.5989712144027983,1.6393915645189736,exponential,leave_one_battery_out,,exponential
B0006,62.0,1.5876273123575604,1.5989712144027983,last_observed_value,leave_one_battery_out,,last_observed_value
B0006,62.0,1.5876273123575604,1.6305370506843246,exponential,leave_one_battery_out,,exponential
B0006,63.0,1.5829719744686166,1.5876273123575604,last_observed_value,leave_one_battery_out,,last_observed_value
B0006,63.0,1.5829719744686166,1.6215044356154067,exponential,leave_one_battery_out,,exponential
B0006,64.0,1.567137636713563,1.5829719744686166,last_observed_value,leave_one_battery_out,,last_observed_value
B0006,64.0,1.567137636713563,1.6127213511408627,exponential,leave_one_battery_out,,exponential
B0006,65.0,1.5613446139713882,1.567137636713563,last_observed_value,leave_one_battery_out,,last_observed_value
B0006,65.0,1.5613446139713882,1.6034936612823003,exponential,leave_one_battery_out,,exponential
B0006,66.0,1.5511711892790419,1.5613446139713882,last_observed_value,leave_one_battery_out,,last_observed_value
B0006,66.0,1.5511711892790419,1.5944502297900272,exponential,leave_one_battery_out,,exponential
B0006,67.0,1.5406741606295171,1.5511711892790419,last_observed_value,leave_one_battery_out,,last_observed_value
B0006,67.0,1.5406741606295171,1.5853220809574395,exponential,leave_one_battery_out,,exponential
B0006,68.0,1.5253138744624433,1.5406741606295171,last_observed_value,leave_one_battery_out,,last_observed_value
B0006,68.0,1.5253138744624433,1.5760968406575557,exponential,leave_one_battery_out,,exponential
B0006,69.0,1.5301570318067428,1.5253138744624433,last_observed_value,leave_one_battery_out,,last_observed_value
B0006,69.0,1.5301570318067428,1.5665053814370822,exponential,leave_one_battery_out,,exponential
B0006,70.0,1.5246566834474087,1.5301570318067428,last_observed_value,leave_one_battery_out,,last_observed_value
B0006,70.0,1.5246566834474087,1.5576981374010757,exponential,leave_one_battery_out,,exponential
B0006,71.0,1.5145492986655427,1.5246566834474087,last_observed_value,leave_one_battery_out,,last_observed_value
B0006,71.0,1.5145492986655427,1.549065760825215,exponential,leave_one_battery_out,,exponential
B0006,72.0,1.509391504602082,1.5145492986655427,last_observed_value,leave_one_battery_out,,last_observed_value
B0006,72.0,1.509391504602082,1.5403392390239787,exponential,leave_one_battery_out,,exponential
B0006,73.0,1.5039974333050705,1.509391504602082,last_observed_value,leave_one_battery_out,,last_observed_value
B0006,73.0,1.5039974333050705,1.5317947968555927,exponential,leave_one_battery_out,,exponential
B0006,74.0,1.4935201918040188,1.5039974333050705,last_observed_value,leave_one_battery_out,,last_observed_value
B0006,74.0,1.4935201918040188,1.5234066743378207,exponential,leave_one_battery_out,,exponential
B0006,75.0,1.4876323024497422,1.4935201918040188,last_observed_value,leave_one_battery_out,,last_observed_value
B0006,75.0,1.4876323024497422,1.5148971965018063,exponential,leave_one_battery_out,,exponential
B0006,76.0,1.5302876214401704,1.4876323024497422,last_observed_value,leave_one_battery_out,,last_observed_value
B0006,76.0,1.5302876214401704,1.506513966600778,exponential,leave_one_battery_out,,exponential
B0006,77.0,1.5040760088360112,1.5302876214401704,last_observed_value,leave_one_battery_out,,last_observed_value
B0006,77.0,1.5040760088360112,1.5007397462568406,exponential,leave_one_battery_out,,exponential
B0006,78.0,1.4887593608730894,1.5040760088360112,last_observed_value,leave_one_battery_out,,last_observed_value
B0006,78.0,1.4887593608730894,1.4939396107697576,exponential,leave_one_battery_out,,exponential
B0006,79.0,1.4782779285546637,1.4887593608730894,last_observed_value,leave_one_battery_out,,last_observed_value
B0006,79.0,1.4782779285546637,1.4867137468388592,exponential,leave_one_battery_out,,exponential
B0006,80.0,1.478459982215684,1.4782779285546637,last_observed_value,leave_one_battery_out,,last_observed_value
B0006,80.0,1.478459982215684,1.4793256359093903,exponential,leave_one_battery_out,,exponential
B0006,81.0,1.473214844899973,1.478459982215684,last_observed_value,leave_one_battery_out,,last_observed_value
B0006,81.0,1.473214844899973,1.4723054167056944,exponential,leave_one_battery_out,,exponential
B0006,82.0,1.4675164935067897,1.473214844899973,last_observed_value,leave_one_battery_out,,last_observed_value
B0006,82.0,1.4675164935067897,1.4653666474664533,exponential,leave_one_battery_out,,exponential
B0006,83.0,1.4516292657521335,1.4675164935067897,last_observed_value,leave_one_battery_out,,last_observed_value
B0006,83.0,1.4516292657521335,1.458491235388692,exponential,leave_one_battery_out,,exponential
B0006,84.0,1.4519237720967177,1.4516292657521335,last_observed_value,leave_one_battery_out,,last_observed_value
B0006,84.0,1.4519237720967177,1.4511912481502804,exponential,leave_one_battery_out,,exponential
B0006,85.0,1.4471484694777745,1.4519237720967177,last_observed_value,leave_one_battery_out,,last_observed_value
B0006,85.0,1.4471484694777745,1.4442405008771857,exponential,leave_one_battery_out,,exponential
B0006,86.0,1.4468538105659885,1.4471484694777745,last_observed_value,leave_one_battery_out,,last_observed_value
B0006,86.0,1.4468538105659885,1.4373958886180844,exponential,leave_one_battery_out,,exponential
B0006,87.0,1.4416741930284678,1.4468538105659885,last_observed_value,leave_one_battery_out,,last_observed_value
B0006,87.0,1.4416741930284678,1.4308421344071576,exponential,leave_one_battery_out,,exponential
B0006,88.0,1.5935866593100128,1.4416741930284678,last_observed_value,leave_one_battery_out,,last_observed_value
B0006,88.0,1.5935866593100128,1.4243546862398944,exponential,leave_one_battery_out,,exponential
B0006,89.0,1.5463902376915637,1.5935866593100128,last_observed_value,leave_one_battery_out,,last_observed_value
B0006,89.0,1.5463902376915637,1.4249155666473143,exponential,leave_one_battery_out,,exponential
B0006,90.0,1.51470559175661,1.5463902376915637,last_observed_value,leave_one_battery_out,,last_observed_value
B0006,90.0,1.51470559175661,1.4234246938633532,exponential,leave_one_battery_out,,exponential
B0006,91.0,1.4989786083335404,1.51470559175661,last_observed_value,leave_one_battery_out,,last_observed_value
B0006,91.0,1.4989786083335404,1.4207185557685875,exponential,leave_one_battery_out,,exponential
B0006,92.0,1.4831110745410492,1.4989786083335404,last_observed_value,leave_one_battery_out,,last_observed_value
B0006,92.0,1.4831110745410492,1.4195244460678609,exponential,leave_one_battery_out,,exponential
B0006,93.0,1.4729664825468278,1.4831110745410492,last_observed_value,leave_one_battery_out,,last_observed_value
B0006,93.0,1.4729664825468278,1.4186249658829295,exponential,leave_one_battery_out,,exponential
B0006,94.0,1.4627604396099307,1.4729664825468278,last_observed_value,leave_one_battery_out,,last_observed_value
B0006,94.0,1.4627604396099307,1.4170261714145802,exponential,leave_one_battery_out,,exponential
B0006,95.0,1.4518364681062514,1.4627604396099307,last_observed_value,leave_one_battery_out,,last_observed_value
B0006,95.0,1.4518364681062514,1.4147922510495732,exponential,leave_one_battery_out,,exponential
B0006,96.0,1.4468670644030392,1.4518364681062514,last_observed_value,leave_one_battery_out,,last_observed_value
B0006,96.0,1.4468670644030392,1.4119244060796192,exponential,leave_one_battery_out,,exponential
B0006,97.0,1.441380399427779,1.4468670644030392,last_observed_value,leave_one_battery_out,,last_observed_value
B0006,97.0,1.441380399427779,1.4089595776733521,exponential,leave_one_battery_out,,exponential
B0006,98.0,1.431210744960774,1.441380399427779,last_observed_value,leave_one_battery_out,,last_observed_value
B0006,98.0,1.431210744960774,1.4058617606991337,exponential,leave_one_battery_out,,exponential
B0006,99.0,1.4260247179525716,1.431210744960774,last_observed_value,leave_one_battery_out,,last_observed_value
B0006,99.0,1.4260247179525716,1.402277510369182,exponential,leave_one_battery_out,,exponential
B0006,100.0,1.420487649966195,1.4260247179525716,last_observed_value,leave_one_battery_out,,last_observed_value
B0006,100.0,1.420487649966195,1.3986260723894328,exponential,leave_one_battery_out,,exponential
B0006,101.0,1.4207006230355006,1.420487649966195,last_observed_value,leave_one_battery_out,,last_observed_value
B0006,101.0,1.4207006230355006,1.394885972108054,exponential,leave_one_battery_out,,exponential
B0006,102.0,1.452255804330839,1.4207006230355006,last_observed_value,leave_one_battery_out,,last_observed_value
B0006,102.0,1.452255804330839,1.39149501763402,exponential,leave_one_battery_out,,exponential
B0006,103.0,1.431557632772571,1.452255804330839,last_observed_value,leave_one_battery_out,,last_observed_value
B0006,103.0,1.431557632772571,1.3907424585602615,exponential,leave_one_battery_out,,exponential
B0006,104.0,1.415015751158943,1.431557632772571,last_observed_value,leave_one_battery_out,,last_observed_value
B0006,104.0,1.415015751158943,1.3886179210071379,exponential,leave_one_battery_out,,exponential
B0006,105.0,1.4097311506517451,1.415015751158943,last_observed_value,leave_one_battery_out,,last_observed_value
B0006,105.0,1.4097311506517451,1.385532394651049,exponential,leave_one_battery_out,,exponential
B0006,106.0,1.404917318129309,1.4097311506517451,last_observed_value,leave_one_battery_out,,last_observed_value
B0006,106.0,1.404917318129309,1.3823448506527602,exponential,leave_one_battery_out,,exponential
B0006,107.0,1.395164296571563,1.404917318129309,last_observed_value,leave_one_battery_out,,last_observed_value
B0006,107.0,1.395164296571563,1.3790960891788764,exponential,leave_one_battery_out,,exponential
B0006,108.0,1.3945343832614077,1.395164296571563,last_observed_value,leave_one_battery_out,,last_observed_value
B0006,108.0,1.3945343832614077,1.3754506434722025,exponential,leave_one_battery_out,,exponential
B0006,109.0,1.3893171179312644,1.3945343832614077,last_observed_value,leave_one_battery_out,,last_observed_value
B0006,109.0,1.3893171179312644,1.372054160182839,exponential,leave_one_battery_out,,exponential
B0006,110.0,1.3838379472327809,1.3893171179312644,last_observed_value,leave_one_battery_out,,last_observed_value
B0006,110.0,1.3838379472327809,1.3685801952420205,exponential,leave_one_battery_out,,exponential
B0006,111.0,1.3736814238195123,1.3838379472327809,last_observed_value,leave_one_battery_out,,last_observed_value
B0006,111.0,1.3736814238195123,1.365016673932357,exponential,leave_one_battery_out,,exponential
B0006,112.0,1.3786059891863676,1.3736814238195123,last_observed_value,leave_one_battery_out,,last_observed_value
B0006,112.0,1.3786059891863676,1.361063165856241,exponential,leave_one_battery_out,,exponential
B0006,113.0,1.3737600299108574,1.3786059891863676,last_observed_value,leave_one_battery_out,,last_observed_value
B0006,113.0,1.3737600299108574,1.3577188993904385,exponential,leave_one_battery_out,,exponential
B0006,114.0,1.3682580583942712,1.3737600299108574,last_observed_value,leave_one_battery_out,,last_observed_value
B0006,114.0,1.3682580583942712,1.3543204814513552,exponential,leave_one_battery_out,,exponential
B0006,115.0,1.3633024037317505,1.3682580583942712,last_observed_value,leave_one_battery_out,,last_observed_value
B0006,115.0,1.3633024037317505,1.3508290042200983,exponential,leave_one_battery_out,,exponential
B0006,116.0,1.3580966140172601,1.3633024037317505,last_observed_value,leave_one_battery_out,,last_observed_value
B0006,116.0,1.3580966140172601,1.3472837445535895,exponential,leave_one_battery_out,,exponential
B0006,117.0,1.353269090999531,1.3580966140172601,last_observed_value,leave_one_battery_out,,last_observed_value
B0006,117.0,1.353269090999531,1.343671819341489,exponential,leave_one_battery_out,,exponential
B0006,118.0,1.3841605738237488,1.353269090999531,last_observed_value,leave_one_battery_out,,last_observed_value
B0006,118.0,1.3841605738237488,1.3400197812511687,exponential,leave_one_battery_out,,exponential
B0006,119.0,1.4051467790651473,1.3841605738237488,last_observed_value,leave_one_battery_out,,last_observed_value
B0006,119.0,1.4051467790651473,1.3385006940451105,exponential,leave_one_battery_out,,exponential
B0006,120.0,1.378719022627353,1.4051467790651473,last_observed_value,leave_one_battery_out,,last_observed_value
B0006,120.0,1.378719022627353,1.3383704310788564,exponential,leave_one_battery_out,,exponential
B0006,121.0,1.3682657783199066,1.378719022627353,last_observed_value,leave_one_battery_out,,last_observed_value
B0006,121.0,1.3682657783199066,1.3367519444149216,exponential,leave_one_battery_out,,exponential
B0006,122.0,1.3573151296618016,1.3682657783199066,last_observed_value,leave_one_battery_out,,last_observed_value
B0006,122.0,1.3573151296618016,1.3346720856506624,exponential,leave_one_battery_out,,exponential
B0006,123.0,1.3524934638801596,1.3573151296618016,last_observed_value,leave_one_battery_out,,last_observed_value
B0006,123.0,1.3524934638801596,1.3321323004815244,exponential,leave_one_battery_out,,exponential
B0006,124.0,1.3474099151661236,1.3524934638801596,last_observed_value,leave_one_battery_out,,last_observed_value
B0006,124.0,1.3474099151661236,1.3295052195961463,exponential,leave_one_battery_out,,exponential
B0006,125.0,1.3370075130842318,1.3474099151661236,last_observed_value,leave_one_battery_out,,last_observed_value
B0006,125.0,1.3370075130842318,1.3267792826497962,exponential,leave_one_battery_out,,exponential
B0006,126.0,1.3312352966718526,1.3370075130842318,last_observed_value,leave_one_battery_out,,last_observed_value
B0006,126.0,1.3312352966718526,1.323668138159158,exponential,leave_one_battery_out,,exponential
B0006,127.0,1.3259303781727643,1.3312352966718526,last_observed_value,leave_one_battery_out,,last_observed_value
B0006,127.0,1.3259303781727643,1.3204441706481882,exponential,leave_one_battery_out,,exponential
B0006,128.0,1.321578743867529,1.3259303781727643,last_observed_value,leave_one_battery_out,,last_observed_value
B0006,128.0,1.321578743867529,1.3171390474510751,exponential,leave_one_battery_out,,exponential
B0006,129.0,1.321225074066109,1.321578743867529,last_observed_value,leave_one_battery_out,,last_observed_value
B0006,129.0,1.321225074066109,1.3138053611078973,exponential,leave_one_battery_out,,exponential
B0006,130.0,1.3156485301862682,1.321225074066109,last_observed_value,leave_one_battery_out,,last_observed_value
B0006,130.0,1.3156485301862682,1.3106579053471128,exponential,leave_one_battery_out,,exponential
B0006,131.0,1.3209025697502388,1.3156485301862682,last_observed_value,leave_one_battery_out,,last_observed_value
B0006,131.0,1.3209025697502388,1.3074117053203382,exponential,leave_one_battery_out,,exponential
B0006,132.0,1.3474328767273906,1.3209025697502388,last_observed_value,leave_one_battery_out,,last_observed_value
B0006,132.0,1.3474328767273906,1.304637430779384,exponential,leave_one_battery_out,,exponential
B0006,133.0,1.3260128072353616,1.3474328767273906,last_observed_value,leave_one_battery_out,,last_observed_value
B0006,133.0,1.3260128072353616,1.3034072942435548,exponential,leave_one_battery_out,,exponential
B0006,134.0,1.3101186784831063,1.3260128072353616,last_observed_value,leave_one_battery_out,,last_observed_value
B0006,134.0,1.3101186784831063,1.3011907624752106,exponential,leave_one_battery_out,,exponential
B0006,135.0,1.30521620229393,1.3101186784831063,last_observed_value,leave_one_battery_out,,last_observed_value
B0006,135.0,1.30521620229393,1.298320827651479,exponential,leave_one_battery_out,,exponential
B0006,136.0,1.3004061951355774,1.30521620229393,last_observed_value,leave_one_battery_out,,last_observed_value
B0006,136.0,1.3004061951355774,1.2953784425891706,exponential,leave_one_battery_out,,exponential
B0006,137.0,1.300235735841116,1.3004061951355774,last_observed_value,leave_one_battery_out,,last_observed_value
B0006,137.0,1.300235735841116,1.2923712611579319,exponential,leave_one_battery_out,,exponential
B0006,138.0,1.2895066722480755,1.300235735841116,last_observed_value,leave_one_battery_out,,last_observed_value
B0006,138.0,1.2895066722480755,1.2895298908612989,exponential,leave_one_battery_out,,exponential
B0006,139.0,1.279253057384795,1.2895066722480755,last_observed_value,leave_one_battery_out,,last_observed_value
B0006,139.0,1.279253057384795,1.2863320435125902,exponential,leave_one_battery_out,,exponential
B0006,140.0,1.2792078171714618,1.279253057384795,last_observed_value,leave_one_battery_out,,last_observed_value
B0006,140.0,1.2792078171714618,1.2828157427471596,exponential,leave_one_battery_out,,exponential
B0006,141.0,1.274036760902923,1.2792078171714618,last_observed_value,leave_one_battery_out,,last_observed_value
B0006,141.0,1.274036760902923,1.279484605781887,exponential,leave_one_battery_out,,exponential
B0006,142.0,1.2741273923001468,1.274036760902923,last_observed_value,leave_one_battery_out,,last_observed_value
B0006,142.0,1.2741273923001468,1.2760860318659093,exponential,leave_one_battery_out,,exponential
B0006,143.0,1.2637639426440779,1.2741273923001468,last_observed_value,leave_one_battery_out,,last_observed_value
B0006,143.0,1.2637639426440779,1.2728720973458825,exponential,leave_one_battery_out,,exponential
B0006,144.0,1.2581373688955233,1.2637639426440779,last_observed_value,leave_one_battery_out,,last_observed_value
B0006,144.0,1.2581373688955233,1.269342532586193,exponential,leave_one_battery_out,,exponential
B0006,145.0,1.253259864055301,1.2581373688955233,last_observed_value,leave_one_battery_out,,last_observed_value
B0006,145.0,1.253259864055301,1.265731103595094,exponential,leave_one_battery_out,,exponential
B0006,146.0,1.2532313315493426,1.253259864055301,last_observed_value,leave_one_battery_out,,last_observed_value
B0006,146.0,1.2532313315493426,1.2620755107435735,exponential,leave_one_battery_out,,exponential
B0006,147.0,1.2480874960313577,1.2532313315493426,last_observed_value,leave_one_battery_out,,last_observed_value
B0006,147.0,1.2480874960313577,1.258601827730239,exponential,leave_one_battery_out,,exponential
B0006,148.0,1.2534354284944844,1.2480874960313577,last_observed_value,leave_one_battery_out,,last_observed_value
B0006,148.0,1.2534354284944844,1.2550675414689207,exponential,leave_one_battery_out,,exponential
B0006,149.0,1.2898048773266901,1.2534354284944844,last_observed_value,leave_one_battery_out,,last_observed_value
B0006,149.0,1.2898048773266901,1.2519546851360572,exponential,leave_one_battery_out,,exponential
B0006,150.0,1.2635402021758835,1.2898048773266901,last_observed_value,leave_one_battery_out,,last_observed_value
B0006,150.0,1.2635402021758835,1.2506490198102629,exponential,leave_one_battery_out,,exponential
B0006,151.0,1.2479761706842853,1.2635402021758835,last_observed_value,leave_one_battery_out,,last_observed_value
B0006,151.0,1.2479761706842853,1.2482606525824553,exponential,leave_one_battery_out,,exponential
B0006,152.0,1.2321202877943334,1.2479761706842853,last_observed_value,leave_one_battery_out,,last_observed_value
B0006,152.0,1.2321202877943334,1.2453145634982752,exponential,leave_one_battery_out,,exponential
B0006,153.0,1.2271137666213534,1.2321202877943334,last_observed_value,leave_one_battery_out,,last_observed_value
B0006,153.0,1.2271137666213534,1.2418200729492002,exponential,leave_one_battery_out,,exponential
B0006,154.0,1.2217397581377356,1.2271137666213534,last_observed_value,leave_one_battery_out,,last_observed_value
B0006,154.0,1.2217397581377356,1.238272624886192,exponential,leave_one_battery_out,,exponential
B0006,155.0,1.211102678915174,1.2217397581377356,last_observed_value,leave_one_battery_out,,last_observed_value
B0006,155.0,1.211102678915174,1.2346577677119281,exponential,leave_one_battery_out,,exponential
B0006,156.0,1.2056159765131735,1.211102678915174,last_observed_value,leave_one_battery_out,,last_observed_value
B0006,156.0,1.2056159765131735,1.2307482786611026,exponential,leave_one_battery_out,,exponential
B0006,157.0,1.2008936262717274,1.2056159765131735,last_observed_value,leave_one_battery_out,,last_observed_value
B0006,157.0,1.2008936262717274,1.2267769933371202,exponential,leave_one_battery_out,,exponential
B0006,158.0,1.1905903985558335,1.2008936262717274,last_observed_value,leave_one_battery_out,,last_observed_value
B0006,158.0,1.1905903985558335,1.2227783871524145,exponential,leave_one_battery_out,,exponential
B0006,159.0,1.185179251041941,1.1905903985558335,last_observed_value,leave_one_battery_out,,last_observed_value
B0006,159.0,1.185179251041941,1.2185124488174854,exponential,leave_one_battery_out,,exponential
B0006,160.0,1.1796706818144624,1.185179251041941,last_observed_value,leave_one_battery_out,,last_observed_value
B0006,160.0,1.1796706818144624,1.2141966018547392,exponential,leave_one_battery_out,,exponential
B0006,161.0,1.1745952836753915,1.1796706818144624,last_observed_value,leave_one_battery_out,,last_observed_value
B0006,161.0,1.1745952836753915,1.2098279736195234,exponential,leave_one_battery_out,,exponential
B0006,162.0,1.15381833159625,1.1745952836753915,last_observed_value,leave_one_battery_out,,last_observed_value
B0006,162.0,1.15381833159625,1.2054262933240307,exponential,leave_one_battery_out,,exponential
B0006,163.0,1.1644009557372264,1.15381833159625,last_observed_value,leave_one_battery_out,,last_observed_value
B0006,163.0,1.1644009557372264,1.2003228269597168,exponential,leave_one_battery_out,,exponential
B0006,164.0,1.1587974947916069,1.1644009557372264,last_observed_value,leave_one_battery_out,,last_observed_value
B0006,164.0,1.1587974947916069,1.1958696108972422,exponential,leave_one_battery_out,,exponential
B0006,165.0,1.1749748834769171,1.1587974947916069,last_observed_value,leave_one_battery_out,,last_observed_value
B0006,165.0,1.1749748834769171,1.191363340426086,exponential,leave_one_battery_out,,exponential
B0006,166.0,1.1856752327929356,1.1749748834769171,last_observed_value,leave_one_battery_out,,last_observed_value
B0006,166.0,1.1856752327929356,1.1877278529704842,exponential,leave_one_battery_out,,exponential
B0007,0.0,1.880637027686859,1.89105229539079,last_observed_value,leave_one_battery_out,,last_observed_value
B0007,0.0,1.880637027686859,1.89105229539079,exponential,leave_one_battery_out,,fallback_last_observed
B0007,1.0,1.8806626717011388,1.880637027686859,last_observed_value,leave_one_battery_out,,last_observed_value
B0007,1.0,1.8806626717011388,1.880637027686859,exponential,leave_one_battery_out,,fallback_last_observed
B0007,2.0,1.8807709009833444,1.8806626717011388,last_observed_value,leave_one_battery_out,,last_observed_value
B0007,2.0,1.8807709009833444,1.8806626717011388,exponential,leave_one_battery_out,,fallback_last_observed
B0007,3.0,1.8794508728285058,1.8807709009833444,last_observed_value,leave_one_battery_out,,last_observed_value
B0007,3.0,1.8794508728285058,1.8755753716497097,exponential,leave_one_battery_out,,exponential
B0007,4.0,1.8807003517117404,1.8794508728285058,last_observed_value,leave_one_battery_out,,last_observed_value
B0007,4.0,1.8807003517117404,1.8755938392625353,exponential,leave_one_battery_out,,exponential
B0007,5.0,1.8799352523566075,1.8807003517117404,last_observed_value,leave_one_battery_out,,last_observed_value
B0007,5.0,1.8799352523566075,1.8766914822866703,exponential,leave_one_battery_out,,exponential
B0007,6.0,1.8815088124038797,1.8799352523566075,last_observed_value,leave_one_battery_out,,last_observed_value
B0007,6.0,1.8815088124038797,1.876967680655639,exponential,leave_one_battery_out,,exponential
B0007,7.0,1.8696907870385844,1.8815088124038797,last_observed_value,leave_one_battery_out,,last_observed_value
B0007,7.0,1.8696907870385844,1.8780085421219752,exponential,leave_one_battery_out,,exponential
B0007,8.0,1.870052380139199,1.8696907870385844,last_observed_value,leave_one_battery_out,,last_observed_value
B0007,8.0,1.870052380139199,1.8734583694716207,exponential,leave_one_battery_out,,exponential
B0007,9.0,1.8700442394188577,1.870052380139199,last_observed_value,leave_one_battery_out,,last_observed_value
B0007,9.0,1.8700442394188577,1.8706924647181076,exponential,leave_one_battery_out,,exponential
B0007,10.0,1.8596518987766364,1.8700442394188577,last_observed_value,leave_one_battery_out,,last_observed_value
B0007,10.0,1.8596518987766364,1.8688655114833743,exponential,leave_one_battery_out,,exponential
B0007,11.0,1.8590746560862206,1.8596518987766364,last_observed_value,leave_one_battery_out,,last_observed_value
B0007,11.0,1.8590746560862206,1.8641733415978479,exponential,leave_one_battery_out,,exponential
B0007,12.0,1.8590084577709232,1.8590746560862206,last_observed_value,leave_one_battery_out,,last_observed_value
B0007,12.0,1.8590084577709232,1.8606300636467097,exponential,leave_one_battery_out,,exponential
B0007,13.0,1.8593622586957048,1.8590084577709232,last_observed_value,leave_one_battery_out,,last_observed_value
B0007,13.0,1.8593622586957048,1.85802347713539,exponential,leave_one_battery_out,,exponential
B0007,14.0,1.8587355450601035,1.8593622586957048,last_observed_value,leave_one_battery_out,,last_observed_value
B0007,14.0,1.8587355450601035,1.8561906680782272,exponential,leave_one_battery_out,,exponential
B0007,15.0,1.847817291322145,1.8587355450601035,last_observed_value,leave_one_battery_out,,last_observed_value
B0007,15.0,1.847817291322145,1.8546716675930952,exponential,leave_one_battery_out,,exponential
B0007,16.0,1.8485252916137047,1.847817291322145,last_observed_value,leave_one_battery_out,,last_observed_value
B0007,16.0,1.8485252916137047,1.8509588811473492,exponential,leave_one_battery_out,,exponential
B0007,17.0,1.848378951850034,1.8485252916137047,last_observed_value,leave_one_battery_out,,last_observed_value
B0007,17.0,1.848378951850034,1.8481838391460172,exponential,leave_one_battery_out,,exponential
B0007,18.0,1.8807805437609766,1.848378951850034,last_observed_value,leave_one_battery_out,,last_observed_value
B0007,18.0,1.8807805437609766,1.8459487516692974,exponential,leave_one_battery_out,,exponential
B0007,19.0,1.8814721597443598,1.8807805437609766,last_observed_value,leave_one_battery_out,,last_observed_value
B0007,19.0,1.8814721597443598,1.8506386132630581,exponential,leave_one_battery_out,,exponential
B0007,20.0,1.8810954313244785,1.8814721597443598,last_observed_value,leave_one_battery_out,,last_observed_value
B0007,20.0,1.8810954313244785,1.8547358860928966,exponential,leave_one_battery_out,,exponential
B0007,21.0,1.8710089649779995,1.8810954313244785,last_observed_value,leave_one_battery_out,,last_observed_value
B0007,21.0,1.8710089649779995,1.8581527702732785,exponential,leave_one_battery_out,,exponential
B0007,22.0,1.8701995151941375,1.8710089649779995,last_observed_value,leave_one_battery_out,,last_observed_value
B0007,22.0,1.8701995151941375,1.8593259863621086,exponential,leave_one_battery_out,,exponential
B0007,23.0,1.8706715362800985,1.8701995151941375,last_observed_value,leave_one_battery_out,,last_observed_value
B0007,23.0,1.8706715362800985,1.8602158646202582,exponential,leave_one_battery_out,,exponential
B0007,24.0,1.8596124644020169,1.8706715362800985,last_observed_value,leave_one_battery_out,,last_observed_value
B0007,24.0,1.8596124644020169,1.861072524642836,exponential,leave_one_battery_out,,exponential
B0007,25.0,1.860033909718346,1.8596124644020169,last_observed_value,leave_one_battery_out,,last_observed_value
B0007,25.0,1.860033909718346,1.8601294164349724,exponential,leave_one_battery_out,,exponential
B0007,26.0,1.8591653109160768,1.860033909718346,last_observed_value,leave_one_battery_out,,last_observed_value
B0007,26.0,1.8591653109160768,1.859384330018088,exponential,leave_one_battery_out,,exponential
B0007,27.0,1.8481398178778288,1.8591653109160768,last_observed_value,leave_one_battery_out,,last_observed_value
B0007,27.0,1.8481398178778288,1.8586209319252518,exponential,leave_one_battery_out,,exponential
B0007,28.0,1.849201702126164,1.8481398178778288,last_observed_value,leave_one_battery_out,,last_observed_value
B0007,28.0,1.849201702126164,1.8564427396815262,exponential,leave_one_battery_out,,exponential
B0007,29.0,1.8834677437950846,1.849201702126164,last_observed_value,leave_one_battery_out,,last_observed_value
B0007,29.0,1.8834677437950846,1.8605553880454442,exponential,leave_one_battery_out,,exponential
B0007,30.0,1.8628211117905844,1.8834677437950846,last_observed_value,leave_one_battery_out,,last_observed_value
B0007,30.0,1.8628211117905844,1.8575344658370199,exponential,leave_one_battery_out,,exponential
B0007,31.0,1.852085039652352,1.8628211117905844,last_observed_value,leave_one_battery_out,,last_observed_value
B0007,31.0,1.852085039652352,1.857518367149872,exponential,leave_one_battery_out,,exponential
B0007,32.0,1.8469504648208708,1.852085039652352,last_observed_value,leave_one_battery_out,,last_observed_value
B0007,32.0,1.8469504648208708,1.8617595753587912,exponential,leave_one_battery_out,,exponential
B0007,33.0,1.836828431169018,1.8469504648208708,last_observed_value,leave_one_battery_out,,last_observed_value
B0007,33.0,1.836828431169018,1.860504080106214,exponential,leave_one_battery_out,,exponential
B0007,34.0,1.8371619619672275,1.836828431169018,last_observed_value,leave_one_battery_out,,last_observed_value
B0007,34.0,1.8371619619672275,1.8578308764558529,exponential,leave_one_battery_out,,exponential
B0007,35.0,1.8316722583718854,1.8371619619672275,last_observed_value,leave_one_battery_out,,last_observed_value
B0007,35.0,1.8316722583718854,1.8492816303908306,exponential,leave_one_battery_out,,exponential
B0007,36.0,1.8211470951317783,1.8316722583718854,last_observed_value,leave_one_battery_out,,last_observed_value
B0007,36.0,1.8211470951317783,1.84650991832223,exponential,leave_one_battery_out,,exponential
B0007,37.0,1.816506091511515,1.8211470951317783,last_observed_value,leave_one_battery_out,,last_observed_value
B0007,37.0,1.816506091511515,1.8428907881794174,exponential,leave_one_battery_out,,exponential
B0007,38.0,1.8113815601504555,1.816506091511515,last_observed_value,leave_one_battery_out,,last_observed_value
B0007,38.0,1.8113815601504555,1.8391341632152916,exponential,leave_one_battery_out,,exponential
B0007,39.0,1.8116056333939583,1.8113815601504555,last_observed_value,leave_one_battery_out,,last_observed_value
B0007,39.0,1.8116056333939583,1.8352060888067285,exponential,leave_one_battery_out,,exponential
B0007,40.0,1.8060548955557403,1.8116056333939583,last_observed_value,leave_one_battery_out,,last_observed_value
B0007,40.0,1.8060548955557403,1.8316516425470297,exponential,leave_one_battery_out,,exponential
B0007,41.0,1.8132041826994056,1.8060548955557403,last_observed_value,leave_one_battery_out,,last_observed_value
B0007,41.0,1.8132041826994056,1.8278792278073297,exponential,leave_one_battery_out,,exponential
B0007,42.0,1.8062641938283535,1.8132041826994056,last_observed_value,leave_one_battery_out,,last_observed_value
B0007,42.0,1.8062641938283535,1.825090513986936,exponential,leave_one_battery_out,,exponential
B0007,43.0,1.7958310249900458,1.8062641938283535,last_observed_value,leave_one_battery_out,,last_observed_value
B0007,43.0,1.7958310249900458,1.8219126373140284,exponential,leave_one_battery_out,,exponential
B0007,44.0,1.7858852600390451,1.7958310249900458,last_observed_value,leave_one_battery_out,,last_observed_value
B0007,44.0,1.7858852600390451,1.8180690449985661,exponential,leave_one_battery_out,,exponential
B0007,45.0,1.7803268604502753,1.7858852600390451,last_observed_value,leave_one_battery_out,,last_observed_value
B0007,45.0,1.7803268604502753,1.8136711601557067,exponential,leave_one_battery_out,,exponential
B0007,46.0,1.8150756899575577,1.7803268604502753,last_observed_value,leave_one_battery_out,,last_observed_value
B0007,46.0,1.8150756899575577,1.8091442441951244,exponential,leave_one_battery_out,,exponential
B0007,47.0,1.8157025154845838,1.8150756899575577,last_observed_value,leave_one_battery_out,,last_observed_value
B0007,47.0,1.8157025154845838,1.8078589053352516,exponential,leave_one_battery_out,,exponential
B0007,48.0,1.8002432178056673,1.8157025154845838,last_observed_value,leave_one_battery_out,,last_observed_value
B0007,48.0,1.8002432178056673,1.80673685342083,exponential,leave_one_battery_out,,exponential
B0007,49.0,1.7904476205609308,1.8002432178056673,last_observed_value,leave_one_battery_out,,last_observed_value
B0007,49.0,1.7904476205609308,1.804474484294758,exponential,leave_one_battery_out,,exponential
B0007,50.0,1.780343032300132,1.7904476205609308,last_observed_value,leave_one_battery_out,,last_observed_value
B0007,50.0,1.780343032300132,1.8016146362065228,exponential,leave_one_battery_out,,exponential
B0007,51.0,1.775328769596812,1.780343032300132,last_observed_value,leave_one_battery_out,,last_observed_value
B0007,51.0,1.775328769596812,1.7981882162540614,exponential,leave_one_battery_out,,exponential
B0007,52.0,1.7702629734732853,1.775328769596812,last_observed_value,leave_one_battery_out,,last_observed_value
B0007,52.0,1.7702629734732853,1.7946250550845093,exponential,leave_one_battery_out,,exponential
B0007,53.0,1.760081061854204,1.7702629734732853,last_observed_value,leave_one_battery_out,,last_observed_value
B0007,53.0,1.760081061854204,1.7909380074414116,exponential,leave_one_battery_out,,exponential
B0007,54.0,1.749647593537689,1.760081061854204,last_observed_value,leave_one_battery_out,,last_observed_value
B0007,54.0,1.749647593537689,1.7867570964799597,exponential,leave_one_battery_out,,exponential
B0007,55.0,1.749650075059311,1.749647593537689,last_observed_value,leave_one_battery_out,,last_observed_value
B0007,55.0,1.749650075059311,1.7821143155089203,exponential,leave_one_battery_out,,exponential
B0007,56.0,1.745028739214683,1.749650075059311,last_observed_value,leave_one_battery_out,,last_observed_value
B0007,56.0,1.745028739214683,1.7777704715500704,exponential,leave_one_battery_out,,exponential
B0007,57.0,1.7396457455286727,1.745028739214683,last_observed_value,leave_one_battery_out,,last_observed_value
B0007,57.0,1.7396457455286727,1.773389727121753,exponential,leave_one_battery_out,,exponential
B0007,58.0,1.7285642277717963,1.7396457455286727,last_observed_value,leave_one_battery_out,,last_observed_value
B0007,58.0,1.7285642277717963,1.7689209066904823,exponential,leave_one_battery_out,,exponential
B0007,59.0,1.723900324588418,1.7285642277717963,last_observed_value,leave_one_battery_out,,last_observed_value
B0007,59.0,1.723900324588418,1.763993960181324,exponential,leave_one_battery_out,,exponential
B0007,60.0,1.7139788776485192,1.723900324588418,last_observed_value,leave_one_battery_out,,last_observed_value
B0007,60.0,1.7139788776485192,1.7590613103053556,exponential,leave_one_battery_out,,exponential
B0007,61.0,1.7139701997004613,1.7139788776485192,last_observed_value,leave_one_battery_out,,last_observed_value
B0007,61.0,1.7139701997004613,1.7537877162749282,exponential,leave_one_battery_out,,exponential
B0007,62.0,1.7036521173638766,1.7139701997004613,last_observed_value,leave_one_battery_out,,last_observed_value
B0007,62.0,1.7036521173638766,1.7488197736256552,exponential,leave_one_battery_out,,exponential
B0007,63.0,1.7040137474382486,1.7036521173638766,last_observed_value,leave_one_battery_out,,last_observed_value
B0007,63.0,1.7040137474382486,1.7435024646114243,exponential,leave_one_battery_out,,exponential
B0007,64.0,1.6935716157343033,1.7040137474382486,last_observed_value,leave_one_battery_out,,last_observed_value
B0007,64.0,1.6935716157343033,1.7385124260599696,exponential,leave_one_battery_out,,exponential
B0007,65.0,1.6876577363877656,1.6935716157343033,last_observed_value,leave_one_battery_out,,last_observed_value
B0007,65.0,1.6876577363877656,1.7331749893816095,exponential,leave_one_battery_out,,exponential
B0007,66.0,1.6830744356583152,1.6876577363877656,last_observed_value,leave_one_battery_out,,last_observed_value
B0007,66.0,1.6830744356583152,1.7277768910212217,exponential,leave_one_battery_out,,exponential
B0007,67.0,1.6779270142025482,1.6830744356583152,last_observed_value,leave_one_battery_out,,last_observed_value
B0007,67.0,1.6779270142025482,1.7224108230197999,exponential,leave_one_battery_out,,exponential
B0007,68.0,1.6732060275966172,1.6779270142025482,last_observed_value,leave_one_battery_out,,last_observed_value
B0007,68.0,1.6732060275966172,1.7170412151849632,exponential,leave_one_battery_out,,exponential
B0007,69.0,1.6674367208253988,1.6732060275966172,last_observed_value,leave_one_battery_out,,last_observed_value
B0007,69.0,1.6674367208253988,1.711686926923221,exponential,leave_one_battery_out,,exponential
B0007,70.0,1.6622662630667526,1.6674367208253988,last_observed_value,leave_one_battery_out,,last_observed_value
B0007,70.0,1.6622662630667526,1.7062894534632278,exponential,leave_one_battery_out,,exponential
B0007,71.0,1.6574243065763063,1.6622662630667526,last_observed_value,leave_one_battery_out,,last_observed_value
B0007,71.0,1.6574243065763063,1.7008884572426268,exponential,leave_one_battery_out,,exponential
B0007,72.0,1.652538684928734,1.6574243065763063,last_observed_value,leave_one_battery_out,,last_observed_value
B0007,72.0,1.652538684928734,1.695502271368241,exponential,leave_one_battery_out,,exponential
B0007,73.0,1.6472174627573322,1.652538684928734,last_observed_value,leave_one_battery_out,,last_observed_value
B0007,73.0,1.6472174627573322,1.6901275188681666,exponential,leave_one_battery_out,,exponential
B0007,74.0,1.6364136810898071,1.6472174627573322,last_observed_value,leave_one_battery_out,,last_observed_value
B0007,74.0,1.6364136810898071,1.6847417330802728,exponential,leave_one_battery_out,,exponential
B0007,75.0,1.6362554312048496,1.6364136810898071,last_observed_value,leave_one_battery_out,,last_observed_value
B0007,75.0,1.6362554312048496,1.6790539275989431,exponential,leave_one_battery_out,,exponential
B0007,76.0,1.641119179218384,1.6362554312048496,last_observed_value,leave_one_battery_out,,last_observed_value
B0007,76.0,1.641119179218384,1.6736371381941808,exponential,leave_one_battery_out,,exponential
B0007,77.0,1.6315700789656966,1.641119179218384,last_observed_value,leave_one_battery_out,,last_observed_value
B0007,77.0,1.6315700789656966,1.668730525989531,exponential,leave_one_battery_out,,exponential
B0007,78.0,1.621213282987236,1.6315700789656966,last_observed_value,leave_one_battery_out,,last_observed_value
B0007,78.0,1.621213282987236,1.6635815095289672,exponential,leave_one_battery_out,,exponential
B0007,79.0,1.6164273214762122,1.621213282987236,last_observed_value,leave_one_battery_out,,last_observed_value
B0007,79.0,1.6164273214762122,1.6581599519176962,exponential,leave_one_battery_out,,exponential
B0007,80.0,1.615823510161921,1.6164273214762122,last_observed_value,leave_one_battery_out,,last_observed_value
B0007,80.0,1.615823510161921,1.6527550673097267,exponential,leave_one_battery_out,,exponential
B0007,81.0,1.61672418029789,1.615823510161921,last_observed_value,leave_one_battery_out,,last_observed_value
B0007,81.0,1.61672418029789,1.6475741896865657,exponential,leave_one_battery_out,,exponential
B0007,82.0,1.6108655863730026,1.61672418029789,last_observed_value,leave_one_battery_out,,last_observed_value
B0007,82.0,1.6108655863730026,1.6426735609866228,exponential,leave_one_battery_out,,exponential
B0007,83.0,1.6006603374309376,1.6108655863730026,last_observed_value,leave_one_battery_out,,last_observed_value
B0007,83.0,1.6006603374309376,1.6377231087476503,exponential,leave_one_battery_out,,exponential
B0007,84.0,1.5959174487005663,1.6006603374309376,last_observed_value,leave_one_battery_out,,last_observed_value
B0007,84.0,1.5959174487005663,1.6325087435652677,exponential,leave_one_battery_out,,exponential
B0007,85.0,1.5962179519462243,1.5959174487005663,last_observed_value,leave_one_battery_out,,last_observed_value
B0007,85.0,1.5962179519462243,1.6273111626464924,exponential,leave_one_battery_out,,exponential
B0007,86.0,1.5958065114633972,1.5962179519462243,last_observed_value,leave_one_battery_out,,last_observed_value
B0007,86.0,1.5958065114633972,1.622359132413294,exponential,leave_one_battery_out,,exponential
B0007,87.0,1.5906507821480704,1.5958065114633972,last_observed_value,leave_one_battery_out,,last_observed_value
B0007,87.0,1.5906507821480704,1.617597725381529,exponential,leave_one_battery_out,,exponential
B0007,88.0,1.6888211161855506,1.5906507821480704,last_observed_value,leave_one_battery_out,,last_observed_value
B0007,88.0,1.6888211161855506,1.6128149873306938,exponential,leave_one_battery_out,,exponential
B0007,89.0,1.6259938279733204,1.6888211161855506,last_observed_value,leave_one_battery_out,,last_observed_value
B0007,89.0,1.6259938279733204,1.6126062802325123,exponential,leave_one_battery_out,,exponential
B0007,90.0,1.6157433862812898,1.6259938279733204,last_observed_value,leave_one_battery_out,,last_observed_value
B0007,90.0,1.6157433862812898,1.6096652276464738,exponential,leave_one_battery_out,,exponential
B0007,91.0,1.6056626764846538,1.6157433862812898,last_observed_value,leave_one_battery_out,,last_observed_value
B0007,91.0,1.6056626764846538,1.6063971798250805,exponential,leave_one_battery_out,,exponential
B0007,92.0,1.5949746921524348,1.6056626764846538,last_observed_value,leave_one_battery_out,,last_observed_value
B0007,92.0,1.5949746921524348,1.6028446129773783,exponential,leave_one_battery_out,,exponential
B0007,93.0,1.5904102438871945,1.5949746921524348,last_observed_value,leave_one_battery_out,,last_observed_value
B0007,93.0,1.5904102438871945,1.5989849779027736,exponential,leave_one_battery_out,,exponential
B0007,94.0,1.5853517062988178,1.5904102438871945,last_observed_value,leave_one_battery_out,,last_observed_value
B0007,94.0,1.5853517062988178,1.5950984303076439,exponential,leave_one_battery_out,,exponential
B0007,95.0,1.5799737147242376,1.5853517062988178,last_observed_value,leave_one_battery_out,,last_observed_value
B0007,95.0,1.5799737147242376,1.59115983558695,exponential,leave_one_battery_out,,exponential
B0007,96.0,1.5752185465278068,1.5799737147242376,last_observed_value,leave_one_battery_out,,last_observed_value
B0007,96.0,1.5752185465278068,1.5871576458034724,exponential,leave_one_battery_out,,exponential
B0007,97.0,1.569798484648868,1.5752185465278068,last_observed_value,leave_one_battery_out,,last_observed_value
B0007,97.0,1.569798484648868,1.5831283385009556,exponential,leave_one_battery_out,,exponential
B0007,98.0,1.5702565375950357,1.569798484648868,last_observed_value,leave_one_battery_out,,last_observed_value
B0007,98.0,1.5702565375950357,1.579037211761488,exponential,leave_one_battery_out,,exponential
B0007,99.0,1.565249873909438,1.5702565375950357,last_observed_value,leave_one_battery_out,,last_observed_value
B0007,99.0,1.565249873909438,1.5751236684072865,exponential,leave_one_battery_out,,exponential
B0007,100.0,1.559633933561147,1.565249873909438,last_observed_value,leave_one_battery_out,,last_observed_value
B0007,100.0,1.559633933561147,1.57116274950954,exponential,leave_one_battery_out,,exponential
B0007,101.0,1.5649820533392105,1.559633933561147,last_observed_value,leave_one_battery_out,,last_observed_value
B0007,101.0,1.5649820533392105,1.5671375122781228,exponential,leave_one_battery_out,,exponential
B0007,102.0,1.57497949984227,1.5649820533392105,last_observed_value,leave_one_battery_out,,last_observed_value
B0007,102.0,1.57497949984227,1.5634746381645073,exponential,leave_one_battery_out,,exponential
B0007,103.0,1.5652811168780458,1.57497949984227,last_observed_value,leave_one_battery_out,,last_observed_value
B0007,103.0,1.5652811168780458,1.5603373667909182,exponential,leave_one_battery_out,,exponential
B0007,104.0,1.559755497470126,1.5652811168780458,last_observed_value,leave_one_battery_out,,last_observed_value
B0007,104.0,1.559755497470126,1.5569535238660137,exponential,leave_one_battery_out,,exponential
B0007,105.0,1.549897685670499,1.559755497470126,last_observed_value,leave_one_battery_out,,last_observed_value
B0007,105.0,1.549897685670499,1.5534867064602622,exponential,leave_one_battery_out,,exponential
B0007,106.0,1.5438771531345021,1.549897685670499,last_observed_value,leave_one_battery_out,,last_observed_value
B0007,106.0,1.5438771531345021,1.549784345067792,exponential,leave_one_battery_out,,exponential
B0007,107.0,1.5450187488690073,1.5438771531345021,last_observed_value,leave_one_battery_out,,last_observed_value
B0007,107.0,1.5450187488690073,1.5459911063444451,exponential,leave_one_battery_out,,exponential
B0007,108.0,1.5445940154102908,1.5450187488690073,last_observed_value,leave_one_battery_out,,last_observed_value
B0007,108.0,1.5445940154102908,1.5423809875205734,exponential,leave_one_battery_out,,exponential
B0007,109.0,1.5343086721758876,1.5445940154102908,last_observed_value,leave_one_battery_out,,last_observed_value
B0007,109.0,1.5343086721758876,1.538888523422429,exponential,leave_one_battery_out,,exponential
B0007,110.0,1.5287603942958483,1.5343086721758876,last_observed_value,leave_one_battery_out,,last_observed_value
B0007,110.0,1.5287603942958483,1.5351525943704019,exponential,leave_one_battery_out,,exponential
B0007,111.0,1.5289260249179843,1.5287603942958483,last_observed_value,leave_one_battery_out,,last_observed_value
B0007,111.0,1.5289260249179843,1.5313441971827615,exponential,leave_one_battery_out,,exponential
B0007,112.0,1.529091650133123,1.5289260249179843,last_observed_value,leave_one_battery_out,,last_observed_value
B0007,112.0,1.529091650133123,1.5276796960142747,exponential,leave_one_battery_out,,exponential
B0007,113.0,1.5239059324661248,1.529091650133123,last_observed_value,leave_one_battery_out,,last_observed_value
B0007,113.0,1.5239059324661248,1.5241484565249266,exponential,leave_one_battery_out,,exponential
B0007,114.0,1.5186675419100615,1.5239059324661248,last_observed_value,leave_one_battery_out,,last_observed_value
B0007,114.0,1.5186675419100615,1.5205582724233864,exponential,leave_one_battery_out,,exponential
B0007,115.0,1.5136482266426952,1.5186675419100615,last_observed_value,leave_one_battery_out,,last_observed_value
B0007,115.0,1.5136482266426952,1.5169150615045055,exponential,leave_one_battery_out,,exponential
B0007,116.0,1.5136050185229033,1.5136482266426952,last_observed_value,leave_one_battery_out,,last_observed_value
B0007,116.0,1.5136050185229033,1.5132227379745018,exponential,leave_one_battery_out,,exponential
B0007,117.0,1.5139470614867965,1.5136050185229033,last_observed_value,leave_one_battery_out,,last_observed_value
B0007,117.0,1.5139470614867965,1.5096515090281173,exponential,leave_one_battery_out,,exponential
B0007,118.0,1.5339599193158786,1.5139470614867965,last_observed_value,leave_one_battery_out,,last_observed_value
B0007,118.0,1.5339599193158786,1.50621815818522,exponential,leave_one_battery_out,,exponential
B0007,119.0,1.5391372798653098,1.5339599193158786,last_observed_value,leave_one_battery_out,,last_observed_value
B0007,119.0,1.5391372798653098,1.5035638128829305,exponential,leave_one_battery_out,,exponential
B0007,120.0,1.5236247972838737,1.5391372798653098,last_observed_value,leave_one_battery_out,,last_observed_value
B0007,120.0,1.5236247972838737,1.5011693992514665,exponential,leave_one_battery_out,,exponential
B0007,121.0,1.5135813035589147,1.5236247972838737,last_observed_value,leave_one_battery_out,,last_observed_value
B0007,121.0,1.5135813035589147,1.4983533458353122,exponential,leave_one_battery_out,,exponential
B0007,122.0,1.5077850749847914,1.5135813035589147,last_observed_value,leave_one_battery_out,,last_observed_value
B0007,122.0,1.5077850749847914,1.4952994497866712,exponential,leave_one_battery_out,,exponential
B0007,123.0,1.5031960676037333,1.5077850749847914,last_observed_value,leave_one_battery_out,,last_observed_value
B0007,123.0,1.5031960676037333,1.492167216114467,exponential,leave_one_battery_out,,exponential
B0007,124.0,1.4978220596995881,1.5031960676037333,last_observed_value,leave_one_battery_out,,last_observed_value
B0007,124.0,1.4978220596995881,1.4889861287119857,exponential,leave_one_battery_out,,exponential
B0007,125.0,1.492848534633516,1.4978220596995881,last_observed_value,leave_one_battery_out,,last_observed_value
B0007,125.0,1.492848534633516,1.4857339126749594,exponential,leave_one_battery_out,,exponential
B0007,126.0,1.492414389867026,1.492848534633516,last_observed_value,leave_one_battery_out,,last_observed_value
B0007,126.0,1.492414389867026,1.482434860282865,exponential,leave_one_battery_out,,exponential
B0007,127.0,1.487482776538081,1.492414389867026,last_observed_value,leave_one_battery_out,,last_observed_value
B0007,127.0,1.487482776538081,1.4792256051500772,exponential,leave_one_battery_out,,exponential
B0007,128.0,1.482535148640411,1.487482776538081,last_observed_value,leave_one_battery_out,,last_observed_value
B0007,128.0,1.482535148640411,1.4759638316631936,exponential,leave_one_battery_out,,exponential
B0007,129.0,1.4827874322228984,1.482535148640411,last_observed_value,leave_one_battery_out,,last_observed_value
B0007,129.0,1.4827874322228984,1.472645447843206,exponential,leave_one_battery_out,,exponential
B0007,130.0,1.476971179775059,1.4827874322228984,last_observed_value,leave_one_battery_out,,last_observed_value
B0007,130.0,1.476971179775059,1.4694394039534018,exponential,leave_one_battery_out,,exponential
B0007,131.0,1.4819015554137276,1.476971179775059,last_observed_value,leave_one_battery_out,,last_observed_value
B0007,131.0,1.4819015554137276,1.4661547996834088,exponential,leave_one_battery_out,,exponential
B0007,132.0,1.4981366198874824,1.4819015554137276,last_observed_value,leave_one_battery_out,,last_observed_value
B0007,132.0,1.4981366198874824,1.463122288321074,exponential,leave_one_battery_out,,exponential
B0007,133.0,1.4820775214392872,1.4981366198874824,last_observed_value,leave_one_battery_out,,last_observed_value
B0007,133.0,1.4820775214392872,1.4606643881504624,exponential,leave_one_battery_out,,exponential
B0007,134.0,1.4771155312812152,1.4820775214392872,last_observed_value,leave_one_battery_out,,last_observed_value
B0007,134.0,1.4771155312812152,1.4578070768666294,exponential,leave_one_battery_out,,exponential
B0007,135.0,1.4720772783056488,1.4771155312812152,last_observed_value,leave_one_battery_out,,last_observed_value
B0007,135.0,1.4720772783056488,1.4548894445717906,exponential,leave_one_battery_out,,exponential
B0007,136.0,1.472248013656454,1.4720772783056488,last_observed_value,leave_one_battery_out,,last_observed_value
B0007,136.0,1.472248013656454,1.4519118477394386,exponential,leave_one_battery_out,,exponential
B0007,137.0,1.4670106672274665,1.472248013656454,last_observed_value,leave_one_battery_out,,last_observed_value
B0007,137.0,1.4670106672274665,1.449028595562595,exponential,leave_one_battery_out,,exponential
B0007,138.0,1.4617672495335379,1.4670106672274665,last_observed_value,leave_one_battery_out,,last_observed_value
B0007,138.0,1.4617672495335379,1.4460793536391066,exponential,leave_one_battery_out,,exponential
B0007,139.0,1.4566952670489708,1.4617672495335379,last_observed_value,leave_one_battery_out,,last_observed_value
B0007,139.0,1.4566952670489708,1.4430754866706366,exponential,leave_one_battery_out,,exponential
B0007,140.0,1.451354972758956,1.4566952670489708,last_observed_value,leave_one_battery_out,,last_observed_value
B0007,140.0,1.451354972758956,1.4400100780819685,exponential,leave_one_battery_out,,exponential
B0007,141.0,1.451615926257375,1.451354972758956,last_observed_value,leave_one_battery_out,,last_observed_value
B0007,141.0,1.451615926257375,1.436878405237394,exponential,leave_one_battery_out,,exponential
B0007,142.0,1.4468161332173683,1.451615926257375,last_observed_value,leave_one_battery_out,,last_observed_value
B0007,142.0,1.4468161332173683,1.4338466737458475,exponential,leave_one_battery_out,,exponential
B0007,143.0,1.4467570607768785,1.4468161332173683,last_observed_value,leave_one_battery_out,,last_observed_value
B0007,143.0,1.4467570607768785,1.4307624489465525,exponential,leave_one_battery_out,,exponential
B0007,144.0,1.4413797481446793,1.4467570607768785,last_observed_value,leave_one_battery_out,,last_observed_value
B0007,144.0,1.4413797481446793,1.4277757331715861,exponential,leave_one_battery_out,,exponential
B0007,145.0,1.4362456252208178,1.4413797481446793,last_observed_value,leave_one_battery_out,,last_observed_value
B0007,145.0,1.4362456252208178,1.424738229884781,exponential,leave_one_battery_out,,exponential
B0007,146.0,1.4368154153924828,1.4362456252208178,last_observed_value,leave_one_battery_out,,last_observed_value
B0007,146.0,1.4368154153924828,1.421670723722002,exponential,leave_one_battery_out,,exponential
B0007,147.0,1.4362945145860047,1.4368154153924828,last_observed_value,leave_one_battery_out,,last_observed_value
B0007,147.0,1.4362945145860047,1.4189732473099,exponential,leave_one_battery_out,,exponential
B0007,148.0,1.4418575315878015,1.4362945145860047,last_observed_value,leave_one_battery_out,,last_observed_value
B0007,148.0,1.4418575315878015,1.4165310445097887,exponential,leave_one_battery_out,,exponential
B0007,149.0,1.4672063484781797,1.4418575315878015,last_observed_value,leave_one_battery_out,,last_observed_value
B0007,149.0,1.4672063484781797,1.4145527504446083,exponential,leave_one_battery_out,,exponential
B0007,150.0,1.4518640367848885,1.4672063484781797,last_observed_value,leave_one_battery_out,,last_observed_value
B0007,150.0,1.4518640367848885,1.4140966852052737,exponential,leave_one_battery_out,,exponential
B0007,151.0,1.4471379752748499,1.4518640367848885,last_observed_value,leave_one_battery_out,,last_observed_value
B0007,151.0,1.4471379752748499,1.412865393628763,exponential,leave_one_battery_out,,exponential
B0007,152.0,1.441790586562399,1.4471379752748499,last_observed_value,leave_one_battery_out,,last_observed_value
B0007,152.0,1.441790586562399,1.4114737228545988,exponential,leave_one_battery_out,,exponential
B0007,153.0,1.431630947911111,1.441790586562399,last_observed_value,leave_one_battery_out,,last_observed_value
B0007,153.0,1.431630947911111,1.4098983350913368,exponential,leave_one_battery_out,,exponential
B0007,154.0,1.4318084249673686,1.431630947911111,last_observed_value,leave_one_battery_out,,last_observed_value
B0007,154.0,1.4318084249673686,1.407899075467898,exponential,leave_one_battery_out,,exponential
B0007,155.0,1.4262562585106868,1.4318084249673686,last_observed_value,leave_one_battery_out,,last_observed_value
B0007,155.0,1.4262562585106868,1.4060313435472478,exponential,leave_one_battery_out,,exponential
B0007,156.0,1.4260877528924913,1.4262562585106868,last_observed_value,leave_one_battery_out,,last_observed_value
B0007,156.0,1.4260877528924913,1.4039948861072173,exponential,leave_one_battery_out,,exponential
B0007,157.0,1.4212633510031694,1.4260877528924913,last_observed_value,leave_one_battery_out,,last_observed_value
B0007,157.0,1.4212633510031694,1.4020722524603757,exponential,leave_one_battery_out,,exponential
B0007,158.0,1.4163272748795108,1.4212633510031694,last_observed_value,leave_one_battery_out,,last_observed_value
B0007,158.0,1.4163272748795108,1.4000224377132624,exponential,leave_one_battery_out,,exponential
B0007,159.0,1.4165781829175994,1.4163272748795108,last_observed_value,leave_one_battery_out,,last_observed_value
B0007,159.0,1.4165781829175994,1.3978460463261877,exponential,leave_one_battery_out,,exponential
B0007,160.0,1.4108401729425177,1.4165781829175994,last_observed_value,leave_one_battery_out,,last_observed_value
B0007,160.0,1.4108401729425177,1.39580534806654,exponential,leave_one_battery_out,,exponential
B0007,161.0,1.4109949628347804,1.4108401729425177,last_observed_value,leave_one_battery_out,,last_observed_value
B0007,161.0,1.4109949628347804,1.3936006643019807,exponential,leave_one_battery_out,,exponential
B0007,162.0,1.4061714290398801,1.4109949628347804,last_observed_value,leave_one_battery_out,,last_observed_value
B0007,162.0,1.4061714290398801,1.3915257298623716,exponential,leave_one_battery_out,,exponential
B0007,163.0,1.4063358479692922,1.4061714290398801,last_observed_value,leave_one_battery_out,,last_observed_value
B0007,163.0,1.4063358479692922,1.3893344343548875,exponential,leave_one_battery_out,,exponential
B0007,164.0,1.4004552399066514,1.4063358479692922,last_observed_value,leave_one_battery_out,,last_observed_value
B0007,164.0,1.4004552399066514,1.3872707423757122,exponential,leave_one_battery_out,,exponential
B0007,165.0,1.4217865046055154,1.4004552399066514,last_observed_value,leave_one_battery_out,,last_observed_value
B0007,165.0,1.4217865046055154,1.3850406197056404,exponential,leave_one_battery_out,,exponential
B0007,166.0,1.4324552720625434,1.4217865046055154,last_observed_value,leave_one_battery_out,,last_observed_value
B0007,166.0,1.4324552720625434,1.3839351135109395,exponential,leave_one_battery_out,,exponential
B0018,0.0,1.8431955317089987,1.8550045207910817,last_observed_value,leave_one_battery_out,,last_observed_value
B0018,0.0,1.8431955317089987,1.8550045207910817,exponential,leave_one_battery_out,,fallback_last_observed
B0018,1.0,1.8396018424355423,1.8431955317089987,last_observed_value,leave_one_battery_out,,last_observed_value
B0018,1.0,1.8396018424355423,1.8431955317089987,exponential,leave_one_battery_out,,fallback_last_observed
B0018,2.0,1.8306736044962053,1.8396018424355423,last_observed_value,leave_one_battery_out,,last_observed_value
B0018,2.0,1.8306736044962053,1.8396018424355423,exponential,leave_one_battery_out,,fallback_last_observed
B0018,3.0,1.8327002069419656,1.8306736044962053,last_observed_value,leave_one_battery_out,,last_observed_value
B0018,3.0,1.8327002069419656,1.8229696140583371,exponential,leave_one_battery_out,,exponential
B0018,4.0,1.8285288846046388,1.8327002069419656,last_observed_value,leave_one_battery_out,,last_observed_value
B0018,4.0,1.8285288846046388,1.823095069261413,exponential,leave_one_battery_out,,exponential
B0018,5.0,1.8212011895697924,1.8285288846046388,last_observed_value,leave_one_battery_out,,last_observed_value
B0018,5.0,1.8212011895697924,1.8210040858968313,exponential,leave_one_battery_out,,exponential
B0018,6.0,1.8151700106433282,1.8212011895697924,last_observed_value,leave_one_battery_out,,last_observed_value
B0018,6.0,1.8151700106433282,1.8161790006086846,exponential,leave_one_battery_out,,exponential
B0018,7.0,1.8042980520967649,1.8151700106433282,last_observed_value,leave_one_battery_out,,last_observed_value
B0018,7.0,1.8042980520967649,1.810756935800967,exponential,leave_one_battery_out,,exponential
B0018,8.0,1.8231002302844226,1.8042980520967649,last_observed_value,leave_one_battery_out,,last_observed_value
B0018,8.0,1.8231002302844226,1.8028917279845587,exponential,leave_one_battery_out,,exponential
B0018,9.0,1.8121253520255494,1.8231002302844226,last_observed_value,leave_one_battery_out,,last_observed_value
B0018,9.0,1.8121253520255494,1.8055411045893095,exponential,leave_one_battery_out,,exponential
B0018,10.0,1.8046916382117766,1.8121253520255494,last_observed_value,leave_one_battery_out,,last_observed_value
B0018,10.0,1.8046916382117766,1.803606110407813,exponential,leave_one_battery_out,,exponential
B0018,11.0,1.790844349786295,1.8046916382117766,last_observed_value,leave_one_battery_out,,last_observed_value
B0018,11.0,1.790844349786295,1.79993823604012,exponential,leave_one_battery_out,,exponential
B0018,12.0,1.783470722841926,1.790844349786295,last_observed_value,leave_one_battery_out,,last_observed_value
B0018,12.0,1.783470722841926,1.793150327398564,exponential,leave_one_battery_out,,exponential
B0018,13.0,1.7809386125310702,1.783470722841926,last_observed_value,leave_one_battery_out,,last_observed_value
B0018,13.0,1.7809386125310702,1.7861065855482963,exponential,leave_one_battery_out,,exponential
B0018,14.0,1.771209039672698,1.7809386125310702,last_observed_value,leave_one_battery_out,,last_observed_value
B0018,14.0,1.771209039672698,1.7801638748738782,exponential,leave_one_battery_out,,exponential
B0018,15.0,1.7686303996707076,1.771209039672698,last_observed_value,leave_one_battery_out,,last_observed_value
B0018,15.0,1.7686303996707076,1.773233654829113,exponential,leave_one_battery_out,,exponential
B0018,16.0,1.7536304801917124,1.7686303996707076,last_observed_value,leave_one_battery_out,,last_observed_value
B0018,16.0,1.7536304801917124,1.7672612861981918,exponential,leave_one_battery_out,,exponential
B0018,17.0,1.7462197416415093,1.7536304801917124,last_observed_value,leave_one_battery_out,,last_observed_value
B0018,17.0,1.7462197416415093,1.7592528465821715,exponential,leave_one_battery_out,,exponential
B0018,18.0,1.7376647337053737,1.7462197416415093,last_observed_value,leave_one_battery_out,,last_observed_value
B0018,18.0,1.7376647337053737,1.751290407244312,exponential,leave_one_battery_out,,exponential
B0018,19.0,1.7315166735475835,1.7376647337053737,last_observed_value,leave_one_battery_out,,last_observed_value
B0018,19.0,1.7315166735475835,1.7431397881316002,exponential,leave_one_battery_out,,exponential
B0018,20.0,1.7085949894470602,1.7315166735475835,last_observed_value,leave_one_battery_out,,last_observed_value
B0018,20.0,1.7085949894470602,1.7353068964497425,exponential,leave_one_battery_out,,exponential
B0018,21.0,1.711469957068211,1.7085949894470602,last_observed_value,leave_one_battery_out,,last_observed_value
B0018,21.0,1.711469957068211,1.7246794859147485,exponential,leave_one_battery_out,,exponential
B0018,22.0,1.7075021373272627,1.711469957068211,last_observed_value,leave_one_battery_out,,last_observed_value
B0018,22.0,1.7075021373272627,1.7162968630640307,exponential,leave_one_battery_out,,exponential
B0018,23.0,1.7492382064360228,1.7075021373272627,last_observed_value,leave_one_battery_out,,last_observed_value
B0018,23.0,1.7492382064360228,1.708601787823227,exponential,leave_one_battery_out,,exponential
B0018,24.0,1.7327697147429955,1.7492382064360228,last_observed_value,leave_one_battery_out,,last_observed_value
B0018,24.0,1.7327697147429955,1.7087894752375519,exponential,leave_one_battery_out,,exponential
B0018,25.0,1.7222313328292376,1.7327697147429955,last_observed_value,leave_one_battery_out,,last_observed_value
B0018,25.0,1.7222313328292376,1.7065421391170048,exponential,leave_one_battery_out,,exponential
B0018,26.0,1.711846298984729,1.7222313328292376,last_observed_value,leave_one_battery_out,,last_observed_value
B0018,26.0,1.711846298984729,1.70403134701933,exponential,leave_one_battery_out,,exponential
B0018,27.0,1.699267835126687,1.711846298984729,last_observed_value,leave_one_battery_out,,last_observed_value
B0018,27.0,1.699267835126687,1.7008632018140268,exponential,leave_one_battery_out,,exponential
B0018,28.0,1.6940366439243106,1.699267835126687,last_observed_value,leave_one_battery_out,,last_observed_value
B0018,28.0,1.6940366439243106,1.6932578860074727,exponential,leave_one_battery_out,,exponential
B0018,29.0,1.6819027078768087,1.6940366439243106,last_observed_value,leave_one_battery_out,,last_observed_value
B0018,29.0,1.6819027078768087,1.689809722826172,exponential,leave_one_battery_out,,exponential
B0018,30.0,1.6769770618433686,1.6819027078768087,last_observed_value,leave_one_battery_out,,last_observed_value
B0018,30.0,1.6769770618433686,1.682513320826077,exponential,leave_one_battery_out,,exponential
B0018,31.0,1.6655229306478936,1.6769770618433686,last_observed_value,leave_one_battery_out,,last_observed_value
B0018,31.0,1.6655229306478936,1.6756413218213915,exponential,leave_one_battery_out,,exponential
B0018,32.0,1.6571924575832084,1.6655229306478936,last_observed_value,leave_one_battery_out,,last_observed_value
B0018,32.0,1.6571924575832084,1.6686018263104359,exponential,leave_one_battery_out,,exponential
B0018,33.0,1.6482241555294048,1.6571924575832084,last_observed_value,leave_one_battery_out,,last_observed_value
B0018,33.0,1.6482241555294048,1.6615974713309924,exponential,leave_one_battery_out,,exponential
B0018,34.0,1.6387701497987262,1.6482241555294048,last_observed_value,leave_one_battery_out,,last_observed_value
B0018,34.0,1.6387701497987262,1.6543566314306304,exponential,leave_one_battery_out,,exponential
B0018,35.0,1.6276486907262062,1.6387701497987262,last_observed_value,leave_one_battery_out,,last_observed_value
B0018,35.0,1.6276486907262062,1.6468460888025902,exponential,leave_one_battery_out,,exponential
B0018,36.0,1.62215370227252,1.6276486907262062,last_observed_value,leave_one_battery_out,,last_observed_value
B0018,36.0,1.62215370227252,1.638925402399309,exponential,leave_one_battery_out,,exponential
B0018,37.0,1.6140066510467586,1.62215370227252,last_observed_value,leave_one_battery_out,,last_observed_value
B0018,37.0,1.6140066510467586,1.631232426136421,exponential,leave_one_battery_out,,exponential
B0018,38.0,1.6760516154424623,1.6140066510467586,last_observed_value,leave_one_battery_out,,last_observed_value
B0018,38.0,1.6760516154424623,1.6234678679486478,exponential,leave_one_battery_out,,exponential
B0018,39.0,1.649300642552199,1.6760516154424623,last_observed_value,leave_one_battery_out,,last_observed_value
B0018,39.0,1.649300642552199,1.6226735808211856,exponential,leave_one_battery_out,,exponential
B0018,40.0,1.63238299185809,1.649300642552199,last_observed_value,leave_one_battery_out,,last_observed_value
B0018,40.0,1.63238299185809,1.6194327167505378,exponential,leave_one_battery_out,,exponential
B0018,41.0,1.6164159719025777,1.63238299185809,last_observed_value,leave_one_battery_out,,last_observed_value
B0018,41.0,1.6164159719025777,1.6159543134454584,exponential,leave_one_battery_out,,exponential
B0018,42.0,1.6109028378249377,1.6164159719025777,last_observed_value,leave_one_battery_out,,last_observed_value
B0018,42.0,1.6109028378249377,1.6104658635293618,exponential,leave_one_battery_out,,exponential
B0018,43.0,1.5954638693695657,1.6109028378249377,last_observed_value,leave_one_battery_out,,last_observed_value
B0018,43.0,1.5954638693695657,1.6049863061118508,exponential,leave_one_battery_out,,exponential
B0018,44.0,1.726707440085764,1.5954638693695657,last_observed_value,leave_one_battery_out,,last_observed_value
B0018,44.0,1.726707440085764,1.5975957069198543,exponential,leave_one_battery_out,,exponential
B0018,45.0,1.7165673917429753,1.726707440085764,last_observed_value,leave_one_battery_out,,last_observed_value
B0018,45.0,1.7165673917429753,1.614420453323795,exponential,leave_one_battery_out,,exponential
B0018,46.0,1.6958235570934848,1.7165673917429753,last_observed_value,leave_one_battery_out,,last_observed_value
B0018,46.0,1.6958235570934848,1.62541304900603,exponential,leave_one_battery_out,,exponential
B0018,47.0,1.6777783190792557,1.6958235570934848,last_observed_value,leave_one_battery_out,,last_observed_value
B0018,47.0,1.6777783190792557,1.631514952997382,exponential,leave_one_battery_out,,exponential
B0018,48.0,1.6606586897774192,1.6777783190792557,last_observed_value,leave_one_battery_out,,last_observed_value
B0018,48.0,1.6606586897774192,1.6345404828306276,exponential,leave_one_battery_out,,exponential
B0018,49.0,1.6664109274827466,1.6606586897774192,last_observed_value,leave_one_battery_out,,last_observed_value
B0018,49.0,1.6664109274827466,1.635331446629996,exponential,leave_one_battery_out,,exponential
B0018,50.0,1.6468336174407805,1.6664109274827466,last_observed_value,leave_one_battery_out,,last_observed_value
B0018,50.0,1.6468336174407805,1.6366891586036763,exponential,leave_one_battery_out,,exponential
B0018,51.0,1.6257639928779952,1.6468336174407805,last_observed_value,leave_one_battery_out,,last_observed_value
B0018,51.0,1.6257639928779952,1.6359848989921406,exponential,leave_one_battery_out,,exponential
B0018,52.0,1.6121577411874595,1.6257639928779952,last_observed_value,leave_one_battery_out,,last_observed_value
B0018,52.0,1.6121577411874595,1.6333361830488635,exponential,leave_one_battery_out,,exponential
B0018,53.0,1.6057366823755344,1.6121577411874595,last_observed_value,leave_one_battery_out,,last_observed_value
B0018,53.0,1.6057366823755344,1.62962038232615,exponential,leave_one_battery_out,,exponential
B0018,54.0,1.673645314879889,1.6057366823755344,last_observed_value,leave_one_battery_out,,last_observed_value
B0018,54.0,1.673645314879889,1.6255966755113702,exponential,leave_one_battery_out,,exponential
B0018,55.0,1.6404348572349936,1.673645314879889,last_observed_value,leave_one_battery_out,,last_observed_value
B0018,55.0,1.6404348572349936,1.6285407176878461,exponential,leave_one_battery_out,,exponential
B0018,56.0,1.6132653317422077,1.6404348572349936,last_observed_value,leave_one_battery_out,,last_observed_value
B0018,56.0,1.6132653317422077,1.6281622665314803,exponential,leave_one_battery_out,,exponential
B0018,57.0,1.5920964324686278,1.6132653317422077,last_observed_value,leave_one_battery_out,,last_observed_value
B0018,57.0,1.5920964324686278,1.6254478634212939,exponential,leave_one_battery_out,,exponential
B0018,58.0,1.5866011820698824,1.5920964324686278,last_observed_value,leave_one_battery_out,,last_observed_value
B0018,58.0,1.5866011820698824,1.6210617397478573,exponential,leave_one_battery_out,,exponential
B0018,59.0,1.5800766490336253,1.5866011820698824,last_observed_value,leave_one_battery_out,,last_observed_value
B0018,59.0,1.5800766490336253,1.6164691549152315,exponential,leave_one_battery_out,,exponential
B0018,60.0,1.5641732953289167,1.5800766490336253,last_observed_value,leave_one_battery_out,,last_observed_value
B0018,60.0,1.5641732953289167,1.6115722585257213,exponential,leave_one_battery_out,,exponential
B0018,61.0,1.555618272193922,1.5641732953289167,last_observed_value,leave_one_battery_out,,last_observed_value
B0018,61.0,1.555618272193922,1.6054569350614607,exponential,leave_one_battery_out,,exponential
B0018,62.0,1.5402045278637397,1.555618272193922,last_observed_value,leave_one_battery_out,,last_observed_value
B0018,62.0,1.5402045278637397,1.5988217427101958,exponential,leave_one_battery_out,,exponential
B0018,63.0,1.5321613015959863,1.5402045278637397,last_observed_value,leave_one_battery_out,,last_observed_value
B0018,63.0,1.5321613015959863,1.5909310756240989,exponential,leave_one_battery_out,,exponential
B0018,64.0,1.5316232403693415,1.5321613015959863,last_observed_value,leave_one_battery_out,,last_observed_value
B0018,64.0,1.5316232403693415,1.5825386121843035,exponential,leave_one_battery_out,,exponential
B0018,65.0,1.5222595950771978,1.5316232403693415,last_observed_value,leave_one_battery_out,,last_observed_value
B0018,65.0,1.5222595950771978,1.5745336428202352,exponential,leave_one_battery_out,,exponential
B0018,66.0,1.5065267126851283,1.5222595950771978,last_observed_value,leave_one_battery_out,,last_observed_value
B0018,66.0,1.5065267126851283,1.5659358188781305,exponential,leave_one_battery_out,,exponential
B0018,67.0,1.5014219556532926,1.5065267126851283,last_observed_value,leave_one_battery_out,,last_observed_value
B0018,67.0,1.5014219556532926,1.5559609079122663,exponential,leave_one_battery_out,,exponential
B0018,68.0,1.4963534117486457,1.5014219556532926,last_observed_value,leave_one_battery_out,,last_observed_value
B0018,68.0,1.4963534117486457,1.5459806334913344,exponential,leave_one_battery_out,,exponential
B0018,69.0,1.5334262000312422,1.4963534117486457,last_observed_value,leave_one_battery_out,,last_observed_value
B0018,69.0,1.5334262000312422,1.5360776614862335,exponential,leave_one_battery_out,,exponential
B0018,70.0,1.523845267514426,1.5334262000312422,last_observed_value,leave_one_battery_out,,last_observed_value
B0018,70.0,1.523845267514426,1.5320455016375307,exponential,leave_one_battery_out,,exponential
B0018,71.0,1.5011920994261239,1.523845267514426,last_observed_value,leave_one_battery_out,,last_observed_value
B0018,71.0,1.5011920994261239,1.5272979559216942,exponential,leave_one_battery_out,,exponential
B0018,72.0,1.492417671450291,1.5011920994261239,last_observed_value,leave_one_battery_out,,last_observed_value
B0018,72.0,1.492417671450291,1.5202055711541158,exponential,leave_one_battery_out,,exponential
B0018,73.0,1.483323851940123,1.492417671450291,last_observed_value,leave_one_battery_out,,last_observed_value
B0018,73.0,1.483323851940123,1.5127221206119046,exponential,leave_one_battery_out,,exponential
B0018,74.0,1.4807376792294196,1.483323851940123,last_observed_value,leave_one_battery_out,,last_observed_value
B0018,74.0,1.4807376792294196,1.5048369824808339,exponential,leave_one_battery_out,,exponential
B0018,75.0,1.4735077809902477,1.4807376792294196,last_observed_value,leave_one_battery_out,,last_observed_value
B0018,75.0,1.4735077809902477,1.4974437667004592,exponential,leave_one_battery_out,,exponential
B0018,76.0,1.46801928526661,1.4735077809902477,last_observed_value,leave_one_battery_out,,last_observed_value
B0018,76.0,1.46801928526661,1.490505508191717,exponential,leave_one_battery_out,,exponential
B0018,77.0,1.4580923557119019,1.46801928526661,last_observed_value,leave_one_battery_out,,last_observed_value
B0018,77.0,1.4580923557119019,1.4847795389192697,exponential,leave_one_battery_out,,exponential
B0018,78.0,1.4478660988891399,1.4580923557119019,last_observed_value,leave_one_battery_out,,last_observed_value
B0018,78.0,1.4478660988891399,1.4788528154307414,exponential,leave_one_battery_out,,exponential
B0018,79.0,1.4527808777541982,1.4478660988891399,last_observed_value,leave_one_battery_out,,last_observed_value
B0018,79.0,1.4527808777541982,1.472722715040618,exponential,leave_one_battery_out,,exponential
B0018,80.0,1.4425356364492432,1.4527808777541982,last_observed_value,leave_one_battery_out,,last_observed_value
B0018,80.0,1.4425356364492432,1.467128246542643,exponential,leave_one_battery_out,,exponential
B0018,81.0,1.4392712877203313,1.4425356364492432,last_observed_value,leave_one_battery_out,,last_observed_value
B0018,81.0,1.4392712877203313,1.4612979279638694,exponential,leave_one_battery_out,,exponential
B0018,82.0,1.4286475681888218,1.4392712877203313,last_observed_value,leave_one_battery_out,,last_observed_value
B0018,82.0,1.4286475681888218,1.4555829560221127,exponential,leave_one_battery_out,,exponential
B0018,83.0,1.4249026750004896,1.4286475681888218,last_observed_value,leave_one_battery_out,,last_observed_value
B0018,83.0,1.4249026750004896,1.4496260587300185,exponential,leave_one_battery_out,,exponential
B0018,84.0,1.4698115324524124,1.4249026750004896,last_observed_value,leave_one_battery_out,,last_observed_value
B0018,84.0,1.4698115324524124,1.443775142951381,exponential,leave_one_battery_out,,exponential
B0018,85.0,1.4525819651050202,1.4698115324524124,last_observed_value,leave_one_battery_out,,last_observed_value
B0018,85.0,1.4525819651050202,1.440269894676021,exponential,leave_one_battery_out,,exponential
B0018,86.0,1.442834198908794,1.4525819651050202,last_observed_value,leave_one_battery_out,,last_observed_value
B0018,86.0,1.442834198908794,1.4361513817417517,exponential,leave_one_battery_out,,exponential
B0018,87.0,1.428376058807949,1.442834198908794,last_observed_value,leave_one_battery_out,,last_observed_value
B0018,87.0,1.428376058807949,1.4317749239125988,exponential,leave_one_battery_out,,exponential
B0018,88.0,1.4154547844370715,1.428376058807949,last_observed_value,leave_one_battery_out,,last_observed_value
B0018,88.0,1.4154547844370715,1.4269426419239153,exponential,leave_one_battery_out,,exponential
B0018,89.0,1.454576670077708,1.4154547844370715,last_observed_value,leave_one_battery_out,,last_observed_value
B0018,89.0,1.454576670077708,1.4217507347857463,exponential,leave_one_battery_out,,exponential
B0018,90.0,1.4283179548274056,1.454576670077708,last_observed_value,leave_one_battery_out,,last_observed_value
B0018,90.0,1.4283179548274056,1.4185177262112347,exponential,leave_one_battery_out,,exponential
B0018,91.0,1.4197026883204058,1.4283179548274056,last_observed_value,leave_one_battery_out,,last_observed_value
B0018,91.0,1.4197026883204058,1.414277510750253,exponential,leave_one_battery_out,,exponential
B0018,92.0,1.4155606630306516,1.4197026883204058,last_observed_value,leave_one_battery_out,,last_observed_value
B0018,92.0,1.4155606630306516,1.4098600830806731,exponential,leave_one_battery_out,,exponential
B0018,93.0,1.405680035419228,1.4155606630306516,last_observed_value,leave_one_battery_out,,last_observed_value
B0018,93.0,1.405680035419228,1.4054445928445602,exponential,leave_one_battery_out,,exponential
B0018,94.0,1.4084461071166137,1.405680035419228,last_observed_value,leave_one_battery_out,,last_observed_value
B0018,94.0,1.4084461071166137,1.4008120679784497,exponential,leave_one_battery_out,,exponential
B0018,95.0,1.3968547782872414,1.4084461071166137,last_observed_value,leave_one_battery_out,,last_observed_value
B0018,95.0,1.3968547782872414,1.3964784040142604,exponential,leave_one_battery_out,,exponential
B0018,96.0,1.3935670371440676,1.3968547782872414,last_observed_value,leave_one_battery_out,,last_observed_value
B0018,96.0,1.3935670371440676,1.3918512877413605,exponential,leave_one_battery_out,,exponential
B0018,97.0,1.3893644292809475,1.3935670371440676,last_observed_value,leave_one_battery_out,,last_observed_value
B0018,97.0,1.3893644292809475,1.3872866862353135,exponential,leave_one_battery_out,,exponential
B0018,98.0,1.3785651415666713,1.3893644292809475,last_observed_value,leave_one_battery_out,,last_observed_value
B0018,98.0,1.3785651415666713,1.3827294773923882,exponential,leave_one_battery_out,,exponential
B0018,99.0,1.384901110085747,1.3785651415666713,last_observed_value,leave_one_battery_out,,last_observed_value
B0018,99.0,1.384901110085747,1.3779115039469616,exponential,leave_one_battery_out,,exponential
B0018,100.0,1.3703251814242443,1.384901110085747,last_observed_value,leave_one_battery_out,,last_observed_value
B0018,100.0,1.3703251814242443,1.373554610722067,exponential,leave_one_battery_out,,exponential
B0018,101.0,1.3733464385229082,1.3703251814242443,last_observed_value,leave_one_battery_out,,last_observed_value
B0018,101.0,1.3733464385229082,1.3687857024053756,exponential,leave_one_battery_out,,exponential
B0018,102.0,1.3679487285504814,1.3733464385229082,last_observed_value,leave_one_battery_out,,last_observed_value
B0018,102.0,1.3679487285504814,1.3643210862090882,exponential,leave_one_battery_out,,exponential
B0018,103.0,1.3567141087089647,1.3679487285504814,last_observed_value,leave_one_battery_out,,last_observed_value
B0018,103.0,1.3567141087089647,1.3598229486096898,exponential,leave_one_battery_out,,exponential
B0018,104.0,1.4604310209194575,1.3567141087089647,last_observed_value,leave_one_battery_out,,last_observed_value
B0018,104.0,1.4604310209194575,1.3551046982810249,exponential,leave_one_battery_out,,exponential
B0018,105.0,1.4500998937104097,1.4604310209194575,last_observed_value,leave_one_battery_out,,last_observed_value
B0018,105.0,1.4500998937104097,1.3571774583830951,exponential,leave_one_battery_out,,exponential
B0018,106.0,1.4381406901824496,1.4500998937104097,last_observed_value,leave_one_battery_out,,last_observed_value
B0018,106.0,1.4381406901824496,1.3603252439573401,exponential,leave_one_battery_out,,exponential
B0018,107.0,1.4283681980964316,1.4381406901824496,last_observed_value,leave_one_battery_out,,last_observed_value
B0018,107.0,1.4283681980964316,1.3622730905474187,exponential,leave_one_battery_out,,exponential
B0018,108.0,1.4147874517552432,1.4283681980964316,last_observed_value,leave_one_battery_out,,last_observed_value
B0018,108.0,1.4147874517552432,1.3633478849239191,exponential,leave_one_battery_out,,exponential
B0018,109.0,1.413889163393182,1.4147874517552432,last_observed_value,leave_one_battery_out,,last_observed_value
B0018,109.0,1.413889163393182,1.3633775415788816,exponential,leave_one_battery_out,,exponential
B0018,110.0,1.3989331662177225,1.413889163393182,last_observed_value,leave_one_battery_out,,last_observed_value
B0018,110.0,1.3989331662177225,1.3633792707801977,exponential,leave_one_battery_out,,exponential
B0018,111.0,1.3953322584033976,1.3989331662177225,last_observed_value,leave_one_battery_out,,last_observed_value
B0018,111.0,1.3953322584033976,1.3623751462179108,exponential,leave_one_battery_out,,exponential
B0018,112.0,1.390046129540245,1.3953322584033976,last_observed_value,leave_one_battery_out,,last_observed_value
B0018,112.0,1.390046129540245,1.3612342191294555,exponential,leave_one_battery_out,,exponential
B0018,113.0,1.3860271454209647,1.390046129540245,last_observed_value,leave_one_battery_out,,last_observed_value
B0018,113.0,1.3860271454209647,1.3598536763217357,exponential,leave_one_battery_out,,exponential
B0018,114.0,1.388215260193751,1.3860271454209647,last_observed_value,leave_one_battery_out,,last_observed_value
B0018,114.0,1.388215260193751,1.3583372603988522,exponential,leave_one_battery_out,,exponential
B0018,115.0,1.3761826562394497,1.388215260193751,last_observed_value,leave_one_battery_out,,last_observed_value
B0018,115.0,1.3761826562394497,1.357100111592049,exponential,leave_one_battery_out,,exponential
B0018,116.0,1.3647168898640165,1.3761826562394497,last_observed_value,leave_one_battery_out,,last_observed_value
B0018,116.0,1.3647168898640165,1.3552074681702933,exponential,leave_one_battery_out,,exponential
B0018,117.0,1.3589854739373584,1.3647168898640165,last_observed_value,leave_one_battery_out,,last_observed_value
B0018,117.0,1.3589854739373584,1.3527401521426112,exponential,leave_one_battery_out,,exponential
B0018,118.0,1.3462308764008801,1.3589854739373584,last_observed_value,leave_one_battery_out,,last_observed_value
B0018,118.0,1.3462308764008801,1.350093180773062,exponential,leave_one_battery_out,,exponential
B0018,119.0,1.4268427818454643,1.3462308764008801,last_observed_value,leave_one_battery_out,,last_observed_value
B0018,119.0,1.4268427818454643,1.3468387222732434,exponential,leave_one_battery_out,,exponential
B0018,120.0,1.4064481483279663,1.4268427818454643,last_observed_value,leave_one_battery_out,,last_observed_value
B0018,120.0,1.4064481483279663,1.3487391933134367,exponential,leave_one_battery_out,,exponential
B0018,121.0,1.3934907492075153,1.4064481483279663,last_observed_value,leave_one_battery_out,,last_observed_value
B0018,121.0,1.3934907492075153,1.3493226079079776,exponential,leave_one_battery_out,,exponential
B0018,122.0,1.3882493512249316,1.3934907492075153,last_observed_value,leave_one_battery_out,,last_observed_value
B0018,122.0,1.3882493512249316,1.3491457652932457,exponential,leave_one_battery_out,,exponential
B0018,123.0,1.3701878338420928,1.3882493512249316,last_observed_value,leave_one_battery_out,,last_observed_value
B0018,123.0,1.3701878338420928,1.3487116138963096,exponential,leave_one_battery_out,,exponential
B0018,124.0,1.3796951665608619,1.3701878338420928,last_observed_value,leave_one_battery_out,,last_observed_value
B0018,124.0,1.3796951665608619,1.3473198059419298,exponential,leave_one_battery_out,,exponential
B0018,125.0,1.3686586323935683,1.3796951665608619,last_observed_value,leave_one_battery_out,,last_observed_value
B0018,125.0,1.3686586323935683,1.3465624846405164,exponential,leave_one_battery_out,,exponential
B0018,126.0,1.3627371779096438,1.3686586323935683,last_observed_value,leave_one_battery_out,,last_observed_value
B0018,126.0,1.3627371779096438,1.3452755158681642,exponential,leave_one_battery_out,,exponential
B0018,127.0,1.3634051133928073,1.3627371779096438,last_observed_value,leave_one_battery_out,,last_observed_value
B0018,127.0,1.3634051133928073,1.3437694100496145,exponential,leave_one_battery_out,,exponential
B0018,128.0,1.3518646035305233,1.3634051133928073,last_observed_value,leave_one_battery_out,,last_observed_value
B0018,128.0,1.3518646035305233,1.3424059040366592,exponential,leave_one_battery_out,,exponential
B0018,129.0,1.3547969729652622,1.3518646035305233,last_observed_value,leave_one_battery_out,,last_observed_value
B0018,129.0,1.3547969729652622,1.3405351471440878,exponential,leave_one_battery_out,,exponential
B0018,130.0,1.341051440640485,1.3547969729652622,last_observed_value,leave_one_battery_out,,last_observed_value
B0018,130.0,1.341051440640485,1.3389390623630704,exponential,leave_one_battery_out,,exponential
B0005,133.0,1.3698500035838939,1.3861115151535393,last_observed_value,time_ordered_within_battery,,last_observed_value
B0005,133.0,1.3698500035838939,1.3611459027579258,exponential,time_ordered_within_battery,,exponential
B0005,134.0,1.3647827949260758,1.3698500035838939,last_observed_value,time_ordered_within_battery,,last_observed_value
B0005,134.0,1.3647827949260758,1.3573405945176091,exponential,time_ordered_within_battery,,exponential
B0005,135.0,1.3543220466259964,1.3647827949260758,last_observed_value,time_ordered_within_battery,,last_observed_value
B0005,135.0,1.3543220466259964,1.3534989914273865,exponential,time_ordered_within_battery,,exponential
B0005,136.0,1.3546417018378962,1.3543220466259964,last_observed_value,time_ordered_within_battery,,last_observed_value
B0005,136.0,1.3546417018378962,1.3494669207111656,exponential,time_ordered_within_battery,,exponential
B0005,137.0,1.3547039213192407,1.3546417018378962,last_observed_value,time_ordered_within_battery,,last_observed_value
B0005,137.0,1.3547039213192407,1.3455626967443095,exponential,time_ordered_within_battery,,exponential
B0005,138.0,1.349314997503458,1.3547039213192407,last_observed_value,time_ordered_within_battery,,last_observed_value
B0005,138.0,1.349314997503458,1.3417688301015005,exponential,time_ordered_within_battery,,exponential
B0005,139.0,1.3441891937970554,1.349314997503458,last_observed_value,time_ordered_within_battery,,last_observed_value
B0005,139.0,1.3441891937970554,1.3379327977354478,exponential,time_ordered_within_battery,,exponential
B0005,140.0,1.3389913790695755,1.3441891937970554,last_observed_value,time_ordered_within_battery,,last_observed_value
B0005,140.0,1.3389913790695755,1.3340637932610662,exponential,time_ordered_within_battery,,exponential
B0005,141.0,1.3389145230206971,1.3389913790695755,last_observed_value,time_ordered_within_battery,,last_observed_value
B0005,141.0,1.3389145230206971,1.3301533534900045,exponential,time_ordered_within_battery,,exponential
B0005,142.0,1.3340066759761655,1.3389145230206971,last_observed_value,time_ordered_within_battery,,last_observed_value
B0005,142.0,1.3340066759761655,1.3263543192520046,exponential,time_ordered_within_battery,,exponential
B0005,143.0,1.3286444309174914,1.3340066759761655,last_observed_value,time_ordered_within_battery,,last_observed_value
B0005,143.0,1.3286444309174914,1.3225219831824688,exponential,time_ordered_within_battery,,exponential
B0005,144.0,1.3231708992276219,1.3286444309174914,last_observed_value,time_ordered_within_battery,,last_observed_value
B0005,144.0,1.3231708992276219,1.3186519965142907,exponential,time_ordered_within_battery,,exponential
B0005,145.0,1.3181691588445197,1.3231708992276219,last_observed_value,time_ordered_within_battery,,last_observed_value
B0005,145.0,1.3181691588445197,1.3147344694475578,exponential,time_ordered_within_battery,,exponential
B0005,146.0,1.3184664436640334,1.3181691588445197,last_observed_value,time_ordered_within_battery,,last_observed_value
B0005,146.0,1.3184664436640334,1.31079072155444,exponential,time_ordered_within_battery,,exponential
B0005,147.0,1.318293040102702,1.3184664436640334,last_observed_value,time_ordered_within_battery,,last_observed_value
B0005,147.0,1.318293040102702,1.3069616875218344,exponential,time_ordered_within_battery,,exponential
B0005,148.0,1.323872422244268,1.318293040102702,last_observed_value,time_ordered_within_battery,,last_observed_value
B0005,148.0,1.323872422244268,1.303230542356232,exponential,time_ordered_within_battery,,exponential
B0005,149.0,1.3601216766554785,1.323872422244268,last_observed_value,time_ordered_within_battery,,last_observed_value
B0005,149.0,1.3601216766554785,1.2997484029010593,exponential,time_ordered_within_battery,,exponential
B0005,150.0,1.3395306867947354,1.3601216766554785,last_observed_value,time_ordered_within_battery,,last_observed_value
B0005,150.0,1.3395306867947354,1.2973240389615057,exponential,time_ordered_within_battery,,exponential
B0005,151.0,1.3290286565120697,1.3395306867947354,last_observed_value,time_ordered_within_battery,,last_observed_value
B0005,151.0,1.3290286565120697,1.2944278100485462,exponential,time_ordered_within_battery,,exponential
B0005,152.0,1.3236741274998955,1.3290286565120697,last_observed_value,time_ordered_within_battery,,last_observed_value
B0005,152.0,1.3236741274998955,1.2913271309071206,exponential,time_ordered_within_battery,,exponential
B0005,153.0,1.318633896753293,1.3236741274998955,last_observed_value,time_ordered_within_battery,,last_observed_value
B0005,153.0,1.318633896753293,1.2881773907538445,exponential,time_ordered_within_battery,,exponential
B0005,154.0,1.3134751321324272,1.318633896753293,last_observed_value,time_ordered_within_battery,,last_observed_value
B0005,154.0,1.3134751321324272,1.2849787397963155,exponential,time_ordered_within_battery,,exponential
B0005,155.0,1.3132020634442203,1.3134751321324272,last_observed_value,time_ordered_within_battery,,last_observed_value
B0005,155.0,1.3132020634442203,1.2817375061413259,exponential,time_ordered_within_battery,,exponential
B0005,156.0,1.3077959946944353,1.3132020634442203,last_observed_value,time_ordered_within_battery,,last_observed_value
B0005,156.0,1.3077959946944353,1.2785745010510254,exponential,time_ordered_within_battery,,exponential
B0005,157.0,1.3030329186405918,1.3077959946944353,last_observed_value,time_ordered_within_battery,,last_observed_value
B0005,157.0,1.3030329186405918,1.275352770958989,exponential,time_ordered_within_battery,,exponential
B0005,158.0,1.3033573559038205,1.3030329186405918,last_observed_value,time_ordered_within_battery,,last_observed_value
B0005,158.0,1.3033573559038205,1.2721016492178023,exponential,time_ordered_within_battery,,exponential
B0005,159.0,1.3034100438655642,1.3033573559038205,last_observed_value,time_ordered_within_battery,,last_observed_value
B0005,159.0,1.3034100438655642,1.268931477635988,exponential,time_ordered_within_battery,,exponential
B0005,160.0,1.2978870806495706,1.3034100438655642,last_observed_value,time_ordered_within_battery,,last_observed_value
B0005,160.0,1.2978870806495706,1.265856707402918,exponential,time_ordered_within_battery,,exponential
B0005,161.0,1.2980735056918902,1.2978870806495706,last_observed_value,time_ordered_within_battery,,last_observed_value
B0005,161.0,1.2980735056918902,1.2627159008402487,exponential,time_ordered_within_battery,,exponential
B0005,162.0,1.293463613844243,1.2980735056918902,last_observed_value,time_ordered_within_battery,,last_observed_value
B0005,162.0,1.293463613844243,1.2596674310839262,exponential,time_ordered_within_battery,,exponential
B0005,163.0,1.288003392619118,1.293463613844243,last_observed_value,time_ordered_within_battery,,last_observed_value
B0005,163.0,1.288003392619118,1.2565796540020528,exponential,time_ordered_within_battery,,exponential
B0005,164.0,1.2874525221379407,1.288003392619118,last_observed_value,time_ordered_within_battery,,last_observed_value
B0005,164.0,1.2874525221379407,1.2534486977422148,exponential,time_ordered_within_battery,,exponential
B0005,165.0,1.3090153642307354,1.2874525221379407,last_observed_value,time_ordered_within_battery,,last_observed_value
B0005,165.0,1.3090153642307354,1.250414817689375,exponential,time_ordered_within_battery,,exponential
B0005,166.0,1.3250793286429356,1.3090153642307354,last_observed_value,time_ordered_within_battery,,last_observed_value
B0005,166.0,1.3250793286429356,1.248889696344257,exponential,time_ordered_within_battery,,exponential
B0006,133.0,1.3260128072353616,1.3474328767273906,last_observed_value,time_ordered_within_battery,,last_observed_value
B0006,133.0,1.3260128072353616,1.3034072942435548,exponential,time_ordered_within_battery,,exponential
B0006,134.0,1.3101186784831063,1.3260128072353616,last_observed_value,time_ordered_within_battery,,last_observed_value
B0006,134.0,1.3101186784831063,1.3011907624752106,exponential,time_ordered_within_battery,,exponential
B0006,135.0,1.30521620229393,1.3101186784831063,last_observed_value,time_ordered_within_battery,,last_observed_value
B0006,135.0,1.30521620229393,1.298320827651479,exponential,time_ordered_within_battery,,exponential
B0006,136.0,1.3004061951355774,1.30521620229393,last_observed_value,time_ordered_within_battery,,last_observed_value
B0006,136.0,1.3004061951355774,1.2953784425891706,exponential,time_ordered_within_battery,,exponential
B0006,137.0,1.300235735841116,1.3004061951355774,last_observed_value,time_ordered_within_battery,,last_observed_value
B0006,137.0,1.300235735841116,1.2923712611579319,exponential,time_ordered_within_battery,,exponential
B0006,138.0,1.2895066722480755,1.300235735841116,last_observed_value,time_ordered_within_battery,,last_observed_value
B0006,138.0,1.2895066722480755,1.2895298908612989,exponential,time_ordered_within_battery,,exponential
B0006,139.0,1.279253057384795,1.2895066722480755,last_observed_value,time_ordered_within_battery,,last_observed_value
B0006,139.0,1.279253057384795,1.2863320435125902,exponential,time_ordered_within_battery,,exponential
B0006,140.0,1.2792078171714618,1.279253057384795,last_observed_value,time_ordered_within_battery,,last_observed_value
B0006,140.0,1.2792078171714618,1.2828157427471596,exponential,time_ordered_within_battery,,exponential
B0006,141.0,1.274036760902923,1.2792078171714618,last_observed_value,time_ordered_within_battery,,last_observed_value
B0006,141.0,1.274036760902923,1.279484605781887,exponential,time_ordered_within_battery,,exponential
B0006,142.0,1.2741273923001468,1.274036760902923,last_observed_value,time_ordered_within_battery,,last_observed_value
B0006,142.0,1.2741273923001468,1.2760860318659093,exponential,time_ordered_within_battery,,exponential
B0006,143.0,1.2637639426440779,1.2741273923001468,last_observed_value,time_ordered_within_battery,,last_observed_value
B0006,143.0,1.2637639426440779,1.2728720973458825,exponential,time_ordered_within_battery,,exponential
B0006,144.0,1.2581373688955233,1.2637639426440779,last_observed_value,time_ordered_within_battery,,last_observed_value
B0006,144.0,1.2581373688955233,1.269342532586193,exponential,time_ordered_within_battery,,exponential
B0006,145.0,1.253259864055301,1.2581373688955233,last_observed_value,time_ordered_within_battery,,last_observed_value
B0006,145.0,1.253259864055301,1.265731103595094,exponential,time_ordered_within_battery,,exponential
B0006,146.0,1.2532313315493426,1.253259864055301,last_observed_value,time_ordered_within_battery,,last_observed_value
B0006,146.0,1.2532313315493426,1.2620755107435735,exponential,time_ordered_within_battery,,exponential
B0006,147.0,1.2480874960313577,1.2532313315493426,last_observed_value,time_ordered_within_battery,,last_observed_value
B0006,147.0,1.2480874960313577,1.258601827730239,exponential,time_ordered_within_battery,,exponential
B0006,148.0,1.2534354284944844,1.2480874960313577,last_observed_value,time_ordered_within_battery,,last_observed_value
B0006,148.0,1.2534354284944844,1.2550675414689207,exponential,time_ordered_within_battery,,exponential
B0006,149.0,1.2898048773266901,1.2534354284944844,last_observed_value,time_ordered_within_battery,,last_observed_value
B0006,149.0,1.2898048773266901,1.2519546851360572,exponential,time_ordered_within_battery,,exponential
B0006,150.0,1.2635402021758835,1.2898048773266901,last_observed_value,time_ordered_within_battery,,last_observed_value
B0006,150.0,1.2635402021758835,1.2506490198102629,exponential,time_ordered_within_battery,,exponential
B0006,151.0,1.2479761706842853,1.2635402021758835,last_observed_value,time_ordered_within_battery,,last_observed_value
B0006,151.0,1.2479761706842853,1.2482606525824553,exponential,time_ordered_within_battery,,exponential
B0006,152.0,1.2321202877943334,1.2479761706842853,last_observed_value,time_ordered_within_battery,,last_observed_value
B0006,152.0,1.2321202877943334,1.2453145634982752,exponential,time_ordered_within_battery,,exponential
B0006,153.0,1.2271137666213534,1.2321202877943334,last_observed_value,time_ordered_within_battery,,last_observed_value
B0006,153.0,1.2271137666213534,1.2418200729492002,exponential,time_ordered_within_battery,,exponential
B0006,154.0,1.2217397581377356,1.2271137666213534,last_observed_value,time_ordered_within_battery,,last_observed_value
B0006,154.0,1.2217397581377356,1.238272624886192,exponential,time_ordered_within_battery,,exponential
B0006,155.0,1.211102678915174,1.2217397581377356,last_observed_value,time_ordered_within_battery,,last_observed_value
B0006,155.0,1.211102678915174,1.2346577677119281,exponential,time_ordered_within_battery,,exponential
B0006,156.0,1.2056159765131735,1.211102678915174,last_observed_value,time_ordered_within_battery,,last_observed_value
B0006,156.0,1.2056159765131735,1.2307482786611026,exponential,time_ordered_within_battery,,exponential
B0006,157.0,1.2008936262717274,1.2056159765131735,last_observed_value,time_ordered_within_battery,,last_observed_value
B0006,157.0,1.2008936262717274,1.2267769933371202,exponential,time_ordered_within_battery,,exponential
B0006,158.0,1.1905903985558335,1.2008936262717274,last_observed_value,time_ordered_within_battery,,last_observed_value
B0006,158.0,1.1905903985558335,1.2227783871524145,exponential,time_ordered_within_battery,,exponential
B0006,159.0,1.185179251041941,1.1905903985558335,last_observed_value,time_ordered_within_battery,,last_observed_value
B0006,159.0,1.185179251041941,1.2185124488174854,exponential,time_ordered_within_battery,,exponential
B0006,160.0,1.1796706818144624,1.185179251041941,last_observed_value,time_ordered_within_battery,,last_observed_value
B0006,160.0,1.1796706818144624,1.2141966018547392,exponential,time_ordered_within_battery,,exponential
B0006,161.0,1.1745952836753915,1.1796706818144624,last_observed_value,time_ordered_within_battery,,last_observed_value
B0006,161.0,1.1745952836753915,1.2098279736195234,exponential,time_ordered_within_battery,,exponential
B0006,162.0,1.15381833159625,1.1745952836753915,last_observed_value,time_ordered_within_battery,,last_observed_value
B0006,162.0,1.15381833159625,1.2054262933240307,exponential,time_ordered_within_battery,,exponential
B0006,163.0,1.1644009557372264,1.15381833159625,last_observed_value,time_ordered_within_battery,,last_observed_value
B0006,163.0,1.1644009557372264,1.2003228269597168,exponential,time_ordered_within_battery,,exponential
B0006,164.0,1.1587974947916069,1.1644009557372264,last_observed_value,time_ordered_within_battery,,last_observed_value
B0006,164.0,1.1587974947916069,1.1958696108972422,exponential,time_ordered_within_battery,,exponential
B0006,165.0,1.1749748834769171,1.1587974947916069,last_observed_value,time_ordered_within_battery,,last_observed_value
B0006,165.0,1.1749748834769171,1.191363340426086,exponential,time_ordered_within_battery,,exponential
B0006,166.0,1.1856752327929356,1.1749748834769171,last_observed_value,time_ordered_within_battery,,last_observed_value
B0006,166.0,1.1856752327929356,1.1877278529704842,exponential,time_ordered_within_battery,,exponential
B0007,133.0,1.4820775214392872,1.4981366198874824,last_observed_value,time_ordered_within_battery,,last_observed_value
B0007,133.0,1.4820775214392872,1.4606643881504624,exponential,time_ordered_within_battery,,exponential
B0007,134.0,1.4771155312812152,1.4820775214392872,last_observed_value,time_ordered_within_battery,,last_observed_value
B0007,134.0,1.4771155312812152,1.4578070768666294,exponential,time_ordered_within_battery,,exponential
B0007,135.0,1.4720772783056488,1.4771155312812152,last_observed_value,time_ordered_within_battery,,last_observed_value
B0007,135.0,1.4720772783056488,1.4548894445717906,exponential,time_ordered_within_battery,,exponential
B0007,136.0,1.472248013656454,1.4720772783056488,last_observed_value,time_ordered_within_battery,,last_observed_value
B0007,136.0,1.472248013656454,1.4519118477394386,exponential,time_ordered_within_battery,,exponential
B0007,137.0,1.4670106672274665,1.472248013656454,last_observed_value,time_ordered_within_battery,,last_observed_value
B0007,137.0,1.4670106672274665,1.449028595562595,exponential,time_ordered_within_battery,,exponential
B0007,138.0,1.4617672495335379,1.4670106672274665,last_observed_value,time_ordered_within_battery,,last_observed_value
B0007,138.0,1.4617672495335379,1.4460793536391066,exponential,time_ordered_within_battery,,exponential
B0007,139.0,1.4566952670489708,1.4617672495335379,last_observed_value,time_ordered_within_battery,,last_observed_value
B0007,139.0,1.4566952670489708,1.4430754866706366,exponential,time_ordered_within_battery,,exponential
B0007,140.0,1.451354972758956,1.4566952670489708,last_observed_value,time_ordered_within_battery,,last_observed_value
B0007,140.0,1.451354972758956,1.4400100780819685,exponential,time_ordered_within_battery,,exponential
B0007,141.0,1.451615926257375,1.451354972758956,last_observed_value,time_ordered_within_battery,,last_observed_value
B0007,141.0,1.451615926257375,1.436878405237394,exponential,time_ordered_within_battery,,exponential
B0007,142.0,1.4468161332173683,1.451615926257375,last_observed_value,time_ordered_within_battery,,last_observed_value
B0007,142.0,1.4468161332173683,1.4338466737458475,exponential,time_ordered_within_battery,,exponential
B0007,143.0,1.4467570607768785,1.4468161332173683,last_observed_value,time_ordered_within_battery,,last_observed_value
B0007,143.0,1.4467570607768785,1.4307624489465525,exponential,time_ordered_within_battery,,exponential
B0007,144.0,1.4413797481446793,1.4467570607768785,last_observed_value,time_ordered_within_battery,,last_observed_value
B0007,144.0,1.4413797481446793,1.4277757331715861,exponential,time_ordered_within_battery,,exponential
B0007,145.0,1.4362456252208178,1.4413797481446793,last_observed_value,time_ordered_within_battery,,last_observed_value
B0007,145.0,1.4362456252208178,1.424738229884781,exponential,time_ordered_within_battery,,exponential
B0007,146.0,1.4368154153924828,1.4362456252208178,last_observed_value,time_ordered_within_battery,,last_observed_value
B0007,146.0,1.4368154153924828,1.421670723722002,exponential,time_ordered_within_battery,,exponential
B0007,147.0,1.4362945145860047,1.4368154153924828,last_observed_value,time_ordered_within_battery,,last_observed_value
B0007,147.0,1.4362945145860047,1.4189732473099,exponential,time_ordered_within_battery,,exponential
B0007,148.0,1.4418575315878015,1.4362945145860047,last_observed_value,time_ordered_within_battery,,last_observed_value
B0007,148.0,1.4418575315878015,1.4165310445097887,exponential,time_ordered_within_battery,,exponential
B0007,149.0,1.4672063484781797,1.4418575315878015,last_observed_value,time_ordered_within_battery,,last_observed_value
B0007,149.0,1.4672063484781797,1.4145527504446083,exponential,time_ordered_within_battery,,exponential
B0007,150.0,1.4518640367848885,1.4672063484781797,last_observed_value,time_ordered_within_battery,,last_observed_value
B0007,150.0,1.4518640367848885,1.4140966852052737,exponential,time_ordered_within_battery,,exponential
B0007,151.0,1.4471379752748499,1.4518640367848885,last_observed_value,time_ordered_within_battery,,last_observed_value
B0007,151.0,1.4471379752748499,1.412865393628763,exponential,time_ordered_within_battery,,exponential
B0007,152.0,1.441790586562399,1.4471379752748499,last_observed_value,time_ordered_within_battery,,last_observed_value
B0007,152.0,1.441790586562399,1.4114737228545988,exponential,time_ordered_within_battery,,exponential
B0007,153.0,1.431630947911111,1.441790586562399,last_observed_value,time_ordered_within_battery,,last_observed_value
B0007,153.0,1.431630947911111,1.4098983350913368,exponential,time_ordered_within_battery,,exponential
B0007,154.0,1.4318084249673686,1.431630947911111,last_observed_value,time_ordered_within_battery,,last_observed_value
B0007,154.0,1.4318084249673686,1.407899075467898,exponential,time_ordered_within_battery,,exponential
B0007,155.0,1.4262562585106868,1.4318084249673686,last_observed_value,time_ordered_within_battery,,last_observed_value
B0007,155.0,1.4262562585106868,1.4060313435472478,exponential,time_ordered_within_battery,,exponential
B0007,156.0,1.4260877528924913,1.4262562585106868,last_observed_value,time_ordered_within_battery,,last_observed_value
B0007,156.0,1.4260877528924913,1.4039948861072173,exponential,time_ordered_within_battery,,exponential
B0007,157.0,1.4212633510031694,1.4260877528924913,last_observed_value,time_ordered_within_battery,,last_observed_value
B0007,157.0,1.4212633510031694,1.4020722524603757,exponential,time_ordered_within_battery,,exponential
B0007,158.0,1.4163272748795108,1.4212633510031694,last_observed_value,time_ordered_within_battery,,last_observed_value
B0007,158.0,1.4163272748795108,1.4000224377132624,exponential,time_ordered_within_battery,,exponential
B0007,159.0,1.4165781829175994,1.4163272748795108,last_observed_value,time_ordered_within_battery,,last_observed_value
B0007,159.0,1.4165781829175994,1.3978460463261877,exponential,time_ordered_within_battery,,exponential
B0007,160.0,1.4108401729425177,1.4165781829175994,last_observed_value,time_ordered_within_battery,,last_observed_value
B0007,160.0,1.4108401729425177,1.39580534806654,exponential,time_ordered_within_battery,,exponential
B0007,161.0,1.4109949628347804,1.4108401729425177,last_observed_value,time_ordered_within_battery,,last_observed_value
B0007,161.0,1.4109949628347804,1.3936006643019807,exponential,time_ordered_within_battery,,exponential
B0007,162.0,1.4061714290398801,1.4109949628347804,last_observed_value,time_ordered_within_battery,,last_observed_value
B0007,162.0,1.4061714290398801,1.3915257298623716,exponential,time_ordered_within_battery,,exponential
B0007,163.0,1.4063358479692922,1.4061714290398801,last_observed_value,time_ordered_within_battery,,last_observed_value
B0007,163.0,1.4063358479692922,1.3893344343548875,exponential,time_ordered_within_battery,,exponential
B0007,164.0,1.4004552399066514,1.4063358479692922,last_observed_value,time_ordered_within_battery,,last_observed_value
B0007,164.0,1.4004552399066514,1.3872707423757122,exponential,time_ordered_within_battery,,exponential
B0007,165.0,1.4217865046055154,1.4004552399066514,last_observed_value,time_ordered_within_battery,,last_observed_value
B0007,165.0,1.4217865046055154,1.3850406197056404,exponential,time_ordered_within_battery,,exponential
B0007,166.0,1.4324552720625434,1.4217865046055154,last_observed_value,time_ordered_within_battery,,last_observed_value
B0007,166.0,1.4324552720625434,1.3839351135109395,exponential,time_ordered_within_battery,,exponential
B0018,104.0,1.4604310209194575,1.3567141087089647,last_observed_value,time_ordered_within_battery,,last_observed_value
B0018,104.0,1.4604310209194575,1.3551046982810249,exponential,time_ordered_within_battery,,exponential
B0018,105.0,1.4500998937104097,1.4604310209194575,last_observed_value,time_ordered_within_battery,,last_observed_value
B0018,105.0,1.4500998937104097,1.3571774583830951,exponential,time_ordered_within_battery,,exponential
B0018,106.0,1.4381406901824496,1.4500998937104097,last_observed_value,time_ordered_within_battery,,last_observed_value
B0018,106.0,1.4381406901824496,1.3603252439573401,exponential,time_ordered_within_battery,,exponential
B0018,107.0,1.4283681980964316,1.4381406901824496,last_observed_value,time_ordered_within_battery,,last_observed_value
B0018,107.0,1.4283681980964316,1.3622730905474187,exponential,time_ordered_within_battery,,exponential
B0018,108.0,1.4147874517552432,1.4283681980964316,last_observed_value,time_ordered_within_battery,,last_observed_value
B0018,108.0,1.4147874517552432,1.3633478849239191,exponential,time_ordered_within_battery,,exponential
B0018,109.0,1.413889163393182,1.4147874517552432,last_observed_value,time_ordered_within_battery,,last_observed_value
B0018,109.0,1.413889163393182,1.3633775415788816,exponential,time_ordered_within_battery,,exponential
B0018,110.0,1.3989331662177225,1.413889163393182,last_observed_value,time_ordered_within_battery,,last_observed_value
B0018,110.0,1.3989331662177225,1.3633792707801977,exponential,time_ordered_within_battery,,exponential
B0018,111.0,1.3953322584033976,1.3989331662177225,last_observed_value,time_ordered_within_battery,,last_observed_value
B0018,111.0,1.3953322584033976,1.3623751462179108,exponential,time_ordered_within_battery,,exponential
B0018,112.0,1.390046129540245,1.3953322584033976,last_observed_value,time_ordered_within_battery,,last_observed_value
B0018,112.0,1.390046129540245,1.3612342191294555,exponential,time_ordered_within_battery,,exponential
B0018,113.0,1.3860271454209647,1.390046129540245,last_observed_value,time_ordered_within_battery,,last_observed_value
B0018,113.0,1.3860271454209647,1.3598536763217357,exponential,time_ordered_within_battery,,exponential
B0018,114.0,1.388215260193751,1.3860271454209647,last_observed_value,time_ordered_within_battery,,last_observed_value
B0018,114.0,1.388215260193751,1.3583372603988522,exponential,time_ordered_within_battery,,exponential
B0018,115.0,1.3761826562394497,1.388215260193751,last_observed_value,time_ordered_within_battery,,last_observed_value
B0018,115.0,1.3761826562394497,1.357100111592049,exponential,time_ordered_within_battery,,exponential
B0018,116.0,1.3647168898640165,1.3761826562394497,last_observed_value,time_ordered_within_battery,,last_observed_value
B0018,116.0,1.3647168898640165,1.3552074681702933,exponential,time_ordered_within_battery,,exponential
B0018,117.0,1.3589854739373584,1.3647168898640165,last_observed_value,time_ordered_within_battery,,last_observed_value
B0018,117.0,1.3589854739373584,1.3527401521426112,exponential,time_ordered_within_battery,,exponential
B0018,118.0,1.3462308764008801,1.3589854739373584,last_observed_value,time_ordered_within_battery,,last_observed_value
B0018,118.0,1.3462308764008801,1.350093180773062,exponential,time_ordered_within_battery,,exponential
B0018,119.0,1.4268427818454643,1.3462308764008801,last_observed_value,time_ordered_within_battery,,last_observed_value
B0018,119.0,1.4268427818454643,1.3468387222732434,exponential,time_ordered_within_battery,,exponential
B0018,120.0,1.4064481483279663,1.4268427818454643,last_observed_value,time_ordered_within_battery,,last_observed_value
B0018,120.0,1.4064481483279663,1.3487391933134367,exponential,time_ordered_within_battery,,exponential
B0018,121.0,1.3934907492075153,1.4064481483279663,last_observed_value,time_ordered_within_battery,,last_observed_value
B0018,121.0,1.3934907492075153,1.3493226079079776,exponential,time_ordered_within_battery,,exponential
B0018,122.0,1.3882493512249316,1.3934907492075153,last_observed_value,time_ordered_within_battery,,last_observed_value
B0018,122.0,1.3882493512249316,1.3491457652932457,exponential,time_ordered_within_battery,,exponential
B0018,123.0,1.3701878338420928,1.3882493512249316,last_observed_value,time_ordered_within_battery,,last_observed_value
B0018,123.0,1.3701878338420928,1.3487116138963096,exponential,time_ordered_within_battery,,exponential
B0018,124.0,1.3796951665608619,1.3701878338420928,last_observed_value,time_ordered_within_battery,,last_observed_value
B0018,124.0,1.3796951665608619,1.3473198059419298,exponential,time_ordered_within_battery,,exponential
B0018,125.0,1.3686586323935683,1.3796951665608619,last_observed_value,time_ordered_within_battery,,last_observed_value
B0018,125.0,1.3686586323935683,1.3465624846405164,exponential,time_ordered_within_battery,,exponential
B0018,126.0,1.3627371779096438,1.3686586323935683,last_observed_value,time_ordered_within_battery,,last_observed_value
B0018,126.0,1.3627371779096438,1.3452755158681642,exponential,time_ordered_within_battery,,exponential
B0018,127.0,1.3634051133928073,1.3627371779096438,last_observed_value,time_ordered_within_battery,,last_observed_value
B0018,127.0,1.3634051133928073,1.3437694100496145,exponential,time_ordered_within_battery,,exponential
B0018,128.0,1.3518646035305233,1.3634051133928073,last_observed_value,time_ordered_within_battery,,last_observed_value
B0018,128.0,1.3518646035305233,1.3424059040366592,exponential,time_ordered_within_battery,,exponential
B0018,129.0,1.3547969729652622,1.3518646035305233,last_observed_value,time_ordered_within_battery,,last_observed_value
B0018,129.0,1.3547969729652622,1.3405351471440878,exponential,time_ordered_within_battery,,exponential
B0018,130.0,1.341051440640485,1.3547969729652622,last_observed_value,time_ordered_within_battery,,last_observed_value
B0018,130.0,1.341051440640485,1.3389390623630704,exponential,time_ordered_within_battery,,exponential
B0006,46.0,1.82371946178183,1.7024077813673466,last_observed_value,random_cycle_split_wrong,0.0,last_observed_value
B0006,46.0,1.82371946178183,1.7310878268511942,exponential,random_cycle_split_wrong,0.0,exponential
B0018,1.0,1.8396018424355423,1.8431955317089987,last_observed_value,random_cycle_split_wrong,0.0,last_observed_value
B0018,1.0,1.8396018424355423,1.8431955317089987,exponential,random_cycle_split_wrong,0.0,fallback_last_observed
B0018,122.0,1.3882493512249316,1.3934907492075153,last_observed_value,random_cycle_split_wrong,0.0,last_observed_value
B0018,122.0,1.3882493512249316,1.3491457652932457,exponential,random_cycle_split_wrong,0.0,exponential
B0005,157.0,1.3030329186405918,1.3077959946944353,last_observed_value,random_cycle_split_wrong,0.0,last_observed_value
B0005,157.0,1.3030329186405918,1.275352770958989,exponential,random_cycle_split_wrong,0.0,exponential
B0018,125.0,1.3686586323935683,1.3796951665608619,last_observed_value,random_cycle_split_wrong,0.0,last_observed_value
B0018,125.0,1.3686586323935683,1.3465624846405164,exponential,random_cycle_split_wrong,0.0,exponential
B0005,103.0,1.4808005946928984,1.4960918298136696,last_observed_value,random_cycle_split_wrong,0.0,last_observed_value
B0005,103.0,1.4808005946928984,1.4944014320826682,exponential,random_cycle_split_wrong,0.0,exponential
B0006,5.0,2.013101105626967,2.0138990759931645,last_observed_value,random_cycle_split_wrong,0.0,last_observed_value
B0006,5.0,2.013101105626967,2.0071310767196233,exponential,random_cycle_split_wrong,0.0,exponential
B0007,156.0,1.4260877528924913,1.4262562585106868,last_observed_value,random_cycle_split_wrong,0.0,last_observed_value
B0007,156.0,1.4260877528924913,1.4039948861072173,exponential,random_cycle_split_wrong,0.0,exponential
B0007,133.0,1.4820775214392872,1.4981366198874824,last_observed_value,random_cycle_split_wrong,0.0,last_observed_value
B0007,133.0,1.4820775214392872,1.4606643881504624,exponential,random_cycle_split_wrong,0.0,exponential
B0006,63.0,1.5829719744686166,1.5876273123575604,last_observed_value,random_cycle_split_wrong,0.0,last_observed_value
B0006,63.0,1.5829719744686166,1.6215044356154067,exponential,random_cycle_split_wrong,0.0,exponential
B0005,122.0,1.4012037783587625,1.406981663677643,last_observed_value,random_cycle_split_wrong,0.0,last_observed_value
B0005,122.0,1.4012037783587625,1.4072262998606675,exponential,random_cycle_split_wrong,0.0,exponential
B0005,75.0,1.5849430707374117,1.5857889968242211,last_observed_value,random_cycle_split_wrong,0.0,last_observed_value
B0005,75.0,1.5849430707374117,1.6380730281671276,exponential,random_cycle_split_wrong,0.0,exponential
B0006,57.0,1.6401349256190927,1.651121015038069,last_observed_value,random_cycle_split_wrong,0.0,last_observed_value
B0006,57.0,1.6401349256190927,1.6748147346125961,exponential,random_cycle_split_wrong,0.0,exponential
B0006,69.0,1.5301570318067428,1.5253138744624433,last_observed_value,random_cycle_split_wrong,0.0,last_observed_value
B0006,69.0,1.5301570318067428,1.5665053814370822,exponential,random_cycle_split_wrong,0.0,exponential
B0006,112.0,1.3786059891863676,1.3736814238195123,last_observed_value,random_cycle_split_wrong,0.0,last_observed_value
B0006,112.0,1.3786059891863676,1.361063165856241,exponential,random_cycle_split_wrong,0.0,exponential
B0018,60.0,1.5641732953289167,1.5800766490336253,last_observed_value,random_cycle_split_wrong,0.0,last_observed_value
B0018,60.0,1.5641732953289167,1.6115722585257213,exponential,random_cycle_split_wrong,0.0,exponential
B0007,129.0,1.4827874322228984,1.482535148640411,last_observed_value,random_cycle_split_wrong,0.0,last_observed_value
B0007,129.0,1.4827874322228984,1.472645447843206,exponential,random_cycle_split_wrong,0.0,exponential
B0018,67.0,1.5014219556532926,1.5065267126851283,last_observed_value,random_cycle_split_wrong,0.0,last_observed_value
B0018,67.0,1.5014219556532926,1.5559609079122663,exponential,random_cycle_split_wrong,0.0,exponential
B0005,52.0,1.7364225056478186,1.7417172507457144,last_observed_value,random_cycle_split_wrong,0.0,last_observed_value
B0005,52.0,1.7364225056478186,1.7582992472804904,exponential,random_cycle_split_wrong,0.0,exponential
B0007,52.0,1.7702629734732853,1.775328769596812,last_observed_value,random_cycle_split_wrong,0.0,last_observed_value
B0007,52.0,1.7702629734732853,1.7946250550845093,exponential,random_cycle_split_wrong,0.0,exponential
B0018,85.0,1.4525819651050202,1.4698115324524124,last_observed_value,random_cycle_split_wrong,0.0,last_observed_value
B0018,85.0,1.4525819651050202,1.440269894676021,exponential,random_cycle_split_wrong,0.0,exponential
B0006,43.0,1.7337887419624838,1.7659390941842175,last_observed_value,random_cycle_split_wrong,0.0,last_observed_value
B0006,43.0,1.7337887419624838,1.7580440170443126,exponential,random_cycle_split_wrong,0.0,exponential
B0018,75.0,1.4735077809902477,1.4807376792294196,last_observed_value,random_cycle_split_wrong,0.0,last_observed_value
B0018,75.0,1.4735077809902477,1.4974437667004592,exponential,random_cycle_split_wrong,0.0,exponential
B0018,48.0,1.6606586897774192,1.6777783190792557,last_observed_value,random_cycle_split_wrong,0.0,last_observed_value
B0018,48.0,1.6606586897774192,1.6345404828306276,exponential,random_cycle_split_wrong,0.0,exponential
B0018,15.0,1.7686303996707076,1.771209039672698,last_observed_value,random_cycle_split_wrong,0.0,last_observed_value
B0018,15.0,1.7686303996707076,1.773233654829113,exponential,random_cycle_split_wrong,0.0,exponential
B0007,31.0,1.852085039652352,1.8628211117905844,last_observed_value,random_cycle_split_wrong,0.0,last_observed_value
B0007,31.0,1.852085039652352,1.857518367149872,exponential,random_cycle_split_wrong,0.0,exponential
B0018,62.0,1.5402045278637397,1.555618272193922,last_observed_value,random_cycle_split_wrong,0.0,last_observed_value
B0018,62.0,1.5402045278637397,1.5988217427101958,exponential,random_cycle_split_wrong,0.0,exponential
B0007,33.0,1.836828431169018,1.8469504648208708,last_observed_value,random_cycle_split_wrong,0.0,last_observed_value
B0007,33.0,1.836828431169018,1.860504080106214,exponential,random_cycle_split_wrong,0.0,exponential
B0007,122.0,1.5077850749847914,1.5135813035589147,last_observed_value,random_cycle_split_wrong,0.0,last_observed_value
B0007,122.0,1.5077850749847914,1.4952994497866712,exponential,random_cycle_split_wrong,0.0,exponential
B0006,139.0,1.279253057384795,1.2895066722480755,last_observed_value,random_cycle_split_wrong,0.0,last_observed_value
B0006,139.0,1.279253057384795,1.2863320435125902,exponential,random_cycle_split_wrong,0.0,exponential
B0007,151.0,1.4471379752748499,1.4518640367848885,last_observed_value,random_cycle_split_wrong,0.0,last_observed_value
B0007,151.0,1.4471379752748499,1.412865393628763,exponential,random_cycle_split_wrong,0.0,exponential
B0018,5.0,1.8212011895697924,1.8285288846046388,last_observed_value,random_cycle_split_wrong,0.0,last_observed_value
B0018,5.0,1.8212011895697924,1.8210040858968313,exponential,random_cycle_split_wrong,0.0,exponential
B0007,101.0,1.5649820533392105,1.559633933561147,last_observed_value,random_cycle_split_wrong,0.0,last_observed_value
B0007,101.0,1.5649820533392105,1.5671375122781228,exponential,random_cycle_split_wrong,0.0,exponential
B0007,0.0,1.880637027686859,1.89105229539079,last_observed_value,random_cycle_split_wrong,0.0,last_observed_value
B0007,0.0,1.880637027686859,1.89105229539079,exponential,random_cycle_split_wrong,0.0,fallback_last_observed
B0005,49.0,1.7570177850353066,1.7673642076278957,last_observed_value,random_cycle_split_wrong,0.0,last_observed_value
B0005,49.0,1.7570177850353066,1.7667329969916068,exponential,random_cycle_split_wrong,0.0,exponential
B0018,21.0,1.711469957068211,1.7085949894470602,last_observed_value,random_cycle_split_wrong,0.0,last_observed_value
B0018,21.0,1.711469957068211,1.7246794859147485,exponential,random_cycle_split_wrong,0.0,exponential
B0005,48.0,1.7673642076278957,1.7831890223273275,last_observed_value,random_cycle_split_wrong,0.0,last_observed_value
B0005,48.0,1.7673642076278957,1.7683978528427815,exponential,random_cycle_split_wrong,0.0,exponential
B0007,35.0,1.8316722583718854,1.8371619619672275,last_observed_value,random_cycle_split_wrong,0.0,last_observed_value
B0007,35.0,1.8316722583718854,1.8492816303908306,exponential,random_cycle_split_wrong,0.0,exponential
B0006,39.0,1.7502913788006587,1.7604712448170943,last_observed_value,random_cycle_split_wrong,0.0,last_observed_value
B0006,39.0,1.7502913788006587,1.7910211359313735,exponential,random_cycle_split_wrong,0.0,exponential
B0007,147.0,1.4362945145860047,1.4368154153924828,last_observed_value,random_cycle_split_wrong,0.0,last_observed_value
B0007,147.0,1.4362945145860047,1.4189732473099,exponential,random_cycle_split_wrong,0.0,exponential
B0007,28.0,1.849201702126164,1.8481398178778288,last_observed_value,random_cycle_split_wrong,0.0,last_observed_value
B0007,28.0,1.849201702126164,1.8564427396815262,exponential,random_cycle_split_wrong,0.0,exponential
B0006,11.0,1.9232799539368028,1.9347505044841131,last_observed_value,random_cycle_split_wrong,0.0,last_observed_value
B0006,11.0,1.9232799539368028,1.933119651822608,exponential,random_cycle_split_wrong,0.0,exponential
B0006,83.0,1.4516292657521335,1.4675164935067897,last_observed_value,random_cycle_split_wrong,0.0,last_observed_value
B0006,83.0,1.4516292657521335,1.458491235388692,exponential,random_cycle_split_wrong,0.0,exponential
B0007,41.0,1.8132041826994056,1.8060548955557403,last_observed_value,random_cycle_split_wrong,0.0,last_observed_value
B0007,41.0,1.8132041826994056,1.8278792278073297,exponential,random_cycle_split_wrong,0.0,exponential
B0005,155.0,1.3132020634442203,1.3134751321324272,last_observed_value,random_cycle_split_wrong,0.0,last_observed_value
B0005,155.0,1.3132020634442203,1.2817375061413259,exponential,random_cycle_split_wrong,0.0,exponential
B0005,17.0,1.8027776247196041,1.8030683142834096,last_observed_value,random_cycle_split_wrong,0.0,last_observed_value
B0005,17.0,1.8027776247196041,1.796375109964373,exponential,random_cycle_split_wrong,0.0,exponential
B0006,158.0,1.1905903985558335,1.2008936262717274,last_observed_value,random_cycle_split_wrong,0.0,last_observed_value
B0006,158.0,1.1905903985558335,1.2227783871524145,exponential,random_cycle_split_wrong,0.0,exponential
B0018,61.0,1.555618272193922,1.5641732953289167,last_observed_value,random_cycle_split_wrong,0.0,last_observed_value
B0018,61.0,1.555618272193922,1.6054569350614607,exponential,random_cycle_split_wrong,0.0,exponential
B0018,8.0,1.8231002302844226,1.8042980520967649,last_observed_value,random_cycle_split_wrong,0.0,last_observed_value
B0018,8.0,1.8231002302844226,1.8028917279845587,exponential,random_cycle_split_wrong,0.0,exponential
B0006,64.0,1.567137636713563,1.5829719744686166,last_observed_value,random_cycle_split_wrong,0.0,last_observed_value
B0006,64.0,1.567137636713563,1.6127213511408627,exponential,random_cycle_split_wrong,0.0,exponential
B0005,55.0,1.710533351135192,1.7158065389330133,last_observed_value,random_cycle_split_wrong,0.0,last_observed_value
B0005,55.0,1.710533351135192,1.7468649774893947,exponential,random_cycle_split_wrong,0.0,exponential
B0006,153.0,1.2271137666213534,1.2321202877943334,last_observed_value,random_cycle_split_wrong,0.0,last_observed_value
B0006,153.0,1.2271137666213534,1.2418200729492002,exponential,random_cycle_split_wrong,0.0,exponential
B0006,101.0,1.4207006230355006,1.420487649966195,last_observed_value,random_cycle_split_wrong,0.0,last_observed_value
B0006,101.0,1.4207006230355006,1.394885972108054,exponential,random_cycle_split_wrong,0.0,exponential
B0018,16.0,1.7536304801917124,1.7686303996707076,last_observed_value,random_cycle_split_wrong,0.0,last_observed_value
B0018,16.0,1.7536304801917124,1.7672612861981918,exponential,random_cycle_split_wrong,0.0,exponential
B0018,96.0,1.3935670371440676,1.3968547782872414,last_observed_value,random_cycle_split_wrong,0.0,last_observed_value
B0018,96.0,1.3935670371440676,1.3918512877413605,exponential,random_cycle_split_wrong,0.0,exponential
B0006,6.0,1.9687898262728398,2.013101105626967,last_observed_value,random_cycle_split_wrong,0.0,last_observed_value
B0006,6.0,1.9687898262728398,2.0092249317794013,exponential,random_cycle_split_wrong,0.0,exponential
B0018,100.0,1.3703251814242443,1.384901110085747,last_observed_value,random_cycle_split_wrong,0.0,last_observed_value
B0018,100.0,1.3703251814242443,1.373554610722067,exponential,random_cycle_split_wrong,0.0,exponential
B0006,72.0,1.509391504602082,1.5145492986655427,last_observed_value,random_cycle_split_wrong,0.0,last_observed_value
B0006,72.0,1.509391504602082,1.5403392390239787,exponential,random_cycle_split_wrong,0.0,exponential
B0006,78.0,1.4887593608730894,1.5040760088360112,last_observed_value,random_cycle_split_wrong,0.0,last_observed_value
B0006,78.0,1.4887593608730894,1.4939396107697576,exponential,random_cycle_split_wrong,0.0,exponential
B0007,78.0,1.621213282987236,1.6315700789656966,last_observed_value,random_cycle_split_wrong,0.0,last_observed_value
B0007,78.0,1.621213282987236,1.6635815095289672,exponential,random_cycle_split_wrong,0.0,exponential
B0006,23.0,1.901407930553079,1.9459811331421641,last_observed_value,random_cycle_split_wrong,0.0,last_observed_value
B0006,23.0,1.901407930553079,1.9111049986518425,exponential,random_cycle_split_wrong,0.0,exponential
B0005,165.0,1.3090153642307354,1.2874525221379407,last_observed_value,random_cycle_split_wrong,0.0,last_observed_value
B0005,165.0,1.3090153642307354,1.250414817689375,exponential,random_cycle_split_wrong,0.0,exponential
B0005,62.0,1.663716375981405,1.6745692479879102,last_observed_value,random_cycle_split_wrong,0.0,last_observed_value
B0005,62.0,1.663716375981405,1.7134489516994336,exponential,random_cycle_split_wrong,0.0,exponential
B0005,14.0,1.80210690024615,1.8025980036306504,last_observed_value,random_cycle_split_wrong,0.0,last_observed_value
B0005,14.0,1.80210690024615,1.8046422798082968,exponential,random_cycle_split_wrong,0.0,exponential
B0018,124.0,1.3796951665608619,1.3701878338420928,last_observed_value,random_cycle_split_wrong,0.0,last_observed_value
B0018,124.0,1.3796951665608619,1.3473198059419298,exponential,random_cycle_split_wrong,0.0,exponential
B0006,94.0,1.4627604396099307,1.4729664825468278,last_observed_value,random_cycle_split_wrong,0.0,last_observed_value
B0006,94.0,1.4627604396099307,1.4170261714145802,exponential,random_cycle_split_wrong,0.0,exponential
B0018,63.0,1.5321613015959863,1.5402045278637397,last_observed_value,random_cycle_split_wrong,0.0,last_observed_value
B0018,63.0,1.5321613015959863,1.5909310756240989,exponential,random_cycle_split_wrong,0.0,exponential
B0005,1.0,1.8353491942234077,1.846327249719927,last_observed_value,random_cycle_split_wrong,0.0,last_observed_value
B0005,1.0,1.8353491942234077,1.846327249719927,exponential,random_cycle_split_wrong,0.0,fallback_last_observed
B0018,12.0,1.783470722841926,1.790844349786295,last_observed_value,random_cycle_split_wrong,0.0,last_observed_value
B0018,12.0,1.783470722841926,1.793150327398564,exponential,random_cycle_split_wrong,0.0,exponential
B0006,116.0,1.3580966140172601,1.3633024037317505,last_observed_value,random_cycle_split_wrong,0.0,last_observed_value
B0006,116.0,1.3580966140172601,1.3472837445535895,exponential,random_cycle_split_wrong,0.0,exponential
B0007,5.0,1.8799352523566075,1.8807003517117404,last_observed_value,random_cycle_split_wrong,0.0,last_observed_value
B0007,5.0,1.8799352523566075,1.8766914822866703,exponential,random_cycle_split_wrong,0.0,exponential
B0005,45.0,1.7360913511847138,1.7418496047960008,last_observed_value,random_cycle_split_wrong,0.0,last_observed_value
B0005,45.0,1.7360913511847138,1.773162536307268,exponential,random_cycle_split_wrong,0.0,exponential
B0005,142.0,1.3340066759761655,1.3389145230206971,last_observed_value,random_cycle_split_wrong,0.0,last_observed_value
B0005,142.0,1.3340066759761655,1.3263543192520046,exponential,random_cycle_split_wrong,0.0,exponential
B0007,44.0,1.7858852600390451,1.7958310249900458,last_observed_value,random_cycle_split_wrong,0.0,last_observed_value
B0007,44.0,1.7858852600390451,1.8180690449985661,exponential,random_cycle_split_wrong,0.0,exponential
B0005,8.0,1.824613268496936,1.8247738529891333,last_observed_value,random_cycle_split_wrong,0.0,last_observed_value
B0005,8.0,1.824613268496936,1.8208857358836212,exponential,random_cycle_split_wrong,0.0,exponential
B0018,105.0,1.4500998937104097,1.4604310209194575,last_observed_value,random_cycle_split_wrong,0.0,last_observed_value
B0018,105.0,1.4500998937104097,1.3571774583830951,exponential,random_cycle_split_wrong,0.0,exponential
B0006,85.0,1.4471484694777745,1.4519237720967177,last_observed_value,random_cycle_split_wrong,0.0,last_observed_value
B0006,85.0,1.4471484694777745,1.4442405008771857,exponential,random_cycle_split_wrong,0.0,exponential
B0005,21.0,1.8257807475776242,1.8361774213478947,last_observed_value,random_cycle_split_wrong,0.0,last_observed_value
B0005,21.0,1.8257807475776242,1.812456986061676,exponential,random_cycle_split_wrong,0.0,exponential
B0005,77.0,1.5747301747801037,1.5955263892495937,last_observed_value,random_cycle_split_wrong,0.0,last_observed_value
B0005,77.0,1.5747301747801037,1.6270500405219082,exponential,random_cycle_split_wrong,0.0,exponential
B0006,96.0,1.4468670644030392,1.4518364681062514,last_observed_value,random_cycle_split_wrong,0.0,last_observed_value
B0006,96.0,1.4468670644030392,1.4119244060796192,exponential,random_cycle_split_wrong,0.0,exponential
B0005,144.0,1.3231708992276219,1.3286444309174914,last_observed_value,random_cycle_split_wrong,0.0,last_observed_value
B0005,144.0,1.3231708992276219,1.3186519965142907,exponential,random_cycle_split_wrong,0.0,exponential
B0007,45.0,1.7803268604502753,1.7858852600390451,last_observed_value,random_cycle_split_wrong,0.0,last_observed_value
B0007,45.0,1.7803268604502753,1.8136711601557067,exponential,random_cycle_split_wrong,0.0,exponential
B0018,13.0,1.7809386125310702,1.783470722841926,last_observed_value,random_cycle_split_wrong,0.0,last_observed_value
B0018,13.0,1.7809386125310702,1.7861065855482963,exponential,random_cycle_split_wrong,0.0,exponential
B0005,85.0,1.5285252629756445,1.527914258251028,last_observed_value,random_cycle_split_wrong,0.0,last_observed_value
B0005,85.0,1.5285252629756445,1.5792328275640557,exponential,random_cycle_split_wrong,0.0,exponential
B0007,146.0,1.4368154153924828,1.4362456252208178,last_observed_value,random_cycle_split_wrong,0.0,last_observed_value
B0007,146.0,1.4368154153924828,1.421670723722002,exponential,random_cycle_split_wrong,0.0,exponential
B0018,47.0,1.6777783190792557,1.6958235570934848,last_observed_value,random_cycle_split_wrong,0.0,last_observed_value
B0018,47.0,1.6777783190792557,1.631514952997382,exponential,random_cycle_split_wrong,0.0,exponential
B0006,75.0,1.4876323024497422,1.4935201918040188,last_observed_value,random_cycle_split_wrong,0.0,last_observed_value
B0006,75.0,1.4876323024497422,1.5148971965018063,exponential,random_cycle_split_wrong,0.0,exponential
B0018,123.0,1.3701878338420928,1.3882493512249316,last_observed_value,random_cycle_split_wrong,0.0,last_observed_value
B0018,123.0,1.3701878338420928,1.3487116138963096,exponential,random_cycle_split_wrong,0.0,exponential
B0018,129.0,1.3547969729652622,1.3518646035305233,last_observed_value,random_cycle_split_wrong,0.0,last_observed_value
B0018,129.0,1.3547969729652622,1.3405351471440878,exponential,random_cycle_split_wrong,0.0,exponential
B0005,127.0,1.3752364150256224,1.3804366761974138,last_observed_value,random_cycle_split_wrong,0.0,last_observed_value
B0005,127.0,1.3752364150256224,1.3857858860355918,exponential,random_cycle_split_wrong,0.0,exponential
B0005,37.0,1.7730337158018288,1.7829230484252723,last_observed_value,random_cycle_split_wrong,0.0,last_observed_value
B0005,37.0,1.7730337158018288,1.8039533714542415,exponential,random_cycle_split_wrong,0.0,exponential
B0018,82.0,1.4286475681888218,1.4392712877203313,last_observed_value,random_cycle_split_wrong,0.0,last_observed_value
B0018,82.0,1.4286475681888218,1.4555829560221127,exponential,random_cycle_split_wrong,0.0,exponential
B0006,151.0,1.2479761706842853,1.2635402021758835,last_observed_value,random_cycle_split_wrong,0.0,last_observed_value
B0006,151.0,1.2479761706842853,1.2482606525824553,exponential,random_cycle_split_wrong,0.0,exponential
B0007,136.0,1.472248013656454,1.4720772783056488,last_observed_value,random_cycle_split_wrong,0.0,last_observed_value
B0007,136.0,1.472248013656454,1.4519118477394386,exponential,random_cycle_split_wrong,0.0,exponential
B0005,34.0,1.7993770651972192,1.80460990458052,last_observed_value,random_cycle_split_wrong,0.0,last_observed_value
B0005,34.0,1.7993770651972192,1.8123118407916081,exponential,random_cycle_split_wrong,0.0,exponential
B0007,68.0,1.6732060275966172,1.6779270142025482,last_observed_value,random_cycle_split_wrong,0.0,last_observed_value
B0007,68.0,1.6732060275966172,1.7170412151849632,exponential,random_cycle_split_wrong,0.0,exponential
B0006,38.0,1.7604712448170943,1.7710130422682329,last_observed_value,random_cycle_split_wrong,0.0,last_observed_value
B0006,38.0,1.7604712448170943,1.8006673855386808,exponential,random_cycle_split_wrong,0.0,exponential
B0005,64.0,1.6538540573335014,1.659013868748246,last_observed_value,random_cycle_split_wrong,0.0,last_observed_value
B0005,64.0,1.6538540573335014,1.702611421889742,exponential,random_cycle_split_wrong,0.0,exponential
B0007,145.0,1.4362456252208178,1.4413797481446793,last_observed_value,random_cycle_split_wrong,0.0,last_observed_value
B0007,145.0,1.4362456252208178,1.424738229884781,exponential,random_cycle_split_wrong,0.0,exponential
B0006,149.0,1.2898048773266901,1.2534354284944844,last_observed_value,random_cycle_split_wrong,0.0,last_observed_value
B0006,149.0,1.2898048773266901,1.2519546851360572,exponential,random_cycle_split_wrong,0.0,exponential
B0007,75.0,1.6362554312048496,1.6364136810898071,last_observed_value,random_cycle_split_wrong,0.0,last_observed_value
B0007,75.0,1.6362554312048496,1.6790539275989431,exponential,random_cycle_split_wrong,0.0,exponential
B0006,134.0,1.3101186784831063,1.3260128072353616,last_observed_value,random_cycle_split_wrong,0.0,last_observed_value
B0006,134.0,1.3101186784831063,1.3011907624752106,exponential,random_cycle_split_wrong,0.0,exponential
B0005,10.0,1.8142019357673917,1.8246195526864504,last_observed_value,random_cycle_split_wrong,0.0,last_observed_value
B0005,10.0,1.8142019357673917,1.8182523625396811,exponential,random_cycle_split_wrong,0.0,exponential
B0006,33.0,1.8185396073994429,1.8392508917181876,last_observed_value,random_cycle_split_wrong,0.0,last_observed_value
B0006,33.0,1.8185396073994429,1.868687652425756,exponential,random_cycle_split_wrong,0.0,exponential
B0006,35.0,1.7971018450305436,1.8134770059567056,last_observed_value,random_cycle_split_wrong,0.0,last_observed_value
B0006,35.0,1.7971018450305436,1.8476122854162773,exponential,random_cycle_split_wrong,0.0,exponential
B0007,57.0,1.7396457455286727,1.745028739214683,last_observed_value,random_cycle_split_wrong,0.0,last_observed_value
B0007,57.0,1.7396457455286727,1.773389727121753,exponential,random_cycle_split_wrong,0.0,exponential
B0007,21.0,1.8710089649779995,1.8810954313244785,last_observed_value,random_cycle_split_wrong,0.0,last_observed_value
B0007,21.0,1.8710089649779995,1.8581527702732785,exponential,random_cycle_split_wrong,0.0,exponential
B0005,162.0,1.293463613844243,1.2980735056918902,last_observed_value,random_cycle_split_wrong,0.0,last_observed_value
B0005,162.0,1.293463613844243,1.2596674310839262,exponential,random_cycle_split_wrong,0.0,exponential
B0005,12.0,1.8134404914735822,1.8137521577549054,last_observed_value,random_cycle_split_wrong,0.0,last_observed_value
B0005,12.0,1.8134404914735822,1.8112150228495096,exponential,random_cycle_split_wrong,0.0,exponential
B0007,67.0,1.6779270142025482,1.6830744356583152,last_observed_value,random_cycle_split_wrong,0.0,last_observed_value
B0007,67.0,1.6779270142025482,1.7224108230197999,exponential,random_cycle_split_wrong,0.0,exponential
B0007,106.0,1.5438771531345021,1.549897685670499,last_observed_value,random_cycle_split_wrong,0.0,last_observed_value
B0007,106.0,1.5438771531345021,1.549784345067792,exponential,random_cycle_split_wrong,0.0,exponential
B0006,137.0,1.300235735841116,1.3004061951355774,last_observed_value,random_cycle_split_wrong,0.0,last_observed_value
B0006,137.0,1.300235735841116,1.2923712611579319,exponential,random_cycle_split_wrong,0.0,exponential
B0005,50.0,1.7468706179837907,1.7570177850353066,last_observed_value,random_cycle_split_wrong,0.0,last_observed_value
B0005,50.0,1.7468706179837907,1.764387906902357,exponential,random_cycle_split_wrong,0.0,exponential
B0006,105.0,1.4097311506517451,1.415015751158943,last_observed_value,random_cycle_split_wrong,0.0,last_observed_value
B0006,105.0,1.4097311506517451,1.385532394651049,exponential,random_cycle_split_wrong,0.0,exponential
B0005,31.0,1.8199041089501267,1.8307038456739428,last_observed_value,random_cycle_split_wrong,0.0,last_observed_value
B0005,31.0,1.8199041089501267,1.8151017008126757,exponential,random_cycle_split_wrong,0.0,exponential
B0018,41.0,1.6164159719025777,1.63238299185809,last_observed_value,random_cycle_split_wrong,0.0,last_observed_value
B0018,41.0,1.6164159719025777,1.6159543134454584,exponential,random_cycle_split_wrong,0.0,exponential
B0007,137.0,1.4670106672274665,1.472248013656454,last_observed_value,random_cycle_split_wrong,0.0,last_observed_value
B0007,137.0,1.4670106672274665,1.449028595562595,exponential,random_cycle_split_wrong,0.0,exponential
B0005,101.0,1.4859035988304024,1.4752095869031632,last_observed_value,random_cycle_split_wrong,0.0,last_observed_value
B0005,101.0,1.4859035988304024,1.5029227244190224,exponential,random_cycle_split_wrong,0.0,exponential
B0005,78.0,1.5649019950937946,1.5747301747801037,last_observed_value,random_cycle_split_wrong,0.0,last_observed_value
B0005,78.0,1.5649019950937946,1.6211423310517148,exponential,random_cycle_split_wrong,0.0,exponential
B0018,65.0,1.5222595950771978,1.5316232403693415,last_observed_value,random_cycle_split_wrong,0.0,last_observed_value
B0018,65.0,1.5222595950771978,1.5745336428202352,exponential,random_cycle_split_wrong,0.0,exponential
B0007,124.0,1.4978220596995881,1.5031960676037333,last_observed_value,random_cycle_split_wrong,0.0,last_observed_value
B0007,124.0,1.4978220596995881,1.4889861287119857,exponential,random_cycle_split_wrong,0.0,exponential
B0005,66.0,1.6378578430223698,1.642653782130131,last_observed_value,random_cycle_split_wrong,0.0,last_observed_value
B0005,66.0,1.6378578430223698,1.6914097579776808,exponential,random_cycle_split_wrong,0.0,exponential
B0007,142.0,1.4468161332173683,1.451615926257375,last_observed_value,random_cycle_split_wrong,0.0,last_observed_value
B0007,142.0,1.4468161332173683,1.4338466737458475,exponential,random_cycle_split_wrong,0.0,exponential
B0006,76.0,1.5302876214401704,1.4876323024497422,last_observed_value,random_cycle_split_wrong,0.0,last_observed_value
B0006,76.0,1.5302876214401704,1.506513966600778,exponential,random_cycle_split_wrong,0.0,exponential
B0005,92.0,1.5269528268489705,1.5323755631868592,last_observed_value,random_cycle_split_wrong,0.0,last_observed_value
B0005,92.0,1.5269528268489705,1.5474819158821447,exponential,random_cycle_split_wrong,0.0,exponential
B0007,12.0,1.8590084577709232,1.8590746560862206,last_observed_value,random_cycle_split_wrong,0.0,last_observed_value
B0007,12.0,1.8590084577709232,1.8606300636467097,exponential,random_cycle_split_wrong,0.0,exponential
B0018,77.0,1.4580923557119019,1.46801928526661,last_observed_value,random_cycle_split_wrong,0.0,last_observed_value
B0018,77.0,1.4580923557119019,1.4847795389192697,exponential,random_cycle_split_wrong,0.0,exponential
B0005,101.0,1.4859035988304024,1.4752095869031632,last_observed_value,random_cycle_split_wrong,1.0,last_observed_value
B0005,101.0,1.4859035988304024,1.5029227244190224,exponential,random_cycle_split_wrong,1.0,exponential
B0018,74.0,1.4807376792294196,1.483323851940123,last_observed_value,random_cycle_split_wrong,1.0,last_observed_value
B0018,74.0,1.4807376792294196,1.5048369824808339,exponential,random_cycle_split_wrong,1.0,exponential
B0007,73.0,1.6472174627573322,1.652538684928734,last_observed_value,random_cycle_split_wrong,1.0,last_observed_value
B0007,73.0,1.6472174627573322,1.6901275188681666,exponential,random_cycle_split_wrong,1.0,exponential
B0007,107.0,1.5450187488690073,1.5438771531345021,last_observed_value,random_cycle_split_wrong,1.0,last_observed_value
B0007,107.0,1.5450187488690073,1.5459911063444451,exponential,random_cycle_split_wrong,1.0,exponential
B0006,56.0,1.651121015038069,1.6607591387047655,last_observed_value,random_cycle_split_wrong,1.0,last_observed_value
B0006,56.0,1.651121015038069,1.682981040469258,exponential,random_cycle_split_wrong,1.0,exponential
B0018,30.0,1.6769770618433686,1.6819027078768087,last_observed_value,random_cycle_split_wrong,1.0,last_observed_value
B0018,30.0,1.6769770618433686,1.682513320826077,exponential,random_cycle_split_wrong,1.0,exponential
B0006,134.0,1.3101186784831063,1.3260128072353616,last_observed_value,random_cycle_split_wrong,1.0,last_observed_value
B0006,134.0,1.3101186784831063,1.3011907624752106,exponential,random_cycle_split_wrong,1.0,exponential
B0005,41.0,1.7676172924938447,1.7623150704093087,last_observed_value,random_cycle_split_wrong,1.0,last_observed_value
B0005,41.0,1.7676172924938447,1.7884213515635565,exponential,random_cycle_split_wrong,1.0,exponential
B0005,47.0,1.7831890223273275,1.7936240148573608,last_observed_value,random_cycle_split_wrong,1.0,last_observed_value
B0005,47.0,1.7831890223273275,1.768845307094125,exponential,random_cycle_split_wrong,1.0,exponential
B0006,95.0,1.4518364681062514,1.4627604396099307,last_observed_value,random_cycle_split_wrong,1.0,last_observed_value
B0006,95.0,1.4518364681062514,1.4147922510495732,exponential,random_cycle_split_wrong,1.0,exponential
B0018,99.0,1.384901110085747,1.3785651415666713,last_observed_value,random_cycle_split_wrong,1.0,last_observed_value
B0018,99.0,1.384901110085747,1.3779115039469616,exponential,random_cycle_split_wrong,1.0,exponential
B0018,18.0,1.7376647337053737,1.7462197416415093,last_observed_value,random_cycle_split_wrong,1.0,last_observed_value
B0018,18.0,1.7376647337053737,1.751290407244312,exponential,random_cycle_split_wrong,1.0,exponential
B0018,35.0,1.6276486907262062,1.6387701497987262,last_observed_value,random_cycle_split_wrong,1.0,last_observed_value
B0018,35.0,1.6276486907262062,1.6468460888025902,exponential,random_cycle_split_wrong,1.0,exponential
B0005,69.0,1.622125485521159,1.6277528915533617,last_observed_value,random_cycle_split_wrong,1.0,last_observed_value
B0005,69.0,1.622125485521159,1.6742087880386407,exponential,random_cycle_split_wrong,1.0,exponential
B0006,151.0,1.2479761706842853,1.2635402021758835,last_observed_value,random_cycle_split_wrong,1.0,last_observed_value
B0006,151.0,1.2479761706842853,1.2482606525824553,exponential,random_cycle_split_wrong,1.0,exponential
B0018,116.0,1.3647168898640165,1.3761826562394497,last_observed_value,random_cycle_split_wrong,1.0,last_observed_value
B0018,116.0,1.3647168898640165,1.3552074681702933,exponential,random_cycle_split_wrong,1.0,exponential
B0018,128.0,1.3518646035305233,1.3634051133928073,last_observed_value,random_cycle_split_wrong,1.0,last_observed_value
B0018,128.0,1.3518646035305233,1.3424059040366592,exponential,random_cycle_split_wrong,1.0,exponential
B0005,23.0,1.8255815042203762,1.8251136435078368,last_observed_value,random_cycle_split_wrong,1.0,last_observed_value
B0005,23.0,1.8255815042203762,1.814543365495254,exponential,random_cycle_split_wrong,1.0,exponential
B0018,48.0,1.6606586897774192,1.6777783190792557,last_observed_value,random_cycle_split_wrong,1.0,last_observed_value
B0018,48.0,1.6606586897774192,1.6345404828306276,exponential,random_cycle_split_wrong,1.0,exponential
B0005,13.0,1.8025980036306504,1.8134404914735822,last_observed_value,random_cycle_split_wrong,1.0,last_observed_value
B0005,13.0,1.8025980036306504,1.8089852482111866,exponential,random_cycle_split_wrong,1.0,exponential
B0007,76.0,1.641119179218384,1.6362554312048496,last_observed_value,random_cycle_split_wrong,1.0,last_observed_value
B0007,76.0,1.641119179218384,1.6736371381941808,exponential,random_cycle_split_wrong,1.0,exponential
B0005,66.0,1.6378578430223698,1.642653782130131,last_observed_value,random_cycle_split_wrong,1.0,last_observed_value
B0005,66.0,1.6378578430223698,1.6914097579776808,exponential,random_cycle_split_wrong,1.0,exponential
B0005,132.0,1.3861115151535393,1.375392016895762,last_observed_value,random_cycle_split_wrong,1.0,last_observed_value
B0005,132.0,1.3861115151535393,1.3645734403030474,exponential,random_cycle_split_wrong,1.0,exponential
B0018,23.0,1.7492382064360228,1.7075021373272627,last_observed_value,random_cycle_split_wrong,1.0,last_observed_value
B0018,23.0,1.7492382064360228,1.708601787823227,exponential,random_cycle_split_wrong,1.0,exponential
B0007,40.0,1.8060548955557403,1.8116056333939583,last_observed_value,random_cycle_split_wrong,1.0,last_observed_value
B0007,40.0,1.8060548955557403,1.8316516425470297,exponential,random_cycle_split_wrong,1.0,exponential
B0007,145.0,1.4362456252208178,1.4413797481446793,last_observed_value,random_cycle_split_wrong,1.0,last_observed_value
B0007,145.0,1.4362456252208178,1.424738229884781,exponential,random_cycle_split_wrong,1.0,exponential
B0018,20.0,1.7085949894470602,1.7315166735475835,last_observed_value,random_cycle_split_wrong,1.0,last_observed_value
B0018,20.0,1.7085949894470602,1.7353068964497425,exponential,random_cycle_split_wrong,1.0,exponential
B0007,93.0,1.5904102438871945,1.5949746921524348,last_observed_value,random_cycle_split_wrong,1.0,last_observed_value
B0007,93.0,1.5904102438871945,1.5989849779027736,exponential,random_cycle_split_wrong,1.0,exponential
B0018,98.0,1.3785651415666713,1.3893644292809475,last_observed_value,random_cycle_split_wrong,1.0,last_observed_value
B0018,98.0,1.3785651415666713,1.3827294773923882,exponential,random_cycle_split_wrong,1.0,exponential
B0018,27.0,1.699267835126687,1.711846298984729,last_observed_value,random_cycle_split_wrong,1.0,last_observed_value
B0018,27.0,1.699267835126687,1.7008632018140268,exponential,random_cycle_split_wrong,1.0,exponential
B0018,126.0,1.3627371779096438,1.3686586323935683,last_observed_value,random_cycle_split_wrong,1.0,last_observed_value
B0018,126.0,1.3627371779096438,1.3452755158681642,exponential,random_cycle_split_wrong,1.0,exponential
B0006,40.0,1.7394925037732578,1.7502913788006587,last_observed_value,random_cycle_split_wrong,1.0,last_observed_value
B0006,40.0,1.7394925037732578,1.7813244679132367,exponential,random_cycle_split_wrong,1.0,exponential
B0005,119.0,1.4382550176792908,1.4333920485221476,last_observed_value,random_cycle_split_wrong,1.0,last_observed_value
B0005,119.0,1.4382550176792908,1.4187994787871503,exponential,random_cycle_split_wrong,1.0,exponential
B0018,6.0,1.8151700106433282,1.8212011895697924,last_observed_value,random_cycle_split_wrong,1.0,last_observed_value
B0018,6.0,1.8151700106433282,1.8161790006086846,exponential,random_cycle_split_wrong,1.0,exponential
B0005,59.0,1.6849029086609286,1.6945798601797895,last_observed_value,random_cycle_split_wrong,1.0,last_observed_value
B0005,59.0,1.6849029086609286,1.7288505981512117,exponential,random_cycle_split_wrong,1.0,exponential
B0006,75.0,1.4876323024497422,1.4935201918040188,last_observed_value,random_cycle_split_wrong,1.0,last_observed_value
B0006,75.0,1.4876323024497422,1.5148971965018063,exponential,random_cycle_split_wrong,1.0,exponential
B0005,111.0,1.4333958900838095,1.433445432156979,last_observed_value,random_cycle_split_wrong,1.0,last_observed_value
B0005,111.0,1.4333958900838095,1.4560311044610899,exponential,random_cycle_split_wrong,1.0,exponential
B0007,98.0,1.5702565375950357,1.569798484648868,last_observed_value,random_cycle_split_wrong,1.0,last_observed_value
B0007,98.0,1.5702565375950357,1.579037211761488,exponential,random_cycle_split_wrong,1.0,exponential
B0018,113.0,1.3860271454209647,1.390046129540245,last_observed_value,random_cycle_split_wrong,1.0,last_observed_value
B0018,113.0,1.3860271454209647,1.3598536763217357,exponential,random_cycle_split_wrong,1.0,exponential
B0007,16.0,1.8485252916137047,1.847817291322145,last_observed_value,random_cycle_split_wrong,1.0,last_observed_value
B0007,16.0,1.8485252916137047,1.8509588811473492,exponential,random_cycle_split_wrong,1.0,exponential
B0006,107.0,1.395164296571563,1.404917318129309,last_observed_value,random_cycle_split_wrong,1.0,last_observed_value
B0006,107.0,1.395164296571563,1.3790960891788764,exponential,random_cycle_split_wrong,1.0,exponential
B0007,160.0,1.4108401729425177,1.4165781829175994,last_observed_value,random_cycle_split_wrong,1.0,last_observed_value
B0007,160.0,1.4108401729425177,1.39580534806654,exponential,random_cycle_split_wrong,1.0,exponential
B0007,62.0,1.7036521173638766,1.7139701997004613,last_observed_value,random_cycle_split_wrong,1.0,last_observed_value
B0007,62.0,1.7036521173638766,1.7488197736256552,exponential,random_cycle_split_wrong,1.0,exponential
B0005,165.0,1.3090153642307354,1.2874525221379407,last_observed_value,random_cycle_split_wrong,1.0,last_observed_value
B0005,165.0,1.3090153642307354,1.250414817689375,exponential,random_cycle_split_wrong,1.0,exponential
B0007,95.0,1.5799737147242376,1.5853517062988178,last_observed_value,random_cycle_split_wrong,1.0,last_observed_value
B0007,95.0,1.5799737147242376,1.59115983558695,exponential,random_cycle_split_wrong,1.0,exponential
B0005,34.0,1.7993770651972192,1.80460990458052,last_observed_value,random_cycle_split_wrong,1.0,last_observed_value
B0005,34.0,1.7993770651972192,1.8123118407916081,exponential,random_cycle_split_wrong,1.0,exponential
B0006,33.0,1.8185396073994429,1.8392508917181876,last_observed_value,random_cycle_split_wrong,1.0,last_observed_value
B0006,33.0,1.8185396073994429,1.868687652425756,exponential,random_cycle_split_wrong,1.0,exponential
B0006,14.0,1.8891989948061458,1.9010667141979305,last_observed_value,random_cycle_split_wrong,1.0,last_observed_value
B0006,14.0,1.8891989948061458,1.8976929863098349,exponential,random_cycle_split_wrong,1.0,exponential
B0018,117.0,1.3589854739373584,1.3647168898640165,last_observed_value,random_cycle_split_wrong,1.0,last_observed_value
B0018,117.0,1.3589854739373584,1.3527401521426112,exponential,random_cycle_split_wrong,1.0,exponential
B0018,1.0,1.8396018424355423,1.8431955317089987,last_observed_value,random_cycle_split_wrong,1.0,last_observed_value
B0018,1.0,1.8396018424355423,1.8431955317089987,exponential,random_cycle_split_wrong,1.0,fallback_last_observed
B0018,86.0,1.442834198908794,1.4525819651050202,last_observed_value,random_cycle_split_wrong,1.0,last_observed_value
B0018,86.0,1.442834198908794,1.4361513817417517,exponential,random_cycle_split_wrong,1.0,exponential
B0005,159.0,1.3034100438655642,1.3033573559038205,last_observed_value,random_cycle_split_wrong,1.0,last_observed_value
B0005,159.0,1.3034100438655642,1.268931477635988,exponential,random_cycle_split_wrong,1.0,exponential
B0006,137.0,1.300235735841116,1.3004061951355774,last_observed_value,random_cycle_split_wrong,1.0,last_observed_value
B0006,137.0,1.300235735841116,1.2923712611579319,exponential,random_cycle_split_wrong,1.0,exponential
B0005,88.0,1.605818899130659,1.5174859938489869,last_observed_value,random_cycle_split_wrong,1.0,last_observed_value
B0005,88.0,1.605818899130659,1.5613708061550824,exponential,random_cycle_split_wrong,1.0,exponential
B0005,107.0,1.455023751906683,1.4541462067235693,last_observed_value,random_cycle_split_wrong,1.0,last_observed_value
B0005,107.0,1.455023751906683,1.4753533083053298,exponential,random_cycle_split_wrong,1.0,exponential
B0006,34.0,1.8134770059567056,1.8185396073994429,last_observed_value,random_cycle_split_wrong,1.0,last_observed_value
B0006,34.0,1.8134770059567056,1.8584036519135467,exponential,random_cycle_split_wrong,1.0,exponential
B0018,43.0,1.5954638693695657,1.6109028378249377,last_observed_value,random_cycle_split_wrong,1.0,last_observed_value
B0018,43.0,1.5954638693695657,1.6049863061118508,exponential,random_cycle_split_wrong,1.0,exponential
B0007,26.0,1.8591653109160768,1.860033909718346,last_observed_value,random_cycle_split_wrong,1.0,last_observed_value
B0007,26.0,1.8591653109160768,1.859384330018088,exponential,random_cycle_split_wrong,1.0,exponential
B0007,166.0,1.4324552720625434,1.4217865046055154,last_observed_value,random_cycle_split_wrong,1.0,last_observed_value
B0007,166.0,1.4324552720625434,1.3839351135109395,exponential,random_cycle_split_wrong,1.0,exponential
B0005,0.0,1.846327249719927,1.8564874208181574,last_observed_value,random_cycle_split_wrong,1.0,last_observed_value
B0005,0.0,1.846327249719927,1.8564874208181574,exponential,random_cycle_split_wrong,1.0,fallback_last_observed
B0018,109.0,1.413889163393182,1.4147874517552432,last_observed_value,random_cycle_split_wrong,1.0,last_observed_value
B0018,109.0,1.413889163393182,1.3633775415788816,exponential,random_cycle_split_wrong,1.0,exponential
B0018,93.0,1.405680035419228,1.4155606630306516,last_observed_value,random_cycle_split_wrong,1.0,last_observed_value
B0018,93.0,1.405680035419228,1.4054445928445602,exponential,random_cycle_split_wrong,1.0,exponential
B0018,3.0,1.8327002069419656,1.8306736044962053,last_observed_value,random_cycle_split_wrong,1.0,last_observed_value
B0018,3.0,1.8327002069419656,1.8229696140583371,exponential,random_cycle_split_wrong,1.0,exponential
B0006,88.0,1.5935866593100128,1.4416741930284678,last_observed_value,random_cycle_split_wrong,1.0,last_observed_value
B0006,88.0,1.5935866593100128,1.4243546862398944,exponential,random_cycle_split_wrong,1.0,exponential
B0007,31.0,1.852085039652352,1.8628211117905844,last_observed_value,random_cycle_split_wrong,1.0,last_observed_value
B0007,31.0,1.852085039652352,1.857518367149872,exponential,random_cycle_split_wrong,1.0,exponential
B0006,57.0,1.6401349256190927,1.651121015038069,last_observed_value,random_cycle_split_wrong,1.0,last_observed_value
B0006,57.0,1.6401349256190927,1.6748147346125961,exponential,random_cycle_split_wrong,1.0,exponential
B0018,51.0,1.6257639928779952,1.6468336174407805,last_observed_value,random_cycle_split_wrong,1.0,last_observed_value
B0018,51.0,1.6257639928779952,1.6359848989921406,exponential,random_cycle_split_wrong,1.0,exponential
B0005,92.0,1.5269528268489705,1.5323755631868592,last_observed_value,random_cycle_split_wrong,1.0,last_observed_value
B0005,92.0,1.5269528268489705,1.5474819158821447,exponential,random_cycle_split_wrong,1.0,exponential
B0006,100.0,1.420487649966195,1.4260247179525716,last_observed_value,random_cycle_split_wrong,1.0,last_observed_value
B0006,100.0,1.420487649966195,1.3986260723894328,exponential,random_cycle_split_wrong,1.0,exponential
B0006,83.0,1.4516292657521335,1.4675164935067897,last_observed_value,random_cycle_split_wrong,1.0,last_observed_value
B0006,83.0,1.4516292657521335,1.458491235388692,exponential,random_cycle_split_wrong,1.0,exponential
B0007,106.0,1.5438771531345021,1.549897685670499,last_observed_value,random_cycle_split_wrong,1.0,last_observed_value
B0007,106.0,1.5438771531345021,1.549784345067792,exponential,random_cycle_split_wrong,1.0,exponential
B0005,85.0,1.5285252629756445,1.527914258251028,last_observed_value,random_cycle_split_wrong,1.0,last_observed_value
B0005,85.0,1.5285252629756445,1.5792328275640557,exponential,random_cycle_split_wrong,1.0,exponential
B0005,82.0,1.5488741079890418,1.55468935359061,last_observed_value,random_cycle_split_wrong,1.0,last_observed_value
B0005,82.0,1.5488741079890418,1.5973302629779482,exponential,random_cycle_split_wrong,1.0,exponential
B0005,65.0,1.642653782130131,1.6538540573335014,last_observed_value,random_cycle_split_wrong,1.0,last_observed_value
B0005,65.0,1.642653782130131,1.6971937406917732,exponential,random_cycle_split_wrong,1.0,exponential
B0005,11.0,1.8137521577549054,1.8142019357673917,last_observed_value,random_cycle_split_wrong,1.0,last_observed_value
B0005,11.0,1.8137521577549054,1.8142064217787066,exponential,random_cycle_split_wrong,1.0,exponential
B0018,69.0,1.5334262000312422,1.4963534117486457,last_observed_value,random_cycle_split_wrong,1.0,last_observed_value
B0018,69.0,1.5334262000312422,1.5360776614862335,exponential,random_cycle_split_wrong,1.0,exponential
B0006,80.0,1.478459982215684,1.4782779285546637,last_observed_value,random_cycle_split_wrong,1.0,last_observed_value
B0006,80.0,1.478459982215684,1.4793256359093903,exponential,random_cycle_split_wrong,1.0,exponential
B0006,156.0,1.2056159765131735,1.211102678915174,last_observed_value,random_cycle_split_wrong,1.0,last_observed_value
B0006,156.0,1.2056159765131735,1.2307482786611026,exponential,random_cycle_split_wrong,1.0,exponential
B0007,12.0,1.8590084577709232,1.8590746560862206,last_observed_value,random_cycle_split_wrong,1.0,last_observed_value
B0007,12.0,1.8590084577709232,1.8606300636467097,exponential,random_cycle_split_wrong,1.0,exponential
B0018,45.0,1.7165673917429753,1.726707440085764,last_observed_value,random_cycle_split_wrong,1.0,last_observed_value
B0018,45.0,1.7165673917429753,1.614420453323795,exponential,random_cycle_split_wrong,1.0,exponential
B0018,28.0,1.6940366439243106,1.699267835126687,last_observed_value,random_cycle_split_wrong,1.0,last_observed_value
B0018,28.0,1.6940366439243106,1.6932578860074727,exponential,random_cycle_split_wrong,1.0,exponential
B0006,116.0,1.3580966140172601,1.3633024037317505,last_observed_value,random_cycle_split_wrong,1.0,last_observed_value
B0006,116.0,1.3580966140172601,1.3472837445535895,exponential,random_cycle_split_wrong,1.0,exponential
B0018,21.0,1.711469957068211,1.7085949894470602,last_observed_value,random_cycle_split_wrong,1.0,last_observed_value
B0018,21.0,1.711469957068211,1.7246794859147485,exponential,random_cycle_split_wrong,1.0,exponential
B0006,12.0,1.911889930948487,1.9232799539368028,last_observed_value,random_cycle_split_wrong,1.0,last_observed_value
B0006,12.0,1.911889930948487,1.9212239756496388,exponential,random_cycle_split_wrong,1.0,exponential
B0018,77.0,1.4580923557119019,1.46801928526661,last_observed_value,random_cycle_split_wrong,1.0,last_observed_value
B0018,77.0,1.4580923557119019,1.4847795389192697,exponential,random_cycle_split_wrong,1.0,exponential
B0006,106.0,1.404917318129309,1.4097311506517451,last_observed_value,random_cycle_split_wrong,1.0,last_observed_value
B0006,106.0,1.404917318129309,1.3823448506527602,exponential,random_cycle_split_wrong,1.0,exponential
B0005,49.0,1.7570177850353066,1.7673642076278957,last_observed_value,random_cycle_split_wrong,1.0,last_observed_value
B0005,49.0,1.7570177850353066,1.7667329969916068,exponential,random_cycle_split_wrong,1.0,exponential
B0006,101.0,1.4207006230355006,1.420487649966195,last_observed_value,random_cycle_split_wrong,1.0,last_observed_value
B0006,101.0,1.4207006230355006,1.394885972108054,exponential,random_cycle_split_wrong,1.0,exponential
B0006,18.0,1.979626548250818,1.8675892574453767,last_observed_value,random_cycle_split_wrong,1.0,last_observed_value
B0006,18.0,1.979626548250818,1.8536650177102274,exponential,random_cycle_split_wrong,1.0,exponential
B0006,5.0,2.013101105626967,2.0138990759931645,last_observed_value,random_cycle_split_wrong,1.0,last_observed_value
B0006,5.0,2.013101105626967,2.0071310767196233,exponential,random_cycle_split_wrong,1.0,exponential
B0007,149.0,1.4672063484781797,1.4418575315878015,last_observed_value,random_cycle_split_wrong,1.0,last_observed_value
B0007,149.0,1.4672063484781797,1.4145527504446083,exponential,random_cycle_split_wrong,1.0,exponential
B0007,3.0,1.8794508728285058,1.8807709009833444,last_observed_value,random_cycle_split_wrong,1.0,last_observed_value
B0007,3.0,1.8794508728285058,1.8755753716497097,exponential,random_cycle_split_wrong,1.0,exponential
B0007,87.0,1.5906507821480704,1.5958065114633972,last_observed_value,random_cycle_split_wrong,1.0,last_observed_value
B0007,87.0,1.5906507821480704,1.617597725381529,exponential,random_cycle_split_wrong,1.0,exponential
B0006,90.0,1.51470559175661,1.5463902376915637,last_observed_value,random_cycle_split_wrong,1.0,last_observed_value
B0006,90.0,1.51470559175661,1.4234246938633532,exponential,random_cycle_split_wrong,1.0,exponential
B0005,135.0,1.3543220466259964,1.3647827949260758,last_observed_value,random_cycle_split_wrong,1.0,last_observed_value
B0005,135.0,1.3543220466259964,1.3534989914273865,exponential,random_cycle_split_wrong,1.0,exponential
B0007,101.0,1.5649820533392105,1.559633933561147,last_observed_value,random_cycle_split_wrong,1.0,last_observed_value
B0007,101.0,1.5649820533392105,1.5671375122781228,exponential,random_cycle_split_wrong,1.0,exponential
B0005,148.0,1.323872422244268,1.318293040102702,last_observed_value,random_cycle_split_wrong,1.0,last_observed_value
B0005,148.0,1.323872422244268,1.303230542356232,exponential,random_cycle_split_wrong,1.0,exponential
B0018,75.0,1.4735077809902477,1.4807376792294196,last_observed_value,random_cycle_split_wrong,1.0,last_observed_value
B0018,75.0,1.4735077809902477,1.4974437667004592,exponential,random_cycle_split_wrong,1.0,exponential
B0007,7.0,1.8696907870385844,1.8815088124038797,last_observed_value,random_cycle_split_wrong,1.0,last_observed_value
B0007,7.0,1.8696907870385844,1.8780085421219752,exponential,random_cycle_split_wrong,1.0,exponential
B0006,162.0,1.15381833159625,1.1745952836753915,last_observed_value,random_cycle_split_wrong,1.0,last_observed_value
B0006,162.0,1.15381833159625,1.2054262933240307,exponential,random_cycle_split_wrong,1.0,exponential
B0007,77.0,1.6315700789656966,1.641119179218384,last_observed_value,random_cycle_split_wrong,1.0,last_observed_value
B0007,77.0,1.6315700789656966,1.668730525989531,exponential,random_cycle_split_wrong,1.0,exponential
B0005,62.0,1.663716375981405,1.6745692479879102,last_observed_value,random_cycle_split_wrong,1.0,last_observed_value
B0005,62.0,1.663716375981405,1.7134489516994336,exponential,random_cycle_split_wrong,1.0,exponential
B0006,161.0,1.1745952836753915,1.1796706818144624,last_observed_value,random_cycle_split_wrong,1.0,last_observed_value
B0006,161.0,1.1745952836753915,1.2098279736195234,exponential,random_cycle_split_wrong,1.0,exponential
B0007,37.0,1.816506091511515,1.8211470951317783,last_observed_value,random_cycle_split_wrong,1.0,last_observed_value
B0007,37.0,1.816506091511515,1.8428907881794174,exponential,random_cycle_split_wrong,1.0,exponential
B0007,30.0,1.8628211117905844,1.8834677437950846,last_observed_value,random_cycle_split_wrong,1.0,last_observed_value
B0007,30.0,1.8628211117905844,1.8575344658370199,exponential,random_cycle_split_wrong,1.0,exponential
B0018,16.0,1.7536304801917124,1.7686303996707076,last_observed_value,random_cycle_split_wrong,1.0,last_observed_value
B0018,16.0,1.7536304801917124,1.7672612861981918,exponential,random_cycle_split_wrong,1.0,exponential
B0018,62.0,1.5402045278637397,1.555618272193922,last_observed_value,random_cycle_split_wrong,1.0,last_observed_value
B0018,62.0,1.5402045278637397,1.5988217427101958,exponential,random_cycle_split_wrong,1.0,exponential
B0018,0.0,1.8431955317089987,1.8550045207910817,last_observed_value,random_cycle_split_wrong,1.0,last_observed_value
B0018,0.0,1.8431955317089987,1.8550045207910817,exponential,random_cycle_split_wrong,1.0,fallback_last_observed
B0018,119.0,1.4268427818454643,1.3462308764008801,last_observed_value,random_cycle_split_wrong,1.0,last_observed_value
B0018,119.0,1.4268427818454643,1.3468387222732434,exponential,random_cycle_split_wrong,1.0,exponential
B0007,18.0,1.8807805437609766,1.848378951850034,last_observed_value,random_cycle_split_wrong,1.0,last_observed_value
B0007,18.0,1.8807805437609766,1.8459487516692974,exponential,random_cycle_split_wrong,1.0,exponential
B0005,17.0,1.8027776247196041,1.8030683142834096,last_observed_value,random_cycle_split_wrong,1.0,last_observed_value
B0005,17.0,1.8027776247196041,1.796375109964373,exponential,random_cycle_split_wrong,1.0,exponential
B0006,20.0,1.9458150170787551,1.9575499080884022,last_observed_value,random_cycle_split_wrong,1.0,last_observed_value
B0006,20.0,1.9458150170787551,1.8970133333489003,exponential,random_cycle_split_wrong,1.0,exponential
B0006,122.0,1.3573151296618016,1.3682657783199066,last_observed_value,random_cycle_split_wrong,1.0,last_observed_value
B0006,122.0,1.3573151296618016,1.3346720856506624,exponential,random_cycle_split_wrong,1.0,exponential
B0005,60.0,1.6744741591159717,1.6849029086609286,last_observed_value,random_cycle_split_wrong,1.0,last_observed_value
B0005,60.0,1.6744741591159717,1.723859590646839,exponential,random_cycle_split_wrong,1.0,exponential
B0006,93.0,1.4729664825468278,1.4831110745410492,last_observed_value,random_cycle_split_wrong,1.0,last_observed_value
B0006,93.0,1.4729664825468278,1.4186249658829295,exponential,random_cycle_split_wrong,1.0,exponential
B0005,90.0,1.5480915247767786,1.5638491446744425,last_observed_value,random_cycle_split_wrong,1.0,last_observed_value
B0005,90.0,1.5480915247767786,1.5560943613054405,exponential,random_cycle_split_wrong,1.0,exponential
B0018,123.0,1.3701878338420928,1.3882493512249316,last_observed_value,random_cycle_split_wrong,1.0,last_observed_value
B0018,123.0,1.3701878338420928,1.3487116138963096,exponential,random_cycle_split_wrong,1.0,exponential
B0018,25.0,1.7222313328292376,1.7327697147429955,last_observed_value,random_cycle_split_wrong,1.0,last_observed_value
B0018,25.0,1.7222313328292376,1.7065421391170048,exponential,random_cycle_split_wrong,1.0,exponential
B0018,58.0,1.5866011820698824,1.5920964324686278,last_observed_value,random_cycle_split_wrong,1.0,last_observed_value
B0018,58.0,1.5866011820698824,1.6210617397478573,exponential,random_cycle_split_wrong,1.0,exponential
B0018,83.0,1.4249026750004896,1.4286475681888218,last_observed_value,random_cycle_split_wrong,1.0,last_observed_value
B0018,83.0,1.4249026750004896,1.4496260587300185,exponential,random_cycle_split_wrong,1.0,exponential
B0007,154.0,1.4318084249673686,1.431630947911111,last_observed_value,random_cycle_split_wrong,1.0,last_observed_value
B0007,154.0,1.4318084249673686,1.407899075467898,exponential,random_cycle_split_wrong,1.0,exponential
B0005,160.0,1.2978870806495706,1.3034100438655642,last_observed_value,random_cycle_split_wrong,1.0,last_observed_value
B0005,160.0,1.2978870806495706,1.265856707402918,exponential,random_cycle_split_wrong,1.0,exponential
B0005,120.0,1.4173547174485526,1.4382550176792908,last_observed_value,random_cycle_split_wrong,1.0,last_observed_value
B0005,120.0,1.4173547174485526,1.415393388278062,exponential,random_cycle_split_wrong,1.0,exponential
B0005,29.0,1.8518025516704486,1.804077040117352,last_observed_value,random_cycle_split_wrong,1.0,last_observed_value
B0005,29.0,1.8518025516704486,1.8089888793931124,exponential,random_cycle_split_wrong,1.0,exponential
B0007,1.0,1.8806626717011388,1.880637027686859,last_observed_value,random_cycle_split_wrong,1.0,last_observed_value
B0007,1.0,1.8806626717011388,1.880637027686859,exponential,random_cycle_split_wrong,1.0,fallback_last_observed
B0006,110.0,1.3838379472327809,1.3893171179312644,last_observed_value,random_cycle_split_wrong,1.0,last_observed_value
B0006,110.0,1.3838379472327809,1.3685801952420205,exponential,random_cycle_split_wrong,1.0,exponential
B0006,118.0,1.3841605738237488,1.353269090999531,last_observed_value,random_cycle_split_wrong,1.0,last_observed_value
B0006,118.0,1.3841605738237488,1.3400197812511687,exponential,random_cycle_split_wrong,1.0,exponential
B0007,43.0,1.7958310249900458,1.8062641938283535,last_observed_value,random_cycle_split_wrong,2.0,last_observed_value
B0007,43.0,1.7958310249900458,1.8219126373140284,exponential,random_cycle_split_wrong,2.0,exponential
B0018,100.0,1.3703251814242443,1.384901110085747,last_observed_value,random_cycle_split_wrong,2.0,last_observed_value
B0018,100.0,1.3703251814242443,1.373554610722067,exponential,random_cycle_split_wrong,2.0,exponential
B0005,107.0,1.455023751906683,1.4541462067235693,last_observed_value,random_cycle_split_wrong,2.0,last_observed_value
B0005,107.0,1.455023751906683,1.4753533083053298,exponential,random_cycle_split_wrong,2.0,exponential
B0007,150.0,1.4518640367848885,1.4672063484781797,last_observed_value,random_cycle_split_wrong,2.0,last_observed_value
B0007,150.0,1.4518640367848885,1.4140966852052737,exponential,random_cycle_split_wrong,2.0,exponential
B0006,84.0,1.4519237720967177,1.4516292657521335,last_observed_value,random_cycle_split_wrong,2.0,last_observed_value
B0006,84.0,1.4519237720967177,1.4511912481502804,exponential,random_cycle_split_wrong,2.0,exponential
B0007,64.0,1.6935716157343033,1.7040137474382486,last_observed_value,random_cycle_split_wrong,2.0,last_observed_value
B0007,64.0,1.6935716157343033,1.7385124260599696,exponential,random_cycle_split_wrong,2.0,exponential
B0006,42.0,1.7659390941842175,1.7546766553637203,last_observed_value,random_cycle_split_wrong,2.0,last_observed_value
B0006,42.0,1.7659390941842175,1.76391312690032,exponential,random_cycle_split_wrong,2.0,exponential
B0018,40.0,1.63238299185809,1.649300642552199,last_observed_value,random_cycle_split_wrong,2.0,last_observed_value
B0018,40.0,1.63238299185809,1.6194327167505378,exponential,random_cycle_split_wrong,2.0,exponential
B0006,83.0,1.4516292657521335,1.4675164935067897,last_observed_value,random_cycle_split_wrong,2.0,last_observed_value
B0006,83.0,1.4516292657521335,1.458491235388692,exponential,random_cycle_split_wrong,2.0,exponential
B0005,67.0,1.6327350407099108,1.6378578430223698,last_observed_value,random_cycle_split_wrong,2.0,last_observed_value
B0005,67.0,1.6327350407099108,1.685666196878401,exponential,random_cycle_split_wrong,2.0,exponential
B0018,35.0,1.6276486907262062,1.6387701497987262,last_observed_value,random_cycle_split_wrong,2.0,last_observed_value
B0018,35.0,1.6276486907262062,1.6468460888025902,exponential,random_cycle_split_wrong,2.0,exponential
B0007,49.0,1.7904476205609308,1.8002432178056673,last_observed_value,random_cycle_split_wrong,2.0,last_observed_value
B0007,49.0,1.7904476205609308,1.804474484294758,exponential,random_cycle_split_wrong,2.0,exponential
B0005,161.0,1.2980735056918902,1.2978870806495706,last_observed_value,random_cycle_split_wrong,2.0,last_observed_value
B0005,161.0,1.2980735056918902,1.2627159008402487,exponential,random_cycle_split_wrong,2.0,exponential
B0006,69.0,1.5301570318067428,1.5253138744624433,last_observed_value,random_cycle_split_wrong,2.0,last_observed_value
B0006,69.0,1.5301570318067428,1.5665053814370822,exponential,random_cycle_split_wrong,2.0,exponential
B0018,84.0,1.4698115324524124,1.4249026750004896,last_observed_value,random_cycle_split_wrong,2.0,last_observed_value
B0018,84.0,1.4698115324524124,1.443775142951381,exponential,random_cycle_split_wrong,2.0,exponential
B0006,4.0,2.0138990759931645,2.000528337624771,last_observed_value,random_cycle_split_wrong,2.0,last_observed_value
B0006,4.0,2.0138990759931645,1.9965897587396038,exponential,random_cycle_split_wrong,2.0,exponential
B0005,68.0,1.6277528915533617,1.6327350407099108,last_observed_value,random_cycle_split_wrong,2.0,last_observed_value
B0005,68.0,1.6277528915533617,1.6799269139836497,exponential,random_cycle_split_wrong,2.0,exponential
B0018,65.0,1.5222595950771978,1.5316232403693415,last_observed_value,random_cycle_split_wrong,2.0,last_observed_value
B0018,65.0,1.5222595950771978,1.5745336428202352,exponential,random_cycle_split_wrong,2.0,exponential
B0005,30.0,1.8307038456739428,1.8518025516704486,last_observed_value,random_cycle_split_wrong,2.0,last_observed_value
B0005,30.0,1.8307038456739428,1.8136089282429566,exponential,random_cycle_split_wrong,2.0,exponential
B0007,50.0,1.780343032300132,1.7904476205609308,last_observed_value,random_cycle_split_wrong,2.0,last_observed_value
B0007,50.0,1.780343032300132,1.8016146362065228,exponential,random_cycle_split_wrong,2.0,exponential
B0007,113.0,1.5239059324661248,1.529091650133123,last_observed_value,random_cycle_split_wrong,2.0,last_observed_value
B0007,113.0,1.5239059324661248,1.5241484565249266,exponential,random_cycle_split_wrong,2.0,exponential
B0007,102.0,1.57497949984227,1.5649820533392105,last_observed_value,random_cycle_split_wrong,2.0,last_observed_value
B0007,102.0,1.57497949984227,1.5634746381645073,exponential,random_cycle_split_wrong,2.0,exponential
B0006,38.0,1.7604712448170943,1.7710130422682329,last_observed_value,random_cycle_split_wrong,2.0,last_observed_value
B0006,38.0,1.7604712448170943,1.8006673855386808,exponential,random_cycle_split_wrong,2.0,exponential
B0006,109.0,1.3893171179312644,1.3945343832614077,last_observed_value,random_cycle_split_wrong,2.0,last_observed_value
B0006,109.0,1.3893171179312644,1.372054160182839,exponential,random_cycle_split_wrong,2.0,exponential
B0005,18.0,1.8470259949329193,1.8027776247196041,last_observed_value,random_cycle_split_wrong,2.0,last_observed_value
B0005,18.0,1.8470259949329193,1.7974536024832104,exponential,random_cycle_split_wrong,2.0,exponential
B0005,37.0,1.7730337158018288,1.7829230484252723,last_observed_value,random_cycle_split_wrong,2.0,last_observed_value
B0005,37.0,1.7730337158018288,1.8039533714542415,exponential,random_cycle_split_wrong,2.0,exponential
B0006,26.0,1.8560244070082998,1.8683061328264219,last_observed_value,random_cycle_split_wrong,2.0,last_observed_value
B0006,26.0,1.8560244070082998,1.897784108737778,exponential,random_cycle_split_wrong,2.0,exponential
B0005,1.0,1.8353491942234077,1.846327249719927,last_observed_value,random_cycle_split_wrong,2.0,last_observed_value
B0005,1.0,1.8353491942234077,1.846327249719927,exponential,random_cycle_split_wrong,2.0,fallback_last_observed
B0006,59.0,1.6088496302961666,1.6291999416165441,last_observed_value,random_cycle_split_wrong,2.0,last_observed_value
B0006,59.0,1.6088496302961666,1.6578750343654747,exponential,random_cycle_split_wrong,2.0,exponential
B0007,38.0,1.8113815601504555,1.816506091511515,last_observed_value,random_cycle_split_wrong,2.0,last_observed_value
B0007,38.0,1.8113815601504555,1.8391341632152916,exponential,random_cycle_split_wrong,2.0,exponential
B0007,101.0,1.5649820533392105,1.559633933561147,last_observed_value,random_cycle_split_wrong,2.0,last_observed_value
B0007,101.0,1.5649820533392105,1.5671375122781228,exponential,random_cycle_split_wrong,2.0,exponential
B0007,95.0,1.5799737147242376,1.5853517062988178,last_observed_value,random_cycle_split_wrong,2.0,last_observed_value
B0007,95.0,1.5799737147242376,1.59115983558695,exponential,random_cycle_split_wrong,2.0,exponential
B0007,84.0,1.5959174487005663,1.6006603374309376,last_observed_value,random_cycle_split_wrong,2.0,last_observed_value
B0007,84.0,1.5959174487005663,1.6325087435652677,exponential,random_cycle_split_wrong,2.0,exponential
B0006,140.0,1.2792078171714618,1.279253057384795,last_observed_value,random_cycle_split_wrong,2.0,last_observed_value
B0006,140.0,1.2792078171714618,1.2828157427471596,exponential,random_cycle_split_wrong,2.0,exponential
B0006,91.0,1.4989786083335404,1.51470559175661,last_observed_value,random_cycle_split_wrong,2.0,last_observed_value
B0006,91.0,1.4989786083335404,1.4207185557685875,exponential,random_cycle_split_wrong,2.0,exponential
B0005,80.0,1.5594815668184234,1.5597659473370362,last_observed_value,random_cycle_split_wrong,2.0,last_observed_value
B0005,80.0,1.5594815668184234,1.6089372434105371,exponential,random_cycle_split_wrong,2.0,exponential
B0018,97.0,1.3893644292809475,1.3935670371440676,last_observed_value,random_cycle_split_wrong,2.0,last_observed_value
B0018,97.0,1.3893644292809475,1.3872866862353135,exponential,random_cycle_split_wrong,2.0,exponential
B0018,62.0,1.5402045278637397,1.555618272193922,last_observed_value,random_cycle_split_wrong,2.0,last_observed_value
B0018,62.0,1.5402045278637397,1.5988217427101958,exponential,random_cycle_split_wrong,2.0,exponential
B0018,45.0,1.7165673917429753,1.726707440085764,last_observed_value,random_cycle_split_wrong,2.0,last_observed_value
B0018,45.0,1.7165673917429753,1.614420453323795,exponential,random_cycle_split_wrong,2.0,exponential
B0007,82.0,1.6108655863730026,1.61672418029789,last_observed_value,random_cycle_split_wrong,2.0,last_observed_value
B0007,82.0,1.6108655863730026,1.6426735609866228,exponential,random_cycle_split_wrong,2.0,exponential
B0005,108.0,1.449042163761236,1.455023751906683,last_observed_value,random_cycle_split_wrong,2.0,last_observed_value
B0005,108.0,1.449042163761236,1.4706658937298016,exponential,random_cycle_split_wrong,2.0,exponential
B0006,145.0,1.253259864055301,1.2581373688955233,last_observed_value,random_cycle_split_wrong,2.0,last_observed_value
B0006,145.0,1.253259864055301,1.265731103595094,exponential,random_cycle_split_wrong,2.0,exponential
B0005,120.0,1.4173547174485526,1.4382550176792908,last_observed_value,random_cycle_split_wrong,2.0,last_observed_value
B0005,120.0,1.4173547174485526,1.415393388278062,exponential,random_cycle_split_wrong,2.0,exponential
B0007,35.0,1.8316722583718854,1.8371619619672275,last_observed_value,random_cycle_split_wrong,2.0,last_observed_value
B0007,35.0,1.8316722583718854,1.8492816303908306,exponential,random_cycle_split_wrong,2.0,exponential
B0006,153.0,1.2271137666213534,1.2321202877943334,last_observed_value,random_cycle_split_wrong,2.0,last_observed_value
B0006,153.0,1.2271137666213534,1.2418200729492002,exponential,random_cycle_split_wrong,2.0,exponential
B0006,150.0,1.2635402021758835,1.2898048773266901,last_observed_value,random_cycle_split_wrong,2.0,last_observed_value
B0006,150.0,1.2635402021758835,1.2506490198102629,exponential,random_cycle_split_wrong,2.0,exponential
B0006,133.0,1.3260128072353616,1.3474328767273906,last_observed_value,random_cycle_split_wrong,2.0,last_observed_value
B0006,133.0,1.3260128072353616,1.3034072942435548,exponential,random_cycle_split_wrong,2.0,exponential
B0006,11.0,1.9232799539368028,1.9347505044841131,last_observed_value,random_cycle_split_wrong,2.0,last_observed_value
B0006,11.0,1.9232799539368028,1.933119651822608,exponential,random_cycle_split_wrong,2.0,exponential
B0005,152.0,1.3236741274998955,1.3290286565120697,last_observed_value,random_cycle_split_wrong,2.0,last_observed_value
B0005,152.0,1.3236741274998955,1.2913271309071206,exponential,random_cycle_split_wrong,2.0,exponential
B0007,57.0,1.7396457455286727,1.745028739214683,last_observed_value,random_cycle_split_wrong,2.0,last_observed_value
B0007,57.0,1.7396457455286727,1.773389727121753,exponential,random_cycle_split_wrong,2.0,exponential
B0007,156.0,1.4260877528924913,1.4262562585106868,last_observed_value,random_cycle_split_wrong,2.0,last_observed_value
B0007,156.0,1.4260877528924913,1.4039948861072173,exponential,random_cycle_split_wrong,2.0,exponential
B0007,41.0,1.8132041826994056,1.8060548955557403,last_observed_value,random_cycle_split_wrong,2.0,last_observed_value
B0007,41.0,1.8132041826994056,1.8278792278073297,exponential,random_cycle_split_wrong,2.0,exponential
B0005,55.0,1.710533351135192,1.7158065389330133,last_observed_value,random_cycle_split_wrong,2.0,last_observed_value
B0005,55.0,1.710533351135192,1.7468649774893947,exponential,random_cycle_split_wrong,2.0,exponential
B0006,9.0,1.9455991514129352,1.9572307917560536,last_observed_value,random_cycle_split_wrong,2.0,last_observed_value
B0006,9.0,1.9455991514129352,1.9571636615019656,exponential,random_cycle_split_wrong,2.0,exponential
B0007,121.0,1.5135813035589147,1.5236247972838737,last_observed_value,random_cycle_split_wrong,2.0,last_observed_value
B0007,121.0,1.5135813035589147,1.4983533458353122,exponential,random_cycle_split_wrong,2.0,exponential
B0005,84.0,1.527914258251028,1.538236598942558,last_observed_value,random_cycle_split_wrong,2.0,last_observed_value
B0005,84.0,1.527914258251028,1.58548824038553,exponential,random_cycle_split_wrong,2.0,exponential
B0018,121.0,1.3934907492075153,1.4064481483279663,last_observed_value,random_cycle_split_wrong,2.0,last_observed_value
B0018,121.0,1.3934907492075153,1.3493226079079776,exponential,random_cycle_split_wrong,2.0,exponential
B0006,125.0,1.3370075130842318,1.3474099151661236,last_observed_value,random_cycle_split_wrong,2.0,last_observed_value
B0006,125.0,1.3370075130842318,1.3267792826497962,exponential,random_cycle_split_wrong,2.0,exponential
B0018,12.0,1.783470722841926,1.790844349786295,last_observed_value,random_cycle_split_wrong,2.0,last_observed_value
B0018,12.0,1.783470722841926,1.793150327398564,exponential,random_cycle_split_wrong,2.0,exponential
B0007,160.0,1.4108401729425177,1.4165781829175994,last_observed_value,random_cycle_split_wrong,2.0,last_observed_value
B0007,160.0,1.4108401729425177,1.39580534806654,exponential,random_cycle_split_wrong,2.0,exponential
B0007,61.0,1.7139701997004613,1.7139788776485192,last_observed_value,random_cycle_split_wrong,2.0,last_observed_value
B0007,61.0,1.7139701997004613,1.7537877162749282,exponential,random_cycle_split_wrong,2.0,exponential
B0018,6.0,1.8151700106433282,1.8212011895697924,last_observed_value,random_cycle_split_wrong,2.0,last_observed_value
B0018,6.0,1.8151700106433282,1.8161790006086846,exponential,random_cycle_split_wrong,2.0,exponential
B0006,65.0,1.5613446139713882,1.567137636713563,last_observed_value,random_cycle_split_wrong,2.0,last_observed_value
B0006,65.0,1.5613446139713882,1.6034936612823003,exponential,random_cycle_split_wrong,2.0,exponential
B0007,125.0,1.492848534633516,1.4978220596995881,last_observed_value,random_cycle_split_wrong,2.0,last_observed_value
B0007,125.0,1.492848534633516,1.4857339126749594,exponential,random_cycle_split_wrong,2.0,exponential
B0006,142.0,1.2741273923001468,1.274036760902923,last_observed_value,random_cycle_split_wrong,2.0,last_observed_value
B0006,142.0,1.2741273923001468,1.2760860318659093,exponential,random_cycle_split_wrong,2.0,exponential
B0006,36.0,1.7810046294120476,1.7971018450305436,last_observed_value,random_cycle_split_wrong,2.0,last_observed_value
B0006,36.0,1.7810046294120476,1.8339545291997463,exponential,random_cycle_split_wrong,2.0,exponential
B0005,32.0,1.8093079637028517,1.8199041089501267,last_observed_value,random_cycle_split_wrong,2.0,last_observed_value
B0005,32.0,1.8093079637028517,1.815137940873612,exponential,random_cycle_split_wrong,2.0,exponential
B0005,157.0,1.3030329186405918,1.3077959946944353,last_observed_value,random_cycle_split_wrong,2.0,last_observed_value
B0005,157.0,1.3030329186405918,1.275352770958989,exponential,random_cycle_split_wrong,2.0,exponential
B0006,137.0,1.300235735841116,1.3004061951355774,last_observed_value,random_cycle_split_wrong,2.0,last_observed_value
B0006,137.0,1.300235735841116,1.2923712611579319,exponential,random_cycle_split_wrong,2.0,exponential
B0018,104.0,1.4604310209194575,1.3567141087089647,last_observed_value,random_cycle_split_wrong,2.0,last_observed_value
B0018,104.0,1.4604310209194575,1.3551046982810249,exponential,random_cycle_split_wrong,2.0,exponential
B0018,70.0,1.523845267514426,1.5334262000312422,last_observed_value,random_cycle_split_wrong,2.0,last_observed_value
B0018,70.0,1.523845267514426,1.5320455016375307,exponential,random_cycle_split_wrong,2.0,exponential
B0006,101.0,1.4207006230355006,1.420487649966195,last_observed_value,random_cycle_split_wrong,2.0,last_observed_value
B0006,101.0,1.4207006230355006,1.394885972108054,exponential,random_cycle_split_wrong,2.0,exponential
B0005,16.0,1.8030683142834096,1.802579500826209,last_observed_value,random_cycle_split_wrong,2.0,last_observed_value
B0005,16.0,1.8030683142834096,1.798322344622516,exponential,random_cycle_split_wrong,2.0,exponential
B0007,83.0,1.6006603374309376,1.6108655863730026,last_observed_value,random_cycle_split_wrong,2.0,last_observed_value
B0007,83.0,1.6006603374309376,1.6377231087476503,exponential,random_cycle_split_wrong,2.0,exponential
B0007,73.0,1.6472174627573322,1.652538684928734,last_observed_value,random_cycle_split_wrong,2.0,last_observed_value
B0007,73.0,1.6472174627573322,1.6901275188681666,exponential,random_cycle_split_wrong,2.0,exponential
B0007,114.0,1.5186675419100615,1.5239059324661248,last_observed_value,random_cycle_split_wrong,2.0,last_observed_value
B0007,114.0,1.5186675419100615,1.5205582724233864,exponential,random_cycle_split_wrong,2.0,exponential
B0006,55.0,1.6607591387047655,1.6714768322295086,last_observed_value,random_cycle_split_wrong,2.0,last_observed_value
B0006,55.0,1.6607591387047655,1.6910166143230185,exponential,random_cycle_split_wrong,2.0,exponential
B0006,130.0,1.3156485301862682,1.321225074066109,last_observed_value,random_cycle_split_wrong,2.0,last_observed_value
B0006,130.0,1.3156485301862682,1.3106579053471128,exponential,random_cycle_split_wrong,2.0,exponential
B0018,21.0,1.711469957068211,1.7085949894470602,last_observed_value,random_cycle_split_wrong,2.0,last_observed_value
B0018,21.0,1.711469957068211,1.7246794859147485,exponential,random_cycle_split_wrong,2.0,exponential
B0007,1.0,1.8806626717011388,1.880637027686859,last_observed_value,random_cycle_split_wrong,2.0,last_observed_value
B0007,1.0,1.8806626717011388,1.880637027686859,exponential,random_cycle_split_wrong,2.0,fallback_last_observed
B0005,129.0,1.3705085566270399,1.3705128024895008,last_observed_value,random_cycle_split_wrong,2.0,last_observed_value
B0005,129.0,1.3705085566270399,1.3770035553643538,exponential,random_cycle_split_wrong,2.0,exponential
B0005,13.0,1.8025980036306504,1.8134404914735822,last_observed_value,random_cycle_split_wrong,2.0,last_observed_value
B0005,13.0,1.8025980036306504,1.8089852482111866,exponential,random_cycle_split_wrong,2.0,exponential
B0007,135.0,1.4720772783056488,1.4771155312812152,last_observed_value,random_cycle_split_wrong,2.0,last_observed_value
B0007,135.0,1.4720772783056488,1.4548894445717906,exponential,random_cycle_split_wrong,2.0,exponential
B0005,128.0,1.3705128024895008,1.3752364150256224,last_observed_value,random_cycle_split_wrong,2.0,last_observed_value
B0005,128.0,1.3705128024895008,1.3814001144355643,exponential,random_cycle_split_wrong,2.0,exponential
B0018,88.0,1.4154547844370715,1.428376058807949,last_observed_value,random_cycle_split_wrong,2.0,last_observed_value
B0018,88.0,1.4154547844370715,1.4269426419239153,exponential,random_cycle_split_wrong,2.0,exponential
B0005,40.0,1.7623150704093087,1.7678721106662054,last_observed_value,random_cycle_split_wrong,2.0,last_observed_value
B0005,40.0,1.7623150704093087,1.7924504651296331,exponential,random_cycle_split_wrong,2.0,exponential
B0006,160.0,1.1796706818144624,1.185179251041941,last_observed_value,random_cycle_split_wrong,2.0,last_observed_value
B0006,160.0,1.1796706818144624,1.2141966018547392,exponential,random_cycle_split_wrong,2.0,exponential
B0005,65.0,1.642653782130131,1.6538540573335014,last_observed_value,random_cycle_split_wrong,2.0,last_observed_value
B0005,65.0,1.642653782130131,1.6971937406917732,exponential,random_cycle_split_wrong,2.0,exponential
B0005,72.0,1.6015142233917594,1.6065631397488385,last_observed_value,random_cycle_split_wrong,2.0,last_observed_value
B0005,72.0,1.6015142233917594,1.6564624367097167,exponential,random_cycle_split_wrong,2.0,exponential
B0018,94.0,1.4084461071166137,1.405680035419228,last_observed_value,random_cycle_split_wrong,2.0,last_observed_value
B0018,94.0,1.4084461071166137,1.4008120679784497,exponential,random_cycle_split_wrong,2.0,exponential
B0005,123.0,1.3967008232726328,1.4012037783587625,last_observed_value,random_cycle_split_wrong,2.0,last_observed_value
B0005,123.0,1.3967008232726328,1.402990624058475,exponential,random_cycle_split_wrong,2.0,exponential
B0006,105.0,1.4097311506517451,1.415015751158943,last_observed_value,random_cycle_split_wrong,2.0,last_observed_value
B0006,105.0,1.4097311506517451,1.385532394651049,exponential,random_cycle_split_wrong,2.0,exponential
B0005,116.0,1.412578792940193,1.412409228794446,last_observed_value,random_cycle_split_wrong,2.0,last_observed_value
B0005,116.0,1.412578792940193,1.431895872750374,exponential,random_cycle_split_wrong,2.0,exponential
B0006,5.0,2.013101105626967,2.0138990759931645,last_observed_value,random_cycle_split_wrong,2.0,last_observed_value
B0006,5.0,2.013101105626967,2.0071310767196233,exponential,random_cycle_split_wrong,2.0,exponential
B0006,77.0,1.5040760088360112,1.5302876214401704,last_observed_value,random_cycle_split_wrong,2.0,last_observed_value
B0006,77.0,1.5040760088360112,1.5007397462568406,exponential,random_cycle_split_wrong,2.0,exponential
B0005,77.0,1.5747301747801037,1.5955263892495937,last_observed_value,random_cycle_split_wrong,2.0,last_observed_value
B0005,77.0,1.5747301747801037,1.6270500405219082,exponential,random_cycle_split_wrong,2.0,exponential
B0007,161.0,1.4109949628347804,1.4108401729425177,last_observed_value,random_cycle_split_wrong,2.0,last_observed_value
B0007,161.0,1.4109949628347804,1.3936006643019807,exponential,random_cycle_split_wrong,2.0,exponential
B0005,158.0,1.3033573559038205,1.3030329186405918,last_observed_value,random_cycle_split_wrong,2.0,last_observed_value
B0005,158.0,1.3033573559038205,1.2721016492178023,exponential,random_cycle_split_wrong,2.0,exponential
B0018,105.0,1.4500998937104097,1.4604310209194575,last_observed_value,random_cycle_split_wrong,2.0,last_observed_value
B0018,105.0,1.4500998937104097,1.3571774583830951,exponential,random_cycle_split_wrong,2.0,exponential
B0005,130.0,1.3647355108681518,1.3705085566270399,last_observed_value,random_cycle_split_wrong,2.0,last_observed_value
B0005,130.0,1.3647355108681518,1.3727411409199703,exponential,random_cycle_split_wrong,2.0,exponential
B0018,129.0,1.3547969729652622,1.3518646035305233,last_observed_value,random_cycle_split_wrong,2.0,last_observed_value
B0018,129.0,1.3547969729652622,1.3405351471440878,exponential,random_cycle_split_wrong,2.0,exponential
B0007,111.0,1.5289260249179843,1.5287603942958483,last_observed_value,random_cycle_split_wrong,2.0,last_observed_value
B0007,111.0,1.5289260249179843,1.5313441971827615,exponential,random_cycle_split_wrong,2.0,exponential
B0006,16.0,1.8675697161520206,1.878278372248849,last_observed_value,random_cycle_split_wrong,2.0,last_observed_value
B0006,16.0,1.8675697161520206,1.8742569702180845,exponential,random_cycle_split_wrong,2.0,exponential
B0005,3.0,1.8346455082120419,1.8352625275821128,last_observed_value,random_cycle_split_wrong,2.0,last_observed_value
B0005,3.0,1.8346455082120419,1.824692009994564,exponential,random_cycle_split_wrong,2.0,exponential
B0007,96.0,1.5752185465278068,1.5799737147242376,last_observed_value,random_cycle_split_wrong,2.0,last_observed_value
B0007,96.0,1.5752185465278068,1.5871576458034724,exponential,random_cycle_split_wrong,2.0,exponential
B0006,58.0,1.6291999416165441,1.6401349256190927,last_observed_value,random_cycle_split_wrong,2.0,last_observed_value
B0006,58.0,1.6291999416165441,1.6664444165311352,exponential,random_cycle_split_wrong,2.0,exponential
B0018,1.0,1.8396018424355423,1.8431955317089987,last_observed_value,random_cycle_split_wrong,2.0,last_observed_value
B0018,1.0,1.8396018424355423,1.8431955317089987,exponential,random_cycle_split_wrong,2.0,fallback_last_observed
B0007,80.0,1.615823510161921,1.6164273214762122,last_observed_value,random_cycle_split_wrong,2.0,last_observed_value
B0007,80.0,1.615823510161921,1.6527550673097267,exponential,random_cycle_split_wrong,2.0,exponential
B0007,97.0,1.569798484648868,1.5752185465278068,last_observed_value,random_cycle_split_wrong,2.0,last_observed_value
B0007,97.0,1.569798484648868,1.5831283385009556,exponential,random_cycle_split_wrong,2.0,exponential
B0007,146.0,1.4368154153924828,1.4362456252208178,last_observed_value,random_cycle_split_wrong,2.0,last_observed_value
B0007,146.0,1.4368154153924828,1.421670723722002,exponential,random_cycle_split_wrong,2.0,exponential
B0018,2.0,1.8306736044962053,1.8396018424355423,last_observed_value,random_cycle_split_wrong,2.0,last_observed_value
B0018,2.0,1.8306736044962053,1.8396018424355423,exponential,random_cycle_split_wrong,2.0,fallback_last_observed
B0005,89.0,1.5638491446744425,1.605818899130659,last_observed_value,random_cycle_split_wrong,2.0,last_observed_value
B0005,89.0,1.5638491446744425,1.5596056641561518,exponential,random_cycle_split_wrong,2.0,exponential
B0005,62.0,1.663716375981405,1.6745692479879102,last_observed_value,random_cycle_split_wrong,2.0,last_observed_value
B0005,62.0,1.663716375981405,1.7134489516994336,exponential,random_cycle_split_wrong,2.0,exponential
B0006,164.0,1.1587974947916069,1.1644009557372264,last_observed_value,random_cycle_split_wrong,2.0,last_observed_value
B0006,164.0,1.1587974947916069,1.1958696108972422,exponential,random_cycle_split_wrong,2.0,exponential
B0007,152.0,1.441790586562399,1.4471379752748499,last_observed_value,random_cycle_split_wrong,2.0,last_observed_value
B0007,152.0,1.441790586562399,1.4114737228545988,exponential,random_cycle_split_wrong,2.0,exponential
B0007,106.0,1.5438771531345021,1.549897685670499,last_observed_value,random_cycle_split_wrong,2.0,last_observed_value
B0007,106.0,1.5438771531345021,1.549784345067792,exponential,random_cycle_split_wrong,2.0,exponential
B0007,18.0,1.8807805437609766,1.848378951850034,last_observed_value,random_cycle_split_wrong,2.0,last_observed_value
B0007,18.0,1.8807805437609766,1.8459487516692974,exponential,random_cycle_split_wrong,2.0,exponential
B0006,121.0,1.3682657783199066,1.378719022627353,last_observed_value,random_cycle_split_wrong,2.0,last_observed_value
B0006,121.0,1.3682657783199066,1.3367519444149216,exponential,random_cycle_split_wrong,2.0,exponential
B0007,47.0,1.8157025154845838,1.8150756899575577,last_observed_value,random_cycle_split_wrong,2.0,last_observed_value
B0007,47.0,1.8157025154845838,1.8078589053352516,exponential,random_cycle_split_wrong,2.0,exponential
B0005,109.0,1.4386709371480566,1.449042163761236,last_observed_value,random_cycle_split_wrong,2.0,last_observed_value
B0005,109.0,1.4386709371480566,1.4659331618690885,exponential,random_cycle_split_wrong,2.0,exponential
B0005,134.0,1.3647827949260758,1.3698500035838939,last_observed_value,random_cycle_split_wrong,2.0,last_observed_value
B0005,134.0,1.3647827949260758,1.3573405945176091,exponential,random_cycle_split_wrong,2.0,exponential
B0005,165.0,1.3090153642307354,1.2874525221379407,last_observed_value,random_cycle_split_wrong,2.0,last_observed_value
B0005,165.0,1.3090153642307354,1.250414817689375,exponential,random_cycle_split_wrong,2.0,exponential
B0006,100.0,1.420487649966195,1.4260247179525716,last_observed_value,random_cycle_split_wrong,2.0,last_observed_value
B0006,100.0,1.420487649966195,1.3986260723894328,exponential,random_cycle_split_wrong,2.0,exponential
B0007,107.0,1.5450187488690073,1.5438771531345021,last_observed_value,random_cycle_split_wrong,2.0,last_observed_value
B0007,107.0,1.5450187488690073,1.5459911063444451,exponential,random_cycle_split_wrong,2.0,exponential
B0006,31.0,1.855276687885587,1.8822317526092551,last_observed_value,random_cycle_split_wrong,2.0,last_observed_value
B0006,31.0,1.855276687885587,1.8806206833167558,exponential,random_cycle_split_wrong,2.0,exponential
B0006,72.0,1.509391504602082,1.5145492986655427,last_observed_value,random_cycle_split_wrong,2.0,last_observed_value
B0006,72.0,1.509391504602082,1.5403392390239787,exponential,random_cycle_split_wrong,2.0,exponential
B0007,16.0,1.8485252916137047,1.847817291322145,last_observed_value,random_cycle_split_wrong,2.0,last_observed_value
B0007,16.0,1.8485252916137047,1.8509588811473492,exponential,random_cycle_split_wrong,2.0,exponential
B0018,63.0,1.5321613015959863,1.5402045278637397,last_observed_value,random_cycle_split_wrong,3.0,last_observed_value
B0018,63.0,1.5321613015959863,1.5909310756240989,exponential,random_cycle_split_wrong,3.0,exponential
B0007,154.0,1.4318084249673686,1.431630947911111,last_observed_value,random_cycle_split_wrong,3.0,last_observed_value
B0007,154.0,1.4318084249673686,1.407899075467898,exponential,random_cycle_split_wrong,3.0,exponential
B0005,97.0,1.4908444050400238,1.5015453526671363,last_observed_value,random_cycle_split_wrong,3.0,last_observed_value
B0005,97.0,1.4908444050400238,1.5234586031738218,exponential,random_cycle_split_wrong,3.0,exponential
B0007,119.0,1.5391372798653098,1.5339599193158786,last_observed_value,random_cycle_split_wrong,3.0,last_observed_value
B0007,119.0,1.5391372798653098,1.5035638128829305,exponential,random_cycle_split_wrong,3.0,exponential
B0007,96.0,1.5752185465278068,1.5799737147242376,last_observed_value,random_cycle_split_wrong,3.0,last_observed_value
B0007,96.0,1.5752185465278068,1.5871576458034724,exponential,random_cycle_split_wrong,3.0,exponential
B0006,137.0,1.300235735841116,1.3004061951355774,last_observed_value,random_cycle_split_wrong,3.0,last_observed_value
B0006,137.0,1.300235735841116,1.2923712611579319,exponential,random_cycle_split_wrong,3.0,exponential
B0005,144.0,1.3231708992276219,1.3286444309174914,last_observed_value,random_cycle_split_wrong,3.0,last_observed_value
B0005,144.0,1.3231708992276219,1.3186519965142907,exponential,random_cycle_split_wrong,3.0,exponential
B0018,113.0,1.3860271454209647,1.390046129540245,last_observed_value,random_cycle_split_wrong,3.0,last_observed_value
B0018,113.0,1.3860271454209647,1.3598536763217357,exponential,random_cycle_split_wrong,3.0,exponential
B0006,162.0,1.15381833159625,1.1745952836753915,last_observed_value,random_cycle_split_wrong,3.0,last_observed_value
B0006,162.0,1.15381833159625,1.2054262933240307,exponential,random_cycle_split_wrong,3.0,exponential
B0018,68.0,1.4963534117486457,1.5014219556532926,last_observed_value,random_cycle_split_wrong,3.0,last_observed_value
B0018,68.0,1.4963534117486457,1.5459806334913344,exponential,random_cycle_split_wrong,3.0,exponential
B0018,28.0,1.6940366439243106,1.699267835126687,last_observed_value,random_cycle_split_wrong,3.0,last_observed_value
B0018,28.0,1.6940366439243106,1.6932578860074727,exponential,random_cycle_split_wrong,3.0,exponential
B0007,26.0,1.8591653109160768,1.860033909718346,last_observed_value,random_cycle_split_wrong,3.0,last_observed_value
B0007,26.0,1.8591653109160768,1.859384330018088,exponential,random_cycle_split_wrong,3.0,exponential
B0018,124.0,1.3796951665608619,1.3701878338420928,last_observed_value,random_cycle_split_wrong,3.0,last_observed_value
B0018,124.0,1.3796951665608619,1.3473198059419298,exponential,random_cycle_split_wrong,3.0,exponential
B0005,116.0,1.412578792940193,1.412409228794446,last_observed_value,random_cycle_split_wrong,3.0,last_observed_value
B0005,116.0,1.412578792940193,1.431895872750374,exponential,random_cycle_split_wrong,3.0,exponential
B0005,80.0,1.5594815668184234,1.5597659473370362,last_observed_value,random_cycle_split_wrong,3.0,last_observed_value
B0005,80.0,1.5594815668184234,1.6089372434105371,exponential,random_cycle_split_wrong,3.0,exponential
B0005,48.0,1.7673642076278957,1.7831890223273275,last_observed_value,random_cycle_split_wrong,3.0,last_observed_value
B0005,48.0,1.7673642076278957,1.7683978528427815,exponential,random_cycle_split_wrong,3.0,exponential
B0005,10.0,1.8142019357673917,1.8246195526864504,last_observed_value,random_cycle_split_wrong,3.0,last_observed_value
B0005,10.0,1.8142019357673917,1.8182523625396811,exponential,random_cycle_split_wrong,3.0,exponential
B0007,120.0,1.5236247972838737,1.5391372798653098,last_observed_value,random_cycle_split_wrong,3.0,last_observed_value
B0007,120.0,1.5236247972838737,1.5011693992514665,exponential,random_cycle_split_wrong,3.0,exponential
B0006,8.0,1.9572307917560536,1.9681661764334244,last_observed_value,random_cycle_split_wrong,3.0,last_observed_value
B0006,8.0,1.9572307917560536,1.969272230744366,exponential,random_cycle_split_wrong,3.0,exponential
B0005,81.0,1.55468935359061,1.5594815668184234,last_observed_value,random_cycle_split_wrong,3.0,last_observed_value
B0005,81.0,1.55468935359061,1.6031177481468148,exponential,random_cycle_split_wrong,3.0,exponential
B0007,134.0,1.4771155312812152,1.4820775214392872,last_observed_value,random_cycle_split_wrong,3.0,last_observed_value
B0007,134.0,1.4771155312812152,1.4578070768666294,exponential,random_cycle_split_wrong,3.0,exponential
B0007,21.0,1.8710089649779995,1.8810954313244785,last_observed_value,random_cycle_split_wrong,3.0,last_observed_value
B0007,21.0,1.8710089649779995,1.8581527702732785,exponential,random_cycle_split_wrong,3.0,exponential
B0007,16.0,1.8485252916137047,1.847817291322145,last_observed_value,random_cycle_split_wrong,3.0,last_observed_value
B0007,16.0,1.8485252916137047,1.8509588811473492,exponential,random_cycle_split_wrong,3.0,exponential
B0018,125.0,1.3686586323935683,1.3796951665608619,last_observed_value,random_cycle_split_wrong,3.0,last_observed_value
B0018,125.0,1.3686586323935683,1.3465624846405164,exponential,random_cycle_split_wrong,3.0,exponential
B0005,103.0,1.4808005946928984,1.4960918298136696,last_observed_value,random_cycle_split_wrong,3.0,last_observed_value
B0005,103.0,1.4808005946928984,1.4944014320826682,exponential,random_cycle_split_wrong,3.0,exponential
B0007,28.0,1.849201702126164,1.8481398178778288,last_observed_value,random_cycle_split_wrong,3.0,last_observed_value
B0007,28.0,1.849201702126164,1.8564427396815262,exponential,random_cycle_split_wrong,3.0,exponential
B0007,0.0,1.880637027686859,1.89105229539079,last_observed_value,random_cycle_split_wrong,3.0,last_observed_value
B0007,0.0,1.880637027686859,1.89105229539079,exponential,random_cycle_split_wrong,3.0,fallback_last_observed
B0006,151.0,1.2479761706842853,1.2635402021758835,last_observed_value,random_cycle_split_wrong,3.0,last_observed_value
B0006,151.0,1.2479761706842853,1.2482606525824553,exponential,random_cycle_split_wrong,3.0,exponential
B0007,58.0,1.7285642277717963,1.7396457455286727,last_observed_value,random_cycle_split_wrong,3.0,last_observed_value
B0007,58.0,1.7285642277717963,1.7689209066904823,exponential,random_cycle_split_wrong,3.0,exponential
B0007,95.0,1.5799737147242376,1.5853517062988178,last_observed_value,random_cycle_split_wrong,3.0,last_observed_value
B0007,95.0,1.5799737147242376,1.59115983558695,exponential,random_cycle_split_wrong,3.0,exponential
B0005,111.0,1.4333958900838095,1.433445432156979,last_observed_value,random_cycle_split_wrong,3.0,last_observed_value
B0005,111.0,1.4333958900838095,1.4560311044610899,exponential,random_cycle_split_wrong,3.0,exponential
B0006,76.0,1.5302876214401704,1.4876323024497422,last_observed_value,random_cycle_split_wrong,3.0,last_observed_value
B0006,76.0,1.5302876214401704,1.506513966600778,exponential,random_cycle_split_wrong,3.0,exponential
B0006,145.0,1.253259864055301,1.2581373688955233,last_observed_value,random_cycle_split_wrong,3.0,last_observed_value
B0006,145.0,1.253259864055301,1.265731103595094,exponential,random_cycle_split_wrong,3.0,exponential
B0006,97.0,1.441380399427779,1.4468670644030392,last_observed_value,random_cycle_split_wrong,3.0,last_observed_value
B0006,97.0,1.441380399427779,1.4089595776733521,exponential,random_cycle_split_wrong,3.0,exponential
B0018,126.0,1.3627371779096438,1.3686586323935683,last_observed_value,random_cycle_split_wrong,3.0,last_observed_value
B0018,126.0,1.3627371779096438,1.3452755158681642,exponential,random_cycle_split_wrong,3.0,exponential
B0005,37.0,1.7730337158018288,1.7829230484252723,last_observed_value,random_cycle_split_wrong,3.0,last_observed_value
B0005,37.0,1.7730337158018288,1.8039533714542415,exponential,random_cycle_split_wrong,3.0,exponential
B0007,164.0,1.4004552399066514,1.4063358479692922,last_observed_value,random_cycle_split_wrong,3.0,last_observed_value
B0007,164.0,1.4004552399066514,1.3872707423757122,exponential,random_cycle_split_wrong,3.0,exponential
B0005,45.0,1.7360913511847138,1.7418496047960008,last_observed_value,random_cycle_split_wrong,3.0,last_observed_value
B0005,45.0,1.7360913511847138,1.773162536307268,exponential,random_cycle_split_wrong,3.0,exponential
B0018,5.0,1.8212011895697924,1.8285288846046388,last_observed_value,random_cycle_split_wrong,3.0,last_observed_value
B0018,5.0,1.8212011895697924,1.8210040858968313,exponential,random_cycle_split_wrong,3.0,exponential
B0005,58.0,1.6945798601797895,1.7003110272642588,last_observed_value,random_cycle_split_wrong,3.0,last_observed_value
B0005,58.0,1.6945798601797895,1.7334900322438216,exponential,random_cycle_split_wrong,3.0,exponential
B0005,31.0,1.8199041089501267,1.8307038456739428,last_observed_value,random_cycle_split_wrong,3.0,last_observed_value
B0005,31.0,1.8199041089501267,1.8151017008126757,exponential,random_cycle_split_wrong,3.0,exponential
B0007,50.0,1.780343032300132,1.7904476205609308,last_observed_value,random_cycle_split_wrong,3.0,last_observed_value
B0007,50.0,1.780343032300132,1.8016146362065228,exponential,random_cycle_split_wrong,3.0,exponential
B0005,112.0,1.42806487344776,1.4333958900838095,last_observed_value,random_cycle_split_wrong,3.0,last_observed_value
B0005,112.0,1.42806487344776,1.4512432723036,exponential,random_cycle_split_wrong,3.0,exponential
B0006,77.0,1.5040760088360112,1.5302876214401704,last_observed_value,random_cycle_split_wrong,3.0,last_observed_value
B0006,77.0,1.5040760088360112,1.5007397462568406,exponential,random_cycle_split_wrong,3.0,exponential
B0005,131.0,1.375392016895762,1.3647355108681518,last_observed_value,random_cycle_split_wrong,3.0,last_observed_value
B0005,131.0,1.375392016895762,1.3684282927119966,exponential,random_cycle_split_wrong,3.0,exponential
B0005,101.0,1.4859035988304024,1.4752095869031632,last_observed_value,random_cycle_split_wrong,3.0,last_observed_value
B0005,101.0,1.4859035988304024,1.5029227244190224,exponential,random_cycle_split_wrong,3.0,exponential
B0018,127.0,1.3634051133928073,1.3627371779096438,last_observed_value,random_cycle_split_wrong,3.0,last_observed_value
B0018,127.0,1.3634051133928073,1.3437694100496145,exponential,random_cycle_split_wrong,3.0,exponential
B0007,57.0,1.7396457455286727,1.745028739214683,last_observed_value,random_cycle_split_wrong,3.0,last_observed_value
B0007,57.0,1.7396457455286727,1.773389727121753,exponential,random_cycle_split_wrong,3.0,exponential
B0018,61.0,1.555618272193922,1.5641732953289167,last_observed_value,random_cycle_split_wrong,3.0,last_observed_value
B0018,61.0,1.555618272193922,1.6054569350614607,exponential,random_cycle_split_wrong,3.0,exponential
B0006,163.0,1.1644009557372264,1.15381833159625,last_observed_value,random_cycle_split_wrong,3.0,last_observed_value
B0006,163.0,1.1644009557372264,1.2003228269597168,exponential,random_cycle_split_wrong,3.0,exponential
B0006,65.0,1.5613446139713882,1.567137636713563,last_observed_value,random_cycle_split_wrong,3.0,last_observed_value
B0006,65.0,1.5613446139713882,1.6034936612823003,exponential,random_cycle_split_wrong,3.0,exponential
B0006,105.0,1.4097311506517451,1.415015751158943,last_observed_value,random_cycle_split_wrong,3.0,last_observed_value
B0006,105.0,1.4097311506517451,1.385532394651049,exponential,random_cycle_split_wrong,3.0,exponential
B0007,8.0,1.870052380139199,1.8696907870385844,last_observed_value,random_cycle_split_wrong,3.0,last_observed_value
B0007,8.0,1.870052380139199,1.8734583694716207,exponential,random_cycle_split_wrong,3.0,exponential
B0007,15.0,1.847817291322145,1.8587355450601035,last_observed_value,random_cycle_split_wrong,3.0,last_observed_value
B0007,15.0,1.847817291322145,1.8546716675930952,exponential,random_cycle_split_wrong,3.0,exponential
B0007,116.0,1.5136050185229033,1.5136482266426952,last_observed_value,random_cycle_split_wrong,3.0,last_observed_value
B0007,116.0,1.5136050185229033,1.5132227379745018,exponential,random_cycle_split_wrong,3.0,exponential
B0007,36.0,1.8211470951317783,1.8316722583718854,last_observed_value,random_cycle_split_wrong,3.0,last_observed_value
B0007,36.0,1.8211470951317783,1.84650991832223,exponential,random_cycle_split_wrong,3.0,exponential
B0007,35.0,1.8316722583718854,1.8371619619672275,last_observed_value,random_cycle_split_wrong,3.0,last_observed_value
B0007,35.0,1.8316722583718854,1.8492816303908306,exponential,random_cycle_split_wrong,3.0,exponential
B0005,53.0,1.7263217239235826,1.7364225056478186,last_observed_value,random_cycle_split_wrong,3.0,last_observed_value
B0005,53.0,1.7263217239235826,1.7549939874897973,exponential,random_cycle_split_wrong,3.0,exponential
B0018,128.0,1.3518646035305233,1.3634051133928073,last_observed_value,random_cycle_split_wrong,3.0,last_observed_value
B0018,128.0,1.3518646035305233,1.3424059040366592,exponential,random_cycle_split_wrong,3.0,exponential
B0006,3.0,2.000528337624771,2.0132846655407413,last_observed_value,random_cycle_split_wrong,3.0,last_observed_value
B0006,3.0,2.000528337624771,2.009655644077038,exponential,random_cycle_split_wrong,3.0,exponential
B0007,20.0,1.8810954313244785,1.8814721597443598,last_observed_value,random_cycle_split_wrong,3.0,last_observed_value
B0007,20.0,1.8810954313244785,1.8547358860928966,exponential,random_cycle_split_wrong,3.0,exponential
B0018,102.0,1.3679487285504814,1.3733464385229082,last_observed_value,random_cycle_split_wrong,3.0,last_observed_value
B0018,102.0,1.3679487285504814,1.3643210862090882,exponential,random_cycle_split_wrong,3.0,exponential
B0018,48.0,1.6606586897774192,1.6777783190792557,last_observed_value,random_cycle_split_wrong,3.0,last_observed_value
B0018,48.0,1.6606586897774192,1.6345404828306276,exponential,random_cycle_split_wrong,3.0,exponential
B0018,34.0,1.6387701497987262,1.6482241555294048,last_observed_value,random_cycle_split_wrong,3.0,last_observed_value
B0018,34.0,1.6387701497987262,1.6543566314306304,exponential,random_cycle_split_wrong,3.0,exponential
B0007,156.0,1.4260877528924913,1.4262562585106868,last_observed_value,random_cycle_split_wrong,3.0,last_observed_value
B0007,156.0,1.4260877528924913,1.4039948861072173,exponential,random_cycle_split_wrong,3.0,exponential
B0018,84.0,1.4698115324524124,1.4249026750004896,last_observed_value,random_cycle_split_wrong,3.0,last_observed_value
B0018,84.0,1.4698115324524124,1.443775142951381,exponential,random_cycle_split_wrong,3.0,exponential
B0005,130.0,1.3647355108681518,1.3705085566270399,last_observed_value,random_cycle_split_wrong,3.0,last_observed_value
B0005,130.0,1.3647355108681518,1.3727411409199703,exponential,random_cycle_split_wrong,3.0,exponential
B0018,32.0,1.6571924575832084,1.6655229306478936,last_observed_value,random_cycle_split_wrong,3.0,last_observed_value
B0018,32.0,1.6571924575832084,1.6686018263104359,exponential,random_cycle_split_wrong,3.0,exponential
B0007,31.0,1.852085039652352,1.8628211117905844,last_observed_value,random_cycle_split_wrong,3.0,last_observed_value
B0007,31.0,1.852085039652352,1.857518367149872,exponential,random_cycle_split_wrong,3.0,exponential
B0006,103.0,1.431557632772571,1.452255804330839,last_observed_value,random_cycle_split_wrong,3.0,last_observed_value
B0006,103.0,1.431557632772571,1.3907424585602615,exponential,random_cycle_split_wrong,3.0,exponential
B0006,143.0,1.2637639426440779,1.2741273923001468,last_observed_value,random_cycle_split_wrong,3.0,last_observed_value
B0006,143.0,1.2637639426440779,1.2728720973458825,exponential,random_cycle_split_wrong,3.0,exponential
B0005,142.0,1.3340066759761655,1.3389145230206971,last_observed_value,random_cycle_split_wrong,3.0,last_observed_value
B0005,142.0,1.3340066759761655,1.3263543192520046,exponential,random_cycle_split_wrong,3.0,exponential
B0006,44.0,1.713325912040734,1.7337887419624838,last_observed_value,random_cycle_split_wrong,3.0,last_observed_value
B0006,44.0,1.713325912040734,1.7498419700307295,exponential,random_cycle_split_wrong,3.0,exponential
B0018,46.0,1.6958235570934848,1.7165673917429753,last_observed_value,random_cycle_split_wrong,3.0,last_observed_value
B0018,46.0,1.6958235570934848,1.62541304900603,exponential,random_cycle_split_wrong,3.0,exponential
B0007,72.0,1.652538684928734,1.6574243065763063,last_observed_value,random_cycle_split_wrong,3.0,last_observed_value
B0007,72.0,1.652538684928734,1.695502271368241,exponential,random_cycle_split_wrong,3.0,exponential
B0018,93.0,1.405680035419228,1.4155606630306516,last_observed_value,random_cycle_split_wrong,3.0,last_observed_value
B0018,93.0,1.405680035419228,1.4054445928445602,exponential,random_cycle_split_wrong,3.0,exponential
B0005,132.0,1.3861115151535393,1.375392016895762,last_observed_value,random_cycle_split_wrong,3.0,last_observed_value
B0005,132.0,1.3861115151535393,1.3645734403030474,exponential,random_cycle_split_wrong,3.0,exponential
B0006,27.0,1.8451997961855777,1.8560244070082998,last_observed_value,random_cycle_split_wrong,3.0,last_observed_value
B0006,27.0,1.8451997961855777,1.890132533045039,exponential,random_cycle_split_wrong,3.0,exponential
B0005,46.0,1.7936240148573608,1.7360913511847138,last_observed_value,random_cycle_split_wrong,3.0,last_observed_value
B0005,46.0,1.7936240148573608,1.7684262881734867,exponential,random_cycle_split_wrong,3.0,exponential
B0006,127.0,1.3259303781727643,1.3312352966718526,last_observed_value,random_cycle_split_wrong,3.0,last_observed_value
B0006,127.0,1.3259303781727643,1.3204441706481882,exponential,random_cycle_split_wrong,3.0,exponential
B0006,25.0,1.8683061328264219,1.878674213680085,last_observed_value,random_cycle_split_wrong,3.0,last_observed_value
B0006,25.0,1.8683061328264219,1.903888329494329,exponential,random_cycle_split_wrong,3.0,exponential
B0005,14.0,1.80210690024615,1.8025980036306504,last_observed_value,random_cycle_split_wrong,3.0,last_observed_value
B0005,14.0,1.80210690024615,1.8046422798082968,exponential,random_cycle_split_wrong,3.0,exponential
B0006,43.0,1.7337887419624838,1.7659390941842175,last_observed_value,random_cycle_split_wrong,3.0,last_observed_value
B0006,43.0,1.7337887419624838,1.7580440170443126,exponential,random_cycle_split_wrong,3.0,exponential
B0007,158.0,1.4163272748795108,1.4212633510031694,last_observed_value,random_cycle_split_wrong,3.0,last_observed_value
B0007,158.0,1.4163272748795108,1.4000224377132624,exponential,random_cycle_split_wrong,3.0,exponential
B0005,61.0,1.6745692479879102,1.6744741591159717,last_observed_value,random_cycle_split_wrong,3.0,last_observed_value
B0005,61.0,1.6745692479879102,1.7184937385864032,exponential,random_cycle_split_wrong,3.0,exponential
B0006,63.0,1.5829719744686166,1.5876273123575604,last_observed_value,random_cycle_split_wrong,3.0,last_observed_value
B0006,63.0,1.5829719744686166,1.6215044356154067,exponential,random_cycle_split_wrong,3.0,exponential
B0018,118.0,1.3462308764008801,1.3589854739373584,last_observed_value,random_cycle_split_wrong,3.0,last_observed_value
B0018,118.0,1.3462308764008801,1.350093180773062,exponential,random_cycle_split_wrong,3.0,exponential
B0006,42.0,1.7659390941842175,1.7546766553637203,last_observed_value,random_cycle_split_wrong,3.0,last_observed_value
B0006,42.0,1.7659390941842175,1.76391312690032,exponential,random_cycle_split_wrong,3.0,exponential
B0005,155.0,1.3132020634442203,1.3134751321324272,last_observed_value,random_cycle_split_wrong,3.0,last_observed_value
B0005,155.0,1.3132020634442203,1.2817375061413259,exponential,random_cycle_split_wrong,3.0,exponential
B0006,18.0,1.979626548250818,1.8675892574453767,last_observed_value,random_cycle_split_wrong,3.0,last_observed_value
B0006,18.0,1.979626548250818,1.8536650177102274,exponential,random_cycle_split_wrong,3.0,exponential
B0018,51.0,1.6257639928779952,1.6468336174407805,last_observed_value,random_cycle_split_wrong,3.0,last_observed_value
B0018,51.0,1.6257639928779952,1.6359848989921406,exponential,random_cycle_split_wrong,3.0,exponential
B0005,73.0,1.590369231400328,1.6015142233917594,last_observed_value,random_cycle_split_wrong,3.0,last_observed_value
B0005,73.0,1.590369231400328,1.650507265170063,exponential,random_cycle_split_wrong,3.0,exponential
B0018,98.0,1.3785651415666713,1.3893644292809475,last_observed_value,random_cycle_split_wrong,3.0,last_observed_value
B0018,98.0,1.3785651415666713,1.3827294773923882,exponential,random_cycle_split_wrong,3.0,exponential
B0007,39.0,1.8116056333939583,1.8113815601504555,last_observed_value,random_cycle_split_wrong,3.0,last_observed_value
B0007,39.0,1.8116056333939583,1.8352060888067285,exponential,random_cycle_split_wrong,3.0,exponential
B0006,152.0,1.2321202877943334,1.2479761706842853,last_observed_value,random_cycle_split_wrong,3.0,last_observed_value
B0006,152.0,1.2321202877943334,1.2453145634982752,exponential,random_cycle_split_wrong,3.0,exponential
B0005,67.0,1.6327350407099108,1.6378578430223698,last_observed_value,random_cycle_split_wrong,3.0,last_observed_value
B0005,67.0,1.6327350407099108,1.685666196878401,exponential,random_cycle_split_wrong,3.0,exponential
B0018,119.0,1.4268427818454643,1.3462308764008801,last_observed_value,random_cycle_split_wrong,3.0,last_observed_value
B0018,119.0,1.4268427818454643,1.3468387222732434,exponential,random_cycle_split_wrong,3.0,exponential
B0005,107.0,1.455023751906683,1.4541462067235693,last_observed_value,random_cycle_split_wrong,3.0,last_observed_value
B0005,107.0,1.455023751906683,1.4753533083053298,exponential,random_cycle_split_wrong,3.0,exponential
B0007,82.0,1.6108655863730026,1.61672418029789,last_observed_value,random_cycle_split_wrong,3.0,last_observed_value
B0007,82.0,1.6108655863730026,1.6426735609866228,exponential,random_cycle_split_wrong,3.0,exponential
B0005,105.0,1.4539012274845928,1.4697543268466824,last_observed_value,random_cycle_split_wrong,3.0,last_observed_value
B0005,105.0,1.4539012274845928,1.4853294092054057,exponential,random_cycle_split_wrong,3.0,exponential
B0007,136.0,1.472248013656454,1.4720772783056488,last_observed_value,random_cycle_split_wrong,3.0,last_observed_value
B0007,136.0,1.472248013656454,1.4519118477394386,exponential,random_cycle_split_wrong,3.0,exponential
B0007,52.0,1.7702629734732853,1.775328769596812,last_observed_value,random_cycle_split_wrong,3.0,last_observed_value
B0007,52.0,1.7702629734732853,1.7946250550845093,exponential,random_cycle_split_wrong,3.0,exponential
B0007,90.0,1.6157433862812898,1.6259938279733204,last_observed_value,random_cycle_split_wrong,3.0,last_observed_value
B0007,90.0,1.6157433862812898,1.6096652276464738,exponential,random_cycle_split_wrong,3.0,exponential
B0006,101.0,1.4207006230355006,1.420487649966195,last_observed_value,random_cycle_split_wrong,3.0,last_observed_value
B0006,101.0,1.4207006230355006,1.394885972108054,exponential,random_cycle_split_wrong,3.0,exponential
B0006,34.0,1.8134770059567056,1.8185396073994429,last_observed_value,random_cycle_split_wrong,3.0,last_observed_value
B0006,34.0,1.8134770059567056,1.8584036519135467,exponential,random_cycle_split_wrong,3.0,exponential
B0005,102.0,1.4960918298136696,1.4859035988304024,last_observed_value,random_cycle_split_wrong,3.0,last_observed_value
B0005,102.0,1.4960918298136696,1.4983811472843627,exponential,random_cycle_split_wrong,3.0,exponential
B0007,42.0,1.8062641938283535,1.8132041826994056,last_observed_value,random_cycle_split_wrong,3.0,last_observed_value
B0007,42.0,1.8062641938283535,1.825090513986936,exponential,random_cycle_split_wrong,3.0,exponential
B0018,52.0,1.6121577411874595,1.6257639928779952,last_observed_value,random_cycle_split_wrong,3.0,last_observed_value
B0018,52.0,1.6121577411874595,1.6333361830488635,exponential,random_cycle_split_wrong,3.0,exponential
B0007,5.0,1.8799352523566075,1.8807003517117404,last_observed_value,random_cycle_split_wrong,3.0,last_observed_value
B0007,5.0,1.8799352523566075,1.8766914822866703,exponential,random_cycle_split_wrong,3.0,exponential
B0006,120.0,1.378719022627353,1.4051467790651473,last_observed_value,random_cycle_split_wrong,3.0,last_observed_value
B0006,120.0,1.378719022627353,1.3383704310788564,exponential,random_cycle_split_wrong,3.0,exponential
B0005,136.0,1.3546417018378962,1.3543220466259964,last_observed_value,random_cycle_split_wrong,3.0,last_observed_value
B0005,136.0,1.3546417018378962,1.3494669207111656,exponential,random_cycle_split_wrong,3.0,exponential
B0005,91.0,1.5323755631868592,1.5480915247767786,last_observed_value,random_cycle_split_wrong,3.0,last_observed_value
B0005,91.0,1.5323755631868592,1.552035319743709,exponential,random_cycle_split_wrong,3.0,exponential
B0018,55.0,1.6404348572349936,1.673645314879889,last_observed_value,random_cycle_split_wrong,3.0,last_observed_value
B0018,55.0,1.6404348572349936,1.6285407176878461,exponential,random_cycle_split_wrong,3.0,exponential
B0005,106.0,1.4541462067235693,1.4539012274845928,last_observed_value,random_cycle_split_wrong,3.0,last_observed_value
B0005,106.0,1.4541462067235693,1.4802458000185652,exponential,random_cycle_split_wrong,3.0,exponential
B0005,137.0,1.3547039213192407,1.3546417018378962,last_observed_value,random_cycle_split_wrong,3.0,last_observed_value
B0005,137.0,1.3547039213192407,1.3455626967443095,exponential,random_cycle_split_wrong,3.0,exponential
B0005,27.0,1.802765665167823,1.813969388710352,last_observed_value,random_cycle_split_wrong,3.0,last_observed_value
B0005,27.0,1.802765665167823,1.8129297968970377,exponential,random_cycle_split_wrong,3.0,exponential
B0018,0.0,1.8431955317089987,1.8550045207910817,last_observed_value,random_cycle_split_wrong,3.0,last_observed_value
B0018,0.0,1.8431955317089987,1.8550045207910817,exponential,random_cycle_split_wrong,3.0,fallback_last_observed
B0005,124.0,1.391284788852726,1.3967008232726328,last_observed_value,random_cycle_split_wrong,3.0,last_observed_value
B0005,124.0,1.391284788852726,1.398740115469991,exponential,random_cycle_split_wrong,3.0,exponential
B0005,127.0,1.3752364150256224,1.3804366761974138,last_observed_value,random_cycle_split_wrong,3.0,last_observed_value
B0005,127.0,1.3752364150256224,1.3857858860355918,exponential,random_cycle_split_wrong,3.0,exponential
B0006,21.0,1.9242461121680094,1.9458150170787551,last_observed_value,random_cycle_split_wrong,3.0,last_observed_value
B0006,21.0,1.9242461121680094,1.9043994125363166,exponential,random_cycle_split_wrong,3.0,exponential
B0006,155.0,1.211102678915174,1.2217397581377356,last_observed_value,random_cycle_split_wrong,3.0,last_observed_value
B0006,155.0,1.211102678915174,1.2346577677119281,exponential,random_cycle_split_wrong,3.0,exponential
B0005,123.0,1.3967008232726328,1.4012037783587625,last_observed_value,random_cycle_split_wrong,3.0,last_observed_value
B0005,123.0,1.3967008232726328,1.402990624058475,exponential,random_cycle_split_wrong,3.0,exponential
B0006,102.0,1.452255804330839,1.4207006230355006,last_observed_value,random_cycle_split_wrong,3.0,last_observed_value
B0006,102.0,1.452255804330839,1.39149501763402,exponential,random_cycle_split_wrong,3.0,exponential
B0006,10.0,1.9347505044841131,1.9455991514129352,last_observed_value,random_cycle_split_wrong,3.0,last_observed_value
B0006,10.0,1.9347505044841131,1.9450106282480704,exponential,random_cycle_split_wrong,3.0,exponential
B0006,136.0,1.3004061951355774,1.30521620229393,last_observed_value,random_cycle_split_wrong,3.0,last_observed_value
B0006,136.0,1.3004061951355774,1.2953784425891706,exponential,random_cycle_split_wrong,3.0,exponential
B0006,57.0,1.6401349256190927,1.651121015038069,last_observed_value,random_cycle_split_wrong,3.0,last_observed_value
B0006,57.0,1.6401349256190927,1.6748147346125961,exponential,random_cycle_split_wrong,3.0,exponential
B0007,91.0,1.6056626764846538,1.6157433862812898,last_observed_value,random_cycle_split_wrong,3.0,last_observed_value
B0007,91.0,1.6056626764846538,1.6063971798250805,exponential,random_cycle_split_wrong,3.0,exponential
B0018,49.0,1.6664109274827466,1.6606586897774192,last_observed_value,random_cycle_split_wrong,4.0,last_observed_value
B0018,49.0,1.6664109274827466,1.635331446629996,exponential,random_cycle_split_wrong,4.0,exponential
B0006,81.0,1.473214844899973,1.478459982215684,last_observed_value,random_cycle_split_wrong,4.0,last_observed_value
B0006,81.0,1.473214844899973,1.4723054167056944,exponential,random_cycle_split_wrong,4.0,exponential
B0007,125.0,1.492848534633516,1.4978220596995881,last_observed_value,random_cycle_split_wrong,4.0,last_observed_value
B0007,125.0,1.492848534633516,1.4857339126749594,exponential,random_cycle_split_wrong,4.0,exponential
B0007,99.0,1.565249873909438,1.5702565375950357,last_observed_value,random_cycle_split_wrong,4.0,last_observed_value
B0007,99.0,1.565249873909438,1.5751236684072865,exponential,random_cycle_split_wrong,4.0,exponential
B0007,55.0,1.749650075059311,1.749647593537689,last_observed_value,random_cycle_split_wrong,4.0,last_observed_value
B0007,55.0,1.749650075059311,1.7821143155089203,exponential,random_cycle_split_wrong,4.0,exponential
B0007,156.0,1.4260877528924913,1.4262562585106868,last_observed_value,random_cycle_split_wrong,4.0,last_observed_value
B0007,156.0,1.4260877528924913,1.4039948861072173,exponential,random_cycle_split_wrong,4.0,exponential
B0018,125.0,1.3686586323935683,1.3796951665608619,last_observed_value,random_cycle_split_wrong,4.0,last_observed_value
B0018,125.0,1.3686586323935683,1.3465624846405164,exponential,random_cycle_split_wrong,4.0,exponential
B0018,95.0,1.3968547782872414,1.4084461071166137,last_observed_value,random_cycle_split_wrong,4.0,last_observed_value
B0018,95.0,1.3968547782872414,1.3964784040142604,exponential,random_cycle_split_wrong,4.0,exponential
B0006,8.0,1.9572307917560536,1.9681661764334244,last_observed_value,random_cycle_split_wrong,4.0,last_observed_value
B0006,8.0,1.9572307917560536,1.969272230744366,exponential,random_cycle_split_wrong,4.0,exponential
B0006,153.0,1.2271137666213534,1.2321202877943334,last_observed_value,random_cycle_split_wrong,4.0,last_observed_value
B0006,153.0,1.2271137666213534,1.2418200729492002,exponential,random_cycle_split_wrong,4.0,exponential
B0006,95.0,1.4518364681062514,1.4627604396099307,last_observed_value,random_cycle_split_wrong,4.0,last_observed_value
B0006,95.0,1.4518364681062514,1.4147922510495732,exponential,random_cycle_split_wrong,4.0,exponential
B0005,70.0,1.6113256603765849,1.622125485521159,last_observed_value,random_cycle_split_wrong,4.0,last_observed_value
B0005,70.0,1.6113256603765849,1.6684812484727445,exponential,random_cycle_split_wrong,4.0,exponential
B0006,140.0,1.2792078171714618,1.279253057384795,last_observed_value,random_cycle_split_wrong,4.0,last_observed_value
B0006,140.0,1.2792078171714618,1.2828157427471596,exponential,random_cycle_split_wrong,4.0,exponential
B0018,75.0,1.4735077809902477,1.4807376792294196,last_observed_value,random_cycle_split_wrong,4.0,last_observed_value
B0018,75.0,1.4735077809902477,1.4974437667004592,exponential,random_cycle_split_wrong,4.0,exponential
B0006,150.0,1.2635402021758835,1.2898048773266901,last_observed_value,random_cycle_split_wrong,4.0,last_observed_value
B0006,150.0,1.2635402021758835,1.2506490198102629,exponential,random_cycle_split_wrong,4.0,exponential
B0006,61.0,1.5989712144027983,1.6035244898969248,last_observed_value,random_cycle_split_wrong,4.0,last_observed_value
B0006,61.0,1.5989712144027983,1.6393915645189736,exponential,random_cycle_split_wrong,4.0,exponential
B0005,67.0,1.6327350407099108,1.6378578430223698,last_observed_value,random_cycle_split_wrong,4.0,last_observed_value
B0005,67.0,1.6327350407099108,1.685666196878401,exponential,random_cycle_split_wrong,4.0,exponential
B0007,127.0,1.487482776538081,1.492414389867026,last_observed_value,random_cycle_split_wrong,4.0,last_observed_value
B0007,127.0,1.487482776538081,1.4792256051500772,exponential,random_cycle_split_wrong,4.0,exponential
B0005,106.0,1.4541462067235693,1.4539012274845928,last_observed_value,random_cycle_split_wrong,4.0,last_observed_value
B0005,106.0,1.4541462067235693,1.4802458000185652,exponential,random_cycle_split_wrong,4.0,exponential
B0006,93.0,1.4729664825468278,1.4831110745410492,last_observed_value,random_cycle_split_wrong,4.0,last_observed_value
B0006,93.0,1.4729664825468278,1.4186249658829295,exponential,random_cycle_split_wrong,4.0,exponential
B0018,113.0,1.3860271454209647,1.390046129540245,last_observed_value,random_cycle_split_wrong,4.0,last_observed_value
B0018,113.0,1.3860271454209647,1.3598536763217357,exponential,random_cycle_split_wrong,4.0,exponential
B0005,65.0,1.642653782130131,1.6538540573335014,last_observed_value,random_cycle_split_wrong,4.0,last_observed_value
B0005,65.0,1.642653782130131,1.6971937406917732,exponential,random_cycle_split_wrong,4.0,exponential
B0018,53.0,1.6057366823755344,1.6121577411874595,last_observed_value,random_cycle_split_wrong,4.0,last_observed_value
B0018,53.0,1.6057366823755344,1.62962038232615,exponential,random_cycle_split_wrong,4.0,exponential
B0018,85.0,1.4525819651050202,1.4698115324524124,last_observed_value,random_cycle_split_wrong,4.0,last_observed_value
B0018,85.0,1.4525819651050202,1.440269894676021,exponential,random_cycle_split_wrong,4.0,exponential
B0005,53.0,1.7263217239235826,1.7364225056478186,last_observed_value,random_cycle_split_wrong,4.0,last_observed_value
B0005,53.0,1.7263217239235826,1.7549939874897973,exponential,random_cycle_split_wrong,4.0,exponential
B0006,121.0,1.3682657783199066,1.378719022627353,last_observed_value,random_cycle_split_wrong,4.0,last_observed_value
B0006,121.0,1.3682657783199066,1.3367519444149216,exponential,random_cycle_split_wrong,4.0,exponential
B0006,133.0,1.3260128072353616,1.3474328767273906,last_observed_value,random_cycle_split_wrong,4.0,last_observed_value
B0006,133.0,1.3260128072353616,1.3034072942435548,exponential,random_cycle_split_wrong,4.0,exponential
B0018,37.0,1.6140066510467586,1.62215370227252,last_observed_value,random_cycle_split_wrong,4.0,last_observed_value
B0018,37.0,1.6140066510467586,1.631232426136421,exponential,random_cycle_split_wrong,4.0,exponential
B0005,76.0,1.5955263892495937,1.5849430707374117,last_observed_value,random_cycle_split_wrong,4.0,last_observed_value
B0005,76.0,1.5955263892495937,1.6321440956778588,exponential,random_cycle_split_wrong,4.0,exponential
B0007,138.0,1.4617672495335379,1.4670106672274665,last_observed_value,random_cycle_split_wrong,4.0,last_observed_value
B0007,138.0,1.4617672495335379,1.4460793536391066,exponential,random_cycle_split_wrong,4.0,exponential
B0007,28.0,1.849201702126164,1.8481398178778288,last_observed_value,random_cycle_split_wrong,4.0,last_observed_value
B0007,28.0,1.849201702126164,1.8564427396815262,exponential,random_cycle_split_wrong,4.0,exponential
B0006,13.0,1.9010667141979305,1.911889930948487,last_observed_value,random_cycle_split_wrong,4.0,last_observed_value
B0006,13.0,1.9010667141979305,1.9093666319012073,exponential,random_cycle_split_wrong,4.0,exponential
B0018,43.0,1.5954638693695657,1.6109028378249377,last_observed_value,random_cycle_split_wrong,4.0,last_observed_value
B0018,43.0,1.5954638693695657,1.6049863061118508,exponential,random_cycle_split_wrong,4.0,exponential
B0007,5.0,1.8799352523566075,1.8807003517117404,last_observed_value,random_cycle_split_wrong,4.0,last_observed_value
B0007,5.0,1.8799352523566075,1.8766914822866703,exponential,random_cycle_split_wrong,4.0,exponential
B0018,28.0,1.6940366439243106,1.699267835126687,last_observed_value,random_cycle_split_wrong,4.0,last_observed_value
B0018,28.0,1.6940366439243106,1.6932578860074727,exponential,random_cycle_split_wrong,4.0,exponential
B0005,8.0,1.824613268496936,1.8247738529891333,last_observed_value,random_cycle_split_wrong,4.0,last_observed_value
B0005,8.0,1.824613268496936,1.8208857358836212,exponential,random_cycle_split_wrong,4.0,exponential
B0007,104.0,1.559755497470126,1.5652811168780458,last_observed_value,random_cycle_split_wrong,4.0,last_observed_value
B0007,104.0,1.559755497470126,1.5569535238660137,exponential,random_cycle_split_wrong,4.0,exponential
B0007,22.0,1.8701995151941375,1.8710089649779995,last_observed_value,random_cycle_split_wrong,4.0,last_observed_value
B0007,22.0,1.8701995151941375,1.8593259863621086,exponential,random_cycle_split_wrong,4.0,exponential
B0006,69.0,1.5301570318067428,1.5253138744624433,last_observed_value,random_cycle_split_wrong,4.0,last_observed_value
B0006,69.0,1.5301570318067428,1.5665053814370822,exponential,random_cycle_split_wrong,4.0,exponential
B0006,2.0,2.0132846655407413,2.013326371345464,last_observed_value,random_cycle_split_wrong,4.0,last_observed_value
B0006,2.0,2.0132846655407413,2.013326371345464,exponential,random_cycle_split_wrong,4.0,fallback_last_observed
B0006,119.0,1.4051467790651473,1.3841605738237488,last_observed_value,random_cycle_split_wrong,4.0,last_observed_value
B0006,119.0,1.4051467790651473,1.3385006940451105,exponential,random_cycle_split_wrong,4.0,exponential
B0007,108.0,1.5445940154102908,1.5450187488690073,last_observed_value,random_cycle_split_wrong,4.0,last_observed_value
B0007,108.0,1.5445940154102908,1.5423809875205734,exponential,random_cycle_split_wrong,4.0,exponential
B0005,31.0,1.8199041089501267,1.8307038456739428,last_observed_value,random_cycle_split_wrong,4.0,last_observed_value
B0005,31.0,1.8199041089501267,1.8151017008126757,exponential,random_cycle_split_wrong,4.0,exponential
B0018,21.0,1.711469957068211,1.7085949894470602,last_observed_value,random_cycle_split_wrong,4.0,last_observed_value
B0018,21.0,1.711469957068211,1.7246794859147485,exponential,random_cycle_split_wrong,4.0,exponential
B0018,88.0,1.4154547844370715,1.428376058807949,last_observed_value,random_cycle_split_wrong,4.0,last_observed_value
B0018,88.0,1.4154547844370715,1.4269426419239153,exponential,random_cycle_split_wrong,4.0,exponential
B0007,72.0,1.652538684928734,1.6574243065763063,last_observed_value,random_cycle_split_wrong,4.0,last_observed_value
B0007,72.0,1.652538684928734,1.695502271368241,exponential,random_cycle_split_wrong,4.0,exponential
B0018,111.0,1.3953322584033976,1.3989331662177225,last_observed_value,random_cycle_split_wrong,4.0,last_observed_value
B0018,111.0,1.3953322584033976,1.3623751462179108,exponential,random_cycle_split_wrong,4.0,exponential
B0005,159.0,1.3034100438655642,1.3033573559038205,last_observed_value,random_cycle_split_wrong,4.0,last_observed_value
B0005,159.0,1.3034100438655642,1.268931477635988,exponential,random_cycle_split_wrong,4.0,exponential
B0005,80.0,1.5594815668184234,1.5597659473370362,last_observed_value,random_cycle_split_wrong,4.0,last_observed_value
B0005,80.0,1.5594815668184234,1.6089372434105371,exponential,random_cycle_split_wrong,4.0,exponential
B0006,122.0,1.3573151296618016,1.3682657783199066,last_observed_value,random_cycle_split_wrong,4.0,last_observed_value
B0006,122.0,1.3573151296618016,1.3346720856506624,exponential,random_cycle_split_wrong,4.0,exponential
B0007,15.0,1.847817291322145,1.8587355450601035,last_observed_value,random_cycle_split_wrong,4.0,last_observed_value
B0007,15.0,1.847817291322145,1.8546716675930952,exponential,random_cycle_split_wrong,4.0,exponential
B0006,12.0,1.911889930948487,1.9232799539368028,last_observed_value,random_cycle_split_wrong,4.0,last_observed_value
B0006,12.0,1.911889930948487,1.9212239756496388,exponential,random_cycle_split_wrong,4.0,exponential
B0006,57.0,1.6401349256190927,1.651121015038069,last_observed_value,random_cycle_split_wrong,4.0,last_observed_value
B0006,57.0,1.6401349256190927,1.6748147346125961,exponential,random_cycle_split_wrong,4.0,exponential
B0006,100.0,1.420487649966195,1.4260247179525716,last_observed_value,random_cycle_split_wrong,4.0,last_observed_value
B0006,100.0,1.420487649966195,1.3986260723894328,exponential,random_cycle_split_wrong,4.0,exponential
B0007,129.0,1.4827874322228984,1.482535148640411,last_observed_value,random_cycle_split_wrong,4.0,last_observed_value
B0007,129.0,1.4827874322228984,1.472645447843206,exponential,random_cycle_split_wrong,4.0,exponential
B0005,11.0,1.8137521577549054,1.8142019357673917,last_observed_value,random_cycle_split_wrong,4.0,last_observed_value
B0005,11.0,1.8137521577549054,1.8142064217787066,exponential,random_cycle_split_wrong,4.0,exponential
B0005,33.0,1.80460990458052,1.8093079637028517,last_observed_value,random_cycle_split_wrong,4.0,last_observed_value
B0005,33.0,1.80460990458052,1.8139289486157537,exponential,random_cycle_split_wrong,4.0,exponential
B0005,66.0,1.6378578430223698,1.642653782130131,last_observed_value,random_cycle_split_wrong,4.0,last_observed_value
B0005,66.0,1.6378578430223698,1.6914097579776808,exponential,random_cycle_split_wrong,4.0,exponential
B0007,42.0,1.8062641938283535,1.8132041826994056,last_observed_value,random_cycle_split_wrong,4.0,last_observed_value
B0007,42.0,1.8062641938283535,1.825090513986936,exponential,random_cycle_split_wrong,4.0,exponential
B0006,107.0,1.395164296571563,1.404917318129309,last_observed_value,random_cycle_split_wrong,4.0,last_observed_value
B0006,107.0,1.395164296571563,1.3790960891788764,exponential,random_cycle_split_wrong,4.0,exponential
B0006,80.0,1.478459982215684,1.4782779285546637,last_observed_value,random_cycle_split_wrong,4.0,last_observed_value
B0006,80.0,1.478459982215684,1.4793256359093903,exponential,random_cycle_split_wrong,4.0,exponential
B0005,157.0,1.3030329186405918,1.3077959946944353,last_observed_value,random_cycle_split_wrong,4.0,last_observed_value
B0005,157.0,1.3030329186405918,1.275352770958989,exponential,random_cycle_split_wrong,4.0,exponential
B0018,123.0,1.3701878338420928,1.3882493512249316,last_observed_value,random_cycle_split_wrong,4.0,last_observed_value
B0018,123.0,1.3701878338420928,1.3487116138963096,exponential,random_cycle_split_wrong,4.0,exponential
B0007,76.0,1.641119179218384,1.6362554312048496,last_observed_value,random_cycle_split_wrong,4.0,last_observed_value
B0007,76.0,1.641119179218384,1.6736371381941808,exponential,random_cycle_split_wrong,4.0,exponential
B0007,61.0,1.7139701997004613,1.7139788776485192,last_observed_value,random_cycle_split_wrong,4.0,last_observed_value
B0007,61.0,1.7139701997004613,1.7537877162749282,exponential,random_cycle_split_wrong,4.0,exponential
B0006,103.0,1.431557632772571,1.452255804330839,last_observed_value,random_cycle_split_wrong,4.0,last_observed_value
B0006,103.0,1.431557632772571,1.3907424585602615,exponential,random_cycle_split_wrong,4.0,exponential
B0007,96.0,1.5752185465278068,1.5799737147242376,last_observed_value,random_cycle_split_wrong,4.0,last_observed_value
B0007,96.0,1.5752185465278068,1.5871576458034724,exponential,random_cycle_split_wrong,4.0,exponential
B0006,161.0,1.1745952836753915,1.1796706818144624,last_observed_value,random_cycle_split_wrong,4.0,last_observed_value
B0006,161.0,1.1745952836753915,1.2098279736195234,exponential,random_cycle_split_wrong,4.0,exponential
B0007,44.0,1.7858852600390451,1.7958310249900458,last_observed_value,random_cycle_split_wrong,4.0,last_observed_value
B0007,44.0,1.7858852600390451,1.8180690449985661,exponential,random_cycle_split_wrong,4.0,exponential
B0005,113.0,1.4229203181741186,1.42806487344776,last_observed_value,random_cycle_split_wrong,4.0,last_observed_value
B0005,113.0,1.4229203181741186,1.4464348118367525,exponential,random_cycle_split_wrong,4.0,exponential
B0007,130.0,1.476971179775059,1.4827874322228984,last_observed_value,random_cycle_split_wrong,4.0,last_observed_value
B0007,130.0,1.476971179775059,1.4694394039534018,exponential,random_cycle_split_wrong,4.0,exponential
B0007,23.0,1.8706715362800985,1.8701995151941375,last_observed_value,random_cycle_split_wrong,4.0,last_observed_value
B0007,23.0,1.8706715362800985,1.8602158646202582,exponential,random_cycle_split_wrong,4.0,exponential
B0018,27.0,1.699267835126687,1.711846298984729,last_observed_value,random_cycle_split_wrong,4.0,last_observed_value
B0018,27.0,1.699267835126687,1.7008632018140268,exponential,random_cycle_split_wrong,4.0,exponential
B0007,14.0,1.8587355450601035,1.8593622586957048,last_observed_value,random_cycle_split_wrong,4.0,last_observed_value
B0007,14.0,1.8587355450601035,1.8561906680782272,exponential,random_cycle_split_wrong,4.0,exponential
B0005,75.0,1.5849430707374117,1.5857889968242211,last_observed_value,random_cycle_split_wrong,4.0,last_observed_value
B0005,75.0,1.5849430707374117,1.6380730281671276,exponential,random_cycle_split_wrong,4.0,exponential
B0007,68.0,1.6732060275966172,1.6779270142025482,last_observed_value,random_cycle_split_wrong,4.0,last_observed_value
B0007,68.0,1.6732060275966172,1.7170412151849632,exponential,random_cycle_split_wrong,4.0,exponential
B0007,98.0,1.5702565375950357,1.569798484648868,last_observed_value,random_cycle_split_wrong,4.0,last_observed_value
B0007,98.0,1.5702565375950357,1.579037211761488,exponential,random_cycle_split_wrong,4.0,exponential
B0018,34.0,1.6387701497987262,1.6482241555294048,last_observed_value,random_cycle_split_wrong,4.0,last_observed_value
B0018,34.0,1.6387701497987262,1.6543566314306304,exponential,random_cycle_split_wrong,4.0,exponential
B0005,124.0,1.391284788852726,1.3967008232726328,last_observed_value,random_cycle_split_wrong,4.0,last_observed_value
B0005,124.0,1.391284788852726,1.398740115469991,exponential,random_cycle_split_wrong,4.0,exponential
B0005,83.0,1.538236598942558,1.5488741079890418,last_observed_value,random_cycle_split_wrong,4.0,last_observed_value
B0005,83.0,1.538236598942558,1.5915297972176177,exponential,random_cycle_split_wrong,4.0,exponential
B0007,50.0,1.780343032300132,1.7904476205609308,last_observed_value,random_cycle_split_wrong,4.0,last_observed_value
B0007,50.0,1.780343032300132,1.8016146362065228,exponential,random_cycle_split_wrong,4.0,exponential
B0007,121.0,1.5135813035589147,1.5236247972838737,last_observed_value,random_cycle_split_wrong,4.0,last_observed_value
B0007,121.0,1.5135813035589147,1.4983533458353122,exponential,random_cycle_split_wrong,4.0,exponential
B0005,89.0,1.5638491446744425,1.605818899130659,last_observed_value,random_cycle_split_wrong,4.0,last_observed_value
B0005,89.0,1.5638491446744425,1.5596056641561518,exponential,random_cycle_split_wrong,4.0,exponential
B0007,29.0,1.8834677437950846,1.849201702126164,last_observed_value,random_cycle_split_wrong,4.0,last_observed_value
B0007,29.0,1.8834677437950846,1.8605553880454442,exponential,random_cycle_split_wrong,4.0,exponential
B0018,72.0,1.492417671450291,1.5011920994261239,last_observed_value,random_cycle_split_wrong,4.0,last_observed_value
B0018,72.0,1.492417671450291,1.5202055711541158,exponential,random_cycle_split_wrong,4.0,exponential
B0007,94.0,1.5853517062988178,1.5904102438871945,last_observed_value,random_cycle_split_wrong,4.0,last_observed_value
B0007,94.0,1.5853517062988178,1.5950984303076439,exponential,random_cycle_split_wrong,4.0,exponential
B0006,113.0,1.3737600299108574,1.3786059891863676,last_observed_value,random_cycle_split_wrong,4.0,last_observed_value
B0006,113.0,1.3737600299108574,1.3577188993904385,exponential,random_cycle_split_wrong,4.0,exponential
B0007,137.0,1.4670106672274665,1.472248013656454,last_observed_value,random_cycle_split_wrong,4.0,last_observed_value
B0007,137.0,1.4670106672274665,1.449028595562595,exponential,random_cycle_split_wrong,4.0,exponential
B0006,3.0,2.000528337624771,2.0132846655407413,last_observed_value,random_cycle_split_wrong,4.0,last_observed_value
B0006,3.0,2.000528337624771,2.009655644077038,exponential,random_cycle_split_wrong,4.0,exponential
B0005,68.0,1.6277528915533617,1.6327350407099108,last_observed_value,random_cycle_split_wrong,4.0,last_observed_value
B0005,68.0,1.6277528915533617,1.6799269139836497,exponential,random_cycle_split_wrong,4.0,exponential
B0005,153.0,1.318633896753293,1.3236741274998955,last_observed_value,random_cycle_split_wrong,4.0,last_observed_value
B0005,153.0,1.318633896753293,1.2881773907538445,exponential,random_cycle_split_wrong,4.0,exponential
B0007,106.0,1.5438771531345021,1.549897685670499,last_observed_value,random_cycle_split_wrong,4.0,last_observed_value
B0007,106.0,1.5438771531345021,1.549784345067792,exponential,random_cycle_split_wrong,4.0,exponential
B0005,104.0,1.4697543268466824,1.4808005946928984,last_observed_value,random_cycle_split_wrong,4.0,last_observed_value
B0005,104.0,1.4697543268466824,1.4899915113369389,exponential,random_cycle_split_wrong,4.0,exponential
B0007,47.0,1.8157025154845838,1.8150756899575577,last_observed_value,random_cycle_split_wrong,4.0,last_observed_value
B0007,47.0,1.8157025154845838,1.8078589053352516,exponential,random_cycle_split_wrong,4.0,exponential
B0018,99.0,1.384901110085747,1.3785651415666713,last_observed_value,random_cycle_split_wrong,4.0,last_observed_value
B0018,99.0,1.384901110085747,1.3779115039469616,exponential,random_cycle_split_wrong,4.0,exponential
B0018,67.0,1.5014219556532926,1.5065267126851283,last_observed_value,random_cycle_split_wrong,4.0,last_observed_value
B0018,67.0,1.5014219556532926,1.5559609079122663,exponential,random_cycle_split_wrong,4.0,exponential
B0005,139.0,1.3441891937970554,1.349314997503458,last_observed_value,random_cycle_split_wrong,4.0,last_observed_value
B0005,139.0,1.3441891937970554,1.3379327977354478,exponential,random_cycle_split_wrong,4.0,exponential
B0005,164.0,1.2874525221379407,1.288003392619118,last_observed_value,random_cycle_split_wrong,4.0,last_observed_value
B0005,164.0,1.2874525221379407,1.2534486977422148,exponential,random_cycle_split_wrong,4.0,exponential
B0006,87.0,1.4416741930284678,1.4468538105659885,last_observed_value,random_cycle_split_wrong,4.0,last_observed_value
B0006,87.0,1.4416741930284678,1.4308421344071576,exponential,random_cycle_split_wrong,4.0,exponential
B0005,120.0,1.4173547174485526,1.4382550176792908,last_observed_value,random_cycle_split_wrong,4.0,last_observed_value
B0005,120.0,1.4173547174485526,1.415393388278062,exponential,random_cycle_split_wrong,4.0,exponential
B0005,108.0,1.449042163761236,1.455023751906683,last_observed_value,random_cycle_split_wrong,4.0,last_observed_value
B0005,108.0,1.449042163761236,1.4706658937298016,exponential,random_cycle_split_wrong,4.0,exponential
B0006,70.0,1.5246566834474087,1.5301570318067428,last_observed_value,random_cycle_split_wrong,4.0,last_observed_value
B0006,70.0,1.5246566834474087,1.5576981374010757,exponential,random_cycle_split_wrong,4.0,exponential
B0018,93.0,1.405680035419228,1.4155606630306516,last_observed_value,random_cycle_split_wrong,4.0,last_observed_value
B0018,93.0,1.405680035419228,1.4054445928445602,exponential,random_cycle_split_wrong,4.0,exponential
B0005,146.0,1.3184664436640334,1.3181691588445197,last_observed_value,random_cycle_split_wrong,4.0,last_observed_value
B0005,146.0,1.3184664436640334,1.31079072155444,exponential,random_cycle_split_wrong,4.0,exponential
B0005,3.0,1.8346455082120419,1.8352625275821128,last_observed_value,random_cycle_split_wrong,4.0,last_observed_value
B0005,3.0,1.8346455082120419,1.824692009994564,exponential,random_cycle_split_wrong,4.0,exponential
B0018,24.0,1.7327697147429955,1.7492382064360228,last_observed_value,random_cycle_split_wrong,4.0,last_observed_value
B0018,24.0,1.7327697147429955,1.7087894752375519,exponential,random_cycle_split_wrong,4.0,exponential
B0006,149.0,1.2898048773266901,1.2534354284944844,last_observed_value,random_cycle_split_wrong,4.0,last_observed_value
B0006,149.0,1.2898048773266901,1.2519546851360572,exponential,random_cycle_split_wrong,4.0,exponential
B0018,58.0,1.5866011820698824,1.5920964324686278,last_observed_value,random_cycle_split_wrong,4.0,last_observed_value
B0018,58.0,1.5866011820698824,1.6210617397478573,exponential,random_cycle_split_wrong,4.0,exponential
B0005,74.0,1.5857889968242211,1.590369231400328,last_observed_value,random_cycle_split_wrong,4.0,last_observed_value
B0005,74.0,1.5857889968242211,1.6442569182606803,exponential,random_cycle_split_wrong,4.0,exponential
B0005,158.0,1.3033573559038205,1.3030329186405918,last_observed_value,random_cycle_split_wrong,4.0,last_observed_value
B0005,158.0,1.3033573559038205,1.2721016492178023,exponential,random_cycle_split_wrong,4.0,exponential
B0018,7.0,1.8042980520967649,1.8151700106433282,last_observed_value,random_cycle_split_wrong,4.0,last_observed_value
B0018,7.0,1.8042980520967649,1.810756935800967,exponential,random_cycle_split_wrong,4.0,exponential
B0018,126.0,1.3627371779096438,1.3686586323935683,last_observed_value,random_cycle_split_wrong,4.0,last_observed_value
B0018,126.0,1.3627371779096438,1.3452755158681642,exponential,random_cycle_split_wrong,4.0,exponential
B0007,63.0,1.7040137474382486,1.7036521173638766,last_observed_value,random_cycle_split_wrong,4.0,last_observed_value
B0007,63.0,1.7040137474382486,1.7435024646114243,exponential,random_cycle_split_wrong,4.0,exponential
B0007,118.0,1.5339599193158786,1.5139470614867965,last_observed_value,random_cycle_split_wrong,4.0,last_observed_value
B0007,118.0,1.5339599193158786,1.50621815818522,exponential,random_cycle_split_wrong,4.0,exponential
B0005,163.0,1.288003392619118,1.293463613844243,last_observed_value,random_cycle_split_wrong,4.0,last_observed_value
B0005,163.0,1.288003392619118,1.2565796540020528,exponential,random_cycle_split_wrong,4.0,exponential
B0006,101.0,1.4207006230355006,1.420487649966195,last_observed_value,random_cycle_split_wrong,4.0,last_observed_value
B0006,101.0,1.4207006230355006,1.394885972108054,exponential,random_cycle_split_wrong,4.0,exponential
B0007,162.0,1.4061714290398801,1.4109949628347804,last_observed_value,random_cycle_split_wrong,4.0,last_observed_value
B0007,162.0,1.4061714290398801,1.3915257298623716,exponential,random_cycle_split_wrong,4.0,exponential
B0007,83.0,1.6006603374309376,1.6108655863730026,last_observed_value,random_cycle_split_wrong,4.0,last_observed_value
B0007,83.0,1.6006603374309376,1.6377231087476503,exponential,random_cycle_split_wrong,4.0,exponential
B0005,138.0,1.349314997503458,1.3547039213192407,last_observed_value,random_cycle_split_wrong,4.0,last_observed_value
B0005,138.0,1.349314997503458,1.3417688301015005,exponential,random_cycle_split_wrong,4.0,exponential
B0006,109.0,1.3893171179312644,1.3945343832614077,last_observed_value,random_cycle_split_wrong,4.0,last_observed_value
B0006,109.0,1.3893171179312644,1.372054160182839,exponential,random_cycle_split_wrong,4.0,exponential
B0018,39.0,1.649300642552199,1.6760516154424623,last_observed_value,random_cycle_split_wrong,4.0,last_observed_value
B0018,39.0,1.649300642552199,1.6226735808211856,exponential,random_cycle_split_wrong,4.0,exponential
B0006,22.0,1.9459811331421641,1.9242461121680094,last_observed_value,random_cycle_split_wrong,4.0,last_observed_value
B0006,22.0,1.9459811331421641,1.906269536713941,exponential,random_cycle_split_wrong,4.0,exponential
B0018,124.0,1.3796951665608619,1.3701878338420928,last_observed_value,random_cycle_split_wrong,4.0,last_observed_value
B0018,124.0,1.3796951665608619,1.3473198059419298,exponential,random_cycle_split_wrong,4.0,exponential
B0006,29.0,1.9247760889090635,1.857228890885317,last_observed_value,random_cycle_split_wrong,4.0,last_observed_value
B0006,29.0,1.9247760889090635,1.874714034336816,exponential,random_cycle_split_wrong,4.0,exponential
B0006,36.0,1.7810046294120476,1.7971018450305436,last_observed_value,random_cycle_split_wrong,4.0,last_observed_value
B0006,36.0,1.7810046294120476,1.8339545291997463,exponential,random_cycle_split_wrong,4.0,exponential
B0005,72.0,1.6015142233917594,1.6065631397488385,last_observed_value,random_cycle_split_wrong,4.0,last_observed_value
B0005,72.0,1.6015142233917594,1.6564624367097167,exponential,random_cycle_split_wrong,4.0,exponential
B0006,59.0,1.6088496302961666,1.6291999416165441,last_observed_value,random_cycle_split_wrong,4.0,last_observed_value
B0006,59.0,1.6088496302961666,1.6578750343654747,exponential,random_cycle_split_wrong,4.0,exponential
