battery_id,discharge_cycle_index,actual_next_capacity,actual_binary_label,approach,condition,predicted_probability,predicted_next_capacity,predicted_binary_label
B0005,0.0,1.846327249719927,0,direct_classification,direct_svc_threshold_0.5,0.014488480822266524,,0
B0005,1.0,1.8353491942234077,0,direct_classification,direct_svc_threshold_0.5,0.01381265612372688,,0
B0005,2.0,1.8352625275821128,0,direct_classification,direct_svc_threshold_0.5,0.013050923992752112,,0
B0005,3.0,1.8346455082120419,0,direct_classification,direct_svc_threshold_0.5,0.012803549991100624,,0
B0005,4.0,1.8356616600675495,0,direct_classification,direct_svc_threshold_0.5,0.012526048500654917,,0
B0005,5.0,1.8351461429226603,0,direct_classification,direct_svc_threshold_0.5,0.012331600459829657,,0
B0005,6.0,1.8257567905665537,0,direct_classification,direct_svc_threshold_0.5,0.01205464020670823,,0
B0005,7.0,1.8247738529891333,0,direct_classification,direct_svc_threshold_0.5,0.011282134105080442,,0
B0005,8.0,1.824613268496936,0,direct_classification,direct_svc_threshold_0.5,0.010964700959369541,,0
B0005,9.0,1.8246195526864504,0,direct_classification,direct_svc_threshold_0.5,0.010692326998869689,,0
B0005,10.0,1.8142019357673917,0,direct_classification,direct_svc_threshold_0.5,0.010429193112907586,,0
B0005,11.0,1.8137521577549054,0,direct_classification,direct_svc_threshold_0.5,0.009551343729938846,,0
B0005,12.0,1.8134404914735822,0,direct_classification,direct_svc_threshold_0.5,0.009255543270859654,,0
B0005,13.0,1.8025980036306504,0,direct_classification,direct_svc_threshold_0.5,0.00896900741949487,,0
B0005,14.0,1.80210690024615,0,direct_classification,direct_svc_threshold_0.5,0.008059139832639487,,0
B0005,15.0,1.802579500826209,0,direct_classification,direct_svc_threshold_0.5,0.007764087634637297,,0
B0005,16.0,1.8030683142834096,0,direct_classification,direct_svc_threshold_0.5,0.0075288046160684125,,0
B0005,17.0,1.8027776247196041,0,direct_classification,direct_svc_threshold_0.5,0.007298038952310794,,0
B0005,18.0,1.8470259949329193,0,direct_classification,direct_svc_threshold_0.5,0.007025293732400554,,0
B0005,19.0,1.847417311283644,0,direct_classification,direct_svc_threshold_0.5,0.009527493709514808,,0
B0005,20.0,1.8361774213478947,0,direct_classification,direct_svc_threshold_0.5,0.009311514189216934,,0
B0005,21.0,1.8257807475776242,0,direct_classification,direct_svc_threshold_0.5,0.008340514663394333,,0
B0005,22.0,1.8251136435078368,0,direct_classification,direct_svc_threshold_0.5,0.007435069960226521,,0
B0005,23.0,1.8255815042203762,0,direct_classification,direct_svc_threshold_0.5,0.007154293910722813,,0
B0005,24.0,1.8140311275083907,0,direct_classification,direct_svc_threshold_0.5,0.006948593280578406,,0
B0005,25.0,1.8147691941158939,0,direct_classification,direct_svc_threshold_0.5,0.006012710066585959,,0
B0005,26.0,1.813969388710352,0,direct_classification,direct_svc_threshold_0.5,0.005833540511321004,,0
B0005,27.0,1.802765665167823,0,direct_classification,direct_svc_threshold_0.5,0.005568672894929776,,0
B0005,28.0,1.804077040117352,0,direct_classification,direct_svc_threshold_0.5,0.00473114750151386,,0
B0005,29.0,1.8518025516704486,0,direct_classification,direct_svc_threshold_0.5,0.0046018261850924785,,0
B0005,30.0,1.8307038456739428,0,direct_classification,direct_svc_threshold_0.5,0.00731931991866898,,0
B0005,31.0,1.8199041089501267,0,direct_classification,direct_svc_threshold_0.5,0.005736319077200447,,0
B0005,32.0,1.8093079637028517,0,direct_classification,direct_svc_threshold_0.5,0.004893906023954776,,0
B0005,33.0,1.80460990458052,0,direct_classification,direct_svc_threshold_0.5,0.004127965621365974,,0
B0005,34.0,1.7993770651972192,0,direct_classification,direct_svc_threshold_0.5,0.003716836781664748,,0
B0005,35.0,1.7884432335370462,0,direct_classification,direct_svc_threshold_0.5,0.003305965505279075,,0
B0005,36.0,1.7829230484252723,0,direct_classification,direct_svc_threshold_0.5,0.0026900125242736352,,0
B0005,37.0,1.7730337158018288,0,direct_classification,direct_svc_threshold_0.5,0.002347557514434583,,0
B0005,38.0,1.773037755078937,0,direct_classification,direct_svc_threshold_0.5,0.0018980257883461917,,0
B0005,39.0,1.7678721106662054,0,direct_classification,direct_svc_threshold_0.5,0.0017912018571461812,,0
B0005,40.0,1.7623150704093087,0,direct_classification,direct_svc_threshold_0.5,0.0015470190202079741,,0
B0005,41.0,1.7676172924938447,0,direct_classification,direct_svc_threshold_0.5,0.001320135222087157,,0
B0005,42.0,1.762668359743147,0,direct_classification,direct_svc_threshold_0.5,0.0013644082687937983,,0
B0005,43.0,1.7517304870664143,0,direct_classification,direct_svc_threshold_0.5,0.0011721247368808236,,0
B0005,44.0,1.7418496047960008,0,direct_classification,direct_svc_threshold_0.5,0.0008940320259116531,,0
B0005,45.0,1.7360913511847138,0,direct_classification,direct_svc_threshold_0.5,0.000688845250850983,,0
B0005,46.0,1.7936240148573608,0,direct_classification,direct_svc_threshold_0.5,0.0005720165968952282,,0
B0005,47.0,1.7831890223273275,0,direct_classification,direct_svc_threshold_0.5,0.0016535454092488386,,0
B0005,48.0,1.7673642076278957,0,direct_classification,direct_svc_threshold_0.5,0.0012869497396675214,,0
B0005,49.0,1.7570177850353066,0,direct_classification,direct_svc_threshold_0.5,0.0008859748884116762,,0
B0005,50.0,1.7468706179837907,0,direct_classification,direct_svc_threshold_0.5,0.0006711335328475535,,0
B0005,51.0,1.7417172507457144,0,direct_classification,direct_svc_threshold_0.5,0.0005056818018735232,,0
B0005,52.0,1.7364225056478186,0,direct_classification,direct_svc_threshold_0.5,0.0004221605941530349,,0
B0005,53.0,1.7263217239235826,0,direct_classification,direct_svc_threshold_0.5,0.0003502926301662165,,0
B0005,54.0,1.7158065389330133,0,direct_classification,direct_svc_threshold_0.5,0.00026009949798227674,,0
B0005,55.0,1.710533351135192,0,direct_classification,direct_svc_threshold_0.5,0.00019081596096767067,,0
B0005,56.0,1.706014499648521,0,direct_classification,direct_svc_threshold_0.5,0.00015739136620338887,,0
B0005,57.0,1.7003110272642588,0,direct_classification,direct_svc_threshold_0.5,0.00013203776271247764,,0
B0005,58.0,1.6945798601797895,0,direct_classification,direct_svc_threshold_0.5,0.00010794515972513195,,0
B0005,59.0,1.6849029086609286,0,direct_classification,direct_svc_threshold_0.5,8.834628675777568e-05,,0
B0005,60.0,1.6744741591159717,0,direct_classification,direct_svc_threshold_0.5,6.669030847402256e-05,,0
B0005,61.0,1.6745692479879102,0,direct_classification,direct_svc_threshold_0.5,5.0133807212937534e-05,,0
B0005,62.0,1.663716375981405,0,direct_classification,direct_svc_threshold_0.5,4.671972032802049e-05,,0
B0005,63.0,1.659013868748246,0,direct_classification,direct_svc_threshold_0.5,3.548350420844674e-05,,0
B0005,64.0,1.6538540573335014,0,direct_classification,direct_svc_threshold_0.5,3.0510865579739263e-05,,0
B0005,65.0,1.642653782130131,0,direct_classification,direct_svc_threshold_0.5,2.622216759968293e-05,,0
B0005,66.0,1.6378578430223698,0,direct_classification,direct_svc_threshold_0.5,2.090343738774356e-05,,0
B0005,67.0,1.6327350407099108,0,direct_classification,direct_svc_threshold_0.5,1.8533491457262683e-05,,0
B0005,68.0,1.6277528915533617,0,direct_classification,direct_svc_threshold_0.5,1.654502716788886e-05,,0
B0005,69.0,1.622125485521159,0,direct_classification,direct_svc_threshold_0.5,1.4967317957586745e-05,,0
B0005,70.0,1.6113256603765849,0,direct_classification,direct_svc_threshold_0.5,1.3651865471545603e-05,,0
B0005,71.0,1.6065631397488385,0,direct_classification,direct_svc_threshold_0.5,1.2423944073756166e-05,,0
B0005,72.0,1.6015142233917594,0,direct_classification,direct_svc_threshold_0.5,1.1857110289020174e-05,,0
B0005,73.0,1.590369231400328,0,direct_classification,direct_svc_threshold_0.5,1.1489053662385871e-05,,0
B0005,74.0,1.5857889968242211,0,direct_classification,direct_svc_threshold_0.5,1.1681975817173746e-05,,0
B0005,75.0,1.5849430707374117,0,direct_classification,direct_svc_threshold_0.5,1.1842518025218588e-05,,0
B0005,76.0,1.5955263892495937,0,direct_classification,direct_svc_threshold_0.5,1.1740035922614868e-05,,0
B0005,77.0,1.5747301747801037,0,direct_classification,direct_svc_threshold_0.5,1.0645420950033463e-05,,0
B0005,78.0,1.5649019950937946,0,direct_classification,direct_svc_threshold_0.5,1.3068822123149264e-05,,0
B0005,79.0,1.5597659473370362,0,direct_classification,direct_svc_threshold_0.5,1.553048664550329e-05,,0
B0005,80.0,1.5594815668184234,0,direct_classification,direct_svc_threshold_0.5,1.7483538821471214e-05,,0
B0005,81.0,1.55468935359061,0,direct_classification,direct_svc_threshold_0.5,1.7834818775622645e-05,,0
B0005,82.0,1.5488741079890418,0,direct_classification,direct_svc_threshold_0.5,2.0463501462417743e-05,,0
B0005,83.0,1.538236598942558,0,direct_classification,direct_svc_threshold_0.5,2.4674400951093356e-05,,0
B0005,84.0,1.527914258251028,0,direct_classification,direct_svc_threshold_0.5,3.600599418479905e-05,,0
B0005,85.0,1.5285252629756445,0,direct_classification,direct_svc_threshold_0.5,5.5540039725033566e-05,,0
B0005,86.0,1.522647325284378,0,direct_classification,direct_svc_threshold_0.5,5.6790837846355985e-05,,0
B0005,87.0,1.5174859938489869,0,direct_classification,direct_svc_threshold_0.5,7.682786798156993e-05,,0
B0005,88.0,1.605818899130659,0,direct_classification,direct_svc_threshold_0.5,0.00010302094656207696,,0
B0005,89.0,1.5638491446744425,0,direct_classification,direct_svc_threshold_0.5,9.336919055818555e-06,,0
B0005,90.0,1.5480915247767786,0,direct_classification,direct_svc_threshold_0.5,1.9585762158031758e-05,,0
B0005,91.0,1.5323755631868592,0,direct_classification,direct_svc_threshold_0.5,3.335442283023869e-05,,0
B0005,92.0,1.5269528268489705,0,direct_classification,direct_svc_threshold_0.5,6.517946096017561e-05,,0
B0005,93.0,1.5169573017136326,0,direct_classification,direct_svc_threshold_0.5,8.791786199292102e-05,,0
B0005,94.0,1.5118975960142693,0,direct_classification,direct_svc_threshold_0.5,0.0001528154573665412,,0
B0005,95.0,1.5065638960681105,0,direct_classification,direct_svc_threshold_0.5,0.0002133906972303605,,0
B0005,96.0,1.5015453526671363,0,direct_classification,direct_svc_threshold_0.5,0.0003078569921055507,,0
B0005,97.0,1.4908444050400238,0,direct_classification,direct_svc_threshold_0.5,0.00044347996158333047,,0
B0005,98.0,1.485868384561201,0,direct_classification,direct_svc_threshold_0.5,0.0009310996931153542,,0
B0005,99.0,1.480413677976106,0,direct_classification,direct_svc_threshold_0.5,0.0013947505216018348,,0
B0005,100.0,1.4752095869031632,0,direct_classification,direct_svc_threshold_0.5,0.002185359441547837,,0
B0005,101.0,1.4859035988304024,0,direct_classification,direct_svc_threshold_0.5,0.003406215915002426,,0
B0005,102.0,1.4960918298136696,0,direct_classification,direct_svc_threshold_0.5,0.00173717973707302,,0
B0005,103.0,1.4808005946928984,0,direct_classification,direct_svc_threshold_0.5,0.0009397627375801505,,0
B0005,104.0,1.4697543268466824,0,direct_classification,direct_svc_threshold_0.5,0.002847459983222812,,0
B0005,105.0,1.4539012274845928,0,direct_classification,direct_svc_threshold_0.5,0.0068064136974543415,,0
B0005,106.0,1.4541462067235693,0,direct_classification,direct_svc_threshold_0.5,0.024450444978752872,,0
B0005,107.0,1.455023751906683,0,direct_classification,direct_svc_threshold_0.5,0.025656346090196572,,0
B0005,108.0,1.449042163761236,0,direct_classification,direct_svc_threshold_0.5,0.025509685282546102,,0
B0005,109.0,1.4386709371480566,0,direct_classification,direct_svc_threshold_0.5,0.043231472227159534,,0
B0005,110.0,1.433445432156979,0,direct_classification,direct_svc_threshold_0.5,0.09611911886245797,,0
B0005,111.0,1.4333958900838095,0,direct_classification,direct_svc_threshold_0.5,0.14637737405251852,,0
B0005,112.0,1.42806487344776,0,direct_classification,direct_svc_threshold_0.5,0.15284555763603627,,0
B0005,113.0,1.4229203181741186,0,direct_classification,direct_svc_threshold_0.5,0.22547530701078097,,0
B0005,114.0,1.417429032731308,0,direct_classification,direct_svc_threshold_0.5,0.3152618577543497,,0
B0005,115.0,1.412409228794446,0,direct_classification,direct_svc_threshold_0.5,0.42698916930171865,,0
B0005,116.0,1.412578792940193,0,direct_classification,direct_svc_threshold_0.5,0.5348319775682854,,1
B0005,117.0,1.4075983731469897,0,direct_classification,direct_svc_threshold_0.5,0.5354036676243951,,1
B0005,118.0,1.4333920485221476,0,direct_classification,direct_svc_threshold_0.5,0.6388077041574131,,1
B0005,119.0,1.4382550176792908,0,direct_classification,direct_svc_threshold_0.5,0.17537298937720391,,0
B0005,120.0,1.4173547174485526,0,direct_classification,direct_svc_threshold_0.5,0.1252440748929509,,0
B0005,121.0,1.406981663677643,0,direct_classification,direct_svc_threshold_0.5,0.4382031040807394,,0
B0005,122.0,1.4012037783587625,0,direct_classification,direct_svc_threshold_0.5,0.6431675473699813,,1
B0005,123.0,1.3967008232726328,1,direct_classification,direct_svc_threshold_0.5,0.7333216385006209,,1
B0005,124.0,1.391284788852726,1,direct_classification,direct_svc_threshold_0.5,0.7915972711929355,,1
B0005,125.0,1.3862287677978349,1,direct_classification,direct_svc_threshold_0.5,0.8477291964281818,,1
B0005,126.0,1.3804366761974138,1,direct_classification,direct_svc_threshold_0.5,0.8866139050569046,,1
B0005,127.0,1.3752364150256224,1,direct_classification,direct_svc_threshold_0.5,0.9195292868905259,,1
B0005,128.0,1.3705128024895008,1,direct_classification,direct_svc_threshold_0.5,0.9401064034900316,,1
B0005,129.0,1.3705085566270399,1,direct_classification,direct_svc_threshold_0.5,0.953457818961073,,1
B0005,130.0,1.3647355108681518,1,direct_classification,direct_svc_threshold_0.5,0.9496121585659898,,1
B0005,131.0,1.375392016895762,1,direct_classification,direct_svc_threshold_0.5,0.962733311320897,,1
B0005,132.0,1.3861115151535393,1,direct_classification,direct_svc_threshold_0.5,0.9168580256172413,,1
B0005,133.0,1.3698500035838939,1,direct_classification,direct_svc_threshold_0.5,0.8201271043974049,,1
B0005,134.0,1.3647827949260758,1,direct_classification,direct_svc_threshold_0.5,0.9297245813273562,,1
B0005,135.0,1.3543220466259964,1,direct_classification,direct_svc_threshold_0.5,0.9435057900424623,,1
B0005,136.0,1.3546417018378962,1,direct_classification,direct_svc_threshold_0.5,0.9672271113069956,,1
B0005,137.0,1.3547039213192407,1,direct_classification,direct_svc_threshold_0.5,0.962009328658933,,1
B0005,138.0,1.349314997503458,1,direct_classification,direct_svc_threshold_0.5,0.9564736535044884,,1
B0005,139.0,1.3441891937970554,1,direct_classification,direct_svc_threshold_0.5,0.9639291311776673,,1
B0005,140.0,1.3389913790695755,1,direct_classification,direct_svc_threshold_0.5,0.9691545009502023,,1
B0005,141.0,1.3389145230206971,1,direct_classification,direct_svc_threshold_0.5,0.9733158940158708,,1
B0005,142.0,1.3340066759761655,1,direct_classification,direct_svc_threshold_0.5,0.9688913970382449,,1
B0005,143.0,1.3286444309174914,1,direct_classification,direct_svc_threshold_0.5,0.9720441536448774,,1
B0005,144.0,1.3231708992276219,1,direct_classification,direct_svc_threshold_0.5,0.975104628251627,,1
B0005,145.0,1.3181691588445197,1,direct_classification,direct_svc_threshold_0.5,0.9775921543584234,,1
B0005,146.0,1.3184664436640334,1,direct_classification,direct_svc_threshold_0.5,0.9790261073516656,,1
B0005,147.0,1.318293040102702,1,direct_classification,direct_svc_threshold_0.5,0.9744809942638794,,1
B0005,148.0,1.323872422244268,1,direct_classification,direct_svc_threshold_0.5,0.969585089961176,,1
B0005,149.0,1.3601216766554785,1,direct_classification,direct_svc_threshold_0.5,0.9523745168510159,,1
B0005,150.0,1.3395306867947354,1,direct_classification,direct_svc_threshold_0.5,0.6893844824212595,,1
B0005,151.0,1.3290286565120697,1,direct_classification,direct_svc_threshold_0.5,0.8573068546455554,,1
B0005,152.0,1.3236741274998955,1,direct_classification,direct_svc_threshold_0.5,0.8961671522946572,,1
B0005,153.0,1.318633896753293,1,direct_classification,direct_svc_threshold_0.5,0.9026624586705165,,1
B0005,154.0,1.3134751321324272,1,direct_classification,direct_svc_threshold_0.5,0.906445235960938,,1
B0005,155.0,1.3132020634442203,1,direct_classification,direct_svc_threshold_0.5,0.909587396708714,,1
B0005,156.0,1.3077959946944353,1,direct_classification,direct_svc_threshold_0.5,0.8927462571106864,,1
B0005,157.0,1.3030329186405918,1,direct_classification,direct_svc_threshold_0.5,0.8960360639243741,,1
B0005,158.0,1.3033573559038205,1,direct_classification,direct_svc_threshold_0.5,0.8957328371913406,,1
B0005,159.0,1.3034100438655642,1,direct_classification,direct_svc_threshold_0.5,0.8736292217311817,,1
B0005,160.0,1.2978870806495706,1,direct_classification,direct_svc_threshold_0.5,0.8491491093782761,,1
B0005,161.0,1.2980735056918902,1,direct_classification,direct_svc_threshold_0.5,0.8514424545021743,,1
B0005,162.0,1.293463613844243,1,direct_classification,direct_svc_threshold_0.5,0.8229320705636282,,1
B0005,163.0,1.288003392619118,1,direct_classification,direct_svc_threshold_0.5,0.8191769404990745,,1
B0005,164.0,1.2874525221379407,1,direct_classification,direct_svc_threshold_0.5,0.8189365328654857,,1
B0005,165.0,1.3090153642307354,1,direct_classification,direct_svc_threshold_0.5,0.7907545795727525,,1
B0005,166.0,1.3250793286429356,1,direct_classification,direct_svc_threshold_0.5,0.5781171755877564,,1
B0005,0.0,1.846327249719927,0,direct_classification,direct_svc_cost_threshold,0.014488480822266524,,0
B0005,1.0,1.8353491942234077,0,direct_classification,direct_svc_cost_threshold,0.01381265612372688,,0
B0005,2.0,1.8352625275821128,0,direct_classification,direct_svc_cost_threshold,0.013050923992752112,,0
B0005,3.0,1.8346455082120419,0,direct_classification,direct_svc_cost_threshold,0.012803549991100624,,0
B0005,4.0,1.8356616600675495,0,direct_classification,direct_svc_cost_threshold,0.012526048500654917,,0
B0005,5.0,1.8351461429226603,0,direct_classification,direct_svc_cost_threshold,0.012331600459829657,,0
B0005,6.0,1.8257567905665537,0,direct_classification,direct_svc_cost_threshold,0.01205464020670823,,0
B0005,7.0,1.8247738529891333,0,direct_classification,direct_svc_cost_threshold,0.011282134105080442,,0
B0005,8.0,1.824613268496936,0,direct_classification,direct_svc_cost_threshold,0.010964700959369541,,0
B0005,9.0,1.8246195526864504,0,direct_classification,direct_svc_cost_threshold,0.010692326998869689,,0
B0005,10.0,1.8142019357673917,0,direct_classification,direct_svc_cost_threshold,0.010429193112907586,,0
B0005,11.0,1.8137521577549054,0,direct_classification,direct_svc_cost_threshold,0.009551343729938846,,0
B0005,12.0,1.8134404914735822,0,direct_classification,direct_svc_cost_threshold,0.009255543270859654,,0
B0005,13.0,1.8025980036306504,0,direct_classification,direct_svc_cost_threshold,0.00896900741949487,,0
B0005,14.0,1.80210690024615,0,direct_classification,direct_svc_cost_threshold,0.008059139832639487,,0
B0005,15.0,1.802579500826209,0,direct_classification,direct_svc_cost_threshold,0.007764087634637297,,0
B0005,16.0,1.8030683142834096,0,direct_classification,direct_svc_cost_threshold,0.0075288046160684125,,0
B0005,17.0,1.8027776247196041,0,direct_classification,direct_svc_cost_threshold,0.007298038952310794,,0
B0005,18.0,1.8470259949329193,0,direct_classification,direct_svc_cost_threshold,0.007025293732400554,,0
B0005,19.0,1.847417311283644,0,direct_classification,direct_svc_cost_threshold,0.009527493709514808,,0
B0005,20.0,1.8361774213478947,0,direct_classification,direct_svc_cost_threshold,0.009311514189216934,,0
B0005,21.0,1.8257807475776242,0,direct_classification,direct_svc_cost_threshold,0.008340514663394333,,0
B0005,22.0,1.8251136435078368,0,direct_classification,direct_svc_cost_threshold,0.007435069960226521,,0
B0005,23.0,1.8255815042203762,0,direct_classification,direct_svc_cost_threshold,0.007154293910722813,,0
B0005,24.0,1.8140311275083907,0,direct_classification,direct_svc_cost_threshold,0.006948593280578406,,0
B0005,25.0,1.8147691941158939,0,direct_classification,direct_svc_cost_threshold,0.006012710066585959,,0
B0005,26.0,1.813969388710352,0,direct_classification,direct_svc_cost_threshold,0.005833540511321004,,0
B0005,27.0,1.802765665167823,0,direct_classification,direct_svc_cost_threshold,0.005568672894929776,,0
B0005,28.0,1.804077040117352,0,direct_classification,direct_svc_cost_threshold,0.00473114750151386,,0
B0005,29.0,1.8518025516704486,0,direct_classification,direct_svc_cost_threshold,0.0046018261850924785,,0
B0005,30.0,1.8307038456739428,0,direct_classification,direct_svc_cost_threshold,0.00731931991866898,,0
B0005,31.0,1.8199041089501267,0,direct_classification,direct_svc_cost_threshold,0.005736319077200447,,0
B0005,32.0,1.8093079637028517,0,direct_classification,direct_svc_cost_threshold,0.004893906023954776,,0
B0005,33.0,1.80460990458052,0,direct_classification,direct_svc_cost_threshold,0.004127965621365974,,0
B0005,34.0,1.7993770651972192,0,direct_classification,direct_svc_cost_threshold,0.003716836781664748,,0
B0005,35.0,1.7884432335370462,0,direct_classification,direct_svc_cost_threshold,0.003305965505279075,,0
B0005,36.0,1.7829230484252723,0,direct_classification,direct_svc_cost_threshold,0.0026900125242736352,,0
B0005,37.0,1.7730337158018288,0,direct_classification,direct_svc_cost_threshold,0.002347557514434583,,0
B0005,38.0,1.773037755078937,0,direct_classification,direct_svc_cost_threshold,0.0018980257883461917,,0
B0005,39.0,1.7678721106662054,0,direct_classification,direct_svc_cost_threshold,0.0017912018571461812,,0
B0005,40.0,1.7623150704093087,0,direct_classification,direct_svc_cost_threshold,0.0015470190202079741,,0
B0005,41.0,1.7676172924938447,0,direct_classification,direct_svc_cost_threshold,0.001320135222087157,,0
B0005,42.0,1.762668359743147,0,direct_classification,direct_svc_cost_threshold,0.0013644082687937983,,0
B0005,43.0,1.7517304870664143,0,direct_classification,direct_svc_cost_threshold,0.0011721247368808236,,0
B0005,44.0,1.7418496047960008,0,direct_classification,direct_svc_cost_threshold,0.0008940320259116531,,0
B0005,45.0,1.7360913511847138,0,direct_classification,direct_svc_cost_threshold,0.000688845250850983,,0
B0005,46.0,1.7936240148573608,0,direct_classification,direct_svc_cost_threshold,0.0005720165968952282,,0
B0005,47.0,1.7831890223273275,0,direct_classification,direct_svc_cost_threshold,0.0016535454092488386,,0
B0005,48.0,1.7673642076278957,0,direct_classification,direct_svc_cost_threshold,0.0012869497396675214,,0
B0005,49.0,1.7570177850353066,0,direct_classification,direct_svc_cost_threshold,0.0008859748884116762,,0
B0005,50.0,1.7468706179837907,0,direct_classification,direct_svc_cost_threshold,0.0006711335328475535,,0
B0005,51.0,1.7417172507457144,0,direct_classification,direct_svc_cost_threshold,0.0005056818018735232,,0
B0005,52.0,1.7364225056478186,0,direct_classification,direct_svc_cost_threshold,0.0004221605941530349,,0
B0005,53.0,1.7263217239235826,0,direct_classification,direct_svc_cost_threshold,0.0003502926301662165,,0
B0005,54.0,1.7158065389330133,0,direct_classification,direct_svc_cost_threshold,0.00026009949798227674,,0
B0005,55.0,1.710533351135192,0,direct_classification,direct_svc_cost_threshold,0.00019081596096767067,,0
B0005,56.0,1.706014499648521,0,direct_classification,direct_svc_cost_threshold,0.00015739136620338887,,0
B0005,57.0,1.7003110272642588,0,direct_classification,direct_svc_cost_threshold,0.00013203776271247764,,0
B0005,58.0,1.6945798601797895,0,direct_classification,direct_svc_cost_threshold,0.00010794515972513195,,0
B0005,59.0,1.6849029086609286,0,direct_classification,direct_svc_cost_threshold,8.834628675777568e-05,,0
B0005,60.0,1.6744741591159717,0,direct_classification,direct_svc_cost_threshold,6.669030847402256e-05,,0
B0005,61.0,1.6745692479879102,0,direct_classification,direct_svc_cost_threshold,5.0133807212937534e-05,,0
B0005,62.0,1.663716375981405,0,direct_classification,direct_svc_cost_threshold,4.671972032802049e-05,,0
B0005,63.0,1.659013868748246,0,direct_classification,direct_svc_cost_threshold,3.548350420844674e-05,,0
B0005,64.0,1.6538540573335014,0,direct_classification,direct_svc_cost_threshold,3.0510865579739263e-05,,0
B0005,65.0,1.642653782130131,0,direct_classification,direct_svc_cost_threshold,2.622216759968293e-05,,0
B0005,66.0,1.6378578430223698,0,direct_classification,direct_svc_cost_threshold,2.090343738774356e-05,,0
B0005,67.0,1.6327350407099108,0,direct_classification,direct_svc_cost_threshold,1.8533491457262683e-05,,0
B0005,68.0,1.6277528915533617,0,direct_classification,direct_svc_cost_threshold,1.654502716788886e-05,,0
B0005,69.0,1.622125485521159,0,direct_classification,direct_svc_cost_threshold,1.4967317957586745e-05,,0
B0005,70.0,1.6113256603765849,0,direct_classification,direct_svc_cost_threshold,1.3651865471545603e-05,,0
B0005,71.0,1.6065631397488385,0,direct_classification,direct_svc_cost_threshold,1.2423944073756166e-05,,0
B0005,72.0,1.6015142233917594,0,direct_classification,direct_svc_cost_threshold,1.1857110289020174e-05,,0
B0005,73.0,1.590369231400328,0,direct_classification,direct_svc_cost_threshold,1.1489053662385871e-05,,0
B0005,74.0,1.5857889968242211,0,direct_classification,direct_svc_cost_threshold,1.1681975817173746e-05,,0
B0005,75.0,1.5849430707374117,0,direct_classification,direct_svc_cost_threshold,1.1842518025218588e-05,,0
B0005,76.0,1.5955263892495937,0,direct_classification,direct_svc_cost_threshold,1.1740035922614868e-05,,0
B0005,77.0,1.5747301747801037,0,direct_classification,direct_svc_cost_threshold,1.0645420950033463e-05,,0
B0005,78.0,1.5649019950937946,0,direct_classification,direct_svc_cost_threshold,1.3068822123149264e-05,,0
B0005,79.0,1.5597659473370362,0,direct_classification,direct_svc_cost_threshold,1.553048664550329e-05,,0
B0005,80.0,1.5594815668184234,0,direct_classification,direct_svc_cost_threshold,1.7483538821471214e-05,,0
B0005,81.0,1.55468935359061,0,direct_classification,direct_svc_cost_threshold,1.7834818775622645e-05,,0
B0005,82.0,1.5488741079890418,0,direct_classification,direct_svc_cost_threshold,2.0463501462417743e-05,,0
B0005,83.0,1.538236598942558,0,direct_classification,direct_svc_cost_threshold,2.4674400951093356e-05,,0
B0005,84.0,1.527914258251028,0,direct_classification,direct_svc_cost_threshold,3.600599418479905e-05,,0
B0005,85.0,1.5285252629756445,0,direct_classification,direct_svc_cost_threshold,5.5540039725033566e-05,,0
B0005,86.0,1.522647325284378,0,direct_classification,direct_svc_cost_threshold,5.6790837846355985e-05,,0
B0005,87.0,1.5174859938489869,0,direct_classification,direct_svc_cost_threshold,7.682786798156993e-05,,0
B0005,88.0,1.605818899130659,0,direct_classification,direct_svc_cost_threshold,0.00010302094656207696,,0
B0005,89.0,1.5638491446744425,0,direct_classification,direct_svc_cost_threshold,9.336919055818555e-06,,0
B0005,90.0,1.5480915247767786,0,direct_classification,direct_svc_cost_threshold,1.9585762158031758e-05,,0
B0005,91.0,1.5323755631868592,0,direct_classification,direct_svc_cost_threshold,3.335442283023869e-05,,0
B0005,92.0,1.5269528268489705,0,direct_classification,direct_svc_cost_threshold,6.517946096017561e-05,,0
B0005,93.0,1.5169573017136326,0,direct_classification,direct_svc_cost_threshold,8.791786199292102e-05,,0
B0005,94.0,1.5118975960142693,0,direct_classification,direct_svc_cost_threshold,0.0001528154573665412,,0
B0005,95.0,1.5065638960681105,0,direct_classification,direct_svc_cost_threshold,0.0002133906972303605,,0
B0005,96.0,1.5015453526671363,0,direct_classification,direct_svc_cost_threshold,0.0003078569921055507,,0
B0005,97.0,1.4908444050400238,0,direct_classification,direct_svc_cost_threshold,0.00044347996158333047,,0
B0005,98.0,1.485868384561201,0,direct_classification,direct_svc_cost_threshold,0.0009310996931153542,,0
B0005,99.0,1.480413677976106,0,direct_classification,direct_svc_cost_threshold,0.0013947505216018348,,0
B0005,100.0,1.4752095869031632,0,direct_classification,direct_svc_cost_threshold,0.002185359441547837,,0
B0005,101.0,1.4859035988304024,0,direct_classification,direct_svc_cost_threshold,0.003406215915002426,,0
B0005,102.0,1.4960918298136696,0,direct_classification,direct_svc_cost_threshold,0.00173717973707302,,0
B0005,103.0,1.4808005946928984,0,direct_classification,direct_svc_cost_threshold,0.0009397627375801505,,0
B0005,104.0,1.4697543268466824,0,direct_classification,direct_svc_cost_threshold,0.002847459983222812,,0
B0005,105.0,1.4539012274845928,0,direct_classification,direct_svc_cost_threshold,0.0068064136974543415,,0
B0005,106.0,1.4541462067235693,0,direct_classification,direct_svc_cost_threshold,0.024450444978752872,,0
B0005,107.0,1.455023751906683,0,direct_classification,direct_svc_cost_threshold,0.025656346090196572,,0
B0005,108.0,1.449042163761236,0,direct_classification,direct_svc_cost_threshold,0.025509685282546102,,0
B0005,109.0,1.4386709371480566,0,direct_classification,direct_svc_cost_threshold,0.043231472227159534,,0
B0005,110.0,1.433445432156979,0,direct_classification,direct_svc_cost_threshold,0.09611911886245797,,0
B0005,111.0,1.4333958900838095,0,direct_classification,direct_svc_cost_threshold,0.14637737405251852,,0
B0005,112.0,1.42806487344776,0,direct_classification,direct_svc_cost_threshold,0.15284555763603627,,0
B0005,113.0,1.4229203181741186,0,direct_classification,direct_svc_cost_threshold,0.22547530701078097,,1
B0005,114.0,1.417429032731308,0,direct_classification,direct_svc_cost_threshold,0.3152618577543497,,1
B0005,115.0,1.412409228794446,0,direct_classification,direct_svc_cost_threshold,0.42698916930171865,,1
B0005,116.0,1.412578792940193,0,direct_classification,direct_svc_cost_threshold,0.5348319775682854,,1
B0005,117.0,1.4075983731469897,0,direct_classification,direct_svc_cost_threshold,0.5354036676243951,,1
B0005,118.0,1.4333920485221476,0,direct_classification,direct_svc_cost_threshold,0.6388077041574131,,1
B0005,119.0,1.4382550176792908,0,direct_classification,direct_svc_cost_threshold,0.17537298937720391,,1
B0005,120.0,1.4173547174485526,0,direct_classification,direct_svc_cost_threshold,0.1252440748929509,,0
B0005,121.0,1.406981663677643,0,direct_classification,direct_svc_cost_threshold,0.4382031040807394,,1
B0005,122.0,1.4012037783587625,0,direct_classification,direct_svc_cost_threshold,0.6431675473699813,,1
B0005,123.0,1.3967008232726328,1,direct_classification,direct_svc_cost_threshold,0.7333216385006209,,1
B0005,124.0,1.391284788852726,1,direct_classification,direct_svc_cost_threshold,0.7915972711929355,,1
B0005,125.0,1.3862287677978349,1,direct_classification,direct_svc_cost_threshold,0.8477291964281818,,1
B0005,126.0,1.3804366761974138,1,direct_classification,direct_svc_cost_threshold,0.8866139050569046,,1
B0005,127.0,1.3752364150256224,1,direct_classification,direct_svc_cost_threshold,0.9195292868905259,,1
B0005,128.0,1.3705128024895008,1,direct_classification,direct_svc_cost_threshold,0.9401064034900316,,1
B0005,129.0,1.3705085566270399,1,direct_classification,direct_svc_cost_threshold,0.953457818961073,,1
B0005,130.0,1.3647355108681518,1,direct_classification,direct_svc_cost_threshold,0.9496121585659898,,1
B0005,131.0,1.375392016895762,1,direct_classification,direct_svc_cost_threshold,0.962733311320897,,1
B0005,132.0,1.3861115151535393,1,direct_classification,direct_svc_cost_threshold,0.9168580256172413,,1
B0005,133.0,1.3698500035838939,1,direct_classification,direct_svc_cost_threshold,0.8201271043974049,,1
B0005,134.0,1.3647827949260758,1,direct_classification,direct_svc_cost_threshold,0.9297245813273562,,1
B0005,135.0,1.3543220466259964,1,direct_classification,direct_svc_cost_threshold,0.9435057900424623,,1
B0005,136.0,1.3546417018378962,1,direct_classification,direct_svc_cost_threshold,0.9672271113069956,,1
B0005,137.0,1.3547039213192407,1,direct_classification,direct_svc_cost_threshold,0.962009328658933,,1
B0005,138.0,1.349314997503458,1,direct_classification,direct_svc_cost_threshold,0.9564736535044884,,1
B0005,139.0,1.3441891937970554,1,direct_classification,direct_svc_cost_threshold,0.9639291311776673,,1
B0005,140.0,1.3389913790695755,1,direct_classification,direct_svc_cost_threshold,0.9691545009502023,,1
B0005,141.0,1.3389145230206971,1,direct_classification,direct_svc_cost_threshold,0.9733158940158708,,1
B0005,142.0,1.3340066759761655,1,direct_classification,direct_svc_cost_threshold,0.9688913970382449,,1
B0005,143.0,1.3286444309174914,1,direct_classification,direct_svc_cost_threshold,0.9720441536448774,,1
B0005,144.0,1.3231708992276219,1,direct_classification,direct_svc_cost_threshold,0.975104628251627,,1
B0005,145.0,1.3181691588445197,1,direct_classification,direct_svc_cost_threshold,0.9775921543584234,,1
B0005,146.0,1.3184664436640334,1,direct_classification,direct_svc_cost_threshold,0.9790261073516656,,1
B0005,147.0,1.318293040102702,1,direct_classification,direct_svc_cost_threshold,0.9744809942638794,,1
B0005,148.0,1.323872422244268,1,direct_classification,direct_svc_cost_threshold,0.969585089961176,,1
B0005,149.0,1.3601216766554785,1,direct_classification,direct_svc_cost_threshold,0.9523745168510159,,1
B0005,150.0,1.3395306867947354,1,direct_classification,direct_svc_cost_threshold,0.6893844824212595,,1
B0005,151.0,1.3290286565120697,1,direct_classification,direct_svc_cost_threshold,0.8573068546455554,,1
B0005,152.0,1.3236741274998955,1,direct_classification,direct_svc_cost_threshold,0.8961671522946572,,1
B0005,153.0,1.318633896753293,1,direct_classification,direct_svc_cost_threshold,0.9026624586705165,,1
B0005,154.0,1.3134751321324272,1,direct_classification,direct_svc_cost_threshold,0.906445235960938,,1
B0005,155.0,1.3132020634442203,1,direct_classification,direct_svc_cost_threshold,0.909587396708714,,1
B0005,156.0,1.3077959946944353,1,direct_classification,direct_svc_cost_threshold,0.8927462571106864,,1
B0005,157.0,1.3030329186405918,1,direct_classification,direct_svc_cost_threshold,0.8960360639243741,,1
B0005,158.0,1.3033573559038205,1,direct_classification,direct_svc_cost_threshold,0.8957328371913406,,1
B0005,159.0,1.3034100438655642,1,direct_classification,direct_svc_cost_threshold,0.8736292217311817,,1
B0005,160.0,1.2978870806495706,1,direct_classification,direct_svc_cost_threshold,0.8491491093782761,,1
B0005,161.0,1.2980735056918902,1,direct_classification,direct_svc_cost_threshold,0.8514424545021743,,1
B0005,162.0,1.293463613844243,1,direct_classification,direct_svc_cost_threshold,0.8229320705636282,,1
B0005,163.0,1.288003392619118,1,direct_classification,direct_svc_cost_threshold,0.8191769404990745,,1
B0005,164.0,1.2874525221379407,1,direct_classification,direct_svc_cost_threshold,0.8189365328654857,,1
B0005,165.0,1.3090153642307354,1,direct_classification,direct_svc_cost_threshold,0.7907545795727525,,1
B0005,166.0,1.3250793286429356,1,direct_classification,direct_svc_cost_threshold,0.5781171755877564,,1
B0005,0.0,1.846327249719927,0,regress_then_threshold,ridge_regress_then_threshold,,1.8524251665657065,0
B0005,1.0,1.8353491942234077,0,regress_then_threshold,ridge_regress_then_threshold,,1.8425065316145186,0
B0005,2.0,1.8352625275821128,0,regress_then_threshold,ridge_regress_then_threshold,,1.831799283102525,0
B0005,3.0,1.8346455082120419,0,regress_then_threshold,ridge_regress_then_threshold,,1.831593637219469,0
B0005,4.0,1.8356616600675495,0,regress_then_threshold,ridge_regress_then_threshold,,1.8308766191244013,0
B0005,5.0,1.8351461429226603,0,regress_then_threshold,ridge_regress_then_threshold,,1.831734323543057,0
B0005,6.0,1.8257567905665537,0,regress_then_threshold,ridge_regress_then_threshold,,1.8311151750630565,0
B0005,7.0,1.8247738529891333,0,regress_then_threshold,ridge_regress_then_threshold,,1.8219397724246915,0
B0005,8.0,1.824613268496936,0,regress_then_threshold,ridge_regress_then_threshold,,1.8208699317778483,0
B0005,9.0,1.8246195526864504,0,regress_then_threshold,ridge_regress_then_threshold,,1.8205930134512427,0
B0005,10.0,1.8142019357673917,0,regress_then_threshold,ridge_regress_then_threshold,,1.820476991830268,0
B0005,11.0,1.8137521577549054,0,regress_then_threshold,ridge_regress_then_threshold,,1.8103101246522486,0
B0005,12.0,1.8134404914735822,0,regress_then_threshold,ridge_regress_then_threshold,,1.8097543626011823,0
B0005,13.0,1.8025980036306504,0,regress_then_threshold,ridge_regress_then_threshold,,1.8093317694726796,0
B0005,14.0,1.80210690024615,0,regress_then_threshold,ridge_regress_then_threshold,,1.7987552368543371,0
B0005,15.0,1.802579500826209,0,regress_then_threshold,ridge_regress_then_threshold,,1.7981596284034085,0
B0005,16.0,1.8030683142834096,0,regress_then_threshold,ridge_regress_then_threshold,,1.798493234419272,0
B0005,17.0,1.8027776247196041,0,regress_then_threshold,ridge_regress_then_threshold,,1.798842473078086,0
B0005,18.0,1.8470259949329193,0,regress_then_threshold,ridge_regress_then_threshold,,1.7984401059423156,0
B0005,19.0,1.847417311283644,0,regress_then_threshold,ridge_regress_then_threshold,,1.8409828134396538,0
B0005,20.0,1.8361774213478947,0,regress_then_threshold,ridge_regress_then_threshold,,1.8412380442650054,0
B0005,21.0,1.8257807475776242,0,regress_then_threshold,ridge_regress_then_threshold,,1.83027833196975,0
B0005,22.0,1.8251136435078368,0,regress_then_threshold,ridge_regress_then_threshold,,1.8201316584171072,0
B0005,23.0,1.8255815042203762,0,regress_then_threshold,ridge_regress_then_threshold,,1.8193663480774775,0
B0005,24.0,1.8140311275083907,0,regress_then_threshold,ridge_regress_then_threshold,,1.8196953838584642,0
B0005,25.0,1.8147691941158939,0,regress_then_threshold,ridge_regress_then_threshold,,1.808436296636015,0
B0005,26.0,1.813969388710352,0,regress_then_threshold,ridge_regress_then_threshold,,1.8090258680543407,0
B0005,27.0,1.802765665167823,0,regress_then_threshold,ridge_regress_then_threshold,,1.8081326055577416,0
B0005,28.0,1.804077040117352,0,regress_then_threshold,ridge_regress_then_threshold,,1.7972077653155523,0
B0005,29.0,1.8518025516704486,0,regress_then_threshold,ridge_regress_then_threshold,,1.7983501272431364,0
B0005,30.0,1.8307038456739428,0,regress_then_threshold,ridge_regress_then_threshold,,1.8442455344852386,0
B0005,31.0,1.8199041089501267,0,regress_then_threshold,ridge_regress_then_threshold,,1.8237798381471686,0
B0005,32.0,1.8093079637028517,0,regress_then_threshold,ridge_regress_then_threshold,,1.8132445266504722,0
B0005,33.0,1.80460990458052,0,regress_then_threshold,ridge_regress_then_threshold,,1.8029055204013154,0
B0005,34.0,1.7993770651972192,0,regress_then_threshold,ridge_regress_then_threshold,,1.7982535167538234,0
B0005,35.0,1.7884432335370462,0,regress_then_threshold,ridge_regress_then_threshold,,1.7930858718167633,0
B0005,36.0,1.7829230484252723,0,regress_then_threshold,ridge_regress_then_threshold,,1.7824212644373385,0
B0005,37.0,1.7730337158018288,0,regress_then_threshold,ridge_regress_then_threshold,,1.7769765574379777,0
B0005,38.0,1.773037755078937,0,regress_then_threshold,ridge_regress_then_threshold,,1.7673190680648834,0
B0005,39.0,1.7678721106662054,0,regress_then_threshold,ridge_regress_then_threshold,,1.7672008818734997,0
B0005,40.0,1.7623150704093087,0,regress_then_threshold,ridge_regress_then_threshold,,1.7620980271013085,0
B0005,41.0,1.7676172924938447,0,regress_then_threshold,ridge_regress_then_threshold,,1.756617783946361,0
B0005,42.0,1.762668359743147,0,regress_then_threshold,ridge_regress_then_threshold,,1.7616081666655794,0
B0005,43.0,1.7517304870664143,0,regress_then_threshold,ridge_regress_then_threshold,,1.7567142677749554,0
B0005,44.0,1.7418496047960008,0,regress_then_threshold,ridge_regress_then_threshold,,1.746045764000802,0
B0005,45.0,1.7360913511847138,0,regress_then_threshold,ridge_regress_then_threshold,,1.7363964225554673,0
B0005,46.0,1.7936240148573608,0,regress_then_threshold,ridge_regress_then_threshold,,1.73072216716576,0
B0005,47.0,1.7831890223273275,0,regress_then_threshold,ridge_regress_then_threshold,,1.7860737434832745,0
B0005,48.0,1.7673642076278957,0,regress_then_threshold,ridge_regress_then_threshold,,1.775890122540945,0
B0005,49.0,1.7570177850353066,0,regress_then_threshold,ridge_regress_then_threshold,,1.7605095729592979,0
B0005,50.0,1.7468706179837907,0,regress_then_threshold,ridge_regress_then_threshold,,1.7504113521711886,0
B0005,51.0,1.7417172507457144,0,regress_then_threshold,ridge_regress_then_threshold,,1.7405052558716805,0
B0005,52.0,1.7364225056478186,0,regress_then_threshold,ridge_regress_then_threshold,,1.735414238892754,0
B0005,53.0,1.7263217239235826,0,regress_then_threshold,ridge_regress_then_threshold,,1.73018690375238,0
B0005,54.0,1.7158065389330133,0,regress_then_threshold,ridge_regress_then_threshold,,1.7203255327199045,0
B0005,55.0,1.710533351135192,0,regress_then_threshold,ridge_regress_then_threshold,,1.710064589283118,0
B0005,56.0,1.706014499648521,0,regress_then_threshold,ridge_regress_then_threshold,,1.7048580399398674,0
B0005,57.0,1.7003110272642588,0,regress_then_threshold,ridge_regress_then_threshold,,1.7003788303595782,0
B0005,58.0,1.6945798601797895,0,regress_then_threshold,ridge_regress_then_threshold,,1.6947573956601782,0
B0005,59.0,1.6849029086609286,0,regress_then_threshold,ridge_regress_then_threshold,,1.6891092574117297,0
B0005,60.0,1.6744741591159717,0,regress_then_threshold,ridge_regress_then_threshold,,1.67965654834681,0
B0005,61.0,1.6745692479879102,0,regress_then_threshold,ridge_regress_then_threshold,,1.6694789469626252,0
B0005,62.0,1.663716375981405,0,regress_then_threshold,ridge_regress_then_threshold,,1.669448551839685,0
B0005,63.0,1.659013868748246,0,regress_then_threshold,ridge_regress_then_threshold,,1.6588620066911752,0
B0005,64.0,1.6538540573335014,0,regress_then_threshold,ridge_regress_then_threshold,,1.6542057141239705,0
B0005,65.0,1.642653782130131,0,regress_then_threshold,ridge_regress_then_threshold,,1.6491084835956482,0
B0005,66.0,1.6378578430223698,0,regress_then_threshold,ridge_regress_then_threshold,,1.6381869682818089,0
B0005,67.0,1.6327350407099108,0,regress_then_threshold,ridge_regress_then_threshold,,1.6334405876245552,0
B0005,68.0,1.6277528915533617,0,regress_then_threshold,ridge_regress_then_threshold,,1.6283790416990898,0
B0005,69.0,1.622125485521159,0,regress_then_threshold,ridge_regress_then_threshold,,1.6234531151672116,0
B0005,70.0,1.6113256603765849,0,regress_then_threshold,ridge_regress_then_threshold,,1.6179050245209332,0
B0005,71.0,1.6065631397488385,0,regress_then_threshold,ridge_regress_then_threshold,,1.607369627767923,0
B0005,72.0,1.6015142233917594,0,regress_then_threshold,ridge_regress_then_threshold,,1.6026554695941602,0
B0005,73.0,1.590369231400328,0,regress_then_threshold,ridge_regress_then_threshold,,1.5976651653582141,0
B0005,74.0,1.5857889968242211,0,regress_then_threshold,ridge_regress_then_threshold,,1.5867969547543204,0
B0005,75.0,1.5849430707374117,0,regress_then_threshold,ridge_regress_then_threshold,,1.5822585588919176,0
B0005,76.0,1.5955263892495937,0,regress_then_threshold,ridge_regress_then_threshold,,1.58132082630302,0
B0005,77.0,1.5747301747801037,0,regress_then_threshold,ridge_regress_then_threshold,,1.591403303048579,0
B0005,78.0,1.5649019950937946,0,regress_then_threshold,ridge_regress_then_threshold,,1.5712292725262802,0
B0005,79.0,1.5597659473370362,0,regress_then_threshold,ridge_regress_then_threshold,,1.5616307475197984,0
B0005,80.0,1.5594815668184234,0,regress_then_threshold,ridge_regress_then_threshold,,1.5565564301843204,0
B0005,81.0,1.55468935359061,0,regress_then_threshold,ridge_regress_then_threshold,,1.5561601463026198,0
B0005,82.0,1.5488741079890418,0,regress_then_threshold,ridge_regress_then_threshold,,1.5514173581817428,0
B0005,83.0,1.538236598942558,0,regress_then_threshold,ridge_regress_then_threshold,,1.545688150458323,0
B0005,84.0,1.527914258251028,0,regress_then_threshold,ridge_regress_then_threshold,,1.5353092607573595,0
B0005,85.0,1.5285252629756445,0,regress_then_threshold,ridge_regress_then_threshold,,1.5252342600157323,0
B0005,86.0,1.522647325284378,0,regress_then_threshold,ridge_regress_then_threshold,,1.5257013169025233,0
B0005,87.0,1.5174859938489869,0,regress_then_threshold,ridge_regress_then_threshold,,1.5199116607438543,0
B0005,88.0,1.605818899130659,0,regress_then_threshold,ridge_regress_then_threshold,,1.5148129645941104,0
B0005,89.0,1.5638491446744425,0,regress_then_threshold,ridge_regress_then_threshold,,1.5998624887631607,0
B0005,90.0,1.5480915247767786,0,regress_then_threshold,ridge_regress_then_threshold,,1.5592726870160687,0
B0005,91.0,1.5323755631868592,0,regress_then_threshold,ridge_regress_then_threshold,,1.5439569274365301,0
B0005,92.0,1.5269528268489705,0,regress_then_threshold,ridge_regress_then_threshold,,1.5286813352773219,0
B0005,93.0,1.5169573017136326,0,regress_then_threshold,ridge_regress_then_threshold,,1.523330589508583,0
B0005,94.0,1.5118975960142693,0,regress_then_threshold,ridge_regress_then_threshold,,1.5135707080919296,0
B0005,95.0,1.5065638960681105,0,regress_then_threshold,ridge_regress_then_threshold,,1.508570000647834,0
B0005,96.0,1.5015453526671363,0,regress_then_threshold,ridge_regress_then_threshold,,1.5033051047939123,0
B0005,97.0,1.4908444050400238,0,regress_then_threshold,ridge_regress_then_threshold,,1.4983440865122113,0
B0005,98.0,1.485868384561201,0,regress_then_threshold,ridge_regress_then_threshold,,1.4879040286008423,0
B0005,99.0,1.480413677976106,0,regress_then_threshold,ridge_regress_then_threshold,,1.482984011410645,0
B0005,100.0,1.4752095869031632,0,regress_then_threshold,ridge_regress_then_threshold,,1.4776024395611762,0
B0005,101.0,1.4859035988304024,0,regress_then_threshold,ridge_regress_then_threshold,,1.4724625140762122,0
B0005,102.0,1.4960918298136696,0,regress_then_threshold,ridge_regress_then_threshold,,1.482651722688021,0
B0005,103.0,1.4808005946928984,0,regress_then_threshold,ridge_regress_then_threshold,,1.4923532514858513,0
B0005,104.0,1.4697543268466824,0,regress_then_threshold,ridge_regress_then_threshold,,1.477487185482056,0
B0005,105.0,1.4539012274845928,0,regress_then_threshold,ridge_regress_then_threshold,,1.466714165836516,0
B0005,106.0,1.4541462067235693,0,regress_then_threshold,ridge_regress_then_threshold,,1.4513063438572276,0
B0005,107.0,1.455023751906683,0,regress_then_threshold,ridge_regress_then_threshold,,1.4514204747532795,0
B0005,108.0,1.449042163761236,0,regress_then_threshold,ridge_regress_then_threshold,,1.4521445330213343,0
B0005,109.0,1.4386709371480566,0,regress_then_threshold,ridge_regress_then_threshold,,1.4462549359004442,0
B0005,110.0,1.433445432156979,0,regress_then_threshold,ridge_regress_then_threshold,,1.4361327987898804,0
B0005,111.0,1.4333958900838095,0,regress_then_threshold,ridge_regress_then_threshold,,1.4309722257583113,0
B0005,112.0,1.42806487344776,0,regress_then_threshold,ridge_regress_then_threshold,,1.4308023758116053,0
B0005,113.0,1.4229203181741186,0,regress_then_threshold,ridge_regress_then_threshold,,1.425540067236209,0
B0005,114.0,1.417429032731308,0,regress_then_threshold,ridge_regress_then_threshold,,1.4204575468549256,0
B0005,115.0,1.412409228794446,0,regress_then_threshold,ridge_regress_then_threshold,,1.415040705249372,0
B0005,116.0,1.412578792940193,0,regress_then_threshold,ridge_regress_then_threshold,,1.4100784715444439,0
B0005,117.0,1.4075983731469897,0,regress_then_threshold,ridge_regress_then_threshold,,1.4101198863386424,0
B0005,118.0,1.4333920485221476,0,regress_then_threshold,ridge_regress_then_threshold,,1.4051956272788286,0
B0005,119.0,1.4382550176792908,0,regress_then_threshold,ridge_regress_then_threshold,,1.4299441053711937,0
B0005,120.0,1.4173547174485526,0,regress_then_threshold,ridge_regress_then_threshold,,1.4345109553565802,0
B0005,121.0,1.406981663677643,0,regress_then_threshold,ridge_regress_then_threshold,,1.4142365641439703,0
B0005,122.0,1.4012037783587625,0,regress_then_threshold,ridge_regress_then_threshold,,1.40411266526687,0
B0005,123.0,1.3967008232726328,1,regress_then_threshold,ridge_regress_then_threshold,,1.3984194807584969,1
B0005,124.0,1.391284788852726,1,regress_then_threshold,ridge_regress_then_threshold,,1.393955598670774,1
B0005,125.0,1.3862287677978349,1,regress_then_threshold,ridge_regress_then_threshold,,1.388611314968575,1
B0005,126.0,1.3804366761974138,1,regress_then_threshold,ridge_regress_then_threshold,,1.3836141603011356,1
B0005,127.0,1.3752364150256224,1,regress_then_threshold,ridge_regress_then_threshold,,1.377907277932411,1
B0005,128.0,1.3705128024895008,1,regress_then_threshold,ridge_regress_then_threshold,,1.3727710452822668,1
B0005,129.0,1.3705085566270399,1,regress_then_threshold,ridge_regress_then_threshold,,1.3680944027387623,1
B0005,130.0,1.3647355108681518,1,regress_then_threshold,ridge_regress_then_threshold,,1.3679682279203416,1
B0005,131.0,1.375392016895762,1,regress_then_threshold,ridge_regress_then_threshold,,1.3622797097714767,1
B0005,132.0,1.3861115151535393,1,regress_then_threshold,ridge_regress_then_threshold,,1.372432754762706,1
B0005,133.0,1.3698500035838939,1,regress_then_threshold,ridge_regress_then_threshold,,1.3826465375880828,1
B0005,134.0,1.3647827949260758,1,regress_then_threshold,ridge_regress_then_threshold,,1.366844919852388,1
B0005,135.0,1.3543220466259964,1,regress_then_threshold,ridge_regress_then_threshold,,1.3618369779692985,1
B0005,136.0,1.3546417018378962,1,regress_then_threshold,ridge_regress_then_threshold,,1.3516285230167226,1
B0005,137.0,1.3547039213192407,1,regress_then_threshold,ridge_regress_then_threshold,,1.3518146573463123,1
B0005,138.0,1.349314997503458,1,regress_then_threshold,ridge_regress_then_threshold,,1.3517525691782277,1
B0005,139.0,1.3441891937970554,1,regress_then_threshold,ridge_regress_then_threshold,,1.3464344258329042,1
B0005,140.0,1.3389913790695755,1,regress_then_threshold,ridge_regress_then_threshold,,1.341369985928815,1
B0005,141.0,1.3389145230206971,1,regress_then_threshold,ridge_regress_then_threshold,,1.336236112168465,1
B0005,142.0,1.3340066759761655,1,regress_then_threshold,ridge_regress_then_threshold,,1.3360399257716582,1
B0005,143.0,1.3286444309174914,1,regress_then_threshold,ridge_regress_then_threshold,,1.3311856421923247,1
B0005,144.0,1.3231708992276219,1,regress_then_threshold,ridge_regress_then_threshold,,1.3258932228120082,1
B0005,145.0,1.3181691588445197,1,regress_then_threshold,ridge_regress_then_threshold,,1.320493499579606,1
B0005,146.0,1.3184664436640334,1,regress_then_threshold,ridge_regress_then_threshold,,1.3155486829613479,1
B0005,147.0,1.318293040102702,1,regress_then_threshold,ridge_regress_then_threshold,,1.3157132475008386,1
B0005,148.0,1.323872422244268,1,regress_then_threshold,ridge_regress_then_threshold,,1.3154239688800675,1
B0005,149.0,1.3601216766554785,1,regress_then_threshold,ridge_regress_then_threshold,,1.320681592519818,1
B0005,150.0,1.3395306867947354,1,regress_then_threshold,ridge_regress_then_threshold,,1.3555114603919083,1
B0005,151.0,1.3290286565120697,1,regress_then_threshold,ridge_regress_then_threshold,,1.3355353098020395,1
B0005,152.0,1.3236741274998955,1,regress_then_threshold,ridge_regress_then_threshold,,1.3252870502861873,1
B0005,153.0,1.318633896753293,1,regress_then_threshold,ridge_regress_then_threshold,,1.3200020708068132,1
B0005,154.0,1.3134751321324272,1,regress_then_threshold,ridge_regress_then_threshold,,1.3150201413365674,1
B0005,155.0,1.3132020634442203,1,regress_then_threshold,ridge_regress_then_threshold,,1.3099239201389645,1
B0005,156.0,1.3077959946944353,1,regress_then_threshold,ridge_regress_then_threshold,,1.3095385432544808,1
B0005,157.0,1.3030329186405918,1,regress_then_threshold,ridge_regress_then_threshold,,1.3042038685662418,1
B0005,158.0,1.3033573559038205,1,regress_then_threshold,ridge_regress_then_threshold,,1.2994891748442363,1
B0005,159.0,1.3034100438655642,1,regress_then_threshold,ridge_regress_then_threshold,,1.2996799200828177,1
B0005,160.0,1.2978870806495706,1,regress_then_threshold,ridge_regress_then_threshold,,1.2996086415137085,1
B0005,161.0,1.2980735056918902,1,regress_then_threshold,ridge_regress_then_threshold,,1.2941612558342483,1
B0005,162.0,1.293463613844243,1,regress_then_threshold,ridge_regress_then_threshold,,1.2942189280992,1
B0005,163.0,1.288003392619118,1,regress_then_threshold,ridge_regress_then_threshold,,1.2896519363538557,1
B0005,164.0,1.2874525221379407,1,regress_then_threshold,ridge_regress_then_threshold,,1.2842650472249284,1
B0005,165.0,1.3090153642307354,1,regress_then_threshold,ridge_regress_then_threshold,,1.2836118106507244,1
B0005,166.0,1.3250793286429356,1,regress_then_threshold,ridge_regress_then_threshold,,1.3042808705429623,1
B0006,0.0,2.0251402460314116,0,direct_classification,direct_svc_threshold_0.5,0.019168829122433895,,0
B0006,1.0,2.013326371345464,0,direct_classification,direct_svc_threshold_0.5,0.019053820939236448,,0
B0006,2.0,2.0132846655407413,0,direct_classification,direct_svc_threshold_0.5,0.01891583862675672,,0
B0006,3.0,2.000528337624771,0,direct_classification,direct_svc_threshold_0.5,0.01890766603049341,,0
B0006,4.0,2.0138990759931645,0,direct_classification,direct_svc_threshold_0.5,0.01874894196596484,,0
B0006,5.0,2.013101105626967,0,direct_classification,direct_svc_threshold_0.5,0.018900987437231676,,0
B0006,6.0,1.9687898262728398,0,direct_classification,direct_svc_threshold_0.5,0.0188852727124276,,0
B0006,7.0,1.9681661764334244,0,direct_classification,direct_svc_threshold_0.5,0.018286376969945936,,0
B0006,8.0,1.9572307917560536,0,direct_classification,direct_svc_threshold_0.5,0.018259126284118108,,0
B0006,9.0,1.9455991514129352,0,direct_classification,direct_svc_threshold_0.5,0.01806407280343399,,0
B0006,10.0,1.9347505044841131,0,direct_classification,direct_svc_threshold_0.5,0.017832947106543665,,0
B0006,11.0,1.9232799539368028,0,direct_classification,direct_svc_threshold_0.5,0.017587064596666053,,0
B0006,12.0,1.911889930948487,0,direct_classification,direct_svc_threshold_0.5,0.01729337814267732,,0
B0006,13.0,1.9010667141979305,0,direct_classification,direct_svc_threshold_0.5,0.01695904919897056,,0
B0006,14.0,1.8891989948061458,0,direct_classification,direct_svc_threshold_0.5,0.016592713855726304,,0
B0006,15.0,1.878278372248849,0,direct_classification,direct_svc_threshold_0.5,0.01613970753544647,,0
B0006,16.0,1.8675697161520206,0,direct_classification,direct_svc_threshold_0.5,0.01565716169092078,,0
B0006,17.0,1.8675892574453767,0,direct_classification,direct_svc_threshold_0.5,0.015120824714561007,,0
B0006,18.0,1.979626548250818,0,direct_classification,direct_svc_threshold_0.5,0.015009063971022548,,0
B0006,19.0,1.9575499080884022,0,direct_classification,direct_svc_threshold_0.5,0.018285214210518843,,0
B0006,20.0,1.9458150170787551,0,direct_classification,direct_svc_threshold_0.5,0.017812859941959327,,0
B0006,21.0,1.9242461121680094,0,direct_classification,direct_svc_threshold_0.5,0.01749974338695885,,0
B0006,22.0,1.9459811331421641,0,direct_classification,direct_svc_threshold_0.5,0.016836613957895975,,0
B0006,23.0,1.901407930553079,0,direct_classification,direct_svc_threshold_0.5,0.01743689378269324,,0
B0006,24.0,1.878674213680085,0,direct_classification,direct_svc_threshold_0.5,0.0158753454218842,,0
B0006,25.0,1.8683061328264219,0,direct_classification,direct_svc_threshold_0.5,0.014746417302905586,,0
B0006,26.0,1.8560244070082998,0,direct_classification,direct_svc_threshold_0.5,0.014083951746874395,,0
B0006,27.0,1.8451997961855777,0,direct_classification,direct_svc_threshold_0.5,0.01323994506146891,,0
B0006,28.0,1.857228890885317,0,direct_classification,direct_svc_threshold_0.5,0.012408689668208236,,0
B0006,29.0,1.9247760889090635,0,direct_classification,direct_svc_threshold_0.5,0.013022608160184704,,0
B0006,30.0,1.8822317526092551,0,direct_classification,direct_svc_threshold_0.5,0.016409725869261867,,0
B0006,31.0,1.855276687885587,0,direct_classification,direct_svc_threshold_0.5,0.014264186792487692,,0
B0006,32.0,1.8392508917181876,0,direct_classification,direct_svc_threshold_0.5,0.012447481945130654,,0
B0006,33.0,1.8185396073994429,0,direct_classification,direct_svc_threshold_0.5,0.011160211263251889,,0
B0006,34.0,1.8134770059567056,0,direct_classification,direct_svc_threshold_0.5,0.009435163865504356,,0
B0006,35.0,1.7971018450305436,0,direct_classification,direct_svc_threshold_0.5,0.008855609351647559,,0
B0006,36.0,1.7810046294120476,0,direct_classification,direct_svc_threshold_0.5,0.007419087418076919,,0
B0006,37.0,1.7710130422682329,0,direct_classification,direct_svc_threshold_0.5,0.006056435294037326,,0
B0006,38.0,1.7604712448170943,0,direct_classification,direct_svc_threshold_0.5,0.005188551076712914,,0
B0006,39.0,1.7502913788006587,0,direct_classification,direct_svc_threshold_0.5,0.004347686661587053,,0
B0006,40.0,1.7394925037732578,0,direct_classification,direct_svc_threshold_0.5,0.0036042850691886683,,0
B0006,41.0,1.7546766553637203,0,direct_classification,direct_svc_threshold_0.5,0.0029143305188904984,,0
B0006,42.0,1.7659390941842175,0,direct_classification,direct_svc_threshold_0.5,0.003516480981569524,,0
B0006,43.0,1.7337887419624838,0,direct_classification,direct_svc_threshold_0.5,0.003988982457751447,,0
B0006,44.0,1.713325912040734,0,direct_classification,direct_svc_threshold_0.5,0.0022661118908113486,,0
B0006,45.0,1.7024077813673466,0,direct_classification,direct_svc_threshold_0.5,0.0014767380269916299,,0
B0006,46.0,1.82371946178183,0,direct_classification,direct_svc_threshold_0.5,0.0011229322886327365,,0
B0006,47.0,1.8081284050314708,0,direct_classification,direct_svc_threshold_0.5,0.007460460880132437,,0
B0006,48.0,1.7757610945034283,0,direct_classification,direct_svc_threshold_0.5,0.006041066578868249,,0
B0006,49.0,1.7447409841836798,0,direct_classification,direct_svc_threshold_0.5,0.0036527820067782137,,0
B0006,50.0,1.729207034132373,0,direct_classification,direct_svc_threshold_0.5,0.0020112477367397416,,0
B0006,51.0,1.7081086552553244,0,direct_classification,direct_svc_threshold_0.5,0.0013956628816618665,,0
B0006,52.0,1.6975954237461768,0,direct_classification,direct_svc_threshold_0.5,0.000835247645571077,,0
B0006,53.0,1.6820634524029463,0,direct_classification,direct_svc_threshold_0.5,0.0006164571191354201,,0
B0006,54.0,1.6714768322295086,0,direct_classification,direct_svc_threshold_0.5,0.00040270617756598174,,0
B0006,55.0,1.6607591387047655,0,direct_classification,direct_svc_threshold_0.5,0.00029269374000201324,,0
B0006,56.0,1.651121015038069,0,direct_classification,direct_svc_threshold_0.5,0.00021216519010033657,,0
B0006,57.0,1.6401349256190927,0,direct_classification,direct_svc_threshold_0.5,0.00015807765908610572,,0
B0006,58.0,1.6291999416165441,0,direct_classification,direct_svc_threshold_0.5,0.00011558628627455739,,0
B0006,59.0,1.6088496302961666,0,direct_classification,direct_svc_threshold_0.5,8.60156115055017e-05,,0
B0006,60.0,1.6035244898969248,0,direct_classification,direct_svc_threshold_0.5,5.757923391506298e-05,,0
B0006,61.0,1.5989712144027983,0,direct_classification,direct_svc_threshold_0.5,4.921295671764124e-05,,0
B0006,62.0,1.5876273123575604,0,direct_classification,direct_svc_threshold_0.5,4.2790344102734955e-05,,0
B0006,63.0,1.5829719744686166,0,direct_classification,direct_svc_threshold_0.5,3.594115426509797e-05,,0
B0006,64.0,1.567137636713563,0,direct_classification,direct_svc_threshold_0.5,3.2226194125730945e-05,,0
B0006,65.0,1.5613446139713882,0,direct_classification,direct_svc_threshold_0.5,2.9694616879697403e-05,,0
B0006,66.0,1.5511711892790419,0,direct_classification,direct_svc_threshold_0.5,2.824903907603095e-05,,0
B0006,67.0,1.5406741606295171,0,direct_classification,direct_svc_threshold_0.5,2.8834987305076648e-05,,0
B0006,68.0,1.5253138744624433,0,direct_classification,direct_svc_threshold_0.5,3.1519645015069663e-05,,0
B0006,69.0,1.5301570318067428,0,direct_classification,direct_svc_threshold_0.5,4.176196124582863e-05,,0
B0006,70.0,1.5246566834474087,0,direct_classification,direct_svc_threshold_0.5,3.5096754967681305e-05,,0
B0006,71.0,1.5145492986655427,0,direct_classification,direct_svc_threshold_0.5,3.8668635220130026e-05,,0
B0006,72.0,1.509391504602082,0,direct_classification,direct_svc_threshold_0.5,5.100280842438307e-05,,0
B0006,73.0,1.5039974333050705,0,direct_classification,direct_svc_threshold_0.5,5.963088831298674e-05,,0
B0006,74.0,1.4935201918040188,0,direct_classification,direct_svc_threshold_0.5,7.22654696077546e-05,,0
B0006,75.0,1.4876323024497422,0,direct_classification,direct_svc_threshold_0.5,0.0001142884328918216,,0
B0006,76.0,1.5302876214401704,0,direct_classification,direct_svc_threshold_0.5,0.00015325270815316213,,0
B0006,77.0,1.5040760088360112,0,direct_classification,direct_svc_threshold_0.5,2.575209826145045e-05,,0
B0006,78.0,1.4887593608730894,0,direct_classification,direct_svc_threshold_0.5,6.795349822089353e-05,,0
B0006,79.0,1.4782779285546637,0,direct_classification,direct_svc_threshold_0.5,0.00014673853783374585,,0
B0006,80.0,1.478459982215684,0,direct_classification,direct_svc_threshold_0.5,0.0002734342864438363,,0
B0006,81.0,1.473214844899973,0,direct_classification,direct_svc_threshold_0.5,0.00027667612074569237,,0
B0006,82.0,1.4675164935067897,0,direct_classification,direct_svc_threshold_0.5,0.00039757843627048387,,0
B0006,83.0,1.4516292657521335,0,direct_classification,direct_svc_threshold_0.5,0.0006050457115807161,,0
B0006,84.0,1.4519237720967177,0,direct_classification,direct_svc_threshold_0.5,0.002023036468362019,,0
B0006,85.0,1.4471484694777745,0,direct_classification,direct_svc_threshold_0.5,0.002101484230248546,,0
B0006,86.0,1.4468538105659885,0,direct_classification,direct_svc_threshold_0.5,0.0032623788331637904,,0
B0006,87.0,1.4416741930284678,0,direct_classification,direct_svc_threshold_0.5,0.0035768772400245822,,0
B0006,88.0,1.5935866593100128,0,direct_classification,direct_svc_threshold_0.5,0.005891885998676325,,0
B0006,89.0,1.5463902376915637,0,direct_classification,direct_svc_threshold_0.5,6.146182013709724e-06,,0
B0006,90.0,1.51470559175661,0,direct_classification,direct_svc_threshold_0.5,1.116468305045848e-05,,0
B0006,91.0,1.4989786083335404,0,direct_classification,direct_svc_threshold_0.5,3.9578786752822944e-05,,0
B0006,92.0,1.4831110745410492,0,direct_classification,direct_svc_threshold_0.5,9.780851657233059e-05,,0
B0006,93.0,1.4729664825468278,0,direct_classification,direct_svc_threshold_0.5,0.0002923098199494424,,0
B0006,94.0,1.4627604396099307,0,direct_classification,direct_svc_threshold_0.5,0.0006535371463145512,,0
B0006,95.0,1.4518364681062514,0,direct_classification,direct_svc_threshold_0.5,0.0015738000369223055,,0
B0006,96.0,1.4468670644030392,0,direct_classification,direct_svc_threshold_0.5,0.004299243524930978,,0
B0006,97.0,1.441380399427779,0,direct_classification,direct_svc_threshold_0.5,0.007193571988994532,,0
B0006,98.0,1.431210744960774,0,direct_classification,direct_svc_threshold_0.5,0.01282408607572403,,0
B0006,99.0,1.4260247179525716,0,direct_classification,direct_svc_threshold_0.5,0.03629288842217629,,0
B0006,100.0,1.420487649966195,0,direct_classification,direct_svc_threshold_0.5,0.061577792323967886,,0
B0006,101.0,1.4207006230355006,0,direct_classification,direct_svc_threshold_0.5,0.10968756865115545,,0
B0006,102.0,1.452255804330839,0,direct_classification,direct_svc_threshold_0.5,0.11574770200698101,,0
B0006,103.0,1.431557632772571,0,direct_classification,direct_svc_threshold_0.5,0.006332620882421824,,0
B0006,104.0,1.415015751158943,0,direct_classification,direct_svc_threshold_0.5,0.050416692509404636,,0
B0006,105.0,1.4097311506517451,0,direct_classification,direct_svc_threshold_0.5,0.2272950669387851,,0
B0006,106.0,1.404917318129309,0,direct_classification,direct_svc_threshold_0.5,0.35489570581946844,,0
B0006,107.0,1.395164296571563,1,direct_classification,direct_svc_threshold_0.5,0.4903625023246446,,0
B0006,108.0,1.3945343832614077,1,direct_classification,direct_svc_threshold_0.5,0.7375676816193,,1
B0006,109.0,1.3893171179312644,1,direct_classification,direct_svc_threshold_0.5,0.7628408632114114,,1
B0006,110.0,1.3838379472327809,1,direct_classification,direct_svc_threshold_0.5,0.8540643521206672,,1
B0006,111.0,1.3736814238195123,1,direct_classification,direct_svc_threshold_0.5,0.915501750796344,,1
B0006,112.0,1.3786059891863676,1,direct_classification,direct_svc_threshold_0.5,0.9689571982144095,,1
B0006,113.0,1.3737600299108574,1,direct_classification,direct_svc_threshold_0.5,0.9532844285888403,,1
B0006,114.0,1.3682580583942712,1,direct_classification,direct_svc_threshold_0.5,0.9717753608498823,,1
B0006,115.0,1.3633024037317505,1,direct_classification,direct_svc_threshold_0.5,0.9838634567056853,,1
B0006,116.0,1.3580966140172601,1,direct_classification,direct_svc_threshold_0.5,0.990172365240593,,1
B0006,117.0,1.353269090999531,1,direct_classification,direct_svc_threshold_0.5,0.9940561198497166,,1
B0006,118.0,1.3841605738237488,1,direct_classification,direct_svc_threshold_0.5,0.9962124104799199,,1
B0006,119.0,1.4051467790651473,0,direct_classification,direct_svc_threshold_0.5,0.9341010070150446,,1
B0006,120.0,1.378719022627353,1,direct_classification,direct_svc_threshold_0.5,0.6160968736049802,,1
B0006,121.0,1.3682657783199066,1,direct_classification,direct_svc_threshold_0.5,0.96125727264824,,1
B0006,122.0,1.3573151296618016,1,direct_classification,direct_svc_threshold_0.5,0.9856300217244562,,1
B0006,123.0,1.3524934638801596,1,direct_classification,direct_svc_threshold_0.5,0.994681071234127,,1
B0006,124.0,1.3474099151661236,1,direct_classification,direct_svc_threshold_0.5,0.9964516540258661,,1
B0006,125.0,1.3370075130842318,1,direct_classification,direct_svc_threshold_0.5,0.9999830891431852,,1
B0006,126.0,1.3312352966718526,1,direct_classification,direct_svc_threshold_0.5,0.9999965851040828,,1
B0006,127.0,1.3259303781727643,1,direct_classification,direct_svc_threshold_0.5,0.9999984253566104,,1
B0006,128.0,1.321578743867529,1,direct_classification,direct_svc_threshold_0.5,0.9999991732303015,,1
B0006,129.0,1.321225074066109,1,direct_classification,direct_svc_threshold_0.5,0.9999994787518992,,1
B0006,130.0,1.3156485301862682,1,direct_classification,direct_svc_threshold_0.5,0.9999994298933167,,1
B0006,131.0,1.3209025697502388,1,direct_classification,direct_svc_threshold_0.5,0.9999996696205093,,1
B0006,132.0,1.3474328767273906,1,direct_classification,direct_svc_threshold_0.5,0.9999992483585649,,1
B0006,133.0,1.3260128072353616,1,direct_classification,direct_svc_threshold_0.5,0.9961316992043353,,1
B0006,134.0,1.3101186784831063,1,direct_classification,direct_svc_threshold_0.5,0.999997840585804,,1
B0006,135.0,1.30521620229393,1,direct_classification,direct_svc_threshold_0.5,0.9999996274919936,,1
B0006,136.0,1.3004061951355774,1,direct_classification,direct_svc_threshold_0.5,0.9999997237843016,,1
B0006,137.0,1.300235735841116,1,direct_classification,direct_svc_threshold_0.5,0.9999997820456609,,1
B0006,138.0,1.2895066722480755,1,direct_classification,direct_svc_threshold_0.5,0.9999997228563711,,1
B0006,139.0,1.279253057384795,1,direct_classification,direct_svc_threshold_0.5,0.9999998570394604,,1
B0006,140.0,1.2792078171714618,1,direct_classification,direct_svc_threshold_0.5,0.9999999074302186,,1
B0006,141.0,1.274036760902923,1,direct_classification,direct_svc_threshold_0.5,0.9999998762565261,,1
B0006,142.0,1.2741273923001468,1,direct_classification,direct_svc_threshold_0.5,0.9999998755099924,,1
B0006,143.0,1.2637639426440779,1,direct_classification,direct_svc_threshold_0.5,0.9999998284279685,,1
B0006,144.0,1.2581373688955233,1,direct_classification,direct_svc_threshold_0.5,0.9999998529928436,,1
B0006,145.0,1.253259864055301,1,direct_classification,direct_svc_threshold_0.5,0.999999831012512,,1
B0006,146.0,1.2532313315493426,1,direct_classification,direct_svc_threshold_0.5,0.9999997918235559,,1
B0006,147.0,1.2480874960313577,1,direct_classification,direct_svc_threshold_0.5,0.9999997054583452,,1
B0006,148.0,1.2534354284944844,1,direct_classification,direct_svc_threshold_0.5,0.9999996222526969,,1
B0006,149.0,1.2898048773266901,1,direct_classification,direct_svc_threshold_0.5,0.9999993893556822,,1
B0006,150.0,1.2635402021758835,1,direct_classification,direct_svc_threshold_0.5,0.9999937902171004,,1
B0006,151.0,1.2479761706842853,1,direct_classification,direct_svc_threshold_0.5,0.9999981476301864,,1
B0006,152.0,1.2321202877943334,1,direct_classification,direct_svc_threshold_0.5,0.9999983118988641,,1
B0006,153.0,1.2271137666213534,1,direct_classification,direct_svc_threshold_0.5,0.9999978849603698,,1
B0006,154.0,1.2217397581377356,1,direct_classification,direct_svc_threshold_0.5,0.9999968601835184,,1
B0006,155.0,1.211102678915174,1,direct_classification,direct_svc_threshold_0.5,0.999995198696031,,1
B0006,156.0,1.2056159765131735,1,direct_classification,direct_svc_threshold_0.5,0.9999916793369753,,1
B0006,157.0,1.2008936262717274,1,direct_classification,direct_svc_threshold_0.5,0.9999862410792081,,1
B0006,158.0,1.1905903985558335,1,direct_classification,direct_svc_threshold_0.5,0.9972604797595953,,1
B0006,159.0,1.185179251041941,1,direct_classification,direct_svc_threshold_0.5,0.9960992836625148,,1
B0006,160.0,1.1796706818144624,1,direct_classification,direct_svc_threshold_0.5,0.9948304846988216,,1
B0006,161.0,1.1745952836753915,1,direct_classification,direct_svc_threshold_0.5,0.9931020328619804,,1
B0006,162.0,1.15381833159625,1,direct_classification,direct_svc_threshold_0.5,0.9908539772344189,,1
B0006,163.0,1.1644009557372264,1,direct_classification,direct_svc_threshold_0.5,0.9817337479138711,,1
B0006,164.0,1.1587974947916069,1,direct_classification,direct_svc_threshold_0.5,0.9838622676896026,,1
B0006,165.0,1.1749748834769171,1,direct_classification,direct_svc_threshold_0.5,0.9783166766903171,,1
B0006,166.0,1.1856752327929356,1,direct_classification,direct_svc_threshold_0.5,0.9821879858721183,,1
B0006,0.0,2.0251402460314116,0,direct_classification,direct_svc_cost_threshold,0.019168829122433895,,0
B0006,1.0,2.013326371345464,0,direct_classification,direct_svc_cost_threshold,0.019053820939236448,,0
B0006,2.0,2.0132846655407413,0,direct_classification,direct_svc_cost_threshold,0.01891583862675672,,0
B0006,3.0,2.000528337624771,0,direct_classification,direct_svc_cost_threshold,0.01890766603049341,,0
B0006,4.0,2.0138990759931645,0,direct_classification,direct_svc_cost_threshold,0.01874894196596484,,0
B0006,5.0,2.013101105626967,0,direct_classification,direct_svc_cost_threshold,0.018900987437231676,,0
B0006,6.0,1.9687898262728398,0,direct_classification,direct_svc_cost_threshold,0.0188852727124276,,0
B0006,7.0,1.9681661764334244,0,direct_classification,direct_svc_cost_threshold,0.018286376969945936,,0
B0006,8.0,1.9572307917560536,0,direct_classification,direct_svc_cost_threshold,0.018259126284118108,,0
B0006,9.0,1.9455991514129352,0,direct_classification,direct_svc_cost_threshold,0.01806407280343399,,0
B0006,10.0,1.9347505044841131,0,direct_classification,direct_svc_cost_threshold,0.017832947106543665,,0
B0006,11.0,1.9232799539368028,0,direct_classification,direct_svc_cost_threshold,0.017587064596666053,,0
B0006,12.0,1.911889930948487,0,direct_classification,direct_svc_cost_threshold,0.01729337814267732,,0
B0006,13.0,1.9010667141979305,0,direct_classification,direct_svc_cost_threshold,0.01695904919897056,,0
B0006,14.0,1.8891989948061458,0,direct_classification,direct_svc_cost_threshold,0.016592713855726304,,0
B0006,15.0,1.878278372248849,0,direct_classification,direct_svc_cost_threshold,0.01613970753544647,,0
B0006,16.0,1.8675697161520206,0,direct_classification,direct_svc_cost_threshold,0.01565716169092078,,0
B0006,17.0,1.8675892574453767,0,direct_classification,direct_svc_cost_threshold,0.015120824714561007,,0
B0006,18.0,1.979626548250818,0,direct_classification,direct_svc_cost_threshold,0.015009063971022548,,0
B0006,19.0,1.9575499080884022,0,direct_classification,direct_svc_cost_threshold,0.018285214210518843,,0
B0006,20.0,1.9458150170787551,0,direct_classification,direct_svc_cost_threshold,0.017812859941959327,,0
B0006,21.0,1.9242461121680094,0,direct_classification,direct_svc_cost_threshold,0.01749974338695885,,0
B0006,22.0,1.9459811331421641,0,direct_classification,direct_svc_cost_threshold,0.016836613957895975,,0
B0006,23.0,1.901407930553079,0,direct_classification,direct_svc_cost_threshold,0.01743689378269324,,0
B0006,24.0,1.878674213680085,0,direct_classification,direct_svc_cost_threshold,0.0158753454218842,,0
B0006,25.0,1.8683061328264219,0,direct_classification,direct_svc_cost_threshold,0.014746417302905586,,0
B0006,26.0,1.8560244070082998,0,direct_classification,direct_svc_cost_threshold,0.014083951746874395,,0
B0006,27.0,1.8451997961855777,0,direct_classification,direct_svc_cost_threshold,0.01323994506146891,,0
B0006,28.0,1.857228890885317,0,direct_classification,direct_svc_cost_threshold,0.012408689668208236,,0
B0006,29.0,1.9247760889090635,0,direct_classification,direct_svc_cost_threshold,0.013022608160184704,,0
B0006,30.0,1.8822317526092551,0,direct_classification,direct_svc_cost_threshold,0.016409725869261867,,0
B0006,31.0,1.855276687885587,0,direct_classification,direct_svc_cost_threshold,0.014264186792487692,,0
B0006,32.0,1.8392508917181876,0,direct_classification,direct_svc_cost_threshold,0.012447481945130654,,0
B0006,33.0,1.8185396073994429,0,direct_classification,direct_svc_cost_threshold,0.011160211263251889,,0
B0006,34.0,1.8134770059567056,0,direct_classification,direct_svc_cost_threshold,0.009435163865504356,,0
B0006,35.0,1.7971018450305436,0,direct_classification,direct_svc_cost_threshold,0.008855609351647559,,0
B0006,36.0,1.7810046294120476,0,direct_classification,direct_svc_cost_threshold,0.007419087418076919,,0
B0006,37.0,1.7710130422682329,0,direct_classification,direct_svc_cost_threshold,0.006056435294037326,,0
B0006,38.0,1.7604712448170943,0,direct_classification,direct_svc_cost_threshold,0.005188551076712914,,0
B0006,39.0,1.7502913788006587,0,direct_classification,direct_svc_cost_threshold,0.004347686661587053,,0
B0006,40.0,1.7394925037732578,0,direct_classification,direct_svc_cost_threshold,0.0036042850691886683,,0
B0006,41.0,1.7546766553637203,0,direct_classification,direct_svc_cost_threshold,0.0029143305188904984,,0
B0006,42.0,1.7659390941842175,0,direct_classification,direct_svc_cost_threshold,0.003516480981569524,,0
B0006,43.0,1.7337887419624838,0,direct_classification,direct_svc_cost_threshold,0.003988982457751447,,0
B0006,44.0,1.713325912040734,0,direct_classification,direct_svc_cost_threshold,0.0022661118908113486,,0
B0006,45.0,1.7024077813673466,0,direct_classification,direct_svc_cost_threshold,0.0014767380269916299,,0
B0006,46.0,1.82371946178183,0,direct_classification,direct_svc_cost_threshold,0.0011229322886327365,,0
B0006,47.0,1.8081284050314708,0,direct_classification,direct_svc_cost_threshold,0.007460460880132437,,0
B0006,48.0,1.7757610945034283,0,direct_classification,direct_svc_cost_threshold,0.006041066578868249,,0
B0006,49.0,1.7447409841836798,0,direct_classification,direct_svc_cost_threshold,0.0036527820067782137,,0
B0006,50.0,1.729207034132373,0,direct_classification,direct_svc_cost_threshold,0.0020112477367397416,,0
B0006,51.0,1.7081086552553244,0,direct_classification,direct_svc_cost_threshold,0.0013956628816618665,,0
B0006,52.0,1.6975954237461768,0,direct_classification,direct_svc_cost_threshold,0.000835247645571077,,0
B0006,53.0,1.6820634524029463,0,direct_classification,direct_svc_cost_threshold,0.0006164571191354201,,0
B0006,54.0,1.6714768322295086,0,direct_classification,direct_svc_cost_threshold,0.00040270617756598174,,0
B0006,55.0,1.6607591387047655,0,direct_classification,direct_svc_cost_threshold,0.00029269374000201324,,0
B0006,56.0,1.651121015038069,0,direct_classification,direct_svc_cost_threshold,0.00021216519010033657,,0
B0006,57.0,1.6401349256190927,0,direct_classification,direct_svc_cost_threshold,0.00015807765908610572,,0
B0006,58.0,1.6291999416165441,0,direct_classification,direct_svc_cost_threshold,0.00011558628627455739,,0
B0006,59.0,1.6088496302961666,0,direct_classification,direct_svc_cost_threshold,8.60156115055017e-05,,0
B0006,60.0,1.6035244898969248,0,direct_classification,direct_svc_cost_threshold,5.757923391506298e-05,,0
B0006,61.0,1.5989712144027983,0,direct_classification,direct_svc_cost_threshold,4.921295671764124e-05,,0
B0006,62.0,1.5876273123575604,0,direct_classification,direct_svc_cost_threshold,4.2790344102734955e-05,,0
B0006,63.0,1.5829719744686166,0,direct_classification,direct_svc_cost_threshold,3.594115426509797e-05,,0
B0006,64.0,1.567137636713563,0,direct_classification,direct_svc_cost_threshold,3.2226194125730945e-05,,0
B0006,65.0,1.5613446139713882,0,direct_classification,direct_svc_cost_threshold,2.9694616879697403e-05,,0
B0006,66.0,1.5511711892790419,0,direct_classification,direct_svc_cost_threshold,2.824903907603095e-05,,0
B0006,67.0,1.5406741606295171,0,direct_classification,direct_svc_cost_threshold,2.8834987305076648e-05,,0
B0006,68.0,1.5253138744624433,0,direct_classification,direct_svc_cost_threshold,3.1519645015069663e-05,,0
B0006,69.0,1.5301570318067428,0,direct_classification,direct_svc_cost_threshold,4.176196124582863e-05,,0
B0006,70.0,1.5246566834474087,0,direct_classification,direct_svc_cost_threshold,3.5096754967681305e-05,,0
B0006,71.0,1.5145492986655427,0,direct_classification,direct_svc_cost_threshold,3.8668635220130026e-05,,0
B0006,72.0,1.509391504602082,0,direct_classification,direct_svc_cost_threshold,5.100280842438307e-05,,0
B0006,73.0,1.5039974333050705,0,direct_classification,direct_svc_cost_threshold,5.963088831298674e-05,,0
B0006,74.0,1.4935201918040188,0,direct_classification,direct_svc_cost_threshold,7.22654696077546e-05,,0
B0006,75.0,1.4876323024497422,0,direct_classification,direct_svc_cost_threshold,0.0001142884328918216,,0
B0006,76.0,1.5302876214401704,0,direct_classification,direct_svc_cost_threshold,0.00015325270815316213,,0
B0006,77.0,1.5040760088360112,0,direct_classification,direct_svc_cost_threshold,2.575209826145045e-05,,0
B0006,78.0,1.4887593608730894,0,direct_classification,direct_svc_cost_threshold,6.795349822089353e-05,,0
B0006,79.0,1.4782779285546637,0,direct_classification,direct_svc_cost_threshold,0.00014673853783374585,,0
B0006,80.0,1.478459982215684,0,direct_classification,direct_svc_cost_threshold,0.0002734342864438363,,0
B0006,81.0,1.473214844899973,0,direct_classification,direct_svc_cost_threshold,0.00027667612074569237,,0
B0006,82.0,1.4675164935067897,0,direct_classification,direct_svc_cost_threshold,0.00039757843627048387,,0
B0006,83.0,1.4516292657521335,0,direct_classification,direct_svc_cost_threshold,0.0006050457115807161,,0
B0006,84.0,1.4519237720967177,0,direct_classification,direct_svc_cost_threshold,0.002023036468362019,,0
B0006,85.0,1.4471484694777745,0,direct_classification,direct_svc_cost_threshold,0.002101484230248546,,0
B0006,86.0,1.4468538105659885,0,direct_classification,direct_svc_cost_threshold,0.0032623788331637904,,0
B0006,87.0,1.4416741930284678,0,direct_classification,direct_svc_cost_threshold,0.0035768772400245822,,0
B0006,88.0,1.5935866593100128,0,direct_classification,direct_svc_cost_threshold,0.005891885998676325,,0
B0006,89.0,1.5463902376915637,0,direct_classification,direct_svc_cost_threshold,6.146182013709724e-06,,0
B0006,90.0,1.51470559175661,0,direct_classification,direct_svc_cost_threshold,1.116468305045848e-05,,0
B0006,91.0,1.4989786083335404,0,direct_classification,direct_svc_cost_threshold,3.9578786752822944e-05,,0
B0006,92.0,1.4831110745410492,0,direct_classification,direct_svc_cost_threshold,9.780851657233059e-05,,0
B0006,93.0,1.4729664825468278,0,direct_classification,direct_svc_cost_threshold,0.0002923098199494424,,0
B0006,94.0,1.4627604396099307,0,direct_classification,direct_svc_cost_threshold,0.0006535371463145512,,0
B0006,95.0,1.4518364681062514,0,direct_classification,direct_svc_cost_threshold,0.0015738000369223055,,0
B0006,96.0,1.4468670644030392,0,direct_classification,direct_svc_cost_threshold,0.004299243524930978,,0
B0006,97.0,1.441380399427779,0,direct_classification,direct_svc_cost_threshold,0.007193571988994532,,0
B0006,98.0,1.431210744960774,0,direct_classification,direct_svc_cost_threshold,0.01282408607572403,,0
B0006,99.0,1.4260247179525716,0,direct_classification,direct_svc_cost_threshold,0.03629288842217629,,0
B0006,100.0,1.420487649966195,0,direct_classification,direct_svc_cost_threshold,0.061577792323967886,,0
B0006,101.0,1.4207006230355006,0,direct_classification,direct_svc_cost_threshold,0.10968756865115545,,0
B0006,102.0,1.452255804330839,0,direct_classification,direct_svc_cost_threshold,0.11574770200698101,,0
B0006,103.0,1.431557632772571,0,direct_classification,direct_svc_cost_threshold,0.006332620882421824,,0
B0006,104.0,1.415015751158943,0,direct_classification,direct_svc_cost_threshold,0.050416692509404636,,0
B0006,105.0,1.4097311506517451,0,direct_classification,direct_svc_cost_threshold,0.2272950669387851,,1
B0006,106.0,1.404917318129309,0,direct_classification,direct_svc_cost_threshold,0.35489570581946844,,1
B0006,107.0,1.395164296571563,1,direct_classification,direct_svc_cost_threshold,0.4903625023246446,,1
B0006,108.0,1.3945343832614077,1,direct_classification,direct_svc_cost_threshold,0.7375676816193,,1
B0006,109.0,1.3893171179312644,1,direct_classification,direct_svc_cost_threshold,0.7628408632114114,,1
B0006,110.0,1.3838379472327809,1,direct_classification,direct_svc_cost_threshold,0.8540643521206672,,1
B0006,111.0,1.3736814238195123,1,direct_classification,direct_svc_cost_threshold,0.915501750796344,,1
B0006,112.0,1.3786059891863676,1,direct_classification,direct_svc_cost_threshold,0.9689571982144095,,1
B0006,113.0,1.3737600299108574,1,direct_classification,direct_svc_cost_threshold,0.9532844285888403,,1
B0006,114.0,1.3682580583942712,1,direct_classification,direct_svc_cost_threshold,0.9717753608498823,,1
B0006,115.0,1.3633024037317505,1,direct_classification,direct_svc_cost_threshold,0.9838634567056853,,1
B0006,116.0,1.3580966140172601,1,direct_classification,direct_svc_cost_threshold,0.990172365240593,,1
B0006,117.0,1.353269090999531,1,direct_classification,direct_svc_cost_threshold,0.9940561198497166,,1
B0006,118.0,1.3841605738237488,1,direct_classification,direct_svc_cost_threshold,0.9962124104799199,,1
B0006,119.0,1.4051467790651473,0,direct_classification,direct_svc_cost_threshold,0.9341010070150446,,1
B0006,120.0,1.378719022627353,1,direct_classification,direct_svc_cost_threshold,0.6160968736049802,,1
B0006,121.0,1.3682657783199066,1,direct_classification,direct_svc_cost_threshold,0.96125727264824,,1
B0006,122.0,1.3573151296618016,1,direct_classification,direct_svc_cost_threshold,0.9856300217244562,,1
B0006,123.0,1.3524934638801596,1,direct_classification,direct_svc_cost_threshold,0.994681071234127,,1
B0006,124.0,1.3474099151661236,1,direct_classification,direct_svc_cost_threshold,0.9964516540258661,,1
B0006,125.0,1.3370075130842318,1,direct_classification,direct_svc_cost_threshold,0.9999830891431852,,1
B0006,126.0,1.3312352966718526,1,direct_classification,direct_svc_cost_threshold,0.9999965851040828,,1
B0006,127.0,1.3259303781727643,1,direct_classification,direct_svc_cost_threshold,0.9999984253566104,,1
B0006,128.0,1.321578743867529,1,direct_classification,direct_svc_cost_threshold,0.9999991732303015,,1
B0006,129.0,1.321225074066109,1,direct_classification,direct_svc_cost_threshold,0.9999994787518992,,1
B0006,130.0,1.3156485301862682,1,direct_classification,direct_svc_cost_threshold,0.9999994298933167,,1
B0006,131.0,1.3209025697502388,1,direct_classification,direct_svc_cost_threshold,0.9999996696205093,,1
B0006,132.0,1.3474328767273906,1,direct_classification,direct_svc_cost_threshold,0.9999992483585649,,1
B0006,133.0,1.3260128072353616,1,direct_classification,direct_svc_cost_threshold,0.9961316992043353,,1
B0006,134.0,1.3101186784831063,1,direct_classification,direct_svc_cost_threshold,0.999997840585804,,1
B0006,135.0,1.30521620229393,1,direct_classification,direct_svc_cost_threshold,0.9999996274919936,,1
B0006,136.0,1.3004061951355774,1,direct_classification,direct_svc_cost_threshold,0.9999997237843016,,1
B0006,137.0,1.300235735841116,1,direct_classification,direct_svc_cost_threshold,0.9999997820456609,,1
B0006,138.0,1.2895066722480755,1,direct_classification,direct_svc_cost_threshold,0.9999997228563711,,1
B0006,139.0,1.279253057384795,1,direct_classification,direct_svc_cost_threshold,0.9999998570394604,,1
B0006,140.0,1.2792078171714618,1,direct_classification,direct_svc_cost_threshold,0.9999999074302186,,1
B0006,141.0,1.274036760902923,1,direct_classification,direct_svc_cost_threshold,0.9999998762565261,,1
B0006,142.0,1.2741273923001468,1,direct_classification,direct_svc_cost_threshold,0.9999998755099924,,1
B0006,143.0,1.2637639426440779,1,direct_classification,direct_svc_cost_threshold,0.9999998284279685,,1
B0006,144.0,1.2581373688955233,1,direct_classification,direct_svc_cost_threshold,0.9999998529928436,,1
B0006,145.0,1.253259864055301,1,direct_classification,direct_svc_cost_threshold,0.999999831012512,,1
B0006,146.0,1.2532313315493426,1,direct_classification,direct_svc_cost_threshold,0.9999997918235559,,1
B0006,147.0,1.2480874960313577,1,direct_classification,direct_svc_cost_threshold,0.9999997054583452,,1
B0006,148.0,1.2534354284944844,1,direct_classification,direct_svc_cost_threshold,0.9999996222526969,,1
B0006,149.0,1.2898048773266901,1,direct_classification,direct_svc_cost_threshold,0.9999993893556822,,1
B0006,150.0,1.2635402021758835,1,direct_classification,direct_svc_cost_threshold,0.9999937902171004,,1
B0006,151.0,1.2479761706842853,1,direct_classification,direct_svc_cost_threshold,0.9999981476301864,,1
B0006,152.0,1.2321202877943334,1,direct_classification,direct_svc_cost_threshold,0.9999983118988641,,1
B0006,153.0,1.2271137666213534,1,direct_classification,direct_svc_cost_threshold,0.9999978849603698,,1
B0006,154.0,1.2217397581377356,1,direct_classification,direct_svc_cost_threshold,0.9999968601835184,,1
B0006,155.0,1.211102678915174,1,direct_classification,direct_svc_cost_threshold,0.999995198696031,,1
B0006,156.0,1.2056159765131735,1,direct_classification,direct_svc_cost_threshold,0.9999916793369753,,1
B0006,157.0,1.2008936262717274,1,direct_classification,direct_svc_cost_threshold,0.9999862410792081,,1
B0006,158.0,1.1905903985558335,1,direct_classification,direct_svc_cost_threshold,0.9972604797595953,,1
B0006,159.0,1.185179251041941,1,direct_classification,direct_svc_cost_threshold,0.9960992836625148,,1
B0006,160.0,1.1796706818144624,1,direct_classification,direct_svc_cost_threshold,0.9948304846988216,,1
B0006,161.0,1.1745952836753915,1,direct_classification,direct_svc_cost_threshold,0.9931020328619804,,1
B0006,162.0,1.15381833159625,1,direct_classification,direct_svc_cost_threshold,0.9908539772344189,,1
B0006,163.0,1.1644009557372264,1,direct_classification,direct_svc_cost_threshold,0.9817337479138711,,1
B0006,164.0,1.1587974947916069,1,direct_classification,direct_svc_cost_threshold,0.9838622676896026,,1
B0006,165.0,1.1749748834769171,1,direct_classification,direct_svc_cost_threshold,0.9783166766903171,,1
B0006,166.0,1.1856752327929356,1,direct_classification,direct_svc_cost_threshold,0.9821879858721183,,1
B0006,0.0,2.0251402460314116,0,regress_then_threshold,ridge_regress_then_threshold,,2.0252919214459655,0
B0006,1.0,2.013326371345464,0,regress_then_threshold,ridge_regress_then_threshold,,2.0153363650641,0
B0006,2.0,2.0132846655407413,0,regress_then_threshold,ridge_regress_then_threshold,,2.0038190716005704,0
B0006,3.0,2.000528337624771,0,regress_then_threshold,ridge_regress_then_threshold,,2.0036749267650253,0
B0006,4.0,2.0138990759931645,0,regress_then_threshold,ridge_regress_then_threshold,,1.9912471247309753,0
B0006,5.0,2.013101105626967,0,regress_then_threshold,ridge_regress_then_threshold,,2.004060806323548,0
B0006,6.0,1.9687898262728398,0,regress_then_threshold,ridge_regress_then_threshold,,2.003186030680162,0
B0006,7.0,1.9681661764334244,0,regress_then_threshold,ridge_regress_then_threshold,,1.96027283922672,0
B0006,8.0,1.9572307917560536,0,regress_then_threshold,ridge_regress_then_threshold,,1.959566475477523,0
B0006,9.0,1.9455991514129352,0,regress_then_threshold,ridge_regress_then_threshold,,1.9488978954105267,0
B0006,10.0,1.9347505044841131,0,regress_then_threshold,ridge_regress_then_threshold,,1.9375566594166982,0
B0006,11.0,1.9232799539368028,0,regress_then_threshold,ridge_regress_then_threshold,,1.9269718771031874,0
B0006,12.0,1.911889930948487,0,regress_then_threshold,ridge_regress_then_threshold,,1.9157862707311104,0
B0006,13.0,1.9010667141979305,0,regress_then_threshold,ridge_regress_then_threshold,,1.9046784624187052,0
B0006,14.0,1.8891989948061458,0,regress_then_threshold,ridge_regress_then_threshold,,1.8941182483219752,0
B0006,15.0,1.878278372248849,0,regress_then_threshold,ridge_regress_then_threshold,,1.882548935230755,0
B0006,16.0,1.8675697161520206,0,regress_then_threshold,ridge_regress_then_threshold,,1.8718946169185262,0
B0006,17.0,1.8675892574453767,0,regress_then_threshold,ridge_regress_then_threshold,,1.861445080416971,0
B0006,18.0,1.979626548250818,0,regress_then_threshold,ridge_regress_then_threshold,,1.8613601066956458,0
B0006,19.0,1.9575499080884022,0,regress_then_threshold,ridge_regress_then_threshold,,1.9694960162310267,0
B0006,20.0,1.9458150170787551,0,regress_then_threshold,ridge_regress_then_threshold,,1.9480638159839079,0
B0006,21.0,1.9242461121680094,0,regress_then_threshold,ridge_regress_then_threshold,,1.9366228290276002,0
B0006,22.0,1.9459811331421641,0,regress_then_threshold,ridge_regress_then_threshold,,1.9156811542341314,0
B0006,23.0,1.901407930553079,0,regress_then_threshold,ridge_regress_then_threshold,,1.9365756092340156,0
B0006,24.0,1.878674213680085,0,regress_then_threshold,ridge_regress_then_threshold,,1.8934093724912686,0
B0006,25.0,1.8683061328264219,0,regress_then_threshold,ridge_regress_then_threshold,,1.8713423672931848,0
B0006,26.0,1.8560244070082998,0,regress_then_threshold,ridge_regress_then_threshold,,1.8612218621620267,0
B0006,27.0,1.8451997961855777,0,regress_then_threshold,ridge_regress_then_threshold,,1.8492525754833409,0
B0006,28.0,1.857228890885317,0,regress_then_threshold,ridge_regress_then_threshold,,1.8386910145668276,0
B0006,29.0,1.9247760889090635,0,regress_then_threshold,ridge_regress_then_threshold,,1.8502085277979574,0
B0006,30.0,1.8822317526092551,0,regress_then_threshold,ridge_regress_then_threshold,,1.9153623460310278,0
B0006,31.0,1.855276687885587,0,regress_then_threshold,ridge_regress_then_threshold,,1.874156206708481,0
B0006,32.0,1.8392508917181876,0,regress_then_threshold,ridge_regress_then_threshold,,1.848010937173508,0
B0006,33.0,1.8185396073994429,0,regress_then_threshold,ridge_regress_then_threshold,,1.8324244862334536,0
B0006,34.0,1.8134770059567056,0,regress_then_threshold,ridge_regress_then_threshold,,1.8123113627934067,0
B0006,35.0,1.7971018450305436,0,regress_then_threshold,ridge_regress_then_threshold,,1.8073165066817254,0
B0006,36.0,1.7810046294120476,0,regress_then_threshold,ridge_regress_then_threshold,,1.7913925327782414,0
B0006,37.0,1.7710130422682329,0,regress_then_threshold,ridge_regress_then_threshold,,1.7757370831650925,0
B0006,38.0,1.7604712448170943,0,regress_then_threshold,ridge_regress_then_threshold,,1.765980310406686,0
B0006,39.0,1.7502913788006587,0,regress_then_threshold,ridge_regress_then_threshold,,1.7556919768403285,0
B0006,40.0,1.7394925037732578,0,regress_then_threshold,ridge_regress_then_threshold,,1.7457533069630964,0
B0006,41.0,1.7546766553637203,0,regress_then_threshold,ridge_regress_then_threshold,,1.735216609521462,0
B0006,42.0,1.7659390941842175,0,regress_then_threshold,ridge_regress_then_threshold,,1.7497822382961237,0
B0006,43.0,1.7337887419624838,0,regress_then_threshold,ridge_regress_then_threshold,,1.7605590816176464,0
B0006,44.0,1.713325912040734,0,regress_then_threshold,ridge_regress_then_threshold,,1.729394619996936,0
B0006,45.0,1.7024077813673466,0,regress_then_threshold,ridge_regress_then_threshold,,1.709521529537456,0
B0006,46.0,1.82371946178183,0,regress_then_threshold,ridge_regress_then_threshold,,1.6988696186461834,0
B0006,47.0,1.8081284050314708,0,regress_then_threshold,ridge_regress_then_threshold,,1.8159655603151243,0
B0006,48.0,1.7757610945034283,0,regress_then_threshold,ridge_regress_then_threshold,,1.800799113203959,0
B0006,49.0,1.7447409841836798,0,regress_then_threshold,ridge_regress_then_threshold,,1.769425047126447,0
B0006,50.0,1.729207034132373,0,regress_then_threshold,ridge_regress_then_threshold,,1.7393525176098839,0
B0006,51.0,1.7081086552553244,0,regress_then_threshold,ridge_regress_then_threshold,,1.7242412415536472,0
B0006,52.0,1.6975954237461768,0,regress_then_threshold,ridge_regress_then_threshold,,1.7037541442104822,0
B0006,53.0,1.6820634524029463,0,regress_then_threshold,ridge_regress_then_threshold,,1.6934934083372295,0
B0006,54.0,1.6714768322295086,0,regress_then_threshold,ridge_regress_then_threshold,,1.6783840439203237,0
B0006,55.0,1.6607591387047655,0,regress_then_threshold,ridge_regress_then_threshold,,1.668052406907697,0
B0006,56.0,1.651121015038069,0,regress_then_threshold,ridge_regress_then_threshold,,1.657594139303834,0
B0006,57.0,1.6401349256190927,0,regress_then_threshold,ridge_regress_then_threshold,,1.6481788493002532,0
B0006,58.0,1.6291999416165441,0,regress_then_threshold,ridge_regress_then_threshold,,1.637461283140019,0
B0006,59.0,1.6088496302961666,0,regress_then_threshold,ridge_regress_then_threshold,,1.6267930901668837,0
B0006,60.0,1.6035244898969248,0,regress_then_threshold,ridge_regress_then_threshold,,1.6070287044660367,0
B0006,61.0,1.5989712144027983,0,regress_then_threshold,ridge_regress_then_threshold,,1.601780208213521,0
B0006,62.0,1.5876273123575604,0,regress_then_threshold,ridge_regress_then_threshold,,1.5972774143354083,0
B0006,63.0,1.5829719744686166,0,regress_then_threshold,ridge_regress_then_threshold,,1.5862141636865723,0
B0006,64.0,1.567137636713563,0,regress_then_threshold,ridge_regress_then_threshold,,1.5816127668409607,0
B0006,65.0,1.5613446139713882,0,regress_then_threshold,ridge_regress_then_threshold,,1.566211284788259,0
B0006,66.0,1.5511711892790419,0,regress_then_threshold,ridge_regress_then_threshold,,1.5605107651677237,0
B0006,67.0,1.5406741606295171,0,regress_then_threshold,ridge_regress_then_threshold,,1.5505783182844841,0
B0006,68.0,1.5253138744624433,0,regress_then_threshold,ridge_regress_then_threshold,,1.540333236071364,0
B0006,69.0,1.5301570318067428,0,regress_then_threshold,ridge_regress_then_threshold,,1.5253897375238108,0
B0006,70.0,1.5246566834474087,0,regress_then_threshold,ridge_regress_then_threshold,,1.5299648823265413,0
B0006,71.0,1.5145492986655427,0,regress_then_threshold,ridge_regress_then_threshold,,1.5245471168262734,0
B0006,72.0,1.509391504602082,0,regress_then_threshold,ridge_regress_then_threshold,,1.5146784714162247,0
B0006,73.0,1.5039974333050705,0,regress_then_threshold,ridge_regress_then_threshold,,1.509591649258635,0
B0006,74.0,1.4935201918040188,0,regress_then_threshold,ridge_regress_then_threshold,,1.5042765585362892,0
B0006,75.0,1.4876323024497422,0,regress_then_threshold,ridge_regress_then_threshold,,1.4940505927818928,0
B0006,76.0,1.5302876214401704,0,regress_then_threshold,ridge_regress_then_threshold,,1.4882584220739363,0
B0006,77.0,1.5040760088360112,0,regress_then_threshold,ridge_regress_then_threshold,,1.5293640769879053,0
B0006,78.0,1.4887593608730894,0,regress_then_threshold,ridge_regress_then_threshold,,1.5039370600993458,0
B0006,79.0,1.4782779285546637,0,regress_then_threshold,ridge_regress_then_threshold,,1.4890357206294178,0
B0006,80.0,1.478459982215684,0,regress_then_threshold,ridge_regress_then_threshold,,1.478805706106324,0
B0006,81.0,1.473214844899973,0,regress_then_threshold,ridge_regress_then_threshold,,1.4788777363602201,0
B0006,82.0,1.4675164935067897,0,regress_then_threshold,ridge_regress_then_threshold,,1.473706531469124,0
B0006,83.0,1.4516292657521335,0,regress_then_threshold,ridge_regress_then_threshold,,1.4680974742913855,0
B0006,84.0,1.4519237720967177,0,regress_then_threshold,ridge_regress_then_threshold,,1.4526448949572495,0
B0006,85.0,1.4471484694777745,0,regress_then_threshold,ridge_regress_then_threshold,,1.4528255662862688,0
B0006,86.0,1.4468538105659885,0,regress_then_threshold,ridge_regress_then_threshold,,1.4481082709415647,0
B0006,87.0,1.4416741930284678,0,regress_then_threshold,ridge_regress_then_threshold,,1.4477197469001513,0
B0006,88.0,1.5935866593100128,0,regress_then_threshold,ridge_regress_then_threshold,,1.4426118409799544,0
B0006,89.0,1.5463902376915637,0,regress_then_threshold,ridge_regress_then_threshold,,1.5892713481490706,0
B0006,90.0,1.51470559175661,0,regress_then_threshold,ridge_regress_then_threshold,,1.543570806962875,0
B0006,91.0,1.4989786083335404,0,regress_then_threshold,ridge_regress_then_threshold,,1.512856266411933,0
B0006,92.0,1.4831110745410492,0,regress_then_threshold,ridge_regress_then_threshold,,1.4975584998925224,0
B0006,93.0,1.4729664825468278,0,regress_then_threshold,ridge_regress_then_threshold,,1.482124946989373,0
B0006,94.0,1.4627604396099307,0,regress_then_threshold,ridge_regress_then_threshold,,1.4722203555136142,0
B0006,95.0,1.4518364681062514,0,regress_then_threshold,ridge_regress_then_threshold,,1.4622563959883967,0
B0006,96.0,1.4468670644030392,0,regress_then_threshold,ridge_regress_then_threshold,,1.4515988422430595,0
B0006,97.0,1.441380399427779,0,regress_then_threshold,ridge_regress_then_threshold,,1.4466940249130256,0
B0006,98.0,1.431210744960774,0,regress_then_threshold,ridge_regress_then_threshold,,1.4412894789955188,0
B0006,99.0,1.4260247179525716,0,regress_then_threshold,ridge_regress_then_threshold,,1.4313606745450038,0
B0006,100.0,1.420487649966195,0,regress_then_threshold,ridge_regress_then_threshold,,1.4262465764045433,0
B0006,101.0,1.4207006230355006,0,regress_then_threshold,ridge_regress_then_threshold,,1.4207933358970672,0
B0006,102.0,1.452255804330839,0,regress_then_threshold,ridge_regress_then_threshold,,1.4208952375391048,0
B0006,103.0,1.431557632772571,0,regress_then_threshold,ridge_regress_then_threshold,,1.451276996366373,0
B0006,104.0,1.415015751158943,0,regress_then_threshold,ridge_regress_then_threshold,,1.4311765412269026,0
B0006,105.0,1.4097311506517451,0,regress_then_threshold,ridge_regress_then_threshold,,1.4150914976703204,0
B0006,106.0,1.404917318129309,0,regress_then_threshold,ridge_regress_then_threshold,,1.409882167201292,0
B0006,107.0,1.395164296571563,1,regress_then_threshold,ridge_regress_then_threshold,,1.4051276479326475,0
B0006,108.0,1.3945343832614077,1,regress_then_threshold,ridge_regress_then_threshold,,1.3956013545273032,1
B0006,109.0,1.3893171179312644,1,regress_then_threshold,ridge_regress_then_threshold,,1.3948889396090847,1
B0006,110.0,1.3838379472327809,1,regress_then_threshold,ridge_regress_then_threshold,,1.389744661976476,1
B0006,111.0,1.3736814238195123,1,regress_then_threshold,ridge_regress_then_threshold,,1.3843473563155866,1
B0006,112.0,1.3786059891863676,1,regress_then_threshold,ridge_regress_then_threshold,,1.3744312378388535,1
B0006,113.0,1.3737600299108574,1,regress_then_threshold,ridge_regress_then_threshold,,1.3790850313213114,1
B0006,114.0,1.3682580583942712,1,regress_then_threshold,ridge_regress_then_threshold,,1.374299474242954,1
B0006,115.0,1.3633024037317505,1,regress_then_threshold,ridge_regress_then_threshold,,1.3688801406027058,1
B0006,116.0,1.3580966140172601,1,regress_then_threshold,ridge_regress_then_threshold,,1.3639886062866053,1
B0006,117.0,1.353269090999531,1,regress_then_threshold,ridge_regress_then_threshold,,1.3588554153011332,1
B0006,118.0,1.3841605738237488,1,regress_then_threshold,ridge_regress_then_threshold,,1.3540876695795445,1
B0006,119.0,1.4051467790651473,0,regress_then_threshold,ridge_regress_then_threshold,,1.3838282261413355,1
B0006,120.0,1.378719022627353,1,regress_then_threshold,ridge_regress_then_threshold,,1.4039992466824096,0
B0006,121.0,1.3682657783199066,1,regress_then_threshold,ridge_regress_then_threshold,,1.3783634122029915,1
B0006,122.0,1.3573151296618016,1,regress_then_threshold,ridge_regress_then_threshold,,1.3681606302520457,1
B0006,123.0,1.3524934638801596,1,regress_then_threshold,ridge_regress_then_threshold,,1.357477303580299,1
B0006,124.0,1.3474099151661236,1,regress_then_threshold,ridge_regress_then_threshold,,1.352715216562492,1
B0006,125.0,1.3370075130842318,1,regress_then_threshold,ridge_regress_then_threshold,,1.3477001231918797,1
B0006,126.0,1.3312352966718526,1,regress_then_threshold,ridge_regress_then_threshold,,1.3375464601580715,1
B0006,127.0,1.3259303781727643,1,regress_then_threshold,ridge_regress_then_threshold,,1.3318660416322077,1
B0006,128.0,1.321578743867529,1,regress_then_threshold,ridge_regress_then_threshold,,1.3266370818540922,1
B0006,129.0,1.321225074066109,1,regress_then_threshold,ridge_regress_then_threshold,,1.322329094492427,1
B0006,130.0,1.3156485301862682,1,regress_then_threshold,ridge_regress_then_threshold,,1.321883559748462,1
B0006,131.0,1.3209025697502388,1,regress_then_threshold,ridge_regress_then_threshold,,1.3163921813916124,1
B0006,132.0,1.3474328767273906,1,regress_then_threshold,ridge_regress_then_threshold,,1.3213642814708144,1
B0006,133.0,1.3260128072353616,1,regress_then_threshold,ridge_regress_then_threshold,,1.3468914852000138,1
B0006,134.0,1.3101186784831063,1,regress_then_threshold,ridge_regress_then_threshold,,1.3260936010160116,1
B0006,135.0,1.30521620229393,1,regress_then_threshold,ridge_regress_then_threshold,,1.3106343545951078,1
B0006,136.0,1.3004061951355774,1,regress_then_threshold,ridge_regress_then_threshold,,1.3057941962563024,1
B0006,137.0,1.300235735841116,1,regress_then_threshold,ridge_regress_then_threshold,,1.3010433726901847,1
B0006,138.0,1.2895066722480755,1,regress_then_threshold,ridge_regress_then_threshold,,1.3007748384927522,1
B0006,139.0,1.279253057384795,1,regress_then_threshold,ridge_regress_then_threshold,,1.290305586211557,1
B0006,140.0,1.2792078171714618,1,regress_then_threshold,ridge_regress_then_threshold,,1.280295667220863,1
B0006,141.0,1.274036760902923,1,regress_then_threshold,ridge_regress_then_threshold,,1.2801481077762649,1
B0006,142.0,1.2741273923001468,1,regress_then_threshold,ridge_regress_then_threshold,,1.2750484729389548,1
B0006,143.0,1.2637639426440779,1,regress_then_threshold,ridge_regress_then_threshold,,1.275032179706792,1
B0006,144.0,1.2581373688955233,1,regress_then_threshold,ridge_regress_then_threshold,,1.2649161487977667,1
B0006,145.0,1.253259864055301,1,regress_then_threshold,ridge_regress_then_threshold,,1.2593764363456064,1
B0006,146.0,1.2532313315493426,1,regress_then_threshold,ridge_regress_then_threshold,,1.2545604029463904,1
B0006,147.0,1.2480874960313577,1,regress_then_threshold,ridge_regress_then_threshold,,1.2544289848977508,1
B0006,148.0,1.2534354284944844,1,regress_then_threshold,ridge_regress_then_threshold,,1.2493556481576682,1
B0006,149.0,1.2898048773266901,1,regress_then_threshold,ridge_regress_then_threshold,,1.2544184586155598,1
B0006,150.0,1.2635402021758835,1,regress_then_threshold,ridge_regress_then_threshold,,1.2894513043227485,1
B0006,151.0,1.2479761706842853,1,regress_then_threshold,ridge_regress_then_threshold,,1.2639730234542297,1
B0006,152.0,1.2321202877943334,1,regress_then_threshold,ridge_regress_then_threshold,,1.2488326855747363,1
B0006,153.0,1.2271137666213534,1,regress_then_threshold,ridge_regress_then_threshold,,1.2334103886642218,1
B0006,154.0,1.2217397581377356,1,regress_then_threshold,ridge_regress_then_threshold,,1.228469711969221,1
B0006,155.0,1.211102678915174,1,regress_then_threshold,ridge_regress_then_threshold,,1.2231740040267964,1
B0006,156.0,1.2056159765131735,1,regress_then_threshold,ridge_regress_then_threshold,,1.2127936182856134,1
B0006,157.0,1.2008936262717274,1,regress_then_threshold,ridge_regress_then_threshold,,1.2073890362099542,1
B0006,158.0,1.1905903985558335,1,regress_then_threshold,ridge_regress_then_threshold,,1.202722898410266,1
B0006,159.0,1.185179251041941,1,regress_then_threshold,ridge_regress_then_threshold,,1.1926650482055092,1
B0006,160.0,1.1796706818144624,1,regress_then_threshold,ridge_regress_then_threshold,,1.1873334600684091,1
B0006,161.0,1.1745952836753915,1,regress_then_threshold,ridge_regress_then_threshold,,1.1819077523481307,1
B0006,162.0,1.15381833159625,1,regress_then_threshold,ridge_regress_then_threshold,,1.1769005332869522,1
B0006,163.0,1.1644009557372264,1,regress_then_threshold,ridge_regress_then_threshold,,1.1567239679096892,1
B0006,164.0,1.1587974947916069,1,regress_then_threshold,ridge_regress_then_threshold,,1.1668440390197627,1
B0006,165.0,1.1749748834769171,1,regress_then_threshold,ridge_regress_then_threshold,,1.1613266559569988,1
B0006,166.0,1.1856752327929356,1,regress_then_threshold,ridge_regress_then_threshold,,1.1768518558367393,1
B0007,0.0,1.880637027686859,0,direct_classification,direct_svc_threshold_0.5,0.023393051455041874,,0
B0007,1.0,1.8806626717011388,0,direct_classification,direct_svc_threshold_0.5,0.023409950806185457,,0
B0007,2.0,1.8807709009833444,0,direct_classification,direct_svc_threshold_0.5,0.023187224848488727,,0
B0007,3.0,1.8794508728285058,0,direct_classification,direct_svc_threshold_0.5,0.022971776260858588,,0
B0007,4.0,1.8807003517117404,0,direct_classification,direct_svc_threshold_0.5,0.022785988724421495,,0
B0007,5.0,1.8799352523566075,0,direct_classification,direct_svc_threshold_0.5,0.022570056106777817,,0
B0007,6.0,1.8815088124038797,0,direct_classification,direct_svc_threshold_0.5,0.02238670454727903,,0
B0007,7.0,1.8696907870385844,0,direct_classification,direct_svc_threshold_0.5,0.022191333073256783,,0
B0007,8.0,1.870052380139199,0,direct_classification,direct_svc_threshold_0.5,0.022055775998990494,,0
B0007,9.0,1.8700442394188577,0,direct_classification,direct_svc_threshold_0.5,0.02185047685052393,,0
B0007,10.0,1.8596518987766364,0,direct_classification,direct_svc_threshold_0.5,0.021651231008844914,,0
B0007,11.0,1.8590746560862206,0,direct_classification,direct_svc_threshold_0.5,0.02138317129502583,,0
B0007,12.0,1.8590084577709232,0,direct_classification,direct_svc_threshold_0.5,0.021149569186690854,,0
B0007,13.0,1.8593622586957048,0,direct_classification,direct_svc_threshold_0.5,0.020922418443798243,,0
B0007,14.0,1.8587355450601035,0,direct_classification,direct_svc_threshold_0.5,0.02070524745296172,,0
B0007,15.0,1.847817291322145,0,direct_classification,direct_svc_threshold_0.5,0.02047108612209265,,0
B0007,16.0,1.8485252916137047,0,direct_classification,direct_svc_threshold_0.5,0.01995245929930329,,0
B0007,17.0,1.848378951850034,0,direct_classification,direct_svc_threshold_0.5,0.019713981973700112,,0
B0007,18.0,1.8807805437609766,0,direct_classification,direct_svc_threshold_0.5,0.019451135082967055,,0
B0007,19.0,1.8814721597443598,0,direct_classification,direct_svc_threshold_0.5,0.02038245045434005,,0
B0007,20.0,1.8810954313244785,0,direct_classification,direct_svc_threshold_0.5,0.020276983401530665,,0
B0007,21.0,1.8710089649779995,0,direct_classification,direct_svc_threshold_0.5,0.020134098803620007,,0
B0007,22.0,1.8701995151941375,0,direct_classification,direct_svc_threshold_0.5,0.019542192480995528,,0
B0007,23.0,1.8706715362800985,0,direct_classification,direct_svc_threshold_0.5,0.01933373426944989,,0
B0007,24.0,1.8596124644020169,0,direct_classification,direct_svc_threshold_0.5,0.019189229379366065,,0
B0007,25.0,1.860033909718346,0,direct_classification,direct_svc_threshold_0.5,0.018354143083263573,,0
B0007,26.0,1.8591653109160768,0,direct_classification,direct_svc_threshold_0.5,0.018167538039808487,,0
B0007,27.0,1.8481398178778288,0,direct_classification,direct_svc_threshold_0.5,0.017893949657568207,,0
B0007,28.0,1.849201702126164,0,direct_classification,direct_svc_threshold_0.5,0.01685803964580429,,0
B0007,29.0,1.8834677437950846,0,direct_classification,direct_svc_threshold_0.5,0.016680517845521953,,0
B0007,30.0,1.8628211117905844,0,direct_classification,direct_svc_threshold_0.5,0.019161699943009272,,0
B0007,31.0,1.852085039652352,0,direct_classification,direct_svc_threshold_0.5,0.017324492600375652,,0
B0007,32.0,1.8469504648208708,0,direct_classification,direct_svc_threshold_0.5,0.016161680564215103,,0
B0007,33.0,1.836828431169018,0,direct_classification,direct_svc_threshold_0.5,0.015435253278422214,,0
B0007,34.0,1.8371619619672275,0,direct_classification,direct_svc_threshold_0.5,0.014198666173678315,,0
B0007,35.0,1.8316722583718854,0,direct_classification,direct_svc_threshold_0.5,0.013932689798866403,,0
B0007,36.0,1.8211470951317783,0,direct_classification,direct_svc_threshold_0.5,0.013086571801864979,,0
B0007,37.0,1.816506091511515,0,direct_classification,direct_svc_threshold_0.5,0.011724375325090417,,0
B0007,38.0,1.8113815601504555,0,direct_classification,direct_svc_threshold_0.5,0.010939052559021755,,0
B0007,39.0,1.8116056333939583,0,direct_classification,direct_svc_threshold_0.5,0.010109148482631425,,0
B0007,40.0,1.8060548955557403,0,direct_classification,direct_svc_threshold_0.5,0.009803370326996961,,0
B0007,41.0,1.8132041826994056,0,direct_classification,direct_svc_threshold_0.5,0.00894636355174278,,0
B0007,42.0,1.8062641938283535,0,direct_classification,direct_svc_threshold_0.5,0.009325278533799471,,0
B0007,43.0,1.7958310249900458,0,direct_classification,direct_svc_threshold_0.5,0.008339469585836798,,0
B0007,44.0,1.7858852600390451,0,direct_classification,direct_svc_threshold_0.5,0.007086724843996664,,0
B0007,45.0,1.7803268604502753,0,direct_classification,direct_svc_threshold_0.5,0.005976969744712293,,0
B0007,46.0,1.8150756899575577,0,direct_classification,direct_svc_threshold_0.5,0.005287708767010464,,0
B0007,47.0,1.8157025154845838,0,direct_classification,direct_svc_threshold_0.5,0.00803938591394763,,0
B0007,48.0,1.8002432178056673,0,direct_classification,direct_svc_threshold_0.5,0.007828368213008693,,0
B0007,49.0,1.7904476205609308,0,direct_classification,direct_svc_threshold_0.5,0.006101025964031197,,0
B0007,50.0,1.780343032300132,0,direct_classification,direct_svc_threshold_0.5,0.0050552930126771785,,0
B0007,51.0,1.775328769596812,0,direct_classification,direct_svc_threshold_0.5,0.0041137457210271965,,0
B0007,52.0,1.7702629734732853,0,direct_classification,direct_svc_threshold_0.5,0.003597437877107596,,0
B0007,53.0,1.760081061854204,0,direct_classification,direct_svc_threshold_0.5,0.0031257129465134975,,0
B0007,54.0,1.749647593537689,0,direct_classification,direct_svc_threshold_0.5,0.002464911649243359,,0
B0007,55.0,1.749650075059311,0,direct_classification,direct_svc_threshold_0.5,0.001913407372555949,,0
B0007,56.0,1.745028739214683,0,direct_classification,direct_svc_threshold_0.5,0.0017924299497415646,,0
B0007,57.0,1.7396457455286727,0,direct_classification,direct_svc_threshold_0.5,0.001535203622164319,,0
B0007,58.0,1.7285642277717963,0,direct_classification,direct_svc_threshold_0.5,0.001290286368498061,,0
B0007,59.0,1.723900324588418,0,direct_classification,direct_svc_threshold_0.5,0.0009633325191437341,,0
B0007,60.0,1.7139788776485192,0,direct_classification,direct_svc_threshold_0.5,0.0008141717469864135,,0
B0007,61.0,1.7139701997004613,0,direct_classification,direct_svc_threshold_0.5,0.0006169642930378445,,0
B0007,62.0,1.7036521173638766,0,direct_classification,direct_svc_threshold_0.5,0.0005706270726062658,,0
B0007,63.0,1.7040137474382486,0,direct_classification,direct_svc_threshold_0.5,0.00042733834888857914,,0
B0007,64.0,1.6935716157343033,0,direct_classification,direct_svc_threshold_0.5,0.00039749343279793026,,0
B0007,65.0,1.6876577363877656,0,direct_classification,direct_svc_threshold_0.5,0.000297035774777752,,0
B0007,66.0,1.6830744356583152,0,direct_classification,direct_svc_threshold_0.5,0.00024374497569798787,,0
B0007,67.0,1.6779270142025482,0,direct_classification,direct_svc_threshold_0.5,0.00020566439043513915,,0
B0007,68.0,1.6732060275966172,0,direct_classification,direct_svc_threshold_0.5,0.00017209597321760892,,0
B0007,69.0,1.6674367208253988,0,direct_classification,direct_svc_threshold_0.5,0.00014562694656766026,,0
B0007,70.0,1.6622662630667526,0,direct_classification,direct_svc_threshold_0.5,0.00012147318379456374,,0
B0007,71.0,1.6574243065763063,0,direct_classification,direct_svc_threshold_0.5,0.00010296979381783084,,0
B0007,72.0,1.652538684928734,0,direct_classification,direct_svc_threshold_0.5,8.827753689460658e-05,,0
B0007,73.0,1.6472174627573322,0,direct_classification,direct_svc_threshold_0.5,7.612603375326843e-05,,0
B0007,74.0,1.6364136810898071,0,direct_classification,direct_svc_threshold_0.5,6.575390972995794e-05,,0
B0007,75.0,1.6362554312048496,0,direct_classification,direct_svc_threshold_0.5,5.39265324657846e-05,,0
B0007,76.0,1.641119179218384,0,direct_classification,direct_svc_threshold_0.5,5.0341076594089176e-05,,0
B0007,77.0,1.6315700789656966,0,direct_classification,direct_svc_threshold_0.5,4.9796936651206664e-05,,0
B0007,78.0,1.621213282987236,0,direct_classification,direct_svc_threshold_0.5,4.247506006996112e-05,,0
B0007,79.0,1.6164273214762122,0,direct_classification,direct_svc_threshold_0.5,3.7247267219083704e-05,,0
B0007,80.0,1.615823510161921,0,direct_classification,direct_svc_threshold_0.5,3.457357322201125e-05,,0
B0007,81.0,1.61672418029789,0,direct_classification,direct_svc_threshold_0.5,3.287026291565404e-05,,0
B0007,82.0,1.6108655863730026,0,direct_classification,direct_svc_threshold_0.5,3.1526645579562914e-05,,0
B0007,83.0,1.6006603374309376,0,direct_classification,direct_svc_threshold_0.5,2.986777082549193e-05,,0
B0007,84.0,1.5959174487005663,0,direct_classification,direct_svc_threshold_0.5,2.9103849453245055e-05,,0
B0007,85.0,1.5962179519462243,0,direct_classification,direct_svc_threshold_0.5,2.8820352245334004e-05,,0
B0007,86.0,1.5958065114633972,0,direct_classification,direct_svc_threshold_0.5,2.809231733914907e-05,,0
B0007,87.0,1.5906507821480704,0,direct_classification,direct_svc_threshold_0.5,2.7600773489119343e-05,,0
B0007,88.0,1.6888211161855506,0,direct_classification,direct_svc_threshold_0.5,2.818926681760201e-05,,0
B0007,89.0,1.6259938279733204,0,direct_classification,direct_svc_threshold_0.5,6.72021650243048e-05,,0
B0007,90.0,1.6157433862812898,0,direct_classification,direct_svc_threshold_0.5,2.6083268145891807e-05,,0
B0007,91.0,1.6056626764846538,0,direct_classification,direct_svc_threshold_0.5,2.502917339557682e-05,,0
B0007,92.0,1.5949746921524348,0,direct_classification,direct_svc_threshold_0.5,2.5238368328144316e-05,,0
B0007,93.0,1.5904102438871945,0,direct_classification,direct_svc_threshold_0.5,2.6931788949023946e-05,,0
B0007,94.0,1.5853517062988178,0,direct_classification,direct_svc_threshold_0.5,2.8400696154385016e-05,,0
B0007,95.0,1.5799737147242376,0,direct_classification,direct_svc_threshold_0.5,3.064637864701522e-05,,0
B0007,96.0,1.5752185465278068,0,direct_classification,direct_svc_threshold_0.5,3.3886108219202155e-05,,0
B0007,97.0,1.569798484648868,0,direct_classification,direct_svc_threshold_0.5,3.783983128991528e-05,,0
B0007,98.0,1.5702565375950357,0,direct_classification,direct_svc_threshold_0.5,4.3637960743104236e-05,,0
B0007,99.0,1.565249873909438,0,direct_classification,direct_svc_threshold_0.5,4.500159907721055e-05,,0
B0007,100.0,1.559633933561147,0,direct_classification,direct_svc_threshold_0.5,5.2777606953448906e-05,,0
B0007,101.0,1.5649820533392105,0,direct_classification,direct_svc_threshold_0.5,6.416274896297111e-05,,0
B0007,102.0,1.57497949984227,0,direct_classification,direct_svc_threshold_0.5,5.901231298088078e-05,,0
B0007,103.0,1.5652811168780458,0,direct_classification,direct_svc_threshold_0.5,4.969329269881854e-05,,0
B0007,104.0,1.559755497470126,0,direct_classification,direct_svc_threshold_0.5,6.60756933072099e-05,,0
B0007,105.0,1.549897685670499,0,direct_classification,direct_svc_threshold_0.5,8.203603882365393e-05,,0
B0007,106.0,1.5438771531345021,0,direct_classification,direct_svc_threshold_0.5,0.00011977958487864732,,0
B0007,107.0,1.5450187488690073,0,direct_classification,direct_svc_threshold_0.5,0.00016003746375025066,,0
B0007,108.0,1.5445940154102908,0,direct_classification,direct_svc_threshold_0.5,0.0001668468768576215,,0
B0007,109.0,1.5343086721758876,0,direct_classification,direct_svc_threshold_0.5,0.00018471488680328623,,0
B0007,110.0,1.5287603942958483,0,direct_classification,direct_svc_threshold_0.5,0.0003027929593356448,,0
B0007,111.0,1.5289260249179843,0,direct_classification,direct_svc_threshold_0.5,0.0004228434364603776,,0
B0007,112.0,1.529091650133123,0,direct_classification,direct_svc_threshold_0.5,0.0004632253509528455,,0
B0007,113.0,1.5239059324661248,0,direct_classification,direct_svc_threshold_0.5,0.0005086186679456931,,0
B0007,114.0,1.5186675419100615,0,direct_classification,direct_svc_threshold_0.5,0.0007151687553625127,,0
B0007,115.0,1.5136482266426952,0,direct_classification,direct_svc_threshold_0.5,0.0010231116989414008,,0
B0007,116.0,1.5136050185229033,0,direct_classification,direct_svc_threshold_0.5,0.0014675612682235341,,0
B0007,117.0,1.5139470614867965,0,direct_classification,direct_svc_threshold_0.5,0.0016423402745185485,,0
B0007,118.0,1.5339599193158786,0,direct_classification,direct_svc_threshold_0.5,0.0018042879660132014,,0
B0007,119.0,1.5391372798653098,0,direct_classification,direct_svc_threshold_0.5,0.0007823573462639289,,0
B0007,120.0,1.5236247972838737,0,direct_classification,direct_svc_threshold_0.5,0.0007036247468589801,,0
B0007,121.0,1.5135813035589147,0,direct_classification,direct_svc_threshold_0.5,0.0015725211027427083,,0
B0007,122.0,1.5077850749847914,0,direct_classification,direct_svc_threshold_0.5,0.002902101645991042,,0
B0007,123.0,1.5031960676037333,0,direct_classification,direct_svc_threshold_0.5,0.0044131835007334315,,0
B0007,124.0,1.4978220596995881,0,direct_classification,direct_svc_threshold_0.5,0.006347161015715402,,0
B0007,125.0,1.492848534633516,0,direct_classification,direct_svc_threshold_0.5,0.009591944214908645,,0
B0007,126.0,1.492414389867026,0,direct_classification,direct_svc_threshold_0.5,0.014253591341926409,,0
B0007,127.0,1.487482776538081,0,direct_classification,direct_svc_threshold_0.5,0.016347180449371584,,0
B0007,128.0,1.482535148640411,0,direct_classification,direct_svc_threshold_0.5,0.02427127154697321,,0
B0007,129.0,1.4827874322228984,0,direct_classification,direct_svc_threshold_0.5,0.03609131987171699,,0
B0007,130.0,1.476971179775059,0,direct_classification,direct_svc_threshold_0.5,0.039510753236377906,,0
B0007,131.0,1.4819015554137276,0,direct_classification,direct_svc_threshold_0.5,0.06134323895388481,,0
B0007,132.0,1.4981366198874824,0,direct_classification,direct_svc_threshold_0.5,0.051054519437591844,,0
B0007,133.0,1.4820775214392872,0,direct_classification,direct_svc_threshold_0.5,0.02301528112663599,,0
B0007,134.0,1.4771155312812152,0,direct_classification,direct_svc_threshold_0.5,0.061575553537056335,,0
B0007,135.0,1.4720772783056488,0,direct_classification,direct_svc_threshold_0.5,0.08418089709913491,,0
B0007,136.0,1.472248013656454,0,direct_classification,direct_svc_threshold_0.5,0.11908140174295748,,0
B0007,137.0,1.4670106672274665,0,direct_classification,direct_svc_threshold_0.5,0.12770593129576138,,0
B0007,138.0,1.4617672495335379,0,direct_classification,direct_svc_threshold_0.5,0.1775643178729736,,0
B0007,139.0,1.4566952670489708,0,direct_classification,direct_svc_threshold_0.5,0.2406519003243229,,0
B0007,140.0,1.451354972758956,0,direct_classification,direct_svc_threshold_0.5,0.31402131596501953,,0
B0007,141.0,1.451615926257375,0,direct_classification,direct_svc_threshold_0.5,0.40057111281697166,,0
B0007,142.0,1.4468161332173683,0,direct_classification,direct_svc_threshold_0.5,0.41203722252128777,,0
B0007,143.0,1.4467570607768785,0,direct_classification,direct_svc_threshold_0.5,0.49323065456485277,,0
B0007,144.0,1.4413797481446793,0,direct_classification,direct_svc_threshold_0.5,0.5075313195967346,,1
B0007,145.0,1.4362456252208178,0,direct_classification,direct_svc_threshold_0.5,0.5934806450406898,,1
B0007,146.0,1.4368154153924828,0,direct_classification,direct_svc_threshold_0.5,0.6674734481532564,,1
B0007,147.0,1.4362945145860047,0,direct_classification,direct_svc_threshold_0.5,0.6687406131115979,,1
B0007,148.0,1.4418575315878015,0,direct_classification,direct_svc_threshold_0.5,0.6820461147051915,,1
B0007,149.0,1.4672063484781797,0,direct_classification,direct_svc_threshold_0.5,0.626056864445987,,1
B0007,150.0,1.4518640367848885,0,direct_classification,direct_svc_threshold_0.5,0.32842033136338095,,0
B0007,151.0,1.4471379752748499,0,direct_classification,direct_svc_threshold_0.5,0.5173790976536198,,1
B0007,152.0,1.441790586562399,0,direct_classification,direct_svc_threshold_0.5,0.5831150453041306,,1
B0007,153.0,1.431630947911111,0,direct_classification,direct_svc_threshold_0.5,0.6496317161979615,,1
B0007,154.0,1.4318084249673686,0,direct_classification,direct_svc_threshold_0.5,0.7530910578967852,,1
B0007,155.0,1.4262562585106868,0,direct_classification,direct_svc_threshold_0.5,0.7529165127997199,,1
B0007,156.0,1.4260877528924913,0,direct_classification,direct_svc_threshold_0.5,0.7972464799422364,,1
B0007,157.0,1.4212633510031694,0,direct_classification,direct_svc_threshold_0.5,0.7978764377243021,,1
B0007,158.0,1.4163272748795108,0,direct_classification,direct_svc_threshold_0.5,0.8283973885424427,,1
B0007,159.0,1.4165781829175994,0,direct_classification,direct_svc_threshold_0.5,0.8541046793971443,,1
B0007,160.0,1.4108401729425177,0,direct_classification,direct_svc_threshold_0.5,0.8501649861671549,,1
B0007,161.0,1.4109949628347804,0,direct_classification,direct_svc_threshold_0.5,0.8743298445679103,,1
B0007,162.0,1.4061714290398801,0,direct_classification,direct_svc_threshold_0.5,0.8701885925339988,,1
B0007,163.0,1.4063358479692922,0,direct_classification,direct_svc_threshold_0.5,0.8858555180782025,,1
B0007,164.0,1.4004552399066514,0,direct_classification,direct_svc_threshold_0.5,0.8811067886556994,,1
B0007,165.0,1.4217865046055154,0,direct_classification,direct_svc_threshold_0.5,0.8971810290189145,,1
B0007,166.0,1.4324552720625434,0,direct_classification,direct_svc_threshold_0.5,0.7980516000044673,,1
B0007,0.0,1.880637027686859,0,direct_classification,direct_svc_cost_threshold,0.023393051455041874,,0
B0007,1.0,1.8806626717011388,0,direct_classification,direct_svc_cost_threshold,0.023409950806185457,,0
B0007,2.0,1.8807709009833444,0,direct_classification,direct_svc_cost_threshold,0.023187224848488727,,0
B0007,3.0,1.8794508728285058,0,direct_classification,direct_svc_cost_threshold,0.022971776260858588,,0
B0007,4.0,1.8807003517117404,0,direct_classification,direct_svc_cost_threshold,0.022785988724421495,,0
B0007,5.0,1.8799352523566075,0,direct_classification,direct_svc_cost_threshold,0.022570056106777817,,0
B0007,6.0,1.8815088124038797,0,direct_classification,direct_svc_cost_threshold,0.02238670454727903,,0
B0007,7.0,1.8696907870385844,0,direct_classification,direct_svc_cost_threshold,0.022191333073256783,,0
B0007,8.0,1.870052380139199,0,direct_classification,direct_svc_cost_threshold,0.022055775998990494,,0
B0007,9.0,1.8700442394188577,0,direct_classification,direct_svc_cost_threshold,0.02185047685052393,,0
B0007,10.0,1.8596518987766364,0,direct_classification,direct_svc_cost_threshold,0.021651231008844914,,0
B0007,11.0,1.8590746560862206,0,direct_classification,direct_svc_cost_threshold,0.02138317129502583,,0
B0007,12.0,1.8590084577709232,0,direct_classification,direct_svc_cost_threshold,0.021149569186690854,,0
B0007,13.0,1.8593622586957048,0,direct_classification,direct_svc_cost_threshold,0.020922418443798243,,0
B0007,14.0,1.8587355450601035,0,direct_classification,direct_svc_cost_threshold,0.02070524745296172,,0
B0007,15.0,1.847817291322145,0,direct_classification,direct_svc_cost_threshold,0.02047108612209265,,0
B0007,16.0,1.8485252916137047,0,direct_classification,direct_svc_cost_threshold,0.01995245929930329,,0
B0007,17.0,1.848378951850034,0,direct_classification,direct_svc_cost_threshold,0.019713981973700112,,0
B0007,18.0,1.8807805437609766,0,direct_classification,direct_svc_cost_threshold,0.019451135082967055,,0
B0007,19.0,1.8814721597443598,0,direct_classification,direct_svc_cost_threshold,0.02038245045434005,,0
B0007,20.0,1.8810954313244785,0,direct_classification,direct_svc_cost_threshold,0.020276983401530665,,0
B0007,21.0,1.8710089649779995,0,direct_classification,direct_svc_cost_threshold,0.020134098803620007,,0
B0007,22.0,1.8701995151941375,0,direct_classification,direct_svc_cost_threshold,0.019542192480995528,,0
B0007,23.0,1.8706715362800985,0,direct_classification,direct_svc_cost_threshold,0.01933373426944989,,0
B0007,24.0,1.8596124644020169,0,direct_classification,direct_svc_cost_threshold,0.019189229379366065,,0
B0007,25.0,1.860033909718346,0,direct_classification,direct_svc_cost_threshold,0.018354143083263573,,0
B0007,26.0,1.8591653109160768,0,direct_classification,direct_svc_cost_threshold,0.018167538039808487,,0
B0007,27.0,1.8481398178778288,0,direct_classification,direct_svc_cost_threshold,0.017893949657568207,,0
B0007,28.0,1.849201702126164,0,direct_classification,direct_svc_cost_threshold,0.01685803964580429,,0
B0007,29.0,1.8834677437950846,0,direct_classification,direct_svc_cost_threshold,0.016680517845521953,,0
B0007,30.0,1.8628211117905844,0,direct_classification,direct_svc_cost_threshold,0.019161699943009272,,0
B0007,31.0,1.852085039652352,0,direct_classification,direct_svc_cost_threshold,0.017324492600375652,,0
B0007,32.0,1.8469504648208708,0,direct_classification,direct_svc_cost_threshold,0.016161680564215103,,0
B0007,33.0,1.836828431169018,0,direct_classification,direct_svc_cost_threshold,0.015435253278422214,,0
B0007,34.0,1.8371619619672275,0,direct_classification,direct_svc_cost_threshold,0.014198666173678315,,0
B0007,35.0,1.8316722583718854,0,direct_classification,direct_svc_cost_threshold,0.013932689798866403,,0
B0007,36.0,1.8211470951317783,0,direct_classification,direct_svc_cost_threshold,0.013086571801864979,,0
B0007,37.0,1.816506091511515,0,direct_classification,direct_svc_cost_threshold,0.011724375325090417,,0
B0007,38.0,1.8113815601504555,0,direct_classification,direct_svc_cost_threshold,0.010939052559021755,,0
B0007,39.0,1.8116056333939583,0,direct_classification,direct_svc_cost_threshold,0.010109148482631425,,0
B0007,40.0,1.8060548955557403,0,direct_classification,direct_svc_cost_threshold,0.009803370326996961,,0
B0007,41.0,1.8132041826994056,0,direct_classification,direct_svc_cost_threshold,0.00894636355174278,,0
B0007,42.0,1.8062641938283535,0,direct_classification,direct_svc_cost_threshold,0.009325278533799471,,0
B0007,43.0,1.7958310249900458,0,direct_classification,direct_svc_cost_threshold,0.008339469585836798,,0
B0007,44.0,1.7858852600390451,0,direct_classification,direct_svc_cost_threshold,0.007086724843996664,,0
B0007,45.0,1.7803268604502753,0,direct_classification,direct_svc_cost_threshold,0.005976969744712293,,0
B0007,46.0,1.8150756899575577,0,direct_classification,direct_svc_cost_threshold,0.005287708767010464,,0
B0007,47.0,1.8157025154845838,0,direct_classification,direct_svc_cost_threshold,0.00803938591394763,,0
B0007,48.0,1.8002432178056673,0,direct_classification,direct_svc_cost_threshold,0.007828368213008693,,0
B0007,49.0,1.7904476205609308,0,direct_classification,direct_svc_cost_threshold,0.006101025964031197,,0
B0007,50.0,1.780343032300132,0,direct_classification,direct_svc_cost_threshold,0.0050552930126771785,,0
B0007,51.0,1.775328769596812,0,direct_classification,direct_svc_cost_threshold,0.0041137457210271965,,0
B0007,52.0,1.7702629734732853,0,direct_classification,direct_svc_cost_threshold,0.003597437877107596,,0
B0007,53.0,1.760081061854204,0,direct_classification,direct_svc_cost_threshold,0.0031257129465134975,,0
B0007,54.0,1.749647593537689,0,direct_classification,direct_svc_cost_threshold,0.002464911649243359,,0
B0007,55.0,1.749650075059311,0,direct_classification,direct_svc_cost_threshold,0.001913407372555949,,0
B0007,56.0,1.745028739214683,0,direct_classification,direct_svc_cost_threshold,0.0017924299497415646,,0
B0007,57.0,1.7396457455286727,0,direct_classification,direct_svc_cost_threshold,0.001535203622164319,,0
B0007,58.0,1.7285642277717963,0,direct_classification,direct_svc_cost_threshold,0.001290286368498061,,0
B0007,59.0,1.723900324588418,0,direct_classification,direct_svc_cost_threshold,0.0009633325191437341,,0
B0007,60.0,1.7139788776485192,0,direct_classification,direct_svc_cost_threshold,0.0008141717469864135,,0
B0007,61.0,1.7139701997004613,0,direct_classification,direct_svc_cost_threshold,0.0006169642930378445,,0
B0007,62.0,1.7036521173638766,0,direct_classification,direct_svc_cost_threshold,0.0005706270726062658,,0
B0007,63.0,1.7040137474382486,0,direct_classification,direct_svc_cost_threshold,0.00042733834888857914,,0
B0007,64.0,1.6935716157343033,0,direct_classification,direct_svc_cost_threshold,0.00039749343279793026,,0
B0007,65.0,1.6876577363877656,0,direct_classification,direct_svc_cost_threshold,0.000297035774777752,,0
B0007,66.0,1.6830744356583152,0,direct_classification,direct_svc_cost_threshold,0.00024374497569798787,,0
B0007,67.0,1.6779270142025482,0,direct_classification,direct_svc_cost_threshold,0.00020566439043513915,,0
B0007,68.0,1.6732060275966172,0,direct_classification,direct_svc_cost_threshold,0.00017209597321760892,,0
B0007,69.0,1.6674367208253988,0,direct_classification,direct_svc_cost_threshold,0.00014562694656766026,,0
B0007,70.0,1.6622662630667526,0,direct_classification,direct_svc_cost_threshold,0.00012147318379456374,,0
B0007,71.0,1.6574243065763063,0,direct_classification,direct_svc_cost_threshold,0.00010296979381783084,,0
B0007,72.0,1.652538684928734,0,direct_classification,direct_svc_cost_threshold,8.827753689460658e-05,,0
B0007,73.0,1.6472174627573322,0,direct_classification,direct_svc_cost_threshold,7.612603375326843e-05,,0
B0007,74.0,1.6364136810898071,0,direct_classification,direct_svc_cost_threshold,6.575390972995794e-05,,0
B0007,75.0,1.6362554312048496,0,direct_classification,direct_svc_cost_threshold,5.39265324657846e-05,,0
B0007,76.0,1.641119179218384,0,direct_classification,direct_svc_cost_threshold,5.0341076594089176e-05,,0
B0007,77.0,1.6315700789656966,0,direct_classification,direct_svc_cost_threshold,4.9796936651206664e-05,,0
B0007,78.0,1.621213282987236,0,direct_classification,direct_svc_cost_threshold,4.247506006996112e-05,,0
B0007,79.0,1.6164273214762122,0,direct_classification,direct_svc_cost_threshold,3.7247267219083704e-05,,0
B0007,80.0,1.615823510161921,0,direct_classification,direct_svc_cost_threshold,3.457357322201125e-05,,0
B0007,81.0,1.61672418029789,0,direct_classification,direct_svc_cost_threshold,3.287026291565404e-05,,0
B0007,82.0,1.6108655863730026,0,direct_classification,direct_svc_cost_threshold,3.1526645579562914e-05,,0
B0007,83.0,1.6006603374309376,0,direct_classification,direct_svc_cost_threshold,2.986777082549193e-05,,0
B0007,84.0,1.5959174487005663,0,direct_classification,direct_svc_cost_threshold,2.9103849453245055e-05,,0
B0007,85.0,1.5962179519462243,0,direct_classification,direct_svc_cost_threshold,2.8820352245334004e-05,,0
B0007,86.0,1.5958065114633972,0,direct_classification,direct_svc_cost_threshold,2.809231733914907e-05,,0
B0007,87.0,1.5906507821480704,0,direct_classification,direct_svc_cost_threshold,2.7600773489119343e-05,,0
B0007,88.0,1.6888211161855506,0,direct_classification,direct_svc_cost_threshold,2.818926681760201e-05,,0
B0007,89.0,1.6259938279733204,0,direct_classification,direct_svc_cost_threshold,6.72021650243048e-05,,0
B0007,90.0,1.6157433862812898,0,direct_classification,direct_svc_cost_threshold,2.6083268145891807e-05,,0
B0007,91.0,1.6056626764846538,0,direct_classification,direct_svc_cost_threshold,2.502917339557682e-05,,0
B0007,92.0,1.5949746921524348,0,direct_classification,direct_svc_cost_threshold,2.5238368328144316e-05,,0
B0007,93.0,1.5904102438871945,0,direct_classification,direct_svc_cost_threshold,2.6931788949023946e-05,,0
B0007,94.0,1.5853517062988178,0,direct_classification,direct_svc_cost_threshold,2.8400696154385016e-05,,0
B0007,95.0,1.5799737147242376,0,direct_classification,direct_svc_cost_threshold,3.064637864701522e-05,,0
B0007,96.0,1.5752185465278068,0,direct_classification,direct_svc_cost_threshold,3.3886108219202155e-05,,0
B0007,97.0,1.569798484648868,0,direct_classification,direct_svc_cost_threshold,3.783983128991528e-05,,0
B0007,98.0,1.5702565375950357,0,direct_classification,direct_svc_cost_threshold,4.3637960743104236e-05,,0
B0007,99.0,1.565249873909438,0,direct_classification,direct_svc_cost_threshold,4.500159907721055e-05,,0
B0007,100.0,1.559633933561147,0,direct_classification,direct_svc_cost_threshold,5.2777606953448906e-05,,0
B0007,101.0,1.5649820533392105,0,direct_classification,direct_svc_cost_threshold,6.416274896297111e-05,,0
B0007,102.0,1.57497949984227,0,direct_classification,direct_svc_cost_threshold,5.901231298088078e-05,,0
B0007,103.0,1.5652811168780458,0,direct_classification,direct_svc_cost_threshold,4.969329269881854e-05,,0
B0007,104.0,1.559755497470126,0,direct_classification,direct_svc_cost_threshold,6.60756933072099e-05,,0
B0007,105.0,1.549897685670499,0,direct_classification,direct_svc_cost_threshold,8.203603882365393e-05,,0
B0007,106.0,1.5438771531345021,0,direct_classification,direct_svc_cost_threshold,0.00011977958487864732,,0
B0007,107.0,1.5450187488690073,0,direct_classification,direct_svc_cost_threshold,0.00016003746375025066,,0
B0007,108.0,1.5445940154102908,0,direct_classification,direct_svc_cost_threshold,0.0001668468768576215,,0
B0007,109.0,1.5343086721758876,0,direct_classification,direct_svc_cost_threshold,0.00018471488680328623,,0
B0007,110.0,1.5287603942958483,0,direct_classification,direct_svc_cost_threshold,0.0003027929593356448,,0
B0007,111.0,1.5289260249179843,0,direct_classification,direct_svc_cost_threshold,0.0004228434364603776,,0
B0007,112.0,1.529091650133123,0,direct_classification,direct_svc_cost_threshold,0.0004632253509528455,,0
B0007,113.0,1.5239059324661248,0,direct_classification,direct_svc_cost_threshold,0.0005086186679456931,,0
B0007,114.0,1.5186675419100615,0,direct_classification,direct_svc_cost_threshold,0.0007151687553625127,,0
B0007,115.0,1.5136482266426952,0,direct_classification,direct_svc_cost_threshold,0.0010231116989414008,,0
B0007,116.0,1.5136050185229033,0,direct_classification,direct_svc_cost_threshold,0.0014675612682235341,,0
B0007,117.0,1.5139470614867965,0,direct_classification,direct_svc_cost_threshold,0.0016423402745185485,,0
B0007,118.0,1.5339599193158786,0,direct_classification,direct_svc_cost_threshold,0.0018042879660132014,,0
B0007,119.0,1.5391372798653098,0,direct_classification,direct_svc_cost_threshold,0.0007823573462639289,,0
B0007,120.0,1.5236247972838737,0,direct_classification,direct_svc_cost_threshold,0.0007036247468589801,,0
B0007,121.0,1.5135813035589147,0,direct_classification,direct_svc_cost_threshold,0.0015725211027427083,,0
B0007,122.0,1.5077850749847914,0,direct_classification,direct_svc_cost_threshold,0.002902101645991042,,0
B0007,123.0,1.5031960676037333,0,direct_classification,direct_svc_cost_threshold,0.0044131835007334315,,0
B0007,124.0,1.4978220596995881,0,direct_classification,direct_svc_cost_threshold,0.006347161015715402,,0
B0007,125.0,1.492848534633516,0,direct_classification,direct_svc_cost_threshold,0.009591944214908645,,0
B0007,126.0,1.492414389867026,0,direct_classification,direct_svc_cost_threshold,0.014253591341926409,,0
B0007,127.0,1.487482776538081,0,direct_classification,direct_svc_cost_threshold,0.016347180449371584,,0
B0007,128.0,1.482535148640411,0,direct_classification,direct_svc_cost_threshold,0.02427127154697321,,0
B0007,129.0,1.4827874322228984,0,direct_classification,direct_svc_cost_threshold,0.03609131987171699,,0
B0007,130.0,1.476971179775059,0,direct_classification,direct_svc_cost_threshold,0.039510753236377906,,0
B0007,131.0,1.4819015554137276,0,direct_classification,direct_svc_cost_threshold,0.06134323895388481,,0
B0007,132.0,1.4981366198874824,0,direct_classification,direct_svc_cost_threshold,0.051054519437591844,,0
B0007,133.0,1.4820775214392872,0,direct_classification,direct_svc_cost_threshold,0.02301528112663599,,0
B0007,134.0,1.4771155312812152,0,direct_classification,direct_svc_cost_threshold,0.061575553537056335,,0
B0007,135.0,1.4720772783056488,0,direct_classification,direct_svc_cost_threshold,0.08418089709913491,,0
B0007,136.0,1.472248013656454,0,direct_classification,direct_svc_cost_threshold,0.11908140174295748,,0
B0007,137.0,1.4670106672274665,0,direct_classification,direct_svc_cost_threshold,0.12770593129576138,,0
B0007,138.0,1.4617672495335379,0,direct_classification,direct_svc_cost_threshold,0.1775643178729736,,1
B0007,139.0,1.4566952670489708,0,direct_classification,direct_svc_cost_threshold,0.2406519003243229,,1
B0007,140.0,1.451354972758956,0,direct_classification,direct_svc_cost_threshold,0.31402131596501953,,1
B0007,141.0,1.451615926257375,0,direct_classification,direct_svc_cost_threshold,0.40057111281697166,,1
B0007,142.0,1.4468161332173683,0,direct_classification,direct_svc_cost_threshold,0.41203722252128777,,1
B0007,143.0,1.4467570607768785,0,direct_classification,direct_svc_cost_threshold,0.49323065456485277,,1
B0007,144.0,1.4413797481446793,0,direct_classification,direct_svc_cost_threshold,0.5075313195967346,,1
B0007,145.0,1.4362456252208178,0,direct_classification,direct_svc_cost_threshold,0.5934806450406898,,1
B0007,146.0,1.4368154153924828,0,direct_classification,direct_svc_cost_threshold,0.6674734481532564,,1
B0007,147.0,1.4362945145860047,0,direct_classification,direct_svc_cost_threshold,0.6687406131115979,,1
B0007,148.0,1.4418575315878015,0,direct_classification,direct_svc_cost_threshold,0.6820461147051915,,1
B0007,149.0,1.4672063484781797,0,direct_classification,direct_svc_cost_threshold,0.626056864445987,,1
B0007,150.0,1.4518640367848885,0,direct_classification,direct_svc_cost_threshold,0.32842033136338095,,1
B0007,151.0,1.4471379752748499,0,direct_classification,direct_svc_cost_threshold,0.5173790976536198,,1
B0007,152.0,1.441790586562399,0,direct_classification,direct_svc_cost_threshold,0.5831150453041306,,1
B0007,153.0,1.431630947911111,0,direct_classification,direct_svc_cost_threshold,0.6496317161979615,,1
B0007,154.0,1.4318084249673686,0,direct_classification,direct_svc_cost_threshold,0.7530910578967852,,1
B0007,155.0,1.4262562585106868,0,direct_classification,direct_svc_cost_threshold,0.7529165127997199,,1
B0007,156.0,1.4260877528924913,0,direct_classification,direct_svc_cost_threshold,0.7972464799422364,,1
B0007,157.0,1.4212633510031694,0,direct_classification,direct_svc_cost_threshold,0.7978764377243021,,1
B0007,158.0,1.4163272748795108,0,direct_classification,direct_svc_cost_threshold,0.8283973885424427,,1
B0007,159.0,1.4165781829175994,0,direct_classification,direct_svc_cost_threshold,0.8541046793971443,,1
B0007,160.0,1.4108401729425177,0,direct_classification,direct_svc_cost_threshold,0.8501649861671549,,1
B0007,161.0,1.4109949628347804,0,direct_classification,direct_svc_cost_threshold,0.8743298445679103,,1
B0007,162.0,1.4061714290398801,0,direct_classification,direct_svc_cost_threshold,0.8701885925339988,,1
B0007,163.0,1.4063358479692922,0,direct_classification,direct_svc_cost_threshold,0.8858555180782025,,1
B0007,164.0,1.4004552399066514,0,direct_classification,direct_svc_cost_threshold,0.8811067886556994,,1
B0007,165.0,1.4217865046055154,0,direct_classification,direct_svc_cost_threshold,0.8971810290189145,,1
B0007,166.0,1.4324552720625434,0,direct_classification,direct_svc_cost_threshold,0.7980516000044673,,1
B0007,0.0,1.880637027686859,0,regress_then_threshold,ridge_regress_then_threshold,,1.8855153064111883,0
B0007,1.0,1.8806626717011388,0,regress_then_threshold,ridge_regress_then_threshold,,1.8755874037080118,0
B0007,2.0,1.8807709009833444,0,regress_then_threshold,ridge_regress_then_threshold,,1.8753085368618923,0
B0007,3.0,1.8794508728285058,0,regress_then_threshold,ridge_regress_then_threshold,,1.8751059917233963,0
B0007,4.0,1.8807003517117404,0,regress_then_threshold,ridge_regress_then_threshold,,1.8735835132692003,0
B0007,5.0,1.8799352523566075,0,regress_then_threshold,ridge_regress_then_threshold,,1.8744356613049575,0
B0007,6.0,1.8815088124038797,0,regress_then_threshold,ridge_regress_then_threshold,,1.8734260238775788,0
B0007,7.0,1.8696907870385844,0,regress_then_threshold,ridge_regress_then_threshold,,1.8745776736098154,0
B0007,8.0,1.870052380139199,0,regress_then_threshold,ridge_regress_then_threshold,,1.8633534033729822,0
B0007,9.0,1.8700442394188577,0,regress_then_threshold,ridge_regress_then_threshold,,1.8633850060402228,0
B0007,10.0,1.8596518987766364,0,regress_then_threshold,ridge_regress_then_threshold,,1.8630749168138572,0
B0007,11.0,1.8590746560862206,0,regress_then_threshold,ridge_regress_then_threshold,,1.8531682023025269,0
B0007,12.0,1.8590084577709232,0,regress_then_threshold,ridge_regress_then_threshold,,1.8523321738226004,0
B0007,13.0,1.8593622586957048,0,regress_then_threshold,ridge_regress_then_threshold,,1.8519684302956694,0
B0007,14.0,1.8587355450601035,0,regress_then_threshold,ridge_regress_then_threshold,,1.8519928317733927,0
B0007,15.0,1.847817291322145,0,regress_then_threshold,ridge_regress_then_threshold,,1.851111084400628,0
B0007,16.0,1.8485252916137047,0,regress_then_threshold,ridge_regress_then_threshold,,1.840718343912312,0
B0007,17.0,1.848378951850034,0,regress_then_threshold,ridge_regress_then_threshold,,1.841070081017692,0
B0007,18.0,1.8807805437609766,0,regress_then_threshold,ridge_regress_then_threshold,,1.8406322742547274,0
B0007,19.0,1.8814721597443598,0,regress_then_threshold,ridge_regress_then_threshold,,1.870273848323382,0
B0007,20.0,1.8810954313244785,0,regress_then_threshold,ridge_regress_then_threshold,,1.8706104437647622,0
B0007,21.0,1.8710089649779995,0,regress_then_threshold,ridge_regress_then_threshold,,1.8699597218402837,0
B0007,22.0,1.8701995151941375,0,regress_then_threshold,ridge_regress_then_threshold,,1.8603356830307527,0
B0007,23.0,1.8706715362800985,0,regress_then_threshold,ridge_regress_then_threshold,,1.8592850588688212,0
B0007,24.0,1.8596124644020169,0,regress_then_threshold,ridge_regress_then_threshold,,1.8594187142704386,0
B0007,25.0,1.860033909718346,0,regress_then_threshold,ridge_regress_then_threshold,,1.8488958357903416,0
B0007,26.0,1.8591653109160768,0,regress_then_threshold,ridge_regress_then_threshold,,1.8489827512684878,0
B0007,27.0,1.8481398178778288,0,regress_then_threshold,ridge_regress_then_threshold,,1.847877464159974,0
B0007,28.0,1.849201702126164,0,regress_then_threshold,ridge_regress_then_threshold,,1.837385617781128,0
B0007,29.0,1.8834677437950846,0,regress_then_threshold,ridge_regress_then_threshold,,1.8380643990259777,0
B0007,30.0,1.8628211117905844,0,regress_then_threshold,ridge_regress_then_threshold,,1.8694290163550245,0
B0007,31.0,1.852085039652352,0,regress_then_threshold,ridge_regress_then_threshold,,1.8500457323913577,0
B0007,32.0,1.8469504648208708,0,regress_then_threshold,ridge_regress_then_threshold,,1.8398213562026067,0
B0007,33.0,1.836828431169018,0,regress_then_threshold,ridge_regress_then_threshold,,1.834773639852074,0
B0007,34.0,1.8371619619672275,0,regress_then_threshold,ridge_regress_then_threshold,,1.8251167312880472,0
B0007,35.0,1.8316722583718854,0,regress_then_threshold,ridge_regress_then_threshold,,1.8251223999976558,0
B0007,36.0,1.8211470951317783,0,regress_then_threshold,ridge_regress_then_threshold,,1.8197464891111625,0
B0007,37.0,1.816506091511515,0,regress_then_threshold,ridge_regress_then_threshold,,1.8097170257399418,0
B0007,38.0,1.8113815601504555,0,regress_then_threshold,ridge_regress_then_threshold,,1.8051254464053696,0
B0007,39.0,1.8116056333939583,0,regress_then_threshold,ridge_regress_then_threshold,,1.8000870117927585,0
B0007,40.0,1.8060548955557403,0,regress_then_threshold,ridge_regress_then_threshold,,1.7999915245977207,0
B0007,41.0,1.8132041826994056,0,regress_then_threshold,ridge_regress_then_threshold,,1.794559208522302,0
B0007,42.0,1.8062641938283535,0,regress_then_threshold,ridge_regress_then_threshold,,1.8008637023867635,0
B0007,43.0,1.7958310249900458,0,regress_then_threshold,ridge_regress_then_threshold,,1.794147501015496,0
B0007,44.0,1.7858852600390451,0,regress_then_threshold,ridge_regress_then_threshold,,1.7842030548636107,0
B0007,45.0,1.7803268604502753,0,regress_then_threshold,ridge_regress_then_threshold,,1.774709046155545,0
B0007,46.0,1.8150756899575577,0,regress_then_threshold,ridge_regress_then_threshold,,1.7692696494239732,0
B0007,47.0,1.8157025154845838,0,regress_then_threshold,ridge_regress_then_threshold,,1.8010804382454555,0
B0007,48.0,1.8002432178056673,0,regress_then_threshold,ridge_regress_then_threshold,,1.8013571571690123,0
B0007,49.0,1.7904476205609308,0,regress_then_threshold,ridge_regress_then_threshold,,1.7867677816551988,0
B0007,50.0,1.780343032300132,0,regress_then_threshold,ridge_regress_then_threshold,,1.777412551400722,0
B0007,51.0,1.775328769596812,0,regress_then_threshold,ridge_regress_then_threshold,,1.7677717651072749,0
B0007,52.0,1.7702629734732853,0,regress_then_threshold,ridge_regress_then_threshold,,1.7628352359854058,0
B0007,53.0,1.760081061854204,0,regress_then_threshold,ridge_regress_then_threshold,,1.7578510819211148,0
B0007,54.0,1.749647593537689,0,regress_then_threshold,ridge_regress_then_threshold,,1.7481388367477544,0
B0007,55.0,1.749650075059311,0,regress_then_threshold,ridge_regress_then_threshold,,1.7381941138311539,0
B0007,56.0,1.745028739214683,0,regress_then_threshold,ridge_regress_then_threshold,,1.73789384121816,0
B0007,57.0,1.7396457455286727,0,regress_then_threshold,ridge_regress_then_threshold,,1.733320437985202,0
B0007,58.0,1.7285642277717963,0,regress_then_threshold,ridge_regress_then_threshold,,1.7280431437491732,0
B0007,59.0,1.723900324588418,0,regress_then_threshold,ridge_regress_then_threshold,,1.7174995217655222,0
B0007,60.0,1.7139788776485192,0,regress_then_threshold,ridge_regress_then_threshold,,1.7128867796521074,0
B0007,61.0,1.7139701997004613,0,regress_then_threshold,ridge_regress_then_threshold,,1.7034152445907336,0
B0007,62.0,1.7036521173638766,0,regress_then_threshold,ridge_regress_then_threshold,,1.7031046588819112,0
B0007,63.0,1.7040137474382486,0,regress_then_threshold,ridge_regress_then_threshold,,1.6932665706623369,0
B0007,64.0,1.6935716157343033,0,regress_then_threshold,ridge_regress_then_threshold,,1.6932982074991136,0
B0007,65.0,1.6876577363877656,0,regress_then_threshold,ridge_regress_then_threshold,,1.6833454782571828,0
B0007,66.0,1.6830744356583152,0,regress_then_threshold,ridge_regress_then_threshold,,1.677577562616369,0
B0007,67.0,1.6779270142025482,0,regress_then_threshold,ridge_regress_then_threshold,,1.6730393097802423,0
B0007,68.0,1.6732060275966172,0,regress_then_threshold,ridge_regress_then_threshold,,1.6679797211390783,0
B0007,69.0,1.6674367208253988,0,regress_then_threshold,ridge_regress_then_threshold,,1.6633142250128037,0
B0007,70.0,1.6622662630667526,0,regress_then_threshold,ridge_regress_then_threshold,,1.657679917049255,0
B0007,71.0,1.6574243065763063,0,regress_then_threshold,ridge_regress_then_threshold,,1.6525990392603143,0
B0007,72.0,1.652538684928734,0,regress_then_threshold,ridge_regress_then_threshold,,1.6478217480356023,0
B0007,73.0,1.6472174627573322,0,regress_then_threshold,ridge_regress_then_threshold,,1.6430041033745062,0
B0007,74.0,1.6364136810898071,0,regress_then_threshold,ridge_regress_then_threshold,,1.637783895681826,0
B0007,75.0,1.6362554312048496,0,regress_then_threshold,ridge_regress_then_threshold,,1.6274969452951846,0
B0007,76.0,1.641119179218384,0,regress_then_threshold,ridge_regress_then_threshold,,1.627048131716871,0
B0007,77.0,1.6315700789656966,0,regress_then_threshold,ridge_regress_then_threshold,,1.6312404298637042,0
B0007,78.0,1.621213282987236,0,regress_then_threshold,ridge_regress_then_threshold,,1.6221130013931266,0
B0007,79.0,1.6164273214762122,0,regress_then_threshold,ridge_regress_then_threshold,,1.6122391357118997,0
B0007,80.0,1.615823510161921,0,regress_then_threshold,ridge_regress_then_threshold,,1.6075135926083137,0
B0007,81.0,1.61672418029789,0,regress_then_threshold,ridge_regress_then_threshold,,1.6066530105633956,0
B0007,82.0,1.6108655863730026,0,regress_then_threshold,ridge_regress_then_threshold,,1.6071828047472618,0
B0007,83.0,1.6006603374309376,0,regress_then_threshold,ridge_regress_then_threshold,,1.601465981485186,0
B0007,84.0,1.5959174487005663,0,regress_then_threshold,ridge_regress_then_threshold,,1.5917321689743789,0
B0007,85.0,1.5962179519462243,0,regress_then_threshold,ridge_regress_then_threshold,,1.5870464318586412,0
B0007,86.0,1.5958065114633972,0,regress_then_threshold,ridge_regress_then_threshold,,1.5870215779426937,0
B0007,87.0,1.5906507821480704,0,regress_then_threshold,ridge_regress_then_threshold,,1.5863387766415216,0
B0007,88.0,1.6888211161855506,0,regress_then_threshold,ridge_regress_then_threshold,,1.5812715102384005,0
B0007,89.0,1.6259938279733204,0,regress_then_threshold,ridge_regress_then_threshold,,1.671693691229113,0
B0007,90.0,1.6157433862812898,0,regress_then_threshold,ridge_regress_then_threshold,,1.6133288819727187,0
B0007,91.0,1.6056626764846538,0,regress_then_threshold,ridge_regress_then_threshold,,1.6035533042907595,0
B0007,92.0,1.5949746921524348,0,regress_then_threshold,ridge_regress_then_threshold,,1.5939345854338673,0
B0007,93.0,1.5904102438871945,0,regress_then_threshold,ridge_regress_then_threshold,,1.583754649900974,0
B0007,94.0,1.5853517062988178,0,regress_then_threshold,ridge_regress_then_threshold,,1.579233819691153,0
B0007,95.0,1.5799737147242376,0,regress_then_threshold,ridge_regress_then_threshold,,1.5742563736489028,0
B0007,96.0,1.5752185465278068,0,regress_then_threshold,ridge_regress_then_threshold,,1.5689837021463913,0
B0007,97.0,1.569798484648868,0,regress_then_threshold,ridge_regress_then_threshold,,1.5642866168829526,0
B0007,98.0,1.5702565375950357,0,regress_then_threshold,ridge_regress_then_threshold,,1.5589750658375208,0
B0007,99.0,1.565249873909438,0,regress_then_threshold,ridge_regress_then_threshold,,1.559095812492722,0
B0007,100.0,1.559633933561147,0,regress_then_threshold,ridge_regress_then_threshold,,1.5541663060520574,0
B0007,101.0,1.5649820533392105,0,regress_then_threshold,ridge_regress_then_threshold,,1.5486737326567186,0
B0007,102.0,1.57497949984227,0,regress_then_threshold,ridge_regress_then_threshold,,1.5533136660915636,0
B0007,103.0,1.5652811168780458,0,regress_then_threshold,ridge_regress_then_threshold,,1.562250304784668,0
B0007,104.0,1.559755497470126,0,regress_then_threshold,ridge_regress_then_threshold,,1.5529849157340825,0
B0007,105.0,1.549897685670499,0,regress_then_threshold,ridge_regress_then_threshold,,1.5475758130179145,0
B0007,106.0,1.5438771531345021,0,regress_then_threshold,ridge_regress_then_threshold,,1.538163086781557,0
B0007,107.0,1.5450187488690073,0,regress_then_threshold,ridge_regress_then_threshold,,1.5322966069083146,0
B0007,108.0,1.5445940154102908,0,regress_then_threshold,ridge_regress_then_threshold,,1.5330490540368564,0
B0007,109.0,1.5343086721758876,0,regress_then_threshold,ridge_regress_then_threshold,,1.5323539679463414,0
B0007,110.0,1.5287603942958483,0,regress_then_threshold,ridge_regress_then_threshold,,1.5225461357790548,0
B0007,111.0,1.5289260249179843,0,regress_then_threshold,ridge_regress_then_threshold,,1.5171160930898417,0
B0007,112.0,1.529091650133123,0,regress_then_threshold,ridge_regress_then_threshold,,1.5169665957695995,0
B0007,113.0,1.5239059324661248,0,regress_then_threshold,ridge_regress_then_threshold,,1.5168170934524456,0
B0007,114.0,1.5186675419100615,0,regress_then_threshold,ridge_regress_then_threshold,,1.5117221131208496,0
B0007,115.0,1.5136482266426952,0,regress_then_threshold,ridge_regress_then_threshold,,1.5065784547993422,0
B0007,116.0,1.5136050185229033,0,regress_then_threshold,ridge_regress_then_threshold,,1.5016372563178453,0
B0007,117.0,1.5139470614867965,0,regress_then_threshold,ridge_regress_then_threshold,,1.5012947593282648,0
B0007,118.0,1.5339599193158786,0,regress_then_threshold,ridge_regress_then_threshold,,1.5013082946106517,0
B0007,119.0,1.5391372798653098,0,regress_then_threshold,ridge_regress_then_threshold,,1.5195007402309817,0
B0007,120.0,1.5236247972838737,0,regress_then_threshold,ridge_regress_then_threshold,,1.5239828654241268,0
B0007,121.0,1.5135813035589147,0,regress_then_threshold,ridge_regress_then_threshold,,1.5093443387398677,0
B0007,122.0,1.5077850749847914,0,regress_then_threshold,ridge_regress_then_threshold,,1.4997600133554772,0
B0007,123.0,1.5031960676037333,0,regress_then_threshold,ridge_regress_then_threshold,,1.4941008254342605,0
B0007,124.0,1.4978220596995881,0,regress_then_threshold,ridge_regress_then_threshold,,1.4895572987592707,0
B0007,125.0,1.492848534633516,0,regress_then_threshold,ridge_regress_then_threshold,,1.484288308791467,0
B0007,126.0,1.492414389867026,0,regress_then_threshold,ridge_regress_then_threshold,,1.4793894276196182,0
B0007,127.0,1.487482776538081,0,regress_then_threshold,ridge_regress_then_threshold,,1.4786856440083673,0
B0007,128.0,1.482535148640411,0,regress_then_threshold,ridge_regress_then_threshold,,1.47382549583851,0
B0007,129.0,1.4827874322228984,0,regress_then_threshold,ridge_regress_then_threshold,,1.4689505477017502,0
B0007,130.0,1.476971179775059,0,regress_then_threshold,ridge_regress_then_threshold,,1.468881131273303,0
B0007,131.0,1.4819015554137276,0,regress_then_threshold,ridge_regress_then_threshold,,1.463203438160136,0
B0007,132.0,1.4981366198874824,0,regress_then_threshold,ridge_regress_then_threshold,,1.4674573106561584,0
B0007,133.0,1.4820775214392872,0,regress_then_threshold,ridge_regress_then_threshold,,1.482158484198924,0
B0007,134.0,1.4771155312812152,0,regress_then_threshold,ridge_regress_then_threshold,,1.4670147989384081,0
B0007,135.0,1.4720772783056488,0,regress_then_threshold,ridge_regress_then_threshold,,1.4621265778261314,0
B0007,136.0,1.472248013656454,0,regress_then_threshold,ridge_regress_then_threshold,,1.457167877939546,0
B0007,137.0,1.4670106672274665,0,regress_then_threshold,ridge_regress_then_threshold,,1.4570230981872039,0
B0007,138.0,1.4617672495335379,0,regress_then_threshold,ridge_regress_then_threshold,,1.4518804048024632,0
B0007,139.0,1.4566952670489708,0,regress_then_threshold,ridge_regress_then_threshold,,1.4467321006190972,0
B0007,140.0,1.451354972758956,0,regress_then_threshold,ridge_regress_then_threshold,,1.4417422293893791,0
B0007,141.0,1.451615926257375,0,regress_then_threshold,ridge_regress_then_threshold,,1.4365043960753612,0
B0007,142.0,1.4468161332173683,0,regress_then_threshold,ridge_regress_then_threshold,,1.4364429920056008,0
B0007,143.0,1.4467570607768785,0,regress_then_threshold,ridge_regress_then_threshold,,1.43170466640536,0
B0007,144.0,1.4413797481446793,0,regress_then_threshold,ridge_regress_then_threshold,,1.4313475083015594,0
B0007,145.0,1.4362456252208178,0,regress_then_threshold,ridge_regress_then_threshold,,1.4260754642480251,0
B0007,146.0,1.4368154153924828,0,regress_then_threshold,ridge_regress_then_threshold,,1.4210281655308319,0
B0007,147.0,1.4362945145860047,0,regress_then_threshold,ridge_regress_then_threshold,,1.4212521748631337,0
B0007,148.0,1.4418575315878015,0,regress_then_threshold,ridge_regress_then_threshold,,1.420468215098377,0
B0007,149.0,1.4672063484781797,0,regress_then_threshold,ridge_regress_then_threshold,,1.4253067471875684,0
B0007,150.0,1.4518640367848885,0,regress_then_threshold,ridge_regress_then_threshold,,1.4484304537651604,0
B0007,151.0,1.4471379752748499,0,regress_then_threshold,ridge_regress_then_threshold,,1.4339491916039482,0
B0007,152.0,1.441790586562399,0,regress_then_threshold,ridge_regress_then_threshold,,1.429279005472334,0
B0007,153.0,1.431630947911111,0,regress_then_threshold,ridge_regress_then_threshold,,1.4240346158020978,0
B0007,154.0,1.4318084249673686,0,regress_then_threshold,ridge_regress_then_threshold,,1.4143429543354749,0
B0007,155.0,1.4262562585106868,0,regress_then_threshold,ridge_regress_then_threshold,,1.4142044049736775,0
B0007,156.0,1.4260877528924913,0,regress_then_threshold,ridge_regress_then_threshold,,1.408770768631298,0
B0007,157.0,1.4212633510031694,0,regress_then_threshold,ridge_regress_then_threshold,,1.4083124771510134,0
B0007,158.0,1.4163272748795108,0,regress_then_threshold,ridge_regress_then_threshold,,1.4035514091240715,0
B0007,159.0,1.4165781829175994,0,regress_then_threshold,ridge_regress_then_threshold,,1.3986871366337166,1
B0007,160.0,1.4108401729425177,0,regress_then_threshold,ridge_regress_then_threshold,,1.3986164489870478,1
B0007,161.0,1.4109949628347804,0,regress_then_threshold,ridge_regress_then_threshold,,1.3930110641593598,1
B0007,162.0,1.4061714290398801,0,regress_then_threshold,ridge_regress_then_threshold,,1.3928515483087356,1
B0007,163.0,1.4063358479692922,0,regress_then_threshold,ridge_regress_then_threshold,,1.3880912825368483,1
B0007,164.0,1.4004552399066514,0,regress_then_threshold,ridge_regress_then_threshold,,1.3879406654229658,1
B0007,165.0,1.4217865046055154,0,regress_then_threshold,ridge_regress_then_threshold,,1.382203497653602,1
B0007,166.0,1.4324552720625434,0,regress_then_threshold,ridge_regress_then_threshold,,1.4016143574798987,0
B0018,0.0,1.8431955317089987,0,direct_classification,direct_svc_threshold_0.5,0.004610791227041738,,0
B0018,1.0,1.8396018424355423,0,direct_classification,direct_svc_threshold_0.5,0.004394649377491715,,0
B0018,2.0,1.8306736044962053,0,direct_classification,direct_svc_threshold_0.5,0.004277441171319731,,0
B0018,3.0,1.8327002069419656,0,direct_classification,direct_svc_threshold_0.5,0.004079893798945849,,0
B0018,4.0,1.8285288846046388,0,direct_classification,direct_svc_threshold_0.5,0.004034717093995823,,0
B0018,5.0,1.8212011895697924,0,direct_classification,direct_svc_threshold_0.5,0.0038968765705052104,,0
B0018,6.0,1.8151700106433282,0,direct_classification,direct_svc_threshold_0.5,0.0037063036680001905,,0
B0018,7.0,1.8042980520967649,0,direct_classification,direct_svc_threshold_0.5,0.0035305495936546307,,0
B0018,8.0,1.8231002302844226,0,direct_classification,direct_svc_threshold_0.5,0.0032734744285986238,,0
B0018,9.0,1.8121253520255494,0,direct_classification,direct_svc_threshold_0.5,0.003493373190056556,,0
B0018,10.0,1.8046916382117766,0,direct_classification,direct_svc_threshold_0.5,0.0032300692818880666,,0
B0018,11.0,1.790844349786295,0,direct_classification,direct_svc_threshold_0.5,0.003021732903423207,,0
B0018,12.0,1.783470722841926,0,direct_classification,direct_svc_threshold_0.5,0.0027072999021082915,,0
B0018,13.0,1.7809386125310702,0,direct_classification,direct_svc_threshold_0.5,0.0025007690732905654,,0
B0018,14.0,1.771209039672698,0,direct_classification,direct_svc_threshold_0.5,0.0023732210201098387,,0
B0018,15.0,1.7686303996707076,0,direct_classification,direct_svc_threshold_0.5,0.002135746782212018,,0
B0018,16.0,1.7536304801917124,0,direct_classification,direct_svc_threshold_0.5,0.0020120627411792462,,0
B0018,17.0,1.7462197416415093,0,direct_classification,direct_svc_threshold_0.5,0.001715124729401677,,0
B0018,18.0,1.7376647337053737,0,direct_classification,direct_svc_threshold_0.5,0.0015383220718563214,,0
B0018,19.0,1.7315166735475835,0,direct_classification,direct_svc_threshold_0.5,0.0013579041917707296,,0
B0018,20.0,1.7085949894470602,0,direct_classification,direct_svc_threshold_0.5,0.0012167138238864499,,0
B0018,21.0,1.711469957068211,0,direct_classification,direct_svc_threshold_0.5,0.0009275740553894678,,0
B0018,22.0,1.7075021373272627,0,direct_classification,direct_svc_threshold_0.5,0.0008929702182216048,,0
B0018,23.0,1.7492382064360228,0,direct_classification,direct_svc_threshold_0.5,0.0008036783870303312,,0
B0018,24.0,1.7327697147429955,0,direct_classification,direct_svc_threshold_0.5,0.0011488340577328281,,0
B0018,25.0,1.7222313328292376,0,direct_classification,direct_svc_threshold_0.5,0.0009131734494530431,,0
B0018,26.0,1.711846298984729,0,direct_classification,direct_svc_threshold_0.5,0.0007641907696611024,,0
B0018,27.0,1.699267835126687,0,direct_classification,direct_svc_threshold_0.5,0.0006356471691797901,,0
B0018,28.0,1.6940366439243106,0,direct_classification,direct_svc_threshold_0.5,0.000512299892727297,,0
B0018,29.0,1.6819027078768087,0,direct_classification,direct_svc_threshold_0.5,0.0004461909244386965,,0
B0018,30.0,1.6769770618433686,0,direct_classification,direct_svc_threshold_0.5,0.00035765239904420986,,0
B0018,31.0,1.6655229306478936,0,direct_classification,direct_svc_threshold_0.5,0.00031012432141347754,,0
B0018,32.0,1.6571924575832084,0,direct_classification,direct_svc_threshold_0.5,0.00024906741288284717,,0
B0018,33.0,1.6482241555294048,0,direct_classification,direct_svc_threshold_0.5,0.00020696222224209407,,0
B0018,34.0,1.6387701497987262,0,direct_classification,direct_svc_threshold_0.5,0.00017079733990369835,,0
B0018,35.0,1.6276486907262062,0,direct_classification,direct_svc_threshold_0.5,0.0001405357228751796,,0
B0018,36.0,1.62215370227252,0,direct_classification,direct_svc_threshold_0.5,0.00011442818648970429,,0
B0018,37.0,1.6140066510467586,0,direct_classification,direct_svc_threshold_0.5,9.835764254311565e-05,,0
B0018,38.0,1.6760516154424623,0,direct_classification,direct_svc_threshold_0.5,8.303447235346743e-05,,0
B0018,39.0,1.649300642552199,0,direct_classification,direct_svc_threshold_0.5,0.00014614720759374084,,0
B0018,40.0,1.63238299185809,0,direct_classification,direct_svc_threshold_0.5,9.403511046100993e-05,,0
B0018,41.0,1.6164159719025777,0,direct_classification,direct_svc_threshold_0.5,7.045487071487706e-05,,0
B0018,42.0,1.6109028378249377,0,direct_classification,direct_svc_threshold_0.5,5.4865597149656916e-05,,0
B0018,43.0,1.5954638693695657,0,direct_classification,direct_svc_threshold_0.5,4.721834123028051e-05,,0
B0018,44.0,1.726707440085764,0,direct_classification,direct_svc_threshold_0.5,3.8781912994896705e-05,,0
B0018,45.0,1.7165673917429753,0,direct_classification,direct_svc_threshold_0.5,0.00018776921016065264,,0
B0018,46.0,1.6958235570934848,0,direct_classification,direct_svc_threshold_0.5,0.00014383829765953656,,0
B0018,47.0,1.6777783190792557,0,direct_classification,direct_svc_threshold_0.5,9.10886187954342e-05,,0
B0018,48.0,1.6606586897774192,0,direct_classification,direct_svc_threshold_0.5,6.096631523360779e-05,,0
B0018,49.0,1.6664109274827466,0,direct_classification,direct_svc_threshold_0.5,4.216912031556604e-05,,0
B0018,50.0,1.6468336174407805,0,direct_classification,direct_svc_threshold_0.5,4.1360393464112166e-05,,0
B0018,51.0,1.6257639928779952,0,direct_classification,direct_svc_threshold_0.5,2.8067196077952703e-05,,0
B0018,52.0,1.6121577411874595,0,direct_classification,direct_svc_threshold_0.5,1.979854635020684e-05,,0
B0018,53.0,1.6057366823755344,0,direct_classification,direct_svc_threshold_0.5,1.587851425185665e-05,,0
B0018,54.0,1.673645314879889,0,direct_classification,direct_svc_threshold_0.5,1.3714519033978828e-05,,0
B0018,55.0,1.6404348572349936,0,direct_classification,direct_svc_threshold_0.5,2.758525201763727e-05,,0
B0018,56.0,1.6132653317422077,0,direct_classification,direct_svc_threshold_0.5,1.5045090298063524e-05,,0
B0018,57.0,1.5920964324686278,0,direct_classification,direct_svc_threshold_0.5,1.0413400658312818e-05,,0
B0018,58.0,1.5866011820698824,0,direct_classification,direct_svc_threshold_0.5,8.655505510245479e-06,,0
B0018,59.0,1.5800766490336253,0,direct_classification,direct_svc_threshold_0.5,7.836804419255283e-06,,0
B0018,60.0,1.5641732953289167,0,direct_classification,direct_svc_threshold_0.5,7.214852416760697e-06,,0
B0018,61.0,1.555618272193922,0,direct_classification,direct_svc_threshold_0.5,7.2298791583840236e-06,,0
B0018,62.0,1.5402045278637397,0,direct_classification,direct_svc_threshold_0.5,7.2660700201422e-06,,0
B0018,63.0,1.5321613015959863,0,direct_classification,direct_svc_threshold_0.5,8.469770902496112e-06,,0
B0018,64.0,1.5316232403693415,0,direct_classification,direct_svc_threshold_0.5,9.297606749317736e-06,,0
B0018,65.0,1.5222595950771978,0,direct_classification,direct_svc_threshold_0.5,8.89752760733754e-06,,0
B0018,66.0,1.5065267126851283,0,direct_classification,direct_svc_threshold_0.5,1.0604853842024705e-05,,0
B0018,67.0,1.5014219556532926,0,direct_classification,direct_svc_threshold_0.5,1.619688110728252e-05,,0
B0018,68.0,1.4963534117486457,0,direct_classification,direct_svc_threshold_0.5,1.8813223582068886e-05,,0
B0018,69.0,1.5334262000312422,0,direct_classification,direct_svc_threshold_0.5,2.231144700211127e-05,,0
B0018,70.0,1.523845267514426,0,direct_classification,direct_svc_threshold_0.5,6.7068312782139724e-06,,0
B0018,71.0,1.5011920994261239,0,direct_classification,direct_svc_threshold_0.5,8.432130255016002e-06,,0
B0018,72.0,1.492417671450291,0,direct_classification,direct_svc_threshold_0.5,1.8142570811322427e-05,,0
B0018,73.0,1.483323851940123,0,direct_classification,direct_svc_threshold_0.5,2.610018279162799e-05,,0
B0018,74.0,1.4807376792294196,0,direct_classification,direct_svc_threshold_0.5,4.002333808031488e-05,,0
B0018,75.0,1.4735077809902477,0,direct_classification,direct_svc_threshold_0.5,4.650015635884015e-05,,0
B0018,76.0,1.46801928526661,0,direct_classification,direct_svc_threshold_0.5,6.96165095654238e-05,,0
B0018,77.0,1.4580923557119019,0,direct_classification,direct_svc_threshold_0.5,9.804131466254441e-05,,0
B0018,78.0,1.4478660988891399,0,direct_classification,direct_svc_threshold_0.5,0.00018394476337334063,,0
B0018,79.0,1.4527808777541982,0,direct_classification,direct_svc_threshold_0.5,0.0003706294678460902,,0
B0018,80.0,1.4425356364492432,0,direct_classification,direct_svc_threshold_0.5,0.000293972820349339,,0
B0018,81.0,1.4392712877203313,0,direct_classification,direct_svc_threshold_0.5,0.0006236696053884767,,0
B0018,82.0,1.4286475681888218,0,direct_classification,direct_svc_threshold_0.5,0.0008567316626539922,,0
B0018,83.0,1.4249026750004896,0,direct_classification,direct_svc_threshold_0.5,0.002009289897931487,,0
B0018,84.0,1.4698115324524124,0,direct_classification,direct_svc_threshold_0.5,0.0029672506124911293,,0
B0018,85.0,1.4525819651050202,0,direct_classification,direct_svc_threshold_0.5,0.00014192445642905385,,0
B0018,86.0,1.442834198908794,0,direct_classification,direct_svc_threshold_0.5,0.0004964624920504009,,0
B0018,87.0,1.428376058807949,0,direct_classification,direct_svc_threshold_0.5,0.001111932122806305,,0
B0018,88.0,1.4154547844370715,0,direct_classification,direct_svc_threshold_0.5,0.0037458023461232662,,0
B0018,89.0,1.454576670077708,0,direct_classification,direct_svc_threshold_0.5,0.011850993460249983,,0
B0018,90.0,1.4283179548274056,0,direct_classification,direct_svc_threshold_0.5,0.000624777338558905,,0
B0018,91.0,1.4197026883204058,0,direct_classification,direct_svc_threshold_0.5,0.005493804683886464,,0
B0018,92.0,1.4155606630306516,0,direct_classification,direct_svc_threshold_0.5,0.012732913412228463,,0
B0018,93.0,1.405680035419228,0,direct_classification,direct_svc_threshold_0.5,0.02070244564069717,,0
B0018,94.0,1.4084461071166137,0,direct_classification,direct_svc_threshold_0.5,0.0550116900965854,,0
B0018,95.0,1.3968547782872414,1,direct_classification,direct_svc_threshold_0.5,0.05049252454217153,,0
B0018,96.0,1.3935670371440676,1,direct_classification,direct_svc_threshold_0.5,0.1406499954333659,,0
B0018,97.0,1.3893644292809475,1,direct_classification,direct_svc_threshold_0.5,0.20405966217722027,,0
B0018,98.0,1.3785651415666713,1,direct_classification,direct_svc_threshold_0.5,0.3040938219789687,,0
B0018,99.0,1.384901110085747,1,direct_classification,direct_svc_threshold_0.5,0.5722620578420424,,1
B0018,100.0,1.3703251814242443,1,direct_classification,direct_svc_threshold_0.5,0.4739316454963925,,0
B0018,101.0,1.3733464385229082,1,direct_classification,direct_svc_threshold_0.5,0.794629192705481,,1
B0018,102.0,1.3679487285504814,1,direct_classification,direct_svc_threshold_0.5,0.7782282328672184,,1
B0018,103.0,1.3567141087089647,1,direct_classification,direct_svc_threshold_0.5,0.8698315144576396,,1
B0018,104.0,1.4604310209194575,0,direct_classification,direct_svc_threshold_0.5,0.9543721728551077,,1
B0018,105.0,1.4500998937104097,0,direct_classification,direct_svc_threshold_0.5,0.001561768949050528,,0
B0018,106.0,1.4381406901824496,0,direct_classification,direct_svc_threshold_0.5,0.00435897900004343,,0
B0018,107.0,1.4283681980964316,0,direct_classification,direct_svc_threshold_0.5,0.01476939945438964,,0
B0018,108.0,1.4147874517552432,0,direct_classification,direct_svc_threshold_0.5,0.04171097634086232,,0
B0018,109.0,1.413889163393182,0,direct_classification,direct_svc_threshold_0.5,0.15103776638331873,,0
B0018,110.0,1.3989331662177225,1,direct_classification,direct_svc_threshold_0.5,0.17755492919016705,,0
B0018,111.0,1.3953322584033976,1,direct_classification,direct_svc_threshold_0.5,0.5161875467012297,,1
B0018,112.0,1.390046129540245,1,direct_classification,direct_svc_threshold_0.5,0.6315431415644507,,1
B0018,113.0,1.3860271454209647,1,direct_classification,direct_svc_threshold_0.5,0.7605956873247198,,1
B0018,114.0,1.388215260193751,1,direct_classification,direct_svc_threshold_0.5,0.839308980612093,,1
B0018,115.0,1.3761826562394497,1,direct_classification,direct_svc_threshold_0.5,0.8214710577419838,,1
B0018,116.0,1.3647168898640165,1,direct_classification,direct_svc_threshold_0.5,0.9428967987771857,,1
B0018,117.0,1.3589854739373584,1,direct_classification,direct_svc_threshold_0.5,0.9818083096557151,,1
B0018,118.0,1.3462308764008801,1,direct_classification,direct_svc_threshold_0.5,0.990078629795041,,1
B0018,119.0,1.4268427818454643,0,direct_classification,direct_svc_threshold_0.5,0.9970556023302356,,1
B0018,120.0,1.4064481483279663,0,direct_classification,direct_svc_threshold_0.5,0.10609463297780179,,0
B0018,121.0,1.3934907492075153,1,direct_classification,direct_svc_threshold_0.5,0.5103275083045242,,1
B0018,122.0,1.3882493512249316,1,direct_classification,direct_svc_threshold_0.5,0.8062896225291362,,1
B0018,123.0,1.3701878338420928,1,direct_classification,direct_svc_threshold_0.5,0.880669769549316,,1
B0018,124.0,1.3796951665608619,1,direct_classification,direct_svc_threshold_0.5,0.9788508145924031,,1
B0018,125.0,1.3686586323935683,1,direct_classification,direct_svc_threshold_0.5,0.9484024841522151,,1
B0018,126.0,1.3627371779096438,1,direct_classification,direct_svc_threshold_0.5,0.9822664247852436,,1
B0018,127.0,1.3634051133928073,1,direct_classification,direct_svc_threshold_0.5,0.9899242702224068,,1
B0018,128.0,1.3518646035305233,1,direct_classification,direct_svc_threshold_0.5,0.9892011193582744,,1
B0018,129.0,1.3547969729652622,1,direct_classification,direct_svc_threshold_0.5,0.9962385332683144,,1
B0018,130.0,1.341051440640485,1,direct_classification,direct_svc_threshold_0.5,0.9949646961989267,,1
B0018,0.0,1.8431955317089987,0,direct_classification,direct_svc_cost_threshold,0.004610791227041738,,0
B0018,1.0,1.8396018424355423,0,direct_classification,direct_svc_cost_threshold,0.004394649377491715,,0
B0018,2.0,1.8306736044962053,0,direct_classification,direct_svc_cost_threshold,0.004277441171319731,,0
B0018,3.0,1.8327002069419656,0,direct_classification,direct_svc_cost_threshold,0.004079893798945849,,0
B0018,4.0,1.8285288846046388,0,direct_classification,direct_svc_cost_threshold,0.004034717093995823,,0
B0018,5.0,1.8212011895697924,0,direct_classification,direct_svc_cost_threshold,0.0038968765705052104,,0
B0018,6.0,1.8151700106433282,0,direct_classification,direct_svc_cost_threshold,0.0037063036680001905,,0
B0018,7.0,1.8042980520967649,0,direct_classification,direct_svc_cost_threshold,0.0035305495936546307,,0
B0018,8.0,1.8231002302844226,0,direct_classification,direct_svc_cost_threshold,0.0032734744285986238,,0
B0018,9.0,1.8121253520255494,0,direct_classification,direct_svc_cost_threshold,0.003493373190056556,,0
B0018,10.0,1.8046916382117766,0,direct_classification,direct_svc_cost_threshold,0.0032300692818880666,,0
B0018,11.0,1.790844349786295,0,direct_classification,direct_svc_cost_threshold,0.003021732903423207,,0
B0018,12.0,1.783470722841926,0,direct_classification,direct_svc_cost_threshold,0.0027072999021082915,,0
B0018,13.0,1.7809386125310702,0,direct_classification,direct_svc_cost_threshold,0.0025007690732905654,,0
B0018,14.0,1.771209039672698,0,direct_classification,direct_svc_cost_threshold,0.0023732210201098387,,0
B0018,15.0,1.7686303996707076,0,direct_classification,direct_svc_cost_threshold,0.002135746782212018,,0
B0018,16.0,1.7536304801917124,0,direct_classification,direct_svc_cost_threshold,0.0020120627411792462,,0
B0018,17.0,1.7462197416415093,0,direct_classification,direct_svc_cost_threshold,0.001715124729401677,,0
B0018,18.0,1.7376647337053737,0,direct_classification,direct_svc_cost_threshold,0.0015383220718563214,,0
B0018,19.0,1.7315166735475835,0,direct_classification,direct_svc_cost_threshold,0.0013579041917707296,,0
B0018,20.0,1.7085949894470602,0,direct_classification,direct_svc_cost_threshold,0.0012167138238864499,,0
B0018,21.0,1.711469957068211,0,direct_classification,direct_svc_cost_threshold,0.0009275740553894678,,0
B0018,22.0,1.7075021373272627,0,direct_classification,direct_svc_cost_threshold,0.0008929702182216048,,0
B0018,23.0,1.7492382064360228,0,direct_classification,direct_svc_cost_threshold,0.0008036783870303312,,0
B0018,24.0,1.7327697147429955,0,direct_classification,direct_svc_cost_threshold,0.0011488340577328281,,0
B0018,25.0,1.7222313328292376,0,direct_classification,direct_svc_cost_threshold,0.0009131734494530431,,0
B0018,26.0,1.711846298984729,0,direct_classification,direct_svc_cost_threshold,0.0007641907696611024,,0
B0018,27.0,1.699267835126687,0,direct_classification,direct_svc_cost_threshold,0.0006356471691797901,,0
B0018,28.0,1.6940366439243106,0,direct_classification,direct_svc_cost_threshold,0.000512299892727297,,0
B0018,29.0,1.6819027078768087,0,direct_classification,direct_svc_cost_threshold,0.0004461909244386965,,0
B0018,30.0,1.6769770618433686,0,direct_classification,direct_svc_cost_threshold,0.00035765239904420986,,0
B0018,31.0,1.6655229306478936,0,direct_classification,direct_svc_cost_threshold,0.00031012432141347754,,0
B0018,32.0,1.6571924575832084,0,direct_classification,direct_svc_cost_threshold,0.00024906741288284717,,0
B0018,33.0,1.6482241555294048,0,direct_classification,direct_svc_cost_threshold,0.00020696222224209407,,0
B0018,34.0,1.6387701497987262,0,direct_classification,direct_svc_cost_threshold,0.00017079733990369835,,0
B0018,35.0,1.6276486907262062,0,direct_classification,direct_svc_cost_threshold,0.0001405357228751796,,0
B0018,36.0,1.62215370227252,0,direct_classification,direct_svc_cost_threshold,0.00011442818648970429,,0
B0018,37.0,1.6140066510467586,0,direct_classification,direct_svc_cost_threshold,9.835764254311565e-05,,0
B0018,38.0,1.6760516154424623,0,direct_classification,direct_svc_cost_threshold,8.303447235346743e-05,,0
B0018,39.0,1.649300642552199,0,direct_classification,direct_svc_cost_threshold,0.00014614720759374084,,0
B0018,40.0,1.63238299185809,0,direct_classification,direct_svc_cost_threshold,9.403511046100993e-05,,0
B0018,41.0,1.6164159719025777,0,direct_classification,direct_svc_cost_threshold,7.045487071487706e-05,,0
B0018,42.0,1.6109028378249377,0,direct_classification,direct_svc_cost_threshold,5.4865597149656916e-05,,0
B0018,43.0,1.5954638693695657,0,direct_classification,direct_svc_cost_threshold,4.721834123028051e-05,,0
B0018,44.0,1.726707440085764,0,direct_classification,direct_svc_cost_threshold,3.8781912994896705e-05,,0
B0018,45.0,1.7165673917429753,0,direct_classification,direct_svc_cost_threshold,0.00018776921016065264,,0
B0018,46.0,1.6958235570934848,0,direct_classification,direct_svc_cost_threshold,0.00014383829765953656,,0
B0018,47.0,1.6777783190792557,0,direct_classification,direct_svc_cost_threshold,9.10886187954342e-05,,0
B0018,48.0,1.6606586897774192,0,direct_classification,direct_svc_cost_threshold,6.096631523360779e-05,,0
B0018,49.0,1.6664109274827466,0,direct_classification,direct_svc_cost_threshold,4.216912031556604e-05,,0
B0018,50.0,1.6468336174407805,0,direct_classification,direct_svc_cost_threshold,4.1360393464112166e-05,,0
B0018,51.0,1.6257639928779952,0,direct_classification,direct_svc_cost_threshold,2.8067196077952703e-05,,0
B0018,52.0,1.6121577411874595,0,direct_classification,direct_svc_cost_threshold,1.979854635020684e-05,,0
B0018,53.0,1.6057366823755344,0,direct_classification,direct_svc_cost_threshold,1.587851425185665e-05,,0
B0018,54.0,1.673645314879889,0,direct_classification,direct_svc_cost_threshold,1.3714519033978828e-05,,0
B0018,55.0,1.6404348572349936,0,direct_classification,direct_svc_cost_threshold,2.758525201763727e-05,,0
B0018,56.0,1.6132653317422077,0,direct_classification,direct_svc_cost_threshold,1.5045090298063524e-05,,0
B0018,57.0,1.5920964324686278,0,direct_classification,direct_svc_cost_threshold,1.0413400658312818e-05,,0
B0018,58.0,1.5866011820698824,0,direct_classification,direct_svc_cost_threshold,8.655505510245479e-06,,0
B0018,59.0,1.5800766490336253,0,direct_classification,direct_svc_cost_threshold,7.836804419255283e-06,,0
B0018,60.0,1.5641732953289167,0,direct_classification,direct_svc_cost_threshold,7.214852416760697e-06,,0
B0018,61.0,1.555618272193922,0,direct_classification,direct_svc_cost_threshold,7.2298791583840236e-06,,0
B0018,62.0,1.5402045278637397,0,direct_classification,direct_svc_cost_threshold,7.2660700201422e-06,,0
B0018,63.0,1.5321613015959863,0,direct_classification,direct_svc_cost_threshold,8.469770902496112e-06,,0
B0018,64.0,1.5316232403693415,0,direct_classification,direct_svc_cost_threshold,9.297606749317736e-06,,0
B0018,65.0,1.5222595950771978,0,direct_classification,direct_svc_cost_threshold,8.89752760733754e-06,,0
B0018,66.0,1.5065267126851283,0,direct_classification,direct_svc_cost_threshold,1.0604853842024705e-05,,0
B0018,67.0,1.5014219556532926,0,direct_classification,direct_svc_cost_threshold,1.619688110728252e-05,,0
B0018,68.0,1.4963534117486457,0,direct_classification,direct_svc_cost_threshold,1.8813223582068886e-05,,0
B0018,69.0,1.5334262000312422,0,direct_classification,direct_svc_cost_threshold,2.231144700211127e-05,,0
B0018,70.0,1.523845267514426,0,direct_classification,direct_svc_cost_threshold,6.7068312782139724e-06,,0
B0018,71.0,1.5011920994261239,0,direct_classification,direct_svc_cost_threshold,8.432130255016002e-06,,0
B0018,72.0,1.492417671450291,0,direct_classification,direct_svc_cost_threshold,1.8142570811322427e-05,,0
B0018,73.0,1.483323851940123,0,direct_classification,direct_svc_cost_threshold,2.610018279162799e-05,,0
B0018,74.0,1.4807376792294196,0,direct_classification,direct_svc_cost_threshold,4.002333808031488e-05,,0
B0018,75.0,1.4735077809902477,0,direct_classification,direct_svc_cost_threshold,4.650015635884015e-05,,0
B0018,76.0,1.46801928526661,0,direct_classification,direct_svc_cost_threshold,6.96165095654238e-05,,0
B0018,77.0,1.4580923557119019,0,direct_classification,direct_svc_cost_threshold,9.804131466254441e-05,,0
B0018,78.0,1.4478660988891399,0,direct_classification,direct_svc_cost_threshold,0.00018394476337334063,,0
B0018,79.0,1.4527808777541982,0,direct_classification,direct_svc_cost_threshold,0.0003706294678460902,,0
B0018,80.0,1.4425356364492432,0,direct_classification,direct_svc_cost_threshold,0.000293972820349339,,0
B0018,81.0,1.4392712877203313,0,direct_classification,direct_svc_cost_threshold,0.0006236696053884767,,0
B0018,82.0,1.4286475681888218,0,direct_classification,direct_svc_cost_threshold,0.0008567316626539922,,0
B0018,83.0,1.4249026750004896,0,direct_classification,direct_svc_cost_threshold,0.002009289897931487,,0
B0018,84.0,1.4698115324524124,0,direct_classification,direct_svc_cost_threshold,0.0029672506124911293,,0
B0018,85.0,1.4525819651050202,0,direct_classification,direct_svc_cost_threshold,0.00014192445642905385,,0
B0018,86.0,1.442834198908794,0,direct_classification,direct_svc_cost_threshold,0.0004964624920504009,,0
B0018,87.0,1.428376058807949,0,direct_classification,direct_svc_cost_threshold,0.001111932122806305,,0
B0018,88.0,1.4154547844370715,0,direct_classification,direct_svc_cost_threshold,0.0037458023461232662,,0
B0018,89.0,1.454576670077708,0,direct_classification,direct_svc_cost_threshold,0.011850993460249983,,0
B0018,90.0,1.4283179548274056,0,direct_classification,direct_svc_cost_threshold,0.000624777338558905,,0
B0018,91.0,1.4197026883204058,0,direct_classification,direct_svc_cost_threshold,0.005493804683886464,,0
B0018,92.0,1.4155606630306516,0,direct_classification,direct_svc_cost_threshold,0.012732913412228463,,0
B0018,93.0,1.405680035419228,0,direct_classification,direct_svc_cost_threshold,0.02070244564069717,,0
B0018,94.0,1.4084461071166137,0,direct_classification,direct_svc_cost_threshold,0.0550116900965854,,0
B0018,95.0,1.3968547782872414,1,direct_classification,direct_svc_cost_threshold,0.05049252454217153,,0
B0018,96.0,1.3935670371440676,1,direct_classification,direct_svc_cost_threshold,0.1406499954333659,,0
B0018,97.0,1.3893644292809475,1,direct_classification,direct_svc_cost_threshold,0.20405966217722027,,1
B0018,98.0,1.3785651415666713,1,direct_classification,direct_svc_cost_threshold,0.3040938219789687,,1
B0018,99.0,1.384901110085747,1,direct_classification,direct_svc_cost_threshold,0.5722620578420424,,1
B0018,100.0,1.3703251814242443,1,direct_classification,direct_svc_cost_threshold,0.4739316454963925,,1
B0018,101.0,1.3733464385229082,1,direct_classification,direct_svc_cost_threshold,0.794629192705481,,1
B0018,102.0,1.3679487285504814,1,direct_classification,direct_svc_cost_threshold,0.7782282328672184,,1
B0018,103.0,1.3567141087089647,1,direct_classification,direct_svc_cost_threshold,0.8698315144576396,,1
B0018,104.0,1.4604310209194575,0,direct_classification,direct_svc_cost_threshold,0.9543721728551077,,1
B0018,105.0,1.4500998937104097,0,direct_classification,direct_svc_cost_threshold,0.001561768949050528,,0
B0018,106.0,1.4381406901824496,0,direct_classification,direct_svc_cost_threshold,0.00435897900004343,,0
B0018,107.0,1.4283681980964316,0,direct_classification,direct_svc_cost_threshold,0.01476939945438964,,0
B0018,108.0,1.4147874517552432,0,direct_classification,direct_svc_cost_threshold,0.04171097634086232,,0
B0018,109.0,1.413889163393182,0,direct_classification,direct_svc_cost_threshold,0.15103776638331873,,0
B0018,110.0,1.3989331662177225,1,direct_classification,direct_svc_cost_threshold,0.17755492919016705,,1
B0018,111.0,1.3953322584033976,1,direct_classification,direct_svc_cost_threshold,0.5161875467012297,,1
B0018,112.0,1.390046129540245,1,direct_classification,direct_svc_cost_threshold,0.6315431415644507,,1
B0018,113.0,1.3860271454209647,1,direct_classification,direct_svc_cost_threshold,0.7605956873247198,,1
B0018,114.0,1.388215260193751,1,direct_classification,direct_svc_cost_threshold,0.839308980612093,,1
B0018,115.0,1.3761826562394497,1,direct_classification,direct_svc_cost_threshold,0.8214710577419838,,1
B0018,116.0,1.3647168898640165,1,direct_classification,direct_svc_cost_threshold,0.9428967987771857,,1
B0018,117.0,1.3589854739373584,1,direct_classification,direct_svc_cost_threshold,0.9818083096557151,,1
B0018,118.0,1.3462308764008801,1,direct_classification,direct_svc_cost_threshold,0.990078629795041,,1
B0018,119.0,1.4268427818454643,0,direct_classification,direct_svc_cost_threshold,0.9970556023302356,,1
B0018,120.0,1.4064481483279663,0,direct_classification,direct_svc_cost_threshold,0.10609463297780179,,0
B0018,121.0,1.3934907492075153,1,direct_classification,direct_svc_cost_threshold,0.5103275083045242,,1
B0018,122.0,1.3882493512249316,1,direct_classification,direct_svc_cost_threshold,0.8062896225291362,,1
B0018,123.0,1.3701878338420928,1,direct_classification,direct_svc_cost_threshold,0.880669769549316,,1
B0018,124.0,1.3796951665608619,1,direct_classification,direct_svc_cost_threshold,0.9788508145924031,,1
B0018,125.0,1.3686586323935683,1,direct_classification,direct_svc_cost_threshold,0.9484024841522151,,1
B0018,126.0,1.3627371779096438,1,direct_classification,direct_svc_cost_threshold,0.9822664247852436,,1
B0018,127.0,1.3634051133928073,1,direct_classification,direct_svc_cost_threshold,0.9899242702224068,,1
B0018,128.0,1.3518646035305233,1,direct_classification,direct_svc_cost_threshold,0.9892011193582744,,1
B0018,129.0,1.3547969729652622,1,direct_classification,direct_svc_cost_threshold,0.9962385332683144,,1
B0018,130.0,1.341051440640485,1,direct_classification,direct_svc_cost_threshold,0.9949646961989267,,1
B0018,0.0,1.8431955317089987,0,regress_then_threshold,ridge_regress_then_threshold,,1.853481599262266,0
B0018,1.0,1.8396018424355423,0,regress_then_threshold,ridge_regress_then_threshold,,1.8420388742828167,0
B0018,2.0,1.8306736044962053,0,regress_then_threshold,ridge_regress_then_threshold,,1.8384373086831975,0
B0018,3.0,1.8327002069419656,0,regress_then_threshold,ridge_regress_then_threshold,,1.8297441399427283,0
B0018,4.0,1.8285288846046388,0,regress_then_threshold,ridge_regress_then_threshold,,1.8315069072534242,0
B0018,5.0,1.8212011895697924,0,regress_then_threshold,ridge_regress_then_threshold,,1.827354015101838,0
B0018,6.0,1.8151700106433282,0,regress_then_threshold,ridge_regress_then_threshold,,1.8201884974880127,0
B0018,7.0,1.8042980520967649,0,regress_then_threshold,ridge_regress_then_threshold,,1.8142604501651276,0
B0018,8.0,1.8231002302844226,0,regress_then_threshold,ridge_regress_then_threshold,,1.803712081562674,0
B0018,9.0,1.8121253520255494,0,regress_then_threshold,ridge_regress_then_threshold,,1.8214864328867142,0
B0018,10.0,1.8046916382117766,0,regress_then_threshold,ridge_regress_then_threshold,,1.8108398317320291,0
B0018,11.0,1.790844349786295,0,regress_then_threshold,ridge_regress_then_threshold,,1.803573123636763,0
B0018,12.0,1.783470722841926,0,regress_then_threshold,ridge_regress_then_threshold,,1.7901849273552668,0
B0018,13.0,1.7809386125310702,0,regress_then_threshold,ridge_regress_then_threshold,,1.7829755696587206,0
B0018,14.0,1.771209039672698,0,regress_then_threshold,ridge_regress_then_threshold,,1.7803872366901599,0
B0018,15.0,1.7686303996707076,0,regress_then_threshold,ridge_regress_then_threshold,,1.7709292273518853,0
B0018,16.0,1.7536304801917124,0,regress_then_threshold,ridge_regress_then_threshold,,1.768296483743107,0
B0018,17.0,1.7462197416415093,0,regress_then_threshold,ridge_regress_then_threshold,,1.7538081494255953,0
B0018,18.0,1.7376647337053737,0,regress_then_threshold,ridge_regress_then_threshold,,1.746563370256557,0
B0018,19.0,1.7315166735475835,0,regress_then_threshold,ridge_regress_then_threshold,,1.7382264339127875,0
B0018,20.0,1.7085949894470602,0,regress_then_threshold,ridge_regress_then_threshold,,1.7321868283528707,0
B0018,21.0,1.711469957068211,0,regress_then_threshold,ridge_regress_then_threshold,,1.710137501690116,0
B0018,22.0,1.7075021373272627,0,regress_then_threshold,ridge_regress_then_threshold,,1.7127099980073601,0
B0018,23.0,1.7492382064360228,0,regress_then_threshold,ridge_regress_then_threshold,,1.7087513405556125,0
B0018,24.0,1.7327697147429955,0,regress_then_threshold,ridge_regress_then_threshold,,1.7484151296483361,0
B0018,25.0,1.7222313328292376,0,regress_then_threshold,ridge_regress_then_threshold,,1.7325251046975838,0
B0018,26.0,1.711846298984729,0,regress_then_threshold,ridge_regress_then_threshold,,1.7222951210115842,0
B0018,27.0,1.699267835126687,0,regress_then_threshold,ridge_regress_then_threshold,,1.712211501631159,0
B0018,28.0,1.6940366439243106,0,regress_then_threshold,ridge_regress_then_threshold,,1.7000343452252729,0
B0018,29.0,1.6819027078768087,0,regress_then_threshold,ridge_regress_then_threshold,,1.6948698526590742,0
B0018,30.0,1.6769770618433686,0,regress_then_threshold,ridge_regress_then_threshold,,1.6831169794190384,0
B0018,31.0,1.6655229306478936,0,regress_then_threshold,ridge_regress_then_threshold,,1.6782441169117754,0
B0018,32.0,1.6571924575832084,0,regress_then_threshold,ridge_regress_then_threshold,,1.667140088913678,0
B0018,33.0,1.6482241555294048,0,regress_then_threshold,ridge_regress_then_threshold,,1.659017461694881,0
B0018,34.0,1.6387701497987262,0,regress_then_threshold,ridge_regress_then_threshold,,1.6502860534361636,0
B0018,35.0,1.6276486907262062,0,regress_then_threshold,ridge_regress_then_threshold,,1.6410910613727812,0
B0018,36.0,1.62215370227252,0,regress_then_threshold,ridge_regress_then_threshold,,1.630304554974392,0
B0018,37.0,1.6140066510467586,0,regress_then_threshold,ridge_regress_then_threshold,,1.6248882789870562,0
B0018,38.0,1.6760516154424623,0,regress_then_threshold,ridge_regress_then_threshold,,1.6169407202266535,0
B0018,39.0,1.649300642552199,0,regress_then_threshold,ridge_regress_then_threshold,,1.6759884987638032,0
B0018,40.0,1.63238299185809,0,regress_then_threshold,ridge_regress_then_threshold,,1.6502842764294112,0
B0018,41.0,1.6164159719025777,0,regress_then_threshold,ridge_regress_then_threshold,,1.6339655480355213,0
B0018,42.0,1.6109028378249377,0,regress_then_threshold,ridge_regress_then_threshold,,1.6185541568425055,0
B0018,43.0,1.5954638693695657,0,regress_then_threshold,ridge_regress_then_threshold,,1.6131205616175541,0
B0018,44.0,1.726707440085764,0,regress_then_threshold,ridge_regress_then_threshold,,1.598213173451794,0
B0018,45.0,1.7165673917429753,0,regress_then_threshold,ridge_regress_then_threshold,,1.7233081217406037,0
B0018,46.0,1.6958235570934848,0,regress_then_threshold,ridge_regress_then_threshold,,1.713458330754696,0
B0018,47.0,1.6777783190792557,0,regress_then_threshold,ridge_regress_then_threshold,,1.6934876701234465,0
B0018,48.0,1.6606586897774192,0,regress_then_threshold,ridge_regress_then_threshold,,1.6760927068875298,0
B0018,49.0,1.6664109274827466,0,regress_then_threshold,ridge_regress_then_threshold,,1.659581198377101,0
B0018,50.0,1.6468336174407805,0,regress_then_threshold,ridge_regress_then_threshold,,1.664899928408805,0
B0018,51.0,1.6257639928779952,0,regress_then_threshold,ridge_regress_then_threshold,,1.6460426666286223,0
B0018,52.0,1.6121577411874595,0,regress_then_threshold,ridge_regress_then_threshold,,1.625761053178365,0
B0018,53.0,1.6057366823755344,0,regress_then_threshold,ridge_regress_then_threshold,,1.6126029163589863,0
B0018,54.0,1.673645314879889,0,regress_then_threshold,ridge_regress_then_threshold,,1.606302745024549,0
B0018,55.0,1.6404348572349936,0,regress_then_threshold,ridge_regress_then_threshold,,1.6709471490362897,0
B0018,56.0,1.6132653317422077,0,regress_then_threshold,ridge_regress_then_threshold,,1.6390776192082541,0
B0018,57.0,1.5920964324686278,0,regress_then_threshold,ridge_regress_then_threshold,,1.6129739059554935,0
B0018,58.0,1.5866011820698824,0,regress_then_threshold,ridge_regress_then_threshold,,1.592597538954196,0
B0018,59.0,1.5800766490336253,0,regress_then_threshold,ridge_regress_then_threshold,,1.587181012951279,0
B0018,60.0,1.5641732953289167,0,regress_then_threshold,ridge_regress_then_threshold,,1.5807820798061238,0
B0018,61.0,1.555618272193922,0,regress_then_threshold,ridge_regress_then_threshold,,1.5654314553813693,0
B0018,62.0,1.5402045278637397,0,regress_then_threshold,ridge_regress_then_threshold,,1.557094504530926,0
B0018,63.0,1.5321613015959863,0,regress_then_threshold,ridge_regress_then_threshold,,1.5422111917355643,0
B0018,64.0,1.5316232403693415,0,regress_then_threshold,ridge_regress_then_threshold,,1.5343627295464748,0
B0018,65.0,1.5222595950771978,0,regress_then_threshold,ridge_regress_then_threshold,,1.5336776328620099,0
B0018,66.0,1.5065267126851283,0,regress_then_threshold,ridge_regress_then_threshold,,1.5245688860503759,0
B0018,67.0,1.5014219556532926,0,regress_then_threshold,ridge_regress_then_threshold,,1.5093809693494087,0
B0018,68.0,1.4963534117486457,0,regress_then_threshold,ridge_regress_then_threshold,,1.5043371529003766,0
B0018,69.0,1.5334262000312422,0,regress_then_threshold,ridge_regress_then_threshold,,1.4993279003636233,0
B0018,70.0,1.523845267514426,0,regress_then_threshold,ridge_regress_then_threshold,,1.534540783336955,0
B0018,71.0,1.5011920994261239,0,regress_then_threshold,ridge_regress_then_threshold,,1.5252246449754634,0
B0018,72.0,1.492417671450291,0,regress_then_threshold,ridge_regress_then_threshold,,1.503431605593381,0
B0018,73.0,1.483323851940123,0,regress_then_threshold,ridge_regress_then_threshold,,1.494885242017195,0
B0018,74.0,1.4807376792294196,0,regress_then_threshold,ridge_regress_then_threshold,,1.4860340326065744,0
B0018,75.0,1.4735077809902477,0,regress_then_threshold,ridge_regress_then_threshold,,1.4833940993430108,0
B0018,76.0,1.46801928526661,0,regress_then_threshold,ridge_regress_then_threshold,,1.4763219246721802,0
B0018,77.0,1.4580923557119019,0,regress_then_threshold,ridge_regress_then_threshold,,1.4709118457235777,0
B0018,78.0,1.4478660988891399,0,regress_then_threshold,ridge_regress_then_threshold,,1.461265467689492,0
B0018,79.0,1.4527808777541982,0,regress_then_threshold,ridge_regress_then_threshold,,1.4513333943222826,0
B0018,80.0,1.4425356364492432,0,regress_then_threshold,ridge_regress_then_threshold,,1.4558528049872483,0
B0018,81.0,1.4392712877203313,0,regress_then_threshold,ridge_regress_then_threshold,,1.4459026117273888,0
B0018,82.0,1.4286475681888218,0,regress_then_threshold,ridge_regress_then_threshold,,1.4426153878755053,0
B0018,83.0,1.4249026750004896,0,regress_then_threshold,ridge_regress_then_threshold,,1.4323039530096981,0
B0018,84.0,1.4698115324524124,0,regress_then_threshold,ridge_regress_then_threshold,,1.428558069609997,0
B0018,85.0,1.4525819651050202,0,regress_then_threshold,ridge_regress_then_threshold,,1.4712501522107782,0
B0018,86.0,1.442834198908794,0,regress_then_threshold,ridge_regress_then_threshold,,1.4546337124431596,0
B0018,87.0,1.428376058807949,0,regress_then_threshold,ridge_regress_then_threshold,,1.4451583383263515,0
B0018,88.0,1.4154547844370715,0,regress_then_threshold,ridge_regress_then_threshold,,1.4311871097203466,0
B0018,89.0,1.454576670077708,0,regress_then_threshold,ridge_regress_then_threshold,,1.418682755046492,0
B0018,90.0,1.4283179548274056,0,regress_then_threshold,ridge_regress_then_threshold,,1.4558514155743216,0
B0018,91.0,1.4197026883204058,0,regress_then_threshold,ridge_regress_then_threshold,,1.4306170325276961,0
B0018,92.0,1.4155606630306516,0,regress_then_threshold,ridge_regress_then_threshold,,1.4222225819033583,0
B0018,93.0,1.405680035419228,0,regress_then_threshold,ridge_regress_then_threshold,,1.4180976525558968,0
B0018,94.0,1.4084461071166137,0,regress_then_threshold,ridge_regress_then_threshold,,1.4084954677862507,0
B0018,95.0,1.3968547782872414,1,regress_then_threshold,ridge_regress_then_threshold,,1.4109640275078807,0
B0018,96.0,1.3935670371440676,1,regress_then_threshold,ridge_regress_then_threshold,,1.399729050117919,1
B0018,97.0,1.3893644292809475,1,regress_then_threshold,ridge_regress_then_threshold,,1.3964194991869536,1
B0018,98.0,1.3785651415666713,1,regress_then_threshold,ridge_regress_then_threshold,,1.3922367463121144,1
B0018,99.0,1.384901110085747,1,regress_then_threshold,ridge_regress_then_threshold,,1.3817577389735831,1
B0018,100.0,1.3703251814242443,1,regress_then_threshold,ridge_regress_then_threshold,,1.387633615603968,1
B0018,101.0,1.3733464385229082,1,regress_then_threshold,ridge_regress_then_threshold,,1.3735499627531087,1
B0018,102.0,1.3679487285504814,1,regress_then_threshold,ridge_regress_then_threshold,,1.376262086245927,1
B0018,103.0,1.3567141087089647,1,regress_then_threshold,ridge_regress_then_threshold,,1.370938658492198,1
B0018,104.0,1.4604310209194575,0,regress_then_threshold,ridge_regress_then_threshold,,1.3600441448821528,1
B0018,105.0,1.4500998937104097,0,regress_then_threshold,ridge_regress_then_threshold,,1.4588660512168814,0
B0018,106.0,1.4381406901824496,0,regress_then_threshold,ridge_regress_then_threshold,,1.4488338834608794,0
B0018,107.0,1.4283681980964316,0,regress_then_threshold,ridge_regress_then_threshold,,1.4372477850880403,0
B0018,108.0,1.4147874517552432,0,regress_then_threshold,ridge_regress_then_threshold,,1.4277488111456407,0
B0018,109.0,1.413889163393182,0,regress_then_threshold,ridge_regress_then_threshold,,1.4146150181133335,0
B0018,110.0,1.3989331662177225,1,regress_then_threshold,ridge_regress_then_threshold,,1.413586099724544,0
B0018,111.0,1.3953322584033976,1,regress_then_threshold,ridge_regress_then_threshold,,1.3991396874050572,1
B0018,112.0,1.390046129540245,1,regress_then_threshold,ridge_regress_then_threshold,,1.3955312320106947,1
B0018,113.0,1.3860271454209647,1,regress_then_threshold,ridge_regress_then_threshold,,1.3903143037496173,1
B0018,114.0,1.388215260193751,1,regress_then_threshold,ridge_regress_then_threshold,,1.3863068120429531,1
B0018,115.0,1.3761826562394497,1,regress_then_threshold,ridge_regress_then_threshold,,1.3882237361011225,1
B0018,116.0,1.3647168898640165,1,regress_then_threshold,ridge_regress_then_threshold,,1.3765675800974124,1
B0018,117.0,1.3589854739373584,1,regress_then_threshold,ridge_regress_then_threshold,,1.365452446807653,1
B0018,118.0,1.3462308764008801,1,regress_then_threshold,ridge_regress_then_threshold,,1.359810510705589,1
B0018,119.0,1.4268427818454643,0,regress_then_threshold,ridge_regress_then_threshold,,1.347465242085061,1
B0018,120.0,1.4064481483279663,0,regress_then_threshold,ridge_regress_then_threshold,,1.4242343877483763,0
B0018,121.0,1.3934907492075153,1,regress_then_threshold,ridge_regress_then_threshold,,1.4045970249632618,0
B0018,122.0,1.3882493512249316,1,regress_then_threshold,ridge_regress_then_threshold,,1.3920581907298586,1
B0018,123.0,1.3701878338420928,1,regress_then_threshold,ridge_regress_then_threshold,,1.3868839562196986,1
B0018,124.0,1.3796951665608619,1,regress_then_threshold,ridge_regress_then_threshold,,1.3694734550086811,1
B0018,125.0,1.3686586323935683,1,regress_then_threshold,ridge_regress_then_threshold,,1.3783762658618648,1
B0018,126.0,1.3627371779096438,1,regress_then_threshold,ridge_regress_then_threshold,,1.3676708167264737,1
B0018,127.0,1.3634051133928073,1,regress_then_threshold,ridge_regress_then_threshold,,1.3618474967856513,1
B0018,128.0,1.3518646035305233,1,regress_then_threshold,ridge_regress_then_threshold,,1.3623134734196827,1
B0018,129.0,1.3547969729652622,1,regress_then_threshold,ridge_regress_then_threshold,,1.3511270006040808,1
B0018,130.0,1.341051440640485,1,regress_then_threshold,ridge_regress_then_threshold,,1.3537542845467945,1
