model_or_ensemble,battery_id,discharge_cycle_index,actual_next_capacity,predicted_next_capacity
LinearRegression,B0005,0.0,1.846327249719927,1.8520024460076336
LinearRegression,B0005,1.0,1.8353491942234077,1.8420112286769514
LinearRegression,B0005,2.0,1.8352625275821128,1.8312218718070397
LinearRegression,B0005,3.0,1.8346455082120419,1.8310609706219005
LinearRegression,B0005,4.0,1.8356616600675495,1.8303825201553958
LinearRegression,B0005,5.0,1.8351461429226603,1.831297813905303
LinearRegression,B0005,6.0,1.8257567905665537,1.8307184152600666
LinearRegression,B0005,7.0,1.8247738529891333,1.8214794080423973
LinearRegression,B0005,8.0,1.824613268496936,1.8204438731394847
LinearRegression,B0005,9.0,1.8246195526864504,1.8202108385824616
LinearRegression,B0005,10.0,1.8142019357673917,1.8201406442666894
LinearRegression,B0005,11.0,1.8137521577549054,1.8098981962128853
LinearRegression,B0005,12.0,1.8134404914735822,1.8093829496665947
LinearRegression,B0005,13.0,1.8025980036306504,1.8090024806435134
LinearRegression,B0005,14.0,1.80210690024615,1.7983454186367815
LinearRegression,B0005,15.0,1.802579500826209,1.797789844370037
LinearRegression,B0005,16.0,1.8030683142834096,1.798174708923053
LinearRegression,B0005,17.0,1.8027776247196041,1.7985753949519625
LinearRegression,B0005,18.0,1.8470259949329193,1.7982153962394645
LinearRegression,B0005,19.0,1.847417311283644,1.8413192228824895
LinearRegression,B0005,20.0,1.8361774213478947,1.8416247655197395
LinearRegression,B0005,21.0,1.8257807475776242,1.8305798952556136
LinearRegression,B0005,22.0,1.8251136435078368,1.8203578847540585
LinearRegression,B0005,23.0,1.8255815042203762,1.8196305587016668
LinearRegression,B0005,24.0,1.8140311275083907,1.8200107978141118
LinearRegression,B0005,25.0,1.8147691941158939,1.808662936353381
LinearRegression,B0005,26.0,1.813969388710352,1.8093068582172696
LinearRegression,B0005,27.0,1.802765665167823,1.8084500344226595
LinearRegression,B0005,28.0,1.804077040117352,1.7974404574450675
LinearRegression,B0005,29.0,1.8518025516704486,1.7986438471957362
LinearRegression,B0005,30.0,1.8307038456739428,1.845140872183877
LinearRegression,B0005,31.0,1.8199041089501267,1.82447519129597
LinearRegression,B0005,32.0,1.8093079637028517,1.8138598483372894
LinearRegression,B0005,33.0,1.80460990458052,1.8034431818757002
LinearRegression,B0005,34.0,1.7993770651972192,1.7987822135933988
LinearRegression,B0005,35.0,1.7884432335370462,1.7935993753842814
LinearRegression,B0005,36.0,1.7829230484252723,1.7828531747262235
LinearRegression,B0005,37.0,1.7730337158018288,1.777389927711408
LinearRegression,B0005,38.0,1.773037755078937,1.7676630104406421
LinearRegression,B0005,39.0,1.7678721106662054,1.76759062540775
LinearRegression,B0005,40.0,1.7623150704093087,1.7624733599898008
LinearRegression,B0005,41.0,1.7676172924938447,1.7569741475639715
LinearRegression,B0005,42.0,1.762668359743147,1.76207203988754
LinearRegression,B0005,43.0,1.7517304870664143,1.757166254412775
LinearRegression,B0005,44.0,1.7418496047960008,1.7464161102938784
LinearRegression,B0005,45.0,1.7360913511847138,1.7366974393729484
LinearRegression,B0005,46.0,1.7936240148573608,1.731001871161025
LinearRegression,B0005,47.0,1.7831890223273275,1.7870692900706415
LinearRegression,B0005,48.0,1.7673642076278957,1.776809885877111
LinearRegression,B0005,49.0,1.7570177850353066,1.7612907772659225
LinearRegression,B0005,50.0,1.7468706179837907,1.7511178048092113
LinearRegression,B0005,51.0,1.7417172507457144,1.7411392775895944
LinearRegression,B0005,52.0,1.7364225056478186,1.7360339929583468
LinearRegression,B0005,53.0,1.7263217239235826,1.7307907435240906
LinearRegression,B0005,54.0,1.7158065389330133,1.7208574818258846
LinearRegression,B0005,55.0,1.710533351135192,1.7105198211285795
LinearRegression,B0005,56.0,1.706014499648521,1.7052976085713982
LinearRegression,B0005,57.0,1.7003110272642588,1.7008115216049065
LinearRegression,B0005,58.0,1.6945798601797895,1.695169412125522
LinearRegression,B0005,59.0,1.6849029086609286,1.6895002765342466
LinearRegression,B0005,60.0,1.6744741591159717,1.6799806131948518
LinearRegression,B0005,61.0,1.6745692479879102,1.6697273012721152
LinearRegression,B0005,62.0,1.663716375981405,1.6697437677710742
LinearRegression,B0005,63.0,1.659013868748246,1.6590765722888206
LinearRegression,B0005,64.0,1.6538540573335014,1.6544112632792314
LinearRegression,B0005,65.0,1.642653782130131,1.6492996900426409
LinearRegression,B0005,66.0,1.6378578430223698,1.6382934781565375
LinearRegression,B0005,67.0,1.6327350407099108,1.6335369928468493
LinearRegression,B0005,68.0,1.6277528915533617,1.6284615352616976
LinearRegression,B0005,69.0,1.622125485521159,1.6235233352709977
LinearRegression,B0005,70.0,1.6113256603765849,1.6179554557968696
LinearRegression,B0005,71.0,1.6065631397488385,1.6073400265520301
LinearRegression,B0005,72.0,1.6015142233917594,1.6026161529540908
LinearRegression,B0005,73.0,1.590369231400328,1.5976127976153027
LinearRegression,B0005,74.0,1.5857889968242211,1.586660534328043
LinearRegression,B0005,75.0,1.5849430707374117,1.5821145461446784
LinearRegression,B0005,76.0,1.5955263892495937,1.5812127150857496
LinearRegression,B0005,77.0,1.5747301747801037,1.5914642108748047
LinearRegression,B0005,78.0,1.5649019950937946,1.5710937189506415
LinearRegression,B0005,79.0,1.5597659473370362,1.561426478300641
LinearRegression,B0005,80.0,1.5594815668184234,1.5563380950345103
LinearRegression,B0005,81.0,1.55468935359061,1.5559842530581396
LinearRegression,B0005,82.0,1.5488741079890418,1.551231403680511
LinearRegression,B0005,83.0,1.538236598942558,1.5454802193436707
LinearRegression,B0005,84.0,1.527914258251028,1.5350231876621185
LinearRegression,B0005,85.0,1.5285252629756445,1.524873715736112
LinearRegression,B0005,86.0,1.522647325284378,1.5253936431664685
LinearRegression,B0005,87.0,1.5174859938489869,1.5195812802135673
LinearRegression,B0005,88.0,1.605818899130659,1.5144682236517282
LinearRegression,B0005,89.0,1.5638491446744425,1.600592323795785
LinearRegression,B0005,90.0,1.5480915247767786,1.559559450385652
LinearRegression,B0005,91.0,1.5323755631868592,1.5441059144009055
LinearRegression,B0005,92.0,1.5269528268489705,1.5286930310348148
LinearRegression,B0005,93.0,1.5169573017136326,1.5233248802458843
LinearRegression,B0005,94.0,1.5118975960142693,1.513494334097137
LinearRegression,B0005,95.0,1.5065638960681105,1.5084804498856896
LinearRegression,B0005,96.0,1.5015453526671363,1.503199186027013
LinearRegression,B0005,97.0,1.4908444050400238,1.4982254703992175
LinearRegression,B0005,98.0,1.485868384561201,1.487706531631996
LinearRegression,B0005,99.0,1.480413677976106,1.4827743123642771
LinearRegression,B0005,100.0,1.4752095869031632,1.477374963134066
LinearRegression,B0005,101.0,1.4859035988304024,1.4722201792113867
LinearRegression,B0005,102.0,1.4960918298136696,1.4825796961235669
LinearRegression,B0005,103.0,1.4808005946928984,1.4924456423423609
LinearRegression,B0005,104.0,1.4697543268466824,1.477447231961809
LinearRegression,B0005,105.0,1.4539012274845928,1.4665913094825391
LinearRegression,B0005,106.0,1.4541462067235693,1.4510445990395169
LinearRegression,B0005,107.0,1.455023751906683,1.451207337345021
LinearRegression,B0005,108.0,1.449042163761236,1.4519873705790534
LinearRegression,B0005,109.0,1.4386709371480566,1.4460738594371005
LinearRegression,B0005,110.0,1.433445432156979,1.4358766817631157
LinearRegression,B0005,111.0,1.4333958900838095,1.4307010008838628
LinearRegression,B0005,112.0,1.42806487344776,1.430576328028497
LinearRegression,B0005,113.0,1.4229203181741186,1.4252976827011175
LinearRegression,B0005,114.0,1.417429032731308,1.420200997301312
LinearRegression,B0005,115.0,1.412409228794446,1.4147659522775342
LinearRegression,B0005,116.0,1.412578792940193,1.4097910065449284
LinearRegression,B0005,117.0,1.4075983731469897,1.4098801503817187
LinearRegression,B0005,118.0,1.4333920485221476,1.4049436380051452
LinearRegression,B0005,119.0,1.4382550176792908,1.4300382916335397
LinearRegression,B0005,120.0,1.4173547174485526,1.4347075352020906
LinearRegression,B0005,121.0,1.406981663677643,1.414235470290722
LinearRegression,B0005,122.0,1.4012037783587625,1.4040365095691187
LinearRegression,B0005,123.0,1.3967008232726328,1.398321783586139
LinearRegression,B0005,124.0,1.391284788852726,1.3938512092591226
LinearRegression,B0005,125.0,1.3862287677978349,1.388489598594617
LinearRegression,B0005,126.0,1.3804366761974138,1.3834793100752352
LinearRegression,B0005,127.0,1.3752364150256224,1.3777507207699735
LinearRegression,B0005,128.0,1.3705128024895008,1.3725996742893418
LinearRegression,B0005,129.0,1.3705085566270399,1.3679137694879546
LinearRegression,B0005,130.0,1.3647355108681518,1.3678332993302065
LinearRegression,B0005,131.0,1.375392016895762,1.3621232960735565
LinearRegression,B0005,132.0,1.3861115151535393,1.372446212530329
LinearRegression,B0005,133.0,1.3698500035838939,1.3828306004978252
LinearRegression,B0005,134.0,1.3647827949260758,1.3668853374820478
LinearRegression,B0005,135.0,1.3543220466259964,1.3618641314439264
LinearRegression,B0005,136.0,1.3546417018378962,1.3515795932602133
LinearRegression,B0005,137.0,1.3547039213192407,1.3518152047575098
LinearRegression,B0005,138.0,1.349314997503458,1.351799595378364
LinearRegression,B0005,139.0,1.3441891937970554,1.346464440830553
LinearRegression,B0005,140.0,1.3389913790695755,1.3413860543092528
LinearRegression,B0005,141.0,1.3389145230206971,1.336237395212388
LinearRegression,B0005,142.0,1.3340066759761655,1.3360860677784137
LinearRegression,B0005,143.0,1.3286444309174914,1.331220376144119
LinearRegression,B0005,144.0,1.3231708992276219,1.3259112562913709
LinearRegression,B0005,145.0,1.3181691588445197,1.320493536420416
LinearRegression,B0005,146.0,1.3184664436640334,1.3155362181624324
LinearRegression,B0005,147.0,1.318293040102702,1.3157499993195134
LinearRegression,B0005,148.0,1.323872422244268,1.315504455163391
LinearRegression,B0005,149.0,1.3601216766554785,1.3208728165173915
LinearRegression,B0005,150.0,1.3395306867947354,1.356170637062374
LinearRegression,B0005,151.0,1.3290286565120697,1.336000415341441
LinearRegression,B0005,152.0,1.3236741274998955,1.3256755917792211
LinearRegression,B0005,153.0,1.318633896753293,1.3203740016969527
LinearRegression,B0005,154.0,1.3134751321324272,1.3153791222860072
LinearRegression,B0005,155.0,1.3132020634442203,1.3102685705722457
LinearRegression,B0005,156.0,1.3077959946944353,1.3099257673430706
LinearRegression,B0005,157.0,1.3030329186405918,1.3045738817636452
LinearRegression,B0005,158.0,1.3033573559038205,1.299849466148362
LinearRegression,B0005,159.0,1.3034100438655642,1.300089744251663
LinearRegression,B0005,160.0,1.2978870806495706,1.3000648334569649
LinearRegression,B0005,161.0,1.2980735056918902,1.294598875405203
LinearRegression,B0005,162.0,1.293463613844243,1.294704473093234
LinearRegression,B0005,163.0,1.288003392619118,1.2901295436058273
LinearRegression,B0005,164.0,1.2874525221379407,1.2847248128666136
LinearRegression,B0005,165.0,1.3090153642307354,1.284110914363458
LinearRegression,B0005,166.0,1.3250793286429356,1.3050768728686688
Ridge,B0005,0.0,1.846327249719927,1.8524251665657065
Ridge,B0005,1.0,1.8353491942234077,1.8425065316145186
Ridge,B0005,2.0,1.8352625275821128,1.831799283102525
Ridge,B0005,3.0,1.8346455082120419,1.831593637219469
Ridge,B0005,4.0,1.8356616600675495,1.8308766191244013
Ridge,B0005,5.0,1.8351461429226603,1.831734323543057
Ridge,B0005,6.0,1.8257567905665537,1.8311151750630565
Ridge,B0005,7.0,1.8247738529891333,1.8219397724246915
Ridge,B0005,8.0,1.824613268496936,1.8208699317778483
Ridge,B0005,9.0,1.8246195526864504,1.8205930134512427
Ridge,B0005,10.0,1.8142019357673917,1.820476991830268
Ridge,B0005,11.0,1.8137521577549054,1.8103101246522486
Ridge,B0005,12.0,1.8134404914735822,1.8097543626011823
Ridge,B0005,13.0,1.8025980036306504,1.8093317694726796
Ridge,B0005,14.0,1.80210690024615,1.7987552368543371
Ridge,B0005,15.0,1.802579500826209,1.7981596284034085
Ridge,B0005,16.0,1.8030683142834096,1.798493234419272
Ridge,B0005,17.0,1.8027776247196041,1.798842473078086
Ridge,B0005,18.0,1.8470259949329193,1.7984401059423156
Ridge,B0005,19.0,1.847417311283644,1.8409828134396538
Ridge,B0005,20.0,1.8361774213478947,1.8412380442650054
Ridge,B0005,21.0,1.8257807475776242,1.83027833196975
Ridge,B0005,22.0,1.8251136435078368,1.8201316584171072
Ridge,B0005,23.0,1.8255815042203762,1.8193663480774775
Ridge,B0005,24.0,1.8140311275083907,1.8196953838584642
Ridge,B0005,25.0,1.8147691941158939,1.808436296636015
Ridge,B0005,26.0,1.813969388710352,1.8090258680543407
Ridge,B0005,27.0,1.802765665167823,1.8081326055577416
Ridge,B0005,28.0,1.804077040117352,1.7972077653155523
Ridge,B0005,29.0,1.8518025516704486,1.7983501272431364
Ridge,B0005,30.0,1.8307038456739428,1.8442455344852386
Ridge,B0005,31.0,1.8199041089501267,1.8237798381471686
Ridge,B0005,32.0,1.8093079637028517,1.8132445266504722
Ridge,B0005,33.0,1.80460990458052,1.8029055204013154
Ridge,B0005,34.0,1.7993770651972192,1.7982535167538234
Ridge,B0005,35.0,1.7884432335370462,1.7930858718167633
Ridge,B0005,36.0,1.7829230484252723,1.7824212644373385
Ridge,B0005,37.0,1.7730337158018288,1.7769765574379777
Ridge,B0005,38.0,1.773037755078937,1.7673190680648834
Ridge,B0005,39.0,1.7678721106662054,1.7672008818734997
Ridge,B0005,40.0,1.7623150704093087,1.7620980271013085
Ridge,B0005,41.0,1.7676172924938447,1.756617783946361
Ridge,B0005,42.0,1.762668359743147,1.7616081666655794
Ridge,B0005,43.0,1.7517304870664143,1.7567142677749554
Ridge,B0005,44.0,1.7418496047960008,1.746045764000802
Ridge,B0005,45.0,1.7360913511847138,1.7363964225554673
Ridge,B0005,46.0,1.7936240148573608,1.73072216716576
Ridge,B0005,47.0,1.7831890223273275,1.7860737434832745
Ridge,B0005,48.0,1.7673642076278957,1.775890122540945
Ridge,B0005,49.0,1.7570177850353066,1.7605095729592979
Ridge,B0005,50.0,1.7468706179837907,1.7504113521711886
Ridge,B0005,51.0,1.7417172507457144,1.7405052558716805
Ridge,B0005,52.0,1.7364225056478186,1.735414238892754
Ridge,B0005,53.0,1.7263217239235826,1.73018690375238
Ridge,B0005,54.0,1.7158065389330133,1.7203255327199045
Ridge,B0005,55.0,1.710533351135192,1.710064589283118
Ridge,B0005,56.0,1.706014499648521,1.7048580399398674
Ridge,B0005,57.0,1.7003110272642588,1.7003788303595782
Ridge,B0005,58.0,1.6945798601797895,1.6947573956601782
Ridge,B0005,59.0,1.6849029086609286,1.6891092574117297
Ridge,B0005,60.0,1.6744741591159717,1.67965654834681
Ridge,B0005,61.0,1.6745692479879102,1.6694789469626252
Ridge,B0005,62.0,1.663716375981405,1.669448551839685
Ridge,B0005,63.0,1.659013868748246,1.6588620066911752
Ridge,B0005,64.0,1.6538540573335014,1.6542057141239705
Ridge,B0005,65.0,1.642653782130131,1.6491084835956482
Ridge,B0005,66.0,1.6378578430223698,1.6381869682818089
Ridge,B0005,67.0,1.6327350407099108,1.6334405876245552
Ridge,B0005,68.0,1.6277528915533617,1.6283790416990898
Ridge,B0005,69.0,1.622125485521159,1.6234531151672116
Ridge,B0005,70.0,1.6113256603765849,1.6179050245209332
Ridge,B0005,71.0,1.6065631397488385,1.607369627767923
Ridge,B0005,72.0,1.6015142233917594,1.6026554695941602
Ridge,B0005,73.0,1.590369231400328,1.5976651653582141
Ridge,B0005,74.0,1.5857889968242211,1.5867969547543204
Ridge,B0005,75.0,1.5849430707374117,1.5822585588919176
Ridge,B0005,76.0,1.5955263892495937,1.58132082630302
Ridge,B0005,77.0,1.5747301747801037,1.591403303048579
Ridge,B0005,78.0,1.5649019950937946,1.5712292725262802
Ridge,B0005,79.0,1.5597659473370362,1.5616307475197984
Ridge,B0005,80.0,1.5594815668184234,1.5565564301843204
Ridge,B0005,81.0,1.55468935359061,1.5561601463026198
Ridge,B0005,82.0,1.5488741079890418,1.5514173581817428
Ridge,B0005,83.0,1.538236598942558,1.545688150458323
Ridge,B0005,84.0,1.527914258251028,1.5353092607573595
Ridge,B0005,85.0,1.5285252629756445,1.5252342600157323
Ridge,B0005,86.0,1.522647325284378,1.5257013169025233
Ridge,B0005,87.0,1.5174859938489869,1.5199116607438543
Ridge,B0005,88.0,1.605818899130659,1.5148129645941104
Ridge,B0005,89.0,1.5638491446744425,1.5998624887631607
Ridge,B0005,90.0,1.5480915247767786,1.5592726870160687
Ridge,B0005,91.0,1.5323755631868592,1.5439569274365301
Ridge,B0005,92.0,1.5269528268489705,1.5286813352773219
Ridge,B0005,93.0,1.5169573017136326,1.523330589508583
Ridge,B0005,94.0,1.5118975960142693,1.5135707080919296
Ridge,B0005,95.0,1.5065638960681105,1.508570000647834
Ridge,B0005,96.0,1.5015453526671363,1.5033051047939123
Ridge,B0005,97.0,1.4908444050400238,1.4983440865122113
Ridge,B0005,98.0,1.485868384561201,1.4879040286008423
Ridge,B0005,99.0,1.480413677976106,1.482984011410645
Ridge,B0005,100.0,1.4752095869031632,1.4776024395611762
Ridge,B0005,101.0,1.4859035988304024,1.4724625140762122
Ridge,B0005,102.0,1.4960918298136696,1.482651722688021
Ridge,B0005,103.0,1.4808005946928984,1.4923532514858513
Ridge,B0005,104.0,1.4697543268466824,1.477487185482056
Ridge,B0005,105.0,1.4539012274845928,1.466714165836516
Ridge,B0005,106.0,1.4541462067235693,1.4513063438572276
Ridge,B0005,107.0,1.455023751906683,1.4514204747532795
Ridge,B0005,108.0,1.449042163761236,1.4521445330213343
Ridge,B0005,109.0,1.4386709371480566,1.4462549359004442
Ridge,B0005,110.0,1.433445432156979,1.4361327987898804
Ridge,B0005,111.0,1.4333958900838095,1.4309722257583113
Ridge,B0005,112.0,1.42806487344776,1.4308023758116053
Ridge,B0005,113.0,1.4229203181741186,1.425540067236209
Ridge,B0005,114.0,1.417429032731308,1.4204575468549256
Ridge,B0005,115.0,1.412409228794446,1.415040705249372
Ridge,B0005,116.0,1.412578792940193,1.4100784715444439
Ridge,B0005,117.0,1.4075983731469897,1.4101198863386424
Ridge,B0005,118.0,1.4333920485221476,1.4051956272788286
Ridge,B0005,119.0,1.4382550176792908,1.4299441053711937
Ridge,B0005,120.0,1.4173547174485526,1.4345109553565802
Ridge,B0005,121.0,1.406981663677643,1.4142365641439703
Ridge,B0005,122.0,1.4012037783587625,1.40411266526687
Ridge,B0005,123.0,1.3967008232726328,1.3984194807584969
Ridge,B0005,124.0,1.391284788852726,1.393955598670774
Ridge,B0005,125.0,1.3862287677978349,1.388611314968575
Ridge,B0005,126.0,1.3804366761974138,1.3836141603011356
Ridge,B0005,127.0,1.3752364150256224,1.377907277932411
Ridge,B0005,128.0,1.3705128024895008,1.3727710452822668
Ridge,B0005,129.0,1.3705085566270399,1.3680944027387623
Ridge,B0005,130.0,1.3647355108681518,1.3679682279203416
Ridge,B0005,131.0,1.375392016895762,1.3622797097714767
Ridge,B0005,132.0,1.3861115151535393,1.372432754762706
Ridge,B0005,133.0,1.3698500035838939,1.3826465375880828
Ridge,B0005,134.0,1.3647827949260758,1.366844919852388
Ridge,B0005,135.0,1.3543220466259964,1.3618369779692985
Ridge,B0005,136.0,1.3546417018378962,1.3516285230167226
Ridge,B0005,137.0,1.3547039213192407,1.3518146573463123
Ridge,B0005,138.0,1.349314997503458,1.3517525691782277
Ridge,B0005,139.0,1.3441891937970554,1.3464344258329042
Ridge,B0005,140.0,1.3389913790695755,1.341369985928815
Ridge,B0005,141.0,1.3389145230206971,1.336236112168465
Ridge,B0005,142.0,1.3340066759761655,1.3360399257716582
Ridge,B0005,143.0,1.3286444309174914,1.3311856421923247
Ridge,B0005,144.0,1.3231708992276219,1.3258932228120082
Ridge,B0005,145.0,1.3181691588445197,1.320493499579606
Ridge,B0005,146.0,1.3184664436640334,1.3155486829613479
Ridge,B0005,147.0,1.318293040102702,1.3157132475008386
Ridge,B0005,148.0,1.323872422244268,1.3154239688800675
Ridge,B0005,149.0,1.3601216766554785,1.320681592519818
Ridge,B0005,150.0,1.3395306867947354,1.3555114603919083
Ridge,B0005,151.0,1.3290286565120697,1.3355353098020395
Ridge,B0005,152.0,1.3236741274998955,1.3252870502861873
Ridge,B0005,153.0,1.318633896753293,1.3200020708068132
Ridge,B0005,154.0,1.3134751321324272,1.3150201413365674
Ridge,B0005,155.0,1.3132020634442203,1.3099239201389645
Ridge,B0005,156.0,1.3077959946944353,1.3095385432544808
Ridge,B0005,157.0,1.3030329186405918,1.3042038685662418
Ridge,B0005,158.0,1.3033573559038205,1.2994891748442363
Ridge,B0005,159.0,1.3034100438655642,1.2996799200828177
Ridge,B0005,160.0,1.2978870806495706,1.2996086415137085
Ridge,B0005,161.0,1.2980735056918902,1.2941612558342483
Ridge,B0005,162.0,1.293463613844243,1.2942189280992
Ridge,B0005,163.0,1.288003392619118,1.2896519363538557
Ridge,B0005,164.0,1.2874525221379407,1.2842650472249284
Ridge,B0005,165.0,1.3090153642307354,1.2836118106507244
Ridge,B0005,166.0,1.3250793286429356,1.3042808705429623
DecisionTreeRegressor,B0005,0.0,1.846327249719927,1.8566731117308293
DecisionTreeRegressor,B0005,1.0,1.8353491942234077,1.8566731117308293
DecisionTreeRegressor,B0005,2.0,1.8352625275821128,1.8156534193276976
DecisionTreeRegressor,B0005,3.0,1.8346455082120419,1.8156534193276976
DecisionTreeRegressor,B0005,4.0,1.8356616600675495,1.8156534193276976
DecisionTreeRegressor,B0005,5.0,1.8351461429226603,1.8156534193276976
DecisionTreeRegressor,B0005,6.0,1.8257567905665537,1.8156534193276976
DecisionTreeRegressor,B0005,7.0,1.8247738529891333,1.8156534193276976
DecisionTreeRegressor,B0005,8.0,1.824613268496936,1.8156534193276976
DecisionTreeRegressor,B0005,9.0,1.8246195526864504,1.8156534193276976
DecisionTreeRegressor,B0005,10.0,1.8142019357673917,1.8156534193276976
DecisionTreeRegressor,B0005,11.0,1.8137521577549054,1.8156534193276976
DecisionTreeRegressor,B0005,12.0,1.8134404914735822,1.8156534193276976
DecisionTreeRegressor,B0005,13.0,1.8025980036306504,1.8156534193276976
DecisionTreeRegressor,B0005,14.0,1.80210690024615,1.7883615101183954
DecisionTreeRegressor,B0005,15.0,1.802579500826209,1.7883615101183954
DecisionTreeRegressor,B0005,16.0,1.8030683142834096,1.7883615101183954
DecisionTreeRegressor,B0005,17.0,1.8027776247196041,1.7883615101183954
DecisionTreeRegressor,B0005,18.0,1.8470259949329193,1.7883615101183954
DecisionTreeRegressor,B0005,19.0,1.847417311283644,1.8566731117308293
DecisionTreeRegressor,B0005,20.0,1.8361774213478947,1.8566731117308293
DecisionTreeRegressor,B0005,21.0,1.8257807475776242,1.8156534193276976
DecisionTreeRegressor,B0005,22.0,1.8251136435078368,1.8156534193276976
DecisionTreeRegressor,B0005,23.0,1.8255815042203762,1.8156534193276976
DecisionTreeRegressor,B0005,24.0,1.8140311275083907,1.8156534193276976
DecisionTreeRegressor,B0005,25.0,1.8147691941158939,1.8156534193276976
DecisionTreeRegressor,B0005,26.0,1.813969388710352,1.8156534193276976
DecisionTreeRegressor,B0005,27.0,1.802765665167823,1.8156534193276976
DecisionTreeRegressor,B0005,28.0,1.804077040117352,1.7883615101183954
DecisionTreeRegressor,B0005,29.0,1.8518025516704486,1.7883615101183954
DecisionTreeRegressor,B0005,30.0,1.8307038456739428,1.8566731117308293
DecisionTreeRegressor,B0005,31.0,1.8199041089501267,1.8156534193276976
DecisionTreeRegressor,B0005,32.0,1.8093079637028517,1.8156534193276976
DecisionTreeRegressor,B0005,33.0,1.80460990458052,1.7883615101183954
DecisionTreeRegressor,B0005,34.0,1.7993770651972192,1.7883615101183954
DecisionTreeRegressor,B0005,35.0,1.7884432335370462,1.7883615101183954
DecisionTreeRegressor,B0005,36.0,1.7829230484252723,1.7883615101183954
DecisionTreeRegressor,B0005,37.0,1.7730337158018288,1.7883615101183954
DecisionTreeRegressor,B0005,38.0,1.773037755078937,1.7557483952675732
DecisionTreeRegressor,B0005,39.0,1.7678721106662054,1.7557483952675732
DecisionTreeRegressor,B0005,40.0,1.7623150704093087,1.7557483952675732
DecisionTreeRegressor,B0005,41.0,1.7676172924938447,1.7557483952675732
DecisionTreeRegressor,B0005,42.0,1.762668359743147,1.7557483952675732
DecisionTreeRegressor,B0005,43.0,1.7517304870664143,1.7557483952675732
DecisionTreeRegressor,B0005,44.0,1.7418496047960008,1.739494167680116
DecisionTreeRegressor,B0005,45.0,1.7360913511847138,1.739494167680116
DecisionTreeRegressor,B0005,46.0,1.7936240148573608,1.739494167680116
DecisionTreeRegressor,B0005,47.0,1.7831890223273275,1.7883615101183954
DecisionTreeRegressor,B0005,48.0,1.7673642076278957,1.7883615101183954
DecisionTreeRegressor,B0005,49.0,1.7570177850353066,1.7557483952675732
DecisionTreeRegressor,B0005,50.0,1.7468706179837907,1.7557483952675732
DecisionTreeRegressor,B0005,51.0,1.7417172507457144,1.739494167680116
DecisionTreeRegressor,B0005,52.0,1.7364225056478186,1.739494167680116
DecisionTreeRegressor,B0005,53.0,1.7263217239235826,1.739494167680116
DecisionTreeRegressor,B0005,54.0,1.7158065389330133,1.7160392911360454
DecisionTreeRegressor,B0005,55.0,1.710533351135192,1.7160392911360454
DecisionTreeRegressor,B0005,56.0,1.706014499648521,1.7160392911360454
DecisionTreeRegressor,B0005,57.0,1.7003110272642588,1.7160392911360454
DecisionTreeRegressor,B0005,58.0,1.6945798601797895,1.6846877719342175
DecisionTreeRegressor,B0005,59.0,1.6849029086609286,1.6846877719342175
DecisionTreeRegressor,B0005,60.0,1.6744741591159717,1.6598161032045455
DecisionTreeRegressor,B0005,61.0,1.6745692479879102,1.6598161032045455
DecisionTreeRegressor,B0005,62.0,1.663716375981405,1.6598161032045455
DecisionTreeRegressor,B0005,63.0,1.659013868748246,1.6598161032045455
DecisionTreeRegressor,B0005,64.0,1.6538540573335014,1.6598161032045455
DecisionTreeRegressor,B0005,65.0,1.642653782130131,1.6598161032045455
DecisionTreeRegressor,B0005,66.0,1.6378578430223698,1.6095643989641992
DecisionTreeRegressor,B0005,67.0,1.6327350407099108,1.6095643989641992
DecisionTreeRegressor,B0005,68.0,1.6277528915533617,1.6095643989641992
DecisionTreeRegressor,B0005,69.0,1.622125485521159,1.6095643989641992
DecisionTreeRegressor,B0005,70.0,1.6113256603765849,1.6095643989641992
DecisionTreeRegressor,B0005,71.0,1.6065631397488385,1.6095643989641992
DecisionTreeRegressor,B0005,72.0,1.6015142233917594,1.6095643989641992
DecisionTreeRegressor,B0005,73.0,1.590369231400328,1.6095643989641992
DecisionTreeRegressor,B0005,74.0,1.5857889968242211,1.5707468720647937
DecisionTreeRegressor,B0005,75.0,1.5849430707374117,1.5707468720647937
DecisionTreeRegressor,B0005,76.0,1.5955263892495937,1.5707468720647937
DecisionTreeRegressor,B0005,77.0,1.5747301747801037,1.6095643989641992
DecisionTreeRegressor,B0005,78.0,1.5649019950937946,1.5707468720647937
DecisionTreeRegressor,B0005,79.0,1.5597659473370362,1.5707468720647937
DecisionTreeRegressor,B0005,80.0,1.5594815668184234,1.549489291730062
DecisionTreeRegressor,B0005,81.0,1.55468935359061,1.549489291730062
DecisionTreeRegressor,B0005,82.0,1.5488741079890418,1.549489291730062
DecisionTreeRegressor,B0005,83.0,1.538236598942558,1.549489291730062
DecisionTreeRegressor,B0005,84.0,1.527914258251028,1.5269691475429614
DecisionTreeRegressor,B0005,85.0,1.5285252629756445,1.5269691475429614
DecisionTreeRegressor,B0005,86.0,1.522647325284378,1.5269691475429614
DecisionTreeRegressor,B0005,87.0,1.5174859938489869,1.5014637815404102
DecisionTreeRegressor,B0005,88.0,1.605818899130659,1.5014637815404102
DecisionTreeRegressor,B0005,89.0,1.5638491446744425,1.6095643989641992
DecisionTreeRegressor,B0005,90.0,1.5480915247767786,1.549489291730062
DecisionTreeRegressor,B0005,91.0,1.5323755631868592,1.5269691475429614
DecisionTreeRegressor,B0005,92.0,1.5269528268489705,1.5269691475429614
DecisionTreeRegressor,B0005,93.0,1.5169573017136326,1.5269691475429614
DecisionTreeRegressor,B0005,94.0,1.5118975960142693,1.5014637815404102
DecisionTreeRegressor,B0005,95.0,1.5065638960681105,1.5014637815404102
DecisionTreeRegressor,B0005,96.0,1.5015453526671363,1.5014637815404102
DecisionTreeRegressor,B0005,97.0,1.4908444050400238,1.5014637815404102
DecisionTreeRegressor,B0005,98.0,1.485868384561201,1.5014637815404102
DecisionTreeRegressor,B0005,99.0,1.480413677976106,1.4566479747167878
DecisionTreeRegressor,B0005,100.0,1.4752095869031632,1.4566479747167878
DecisionTreeRegressor,B0005,101.0,1.4859035988304024,1.4566479747167878
DecisionTreeRegressor,B0005,102.0,1.4960918298136696,1.4566479747167878
DecisionTreeRegressor,B0005,103.0,1.4808005946928984,1.5014637815404102
DecisionTreeRegressor,B0005,104.0,1.4697543268466824,1.4566479747167878
DecisionTreeRegressor,B0005,105.0,1.4539012274845928,1.4566479747167878
DecisionTreeRegressor,B0005,106.0,1.4541462067235693,1.4566479747167878
DecisionTreeRegressor,B0005,107.0,1.455023751906683,1.4566479747167878
DecisionTreeRegressor,B0005,108.0,1.449042163761236,1.4566479747167878
DecisionTreeRegressor,B0005,109.0,1.4386709371480566,1.4566479747167878
DecisionTreeRegressor,B0005,110.0,1.433445432156979,1.4269815683956635
DecisionTreeRegressor,B0005,111.0,1.4333958900838095,1.4269815683956635
DecisionTreeRegressor,B0005,112.0,1.42806487344776,1.4269815683956635
DecisionTreeRegressor,B0005,113.0,1.4229203181741186,1.4269815683956635
DecisionTreeRegressor,B0005,114.0,1.417429032731308,1.4269815683956635
DecisionTreeRegressor,B0005,115.0,1.412409228794446,1.4269815683956635
DecisionTreeRegressor,B0005,116.0,1.412578792940193,1.407439531711103
DecisionTreeRegressor,B0005,117.0,1.4075983731469897,1.407439531711103
DecisionTreeRegressor,B0005,118.0,1.4333920485221476,1.3913109216549178
DecisionTreeRegressor,B0005,119.0,1.4382550176792908,1.4269815683956635
DecisionTreeRegressor,B0005,120.0,1.4173547174485526,1.4269815683956635
DecisionTreeRegressor,B0005,121.0,1.406981663677643,1.4269815683956635
DecisionTreeRegressor,B0005,122.0,1.4012037783587625,1.3913109216549178
DecisionTreeRegressor,B0005,123.0,1.3967008232726328,1.3913109216549178
DecisionTreeRegressor,B0005,124.0,1.391284788852726,1.3913109216549178
DecisionTreeRegressor,B0005,125.0,1.3862287677978349,1.3913109216549178
DecisionTreeRegressor,B0005,126.0,1.3804366761974138,1.3913109216549178
DecisionTreeRegressor,B0005,127.0,1.3752364150256224,1.366798844248644
DecisionTreeRegressor,B0005,128.0,1.3705128024895008,1.366798844248644
DecisionTreeRegressor,B0005,129.0,1.3705085566270399,1.366798844248644
DecisionTreeRegressor,B0005,130.0,1.3647355108681518,1.366798844248644
DecisionTreeRegressor,B0005,131.0,1.375392016895762,1.366798844248644
DecisionTreeRegressor,B0005,132.0,1.3861115151535393,1.366798844248644
DecisionTreeRegressor,B0005,133.0,1.3698500035838939,1.3913109216549178
DecisionTreeRegressor,B0005,134.0,1.3647827949260758,1.366798844248644
DecisionTreeRegressor,B0005,135.0,1.3543220466259964,1.366798844248644
DecisionTreeRegressor,B0005,136.0,1.3546417018378962,1.366798844248644
DecisionTreeRegressor,B0005,137.0,1.3547039213192407,1.366798844248644
DecisionTreeRegressor,B0005,138.0,1.349314997503458,1.366798844248644
DecisionTreeRegressor,B0005,139.0,1.3441891937970554,1.366798844248644
DecisionTreeRegressor,B0005,140.0,1.3389913790695755,1.366798844248644
DecisionTreeRegressor,B0005,141.0,1.3389145230206971,1.3039942029384324
DecisionTreeRegressor,B0005,142.0,1.3340066759761655,1.3039942029384324
DecisionTreeRegressor,B0005,143.0,1.3286444309174914,1.3039942029384324
DecisionTreeRegressor,B0005,144.0,1.3231708992276219,1.3039942029384324
DecisionTreeRegressor,B0005,145.0,1.3181691588445197,1.3039942029384324
DecisionTreeRegressor,B0005,146.0,1.3184664436640334,1.3039942029384324
DecisionTreeRegressor,B0005,147.0,1.318293040102702,1.3039942029384324
DecisionTreeRegressor,B0005,148.0,1.323872422244268,1.3039942029384324
DecisionTreeRegressor,B0005,149.0,1.3601216766554785,1.3039942029384324
DecisionTreeRegressor,B0005,150.0,1.3395306867947354,1.366798844248644
DecisionTreeRegressor,B0005,151.0,1.3290286565120697,1.3039942029384324
DecisionTreeRegressor,B0005,152.0,1.3236741274998955,1.3039942029384324
DecisionTreeRegressor,B0005,153.0,1.318633896753293,1.3039942029384324
DecisionTreeRegressor,B0005,154.0,1.3134751321324272,1.3039942029384324
DecisionTreeRegressor,B0005,155.0,1.3132020634442203,1.3039942029384324
DecisionTreeRegressor,B0005,156.0,1.3077959946944353,1.3039942029384324
DecisionTreeRegressor,B0005,157.0,1.3030329186405918,1.3039942029384324
DecisionTreeRegressor,B0005,158.0,1.3033573559038205,1.3039942029384324
DecisionTreeRegressor,B0005,159.0,1.3034100438655642,1.3039942029384324
DecisionTreeRegressor,B0005,160.0,1.2978870806495706,1.3039942029384324
DecisionTreeRegressor,B0005,161.0,1.2980735056918902,1.1721390143658414
DecisionTreeRegressor,B0005,162.0,1.293463613844243,1.1721390143658414
DecisionTreeRegressor,B0005,163.0,1.288003392619118,1.1721390143658414
DecisionTreeRegressor,B0005,164.0,1.2874525221379407,1.1721390143658414
DecisionTreeRegressor,B0005,165.0,1.3090153642307354,1.1721390143658414
DecisionTreeRegressor,B0005,166.0,1.3250793286429356,1.3039942029384324
KNeighborsRegressor,B0005,0.0,1.846327249719927,1.854980910265046
KNeighborsRegressor,B0005,1.0,1.8353491942234077,1.8349400140374705
KNeighborsRegressor,B0005,2.0,1.8352625275821128,1.830541145609629
KNeighborsRegressor,B0005,3.0,1.8346455082120419,1.8305411456096288
KNeighborsRegressor,B0005,4.0,1.8356616600675495,1.8305411456096288
KNeighborsRegressor,B0005,5.0,1.8351461429226603,1.825654779251186
KNeighborsRegressor,B0005,6.0,1.8257567905665537,1.821945128757055
KNeighborsRegressor,B0005,7.0,1.8247738529891333,1.8162646977880148
KNeighborsRegressor,B0005,8.0,1.824613268496936,1.811497248509442
KNeighborsRegressor,B0005,9.0,1.8246195526864504,1.8114972485094423
KNeighborsRegressor,B0005,10.0,1.8142019357673917,1.8054258805527426
KNeighborsRegressor,B0005,11.0,1.8137521577549054,1.8070119244809617
KNeighborsRegressor,B0005,12.0,1.8134404914735822,1.8070119244809617
KNeighborsRegressor,B0005,13.0,1.8025980036306504,1.802846458629994
KNeighborsRegressor,B0005,14.0,1.80210690024615,1.7862308726087535
KNeighborsRegressor,B0005,15.0,1.802579500826209,1.786230872608753
KNeighborsRegressor,B0005,16.0,1.8030683142834096,1.786230872608753
KNeighborsRegressor,B0005,17.0,1.8027776247196041,1.786230872608753
KNeighborsRegressor,B0005,18.0,1.8470259949329193,1.7790186249005395
KNeighborsRegressor,B0005,19.0,1.847417311283644,1.8810257253595357
KNeighborsRegressor,B0005,20.0,1.8361774213478947,1.884980118584182
KNeighborsRegressor,B0005,21.0,1.8257807475776242,1.8589895175656757
KNeighborsRegressor,B0005,22.0,1.8251136435078368,1.8568230760472393
KNeighborsRegressor,B0005,23.0,1.8255815042203762,1.8561579769616139
KNeighborsRegressor,B0005,24.0,1.8140311275083907,1.859026408542098
KNeighborsRegressor,B0005,25.0,1.8147691941158939,1.8497150277897696
KNeighborsRegressor,B0005,26.0,1.813969388710352,1.844382990032543
KNeighborsRegressor,B0005,27.0,1.802765665167823,1.840095437558763
KNeighborsRegressor,B0005,28.0,1.804077040117352,1.813470395736811
KNeighborsRegressor,B0005,29.0,1.8518025516704486,1.8053258358620508
KNeighborsRegressor,B0005,30.0,1.8307038456739428,1.868729378273874
KNeighborsRegressor,B0005,31.0,1.8199041089501267,1.8275358529728556
KNeighborsRegressor,B0005,32.0,1.8093079637028517,1.8174855030971397
KNeighborsRegressor,B0005,33.0,1.80460990458052,1.8038942264122533
KNeighborsRegressor,B0005,34.0,1.7993770651972192,1.8038942264122533
KNeighborsRegressor,B0005,35.0,1.7884432335370462,1.7948404312122974
KNeighborsRegressor,B0005,36.0,1.7829230484252723,1.7842392789843753
KNeighborsRegressor,B0005,37.0,1.7730337158018288,1.7751968955994877
KNeighborsRegressor,B0005,38.0,1.773037755078937,1.7510113823243454
KNeighborsRegressor,B0005,39.0,1.7678721106662054,1.7563007004065376
KNeighborsRegressor,B0005,40.0,1.7623150704093087,1.7499965927075423
KNeighborsRegressor,B0005,41.0,1.7676172924938447,1.7499965927075425
KNeighborsRegressor,B0005,42.0,1.762668359743147,1.7499965927075423
KNeighborsRegressor,B0005,43.0,1.7517304870664143,1.760917481735635
KNeighborsRegressor,B0005,44.0,1.7418496047960008,1.741444581464883
KNeighborsRegressor,B0005,45.0,1.7360913511847138,1.7359432174928038
KNeighborsRegressor,B0005,46.0,1.7936240148573608,1.7219201100746573
KNeighborsRegressor,B0005,47.0,1.7831890223273275,1.790415692661588
KNeighborsRegressor,B0005,48.0,1.7673642076278957,1.7791630672976915
KNeighborsRegressor,B0005,49.0,1.7570177850353066,1.7730978958131078
KNeighborsRegressor,B0005,50.0,1.7468706179837907,1.750787929436246
KNeighborsRegressor,B0005,51.0,1.7417172507457144,1.7363284194398758
KNeighborsRegressor,B0005,52.0,1.7364225056478186,1.7363284194398763
KNeighborsRegressor,B0005,53.0,1.7263217239235826,1.7343280498380729
KNeighborsRegressor,B0005,54.0,1.7158065389330133,1.7195628753780778
KNeighborsRegressor,B0005,55.0,1.710533351135192,1.7051293467282769
KNeighborsRegressor,B0005,56.0,1.706014499648521,1.7063016556173043
KNeighborsRegressor,B0005,57.0,1.7003110272642588,1.7022520141723958
KNeighborsRegressor,B0005,58.0,1.6945798601797895,1.7035356789108107
KNeighborsRegressor,B0005,59.0,1.6849029086609286,1.6973369024932796
KNeighborsRegressor,B0005,60.0,1.6744741591159717,1.6772874191000153
KNeighborsRegressor,B0005,61.0,1.6745692479879102,1.664609436604782
KNeighborsRegressor,B0005,62.0,1.663716375981405,1.685175792256699
KNeighborsRegressor,B0005,63.0,1.659013868748246,1.6683558247803945
KNeighborsRegressor,B0005,64.0,1.6538540573335014,1.6727820922699266
KNeighborsRegressor,B0005,65.0,1.642653782130131,1.6676520664535246
KNeighborsRegressor,B0005,66.0,1.6378578430223698,1.657376687630905
KNeighborsRegressor,B0005,67.0,1.6327350407099108,1.6511720796837863
KNeighborsRegressor,B0005,68.0,1.6277528915533617,1.6459699133114056
KNeighborsRegressor,B0005,69.0,1.622125485521159,1.6427088878398215
KNeighborsRegressor,B0005,70.0,1.6113256603765849,1.638515166647214
KNeighborsRegressor,B0005,71.0,1.6065631397488385,1.630285779195298
KNeighborsRegressor,B0005,72.0,1.6015142233917594,1.6261677450097207
KNeighborsRegressor,B0005,73.0,1.590369231400328,1.6261677450097207
KNeighborsRegressor,B0005,74.0,1.5857889968242211,1.6053956470045176
KNeighborsRegressor,B0005,75.0,1.5849430707374117,1.6091105596135056
KNeighborsRegressor,B0005,76.0,1.5955263892495937,1.6091105596135056
KNeighborsRegressor,B0005,77.0,1.5747301747801037,1.6121001871479925
KNeighborsRegressor,B0005,78.0,1.5649019950937946,1.6008851519406093
KNeighborsRegressor,B0005,79.0,1.5597659473370362,1.576533740618854
KNeighborsRegressor,B0005,80.0,1.5594815668184234,1.561344702540562
KNeighborsRegressor,B0005,81.0,1.55468935359061,1.561344702540562
KNeighborsRegressor,B0005,82.0,1.5488741079890418,1.5799254360375588
KNeighborsRegressor,B0005,83.0,1.538236598942558,1.5605598554115871
KNeighborsRegressor,B0005,84.0,1.527914258251028,1.49792612886806
KNeighborsRegressor,B0005,85.0,1.5285252629756445,1.49792612886806
KNeighborsRegressor,B0005,86.0,1.522647325284378,1.49792612886806
KNeighborsRegressor,B0005,87.0,1.5174859938489869,1.49792612886806
KNeighborsRegressor,B0005,88.0,1.605818899130659,1.4917042236102234
KNeighborsRegressor,B0005,89.0,1.5638491446744425,1.605299900932455
KNeighborsRegressor,B0005,90.0,1.5480915247767786,1.5810218413771537
KNeighborsRegressor,B0005,91.0,1.5323755631868592,1.545791553772372
KNeighborsRegressor,B0005,92.0,1.5269528268489705,1.526406773113089
KNeighborsRegressor,B0005,93.0,1.5169573017136326,1.5069487621034476
KNeighborsRegressor,B0005,94.0,1.5118975960142693,1.4865044393575917
KNeighborsRegressor,B0005,95.0,1.5065638960681105,1.4865044393575917
KNeighborsRegressor,B0005,96.0,1.5015453526671363,1.4739306146275202
KNeighborsRegressor,B0005,97.0,1.4908444050400238,1.47393061462752
KNeighborsRegressor,B0005,98.0,1.485868384561201,1.47393061462752
KNeighborsRegressor,B0005,99.0,1.480413677976106,1.4641548717028938
KNeighborsRegressor,B0005,100.0,1.4752095869031632,1.4538441833491982
KNeighborsRegressor,B0005,101.0,1.4859035988304024,1.4486242997204406
KNeighborsRegressor,B0005,102.0,1.4960918298136696,1.4538441833491982
KNeighborsRegressor,B0005,103.0,1.4808005946928984,1.4692620947115447
KNeighborsRegressor,B0005,104.0,1.4697543268466824,1.4468790248763226
KNeighborsRegressor,B0005,105.0,1.4539012274845928,1.432636433184161
KNeighborsRegressor,B0005,106.0,1.4541462067235693,1.432636433184161
KNeighborsRegressor,B0005,107.0,1.455023751906683,1.432636433184161
KNeighborsRegressor,B0005,108.0,1.449042163761236,1.432590773303421
KNeighborsRegressor,B0005,109.0,1.4386709371480566,1.432590773303421
KNeighborsRegressor,B0005,110.0,1.433445432156979,1.4188237339290057
KNeighborsRegressor,B0005,111.0,1.4333958900838095,1.4188237339290057
KNeighborsRegressor,B0005,112.0,1.42806487344776,1.4188237339290057
KNeighborsRegressor,B0005,113.0,1.4229203181741186,1.4102620475731953
KNeighborsRegressor,B0005,114.0,1.417429032731308,1.4058780376195024
KNeighborsRegressor,B0005,115.0,1.412409228794446,1.3938957450233367
KNeighborsRegressor,B0005,116.0,1.412578792940193,1.3889773411885058
KNeighborsRegressor,B0005,117.0,1.4075983731469897,1.3889773411885058
KNeighborsRegressor,B0005,118.0,1.4333920485221476,1.388617985525443
KNeighborsRegressor,B0005,119.0,1.4382550176792908,1.3931680875210977
KNeighborsRegressor,B0005,120.0,1.4173547174485526,1.3931680875210977
KNeighborsRegressor,B0005,121.0,1.406981663677643,1.3874190210459718
KNeighborsRegressor,B0005,122.0,1.4012037783587625,1.3874190210459718
KNeighborsRegressor,B0005,123.0,1.3967008232726328,1.379861117859092
KNeighborsRegressor,B0005,124.0,1.391284788852726,1.3798611178590923
KNeighborsRegressor,B0005,125.0,1.3862287677978349,1.3750113524682723
KNeighborsRegressor,B0005,126.0,1.3804366761974138,1.3739056323862198
KNeighborsRegressor,B0005,127.0,1.3752364150256224,1.3652721387574809
KNeighborsRegressor,B0005,128.0,1.3705128024895008,1.3652721387574809
KNeighborsRegressor,B0005,129.0,1.3705085566270399,1.3547710616877444
KNeighborsRegressor,B0005,130.0,1.3647355108681518,1.3547710616877444
KNeighborsRegressor,B0005,131.0,1.375392016895762,1.347426187552888
KNeighborsRegressor,B0005,132.0,1.3861115151535393,1.3547710616877444
KNeighborsRegressor,B0005,133.0,1.3698500035838939,1.3575433935734056
KNeighborsRegressor,B0005,134.0,1.3647827949260758,1.347426187552888
KNeighborsRegressor,B0005,135.0,1.3543220466259964,1.347426187552888
KNeighborsRegressor,B0005,136.0,1.3546417018378962,1.3367689005709478
KNeighborsRegressor,B0005,137.0,1.3547039213192407,1.3367689005709478
KNeighborsRegressor,B0005,138.0,1.349314997503458,1.3358825552103213
KNeighborsRegressor,B0005,139.0,1.3441891937970554,1.3259664010760548
KNeighborsRegressor,B0005,140.0,1.3389913790695755,1.3178373519750732
KNeighborsRegressor,B0005,141.0,1.3389145230206971,1.30625211107921
KNeighborsRegressor,B0005,142.0,1.3340066759761655,1.30625211107921
KNeighborsRegressor,B0005,143.0,1.3286444309174914,1.301096696800361
KNeighborsRegressor,B0005,144.0,1.3231708992276219,1.301096696800361
KNeighborsRegressor,B0005,145.0,1.3181691588445197,1.2865883725570897
KNeighborsRegressor,B0005,146.0,1.3184664436640334,1.2813144857105587
KNeighborsRegressor,B0005,147.0,1.318293040102702,1.2813144857105587
KNeighborsRegressor,B0005,148.0,1.323872422244268,1.2740201270711509
KNeighborsRegressor,B0005,149.0,1.3601216766554785,1.2740201270711509
KNeighborsRegressor,B0005,150.0,1.3395306867947354,1.3867056751400533
KNeighborsRegressor,B0005,151.0,1.3290286565120697,1.2865883725570897
KNeighborsRegressor,B0005,152.0,1.3236741274998955,1.2688080090274234
KNeighborsRegressor,B0005,153.0,1.318633896753293,1.2646888937414633
KNeighborsRegressor,B0005,154.0,1.3134751321324272,1.2678425170262166
KNeighborsRegressor,B0005,155.0,1.3132020634442203,1.259441096125054
KNeighborsRegressor,B0005,156.0,1.3077959946944353,1.259441096125054
KNeighborsRegressor,B0005,157.0,1.3030329186405918,1.259441096125054
KNeighborsRegressor,B0005,158.0,1.3033573559038205,1.25630580680251
KNeighborsRegressor,B0005,159.0,1.3034100438655642,1.25630580680251
KNeighborsRegressor,B0005,160.0,1.2978870806495706,1.25630580680251
KNeighborsRegressor,B0005,161.0,1.2980735056918902,1.252111060920509
KNeighborsRegressor,B0005,162.0,1.293463613844243,1.252111060920509
KNeighborsRegressor,B0005,163.0,1.288003392619118,1.252111060920509
KNeighborsRegressor,B0005,164.0,1.2874525221379407,1.2521110609205093
KNeighborsRegressor,B0005,165.0,1.3090153642307354,1.2384980370827183
KNeighborsRegressor,B0005,166.0,1.3250793286429356,1.2910456085173414
SVR,B0005,0.0,1.846327249719927,1.8716281374517096
SVR,B0005,1.0,1.8353491942234077,1.8650115272034204
SVR,B0005,2.0,1.8352625275821128,1.857413231270065
SVR,B0005,3.0,1.8346455082120419,1.8581725457428169
SVR,B0005,4.0,1.8356616600675495,1.8584083158025198
SVR,B0005,5.0,1.8351461429226603,1.8598152398997423
SVR,B0005,6.0,1.8257567905665537,1.8599149969026951
SVR,B0005,7.0,1.8247738529891333,1.852938435819086
SVR,B0005,8.0,1.824613268496936,1.8524775538494236
SVR,B0005,9.0,1.8246195526864504,1.852564844301958
SVR,B0005,10.0,1.8142019357673917,1.8526773818684141
SVR,B0005,11.0,1.8137521577549054,1.8444541851476388
SVR,B0005,12.0,1.8134404914735822,1.84404164060123
SVR,B0005,13.0,1.8025980036306504,1.8436391520598707
SVR,B0005,14.0,1.80210690024615,1.834789221999261
SVR,B0005,15.0,1.802579500826209,1.8340997067823284
SVR,B0005,16.0,1.8030683142834096,1.8340778597159437
SVR,B0005,17.0,1.8027776247196041,1.8339647783325044
SVR,B0005,18.0,1.8470259949329193,1.8331432668840666
SVR,B0005,19.0,1.847417311283644,1.8646452042746202
SVR,B0005,20.0,1.8361774213478947,1.8637904549598674
SVR,B0005,21.0,1.8257807475776242,1.8549897268386477
SVR,B0005,22.0,1.8251136435078368,1.8465454098145448
SVR,B0005,23.0,1.8255815042203762,1.8448273562510662
SVR,B0005,24.0,1.8140311275083907,1.8438060951022925
SVR,B0005,25.0,1.8147691941158939,1.8343672322347189
SVR,B0005,26.0,1.813969388710352,1.8334456611435759
SVR,B0005,27.0,1.802765665167823,1.8313676378769608
SVR,B0005,28.0,1.804077040117352,1.8220552892781474
SVR,B0005,29.0,1.8518025516704486,1.8213642105626655
SVR,B0005,30.0,1.8307038456739428,1.8495485831304355
SVR,B0005,31.0,1.8199041089501267,1.8349857675687606
SVR,B0005,32.0,1.8093079637028517,1.8262437057937224
SVR,B0005,33.0,1.80460990458052,1.8175170468124957
SVR,B0005,34.0,1.7993770651972192,1.8125009624737047
SVR,B0005,35.0,1.7884432335370462,1.8071271815122107
SVR,B0005,36.0,1.7829230484252723,1.7980968379557236
SVR,B0005,37.0,1.7730337158018288,1.79253406019219
SVR,B0005,38.0,1.773037755078937,1.7841679026762776
SVR,B0005,39.0,1.7678721106662054,1.782158078653846
SVR,B0005,40.0,1.7623150704093087,1.7768395184638759
SVR,B0005,41.0,1.7676172924938447,1.7712880058577745
SVR,B0005,42.0,1.762668359743147,1.7724834188517111
SVR,B0005,43.0,1.7517304870664143,1.7673081455247064
SVR,B0005,44.0,1.7418496047960008,1.7585041439297604
SVR,B0005,45.0,1.7360913511847138,1.7503829814473217
SVR,B0005,46.0,1.7936240148573608,1.7448244562809736
SVR,B0005,47.0,1.7831890223273275,1.7753441700241739
SVR,B0005,48.0,1.7673642076278957,1.7672420267193358
SVR,B0005,49.0,1.7570177850353066,1.7562172218580943
SVR,B0005,50.0,1.7468706179837907,1.74814466505656
SVR,B0005,51.0,1.7417172507457144,1.7402081705213934
SVR,B0005,52.0,1.7364225056478186,1.7350670447987038
SVR,B0005,53.0,1.7263217239235826,1.7298830689750926
SVR,B0005,54.0,1.7158065389330133,1.7221076059614828
SVR,B0005,55.0,1.710533351135192,1.714147133074959
SVR,B0005,56.0,1.706014499648521,1.7091161013285625
SVR,B0005,57.0,1.7003110272642588,1.7045331785130877
SVR,B0005,58.0,1.6945798601797895,1.6993419666170555
SVR,B0005,59.0,1.6849029086609286,1.694175980731391
SVR,B0005,60.0,1.6744741591159717,1.686927844531854
SVR,B0005,61.0,1.6745692479879102,1.6793234851006758
SVR,B0005,62.0,1.663716375981405,1.67741834023873
SVR,B0005,63.0,1.659013868748246,1.6696906611250633
SVR,B0005,64.0,1.6538540573335014,1.6652890133005467
SVR,B0005,65.0,1.642653782130131,1.6606786648583411
SVR,B0005,66.0,1.6378578430223698,1.652919465362957
SVR,B0005,67.0,1.6327350407099108,1.6485863028289696
SVR,B0005,68.0,1.6277528915533617,1.644114384135494
SVR,B0005,69.0,1.622125485521159,1.6397492595025054
SVR,B0005,70.0,1.6113256603765849,1.635082347375264
SVR,B0005,71.0,1.6065631397488385,1.627778833337349
SVR,B0005,72.0,1.6015142233917594,1.623638115199969
SVR,B0005,73.0,1.590369231400328,1.619380025139746
SVR,B0005,74.0,1.5857889968242211,1.6120418749583074
SVR,B0005,75.0,1.5849430707374117,1.6080945636805968
SVR,B0005,76.0,1.5955263892495937,1.6060618436189709
SVR,B0005,77.0,1.5747301747801037,1.609791810740036
SVR,B0005,78.0,1.5649019950937946,1.5977485421078976
SVR,B0005,79.0,1.5597659473370362,1.591267549821938
SVR,B0005,80.0,1.5594815668184234,1.5871644753700394
SVR,B0005,81.0,1.55468935359061,1.5854947919727795
SVR,B0005,82.0,1.5488741079890418,1.581596056728276
SVR,B0005,83.0,1.538236598942558,1.5772073711905936
SVR,B0005,84.0,1.527914258251028,1.5704532512560805
SVR,B0005,85.0,1.5285252629756445,1.5638823188025195
SVR,B0005,86.0,1.522647325284378,1.5626981779275302
SVR,B0005,87.0,1.5174859938489869,1.5583277032459057
SVR,B0005,88.0,1.605818899130659,1.5543127747144054
SVR,B0005,89.0,1.5638491446744425,1.5961821699560155
SVR,B0005,90.0,1.5480915247767786,1.57446012970244
SVR,B0005,91.0,1.5323755631868592,1.5652448017370824
SVR,B0005,92.0,1.5269528268489705,1.5559901958202467
SVR,B0005,93.0,1.5169573017136326,1.5518735993423083
SVR,B0005,94.0,1.5118975960142693,1.545430448284635
SVR,B0005,95.0,1.5065638960681105,1.5414643874137641
SVR,B0005,96.0,1.5015453526671363,1.5373414779259347
SVR,B0005,97.0,1.4908444050400238,1.533359016152674
SVR,B0005,98.0,1.485868384561201,1.5263973397940156
SVR,B0005,99.0,1.480413677976106,1.5223601840095051
SVR,B0005,100.0,1.4752095869031632,1.5180357185898559
SVR,B0005,101.0,1.4859035988304024,1.5138017481058392
SVR,B0005,102.0,1.4960918298136696,1.5181059353170054
SVR,B0005,103.0,1.4808005946928984,1.5222694724494656
SVR,B0005,104.0,1.4697543268466824,1.5125179769140489
SVR,B0005,105.0,1.4539012274845928,1.5049503917999187
SVR,B0005,106.0,1.4541462067235693,1.4945301154124477
SVR,B0005,107.0,1.455023751906683,1.493116824353712
SVR,B0005,108.0,1.449042163761236,1.4920906455658378
SVR,B0005,109.0,1.4386709371480566,1.4870515195708098
SVR,B0005,110.0,1.433445432156979,1.479309385892064
SVR,B0005,111.0,1.4333958900838095,1.4745221854709836
SVR,B0005,112.0,1.42806487344776,1.4728332836586542
SVR,B0005,113.0,1.4229203181741186,1.4678679016591716
SVR,B0005,114.0,1.417429032731308,1.4629382278939884
SVR,B0005,115.0,1.412409228794446,1.4577066856149583
SVR,B0005,116.0,1.412578792940193,1.4526945893668435
SVR,B0005,117.0,1.4075983731469897,1.4510227758290997
SVR,B0005,118.0,1.4333920485221476,1.445925935202987
SVR,B0005,119.0,1.4382550176792908,1.4617739696222127
SVR,B0005,120.0,1.4173547174485526,1.463662994234035
SVR,B0005,121.0,1.406981663677643,1.4475043506358087
SVR,B0005,122.0,1.4012037783587625,1.4384761764799174
SVR,B0005,123.0,1.3967008232726328,1.4326002610527733
SVR,B0005,124.0,1.391284788852726,1.4275721080307442
SVR,B0005,125.0,1.3862287677978349,1.421807167476627
SVR,B0005,126.0,1.3804366761974138,1.4162405123945438
SVR,B0005,127.0,1.3752364150256224,1.4100569987315592
SVR,B0005,128.0,1.3705128024895008,1.4042601701491817
SVR,B0005,129.0,1.3705085566270399,1.3987795654558621
SVR,B0005,130.0,1.3647355108681518,1.3969259555171274
SVR,B0005,131.0,1.375392016895762,1.3905777247047488
SVR,B0005,132.0,1.3861115151535393,1.3973069922143455
SVR,B0005,133.0,1.3698500035838939,1.404502884404932
SVR,B0005,134.0,1.3647827949260758,1.3894837702472937
SVR,B0005,135.0,1.3543220466259964,1.3836709373741243
SVR,B0005,136.0,1.3546417018378962,1.3733827389594815
SVR,B0005,137.0,1.3547039213192407,1.3720085487116236
SVR,B0005,138.0,1.349314997503458,1.370490564053263
SVR,B0005,139.0,1.3441891937970554,1.364413340257226
SVR,B0005,140.0,1.3389913790695755,1.358581969760146
SVR,B0005,141.0,1.3389145230206971,1.352726342906055
SVR,B0005,142.0,1.3340066759761655,1.3512333514638073
SVR,B0005,143.0,1.3286444309174914,1.345708161494376
SVR,B0005,144.0,1.3231708992276219,1.3398676396596836
SVR,B0005,145.0,1.3181691588445197,1.334020624742291
SVR,B0005,146.0,1.3184664436640334,1.3286636759964556
SVR,B0005,147.0,1.318293040102702,1.3277546667669768
SVR,B0005,148.0,1.323872422244268,1.3265560505785028
SVR,B0005,149.0,1.3601216766554785,1.330352121978966
SVR,B0005,150.0,1.3395306867947354,1.362705945515785
SVR,B0005,151.0,1.3290286565120697,1.342861311347723
SVR,B0005,152.0,1.3236741274998955,1.33278535431435
SVR,B0005,153.0,1.318633896753293,1.3275314165609051
SVR,B0005,154.0,1.3134751321324272,1.3226975821635958
SVR,B0005,155.0,1.3132020634442203,1.3179152006166117
SVR,B0005,156.0,1.3077959946944353,1.3174544446310086
SVR,B0005,157.0,1.3030329186405918,1.3127340250439707
SVR,B0005,158.0,1.3033573559038205,1.308742726310197
SVR,B0005,159.0,1.3034100438655642,1.3090979955123336
SVR,B0005,160.0,1.2978870806495706,1.3093481662216115
SVR,B0005,161.0,1.2980735056918902,1.3051419369585553
SVR,B0005,162.0,1.293463613844243,1.3057294829031802
SVR,B0005,163.0,1.288003392619118,1.3025960939130725
SVR,B0005,164.0,1.2874525221379407,1.299028297023601
SVR,B0005,165.0,1.3090153642307354,1.2994047631175336
SVR,B0005,166.0,1.3250793286429356,1.317830440891869
VotingRegressor,B0005,0.0,1.846327249719927,1.857541954404185
VotingRegressor,B0005,1.0,1.8353491942234077,1.848228482652638
VotingRegressor,B0005,2.0,1.8352625275821128,1.8333257902233915
VotingRegressor,B0005,3.0,1.8346455082120419,1.8334043437043026
VotingRegressor,B0005,4.0,1.8356616600675495,1.8331724040039288
VotingRegressor,B0005,5.0,1.8351461429226603,1.832831115185397
VotingRegressor,B0005,6.0,1.8257567905665537,1.831869427062114
VotingRegressor,B0005,7.0,1.8247738529891333,1.8256551466803774
VotingRegressor,B0005,8.0,1.824613268496936,1.824188405320779
VotingRegressor,B0005,9.0,1.8246195526864504,1.8241038728345604
VotingRegressor,B0005,10.0,1.8142019357673917,1.8228748635691623
VotingRegressor,B0005,11.0,1.8137521577549054,1.8174655699642863
VotingRegressor,B0005,12.0,1.8134404914735822,1.8171688593355335
VotingRegressor,B0005,13.0,1.8025980036306504,1.8160946560267512
VotingRegressor,B0005,14.0,1.80210690024615,1.8012964520435055
VotingRegressor,B0005,15.0,1.802579500826209,1.8009283124565845
VotingRegressor,B0005,16.0,1.8030683142834096,1.8010676371570835
VotingRegressor,B0005,17.0,1.8027776247196041,1.8011950058179405
VotingRegressor,B0005,18.0,1.8470259949329193,1.7994357808169563
VotingRegressor,B0005,19.0,1.847417311283644,1.8569292155374257
VotingRegressor,B0005,20.0,1.8361774213478947,1.8576612990119248
VotingRegressor,B0005,21.0,1.8257807475776242,1.838098178191477
VotingRegressor,B0005,22.0,1.8251136435078368,1.8319022896721293
VotingRegressor,B0005,23.0,1.8255815042203762,1.8311271318639044
VotingRegressor,B0005,24.0,1.8140311275083907,1.831638420928933
VotingRegressor,B0005,25.0,1.8147691941158939,1.823366982468316
VotingRegressor,B0005,26.0,1.813969388710352,1.8223629593550854
VotingRegressor,B0005,27.0,1.802765665167823,1.8207398269487647
VotingRegressor,B0005,28.0,1.804077040117352,1.8037070835787947
VotingRegressor,B0005,29.0,1.8518025516704486,1.802409106196397
VotingRegressor,B0005,30.0,1.8307038456739428,1.8528674959608509
VotingRegressor,B0005,31.0,1.8199041089501267,1.8252860138624905
VotingRegressor,B0005,32.0,1.8093079637028517,1.8172974006412645
VotingRegressor,B0005,33.0,1.80460990458052,1.8032242971240322
VotingRegressor,B0005,34.0,1.7993770651972192,1.800358485870315
VotingRegressor,B0005,35.0,1.7884432335370462,1.7954028740087895
VotingRegressor,B0005,36.0,1.7829230484252723,1.7871944132444113
VotingRegressor,B0005,37.0,1.7730337158018288,1.7820917902118918
VotingRegressor,B0005,38.0,1.773037755078937,1.7651819517547445
VotingRegressor,B0005,39.0,1.7678721106662054,1.7657997363218414
VotingRegressor,B0005,40.0,1.7623150704093087,1.76143117870602
VotingRegressor,B0005,41.0,1.7676172924938447,1.7581249850686447
VotingRegressor,B0005,42.0,1.762668359743147,1.760381722675989
VotingRegressor,B0005,43.0,1.7517304870664143,1.7595709089431293
VotingRegressor,B0005,44.0,1.7418496047960008,1.746380953473888
VotingRegressor,B0005,45.0,1.7360913511847138,1.7397828457097315
VotingRegressor,B0005,46.0,1.7936240148573608,1.7335925544725064
VotingRegressor,B0005,47.0,1.7831890223273275,1.7854528812716146
VotingRegressor,B0005,48.0,1.7673642076278957,1.777493322510696
VotingRegressor,B0005,49.0,1.7570177850353066,1.761372772632799
VotingRegressor,B0005,50.0,1.7468706179837907,1.7512420293481559
VotingRegressor,B0005,51.0,1.7417172507457144,1.739535058220532
VotingRegressor,B0005,52.0,1.7364225056478186,1.7364675727539591
VotingRegressor,B0005,53.0,1.7263217239235826,1.7329365867539503
VotingRegressor,B0005,54.0,1.7158065389330133,1.719778557404279
VotingRegressor,B0005,55.0,1.710533351135192,1.7111800362701957
VotingRegressor,B0005,56.0,1.706014499648521,1.7083225393186356
VotingRegressor,B0005,57.0,1.7003110272642588,1.7048029671572027
VotingRegressor,B0005,58.0,1.6945798601797895,1.695498445049557
VotingRegressor,B0005,59.0,1.6849029086609286,1.6909620378209727
VotingRegressor,B0005,60.0,1.6744741591159717,1.6767337056756155
VotingRegressor,B0005,61.0,1.6745692479879102,1.6685910546289489
VotingRegressor,B0005,62.0,1.663716375981405,1.6723205110621464
VotingRegressor,B0005,63.0,1.659013868748246,1.6631602336179996
VotingRegressor,B0005,64.0,1.6538540573335014,1.661300837235644
VotingRegressor,B0005,65.0,1.642653782130131,1.65731100163094
VotingRegressor,B0005,66.0,1.6378578430223698,1.6392681996792817
VotingRegressor,B0005,67.0,1.6327350407099108,1.6352600723896722
VotingRegressor,B0005,68.0,1.6277528915533617,1.631297854674377
VotingRegressor,B0005,69.0,1.622125485521159,1.627799799348947
VotingRegressor,B0005,70.0,1.6113256603765849,1.623804478660896
VotingRegressor,B0005,71.0,1.6065631397488385,1.61646773316336
VotingRegressor,B0005,72.0,1.6015142233917594,1.6129283763444278
VotingRegressor,B0005,73.0,1.590369231400328,1.6100780264174364
VotingRegressor,B0005,74.0,1.5857889968242211,1.5923283766219964
VotingRegressor,B0005,75.0,1.5849430707374117,1.5904650200790982
VotingRegressor,B0005,76.0,1.5955263892495937,1.5896905633372078
VotingRegressor,B0005,77.0,1.5747301747801037,1.6028647821551225
VotingRegressor,B0005,78.0,1.5649019950937946,1.5823407115180443
VotingRegressor,B0005,79.0,1.5597659473370362,1.572321077665205
VotingRegressor,B0005,80.0,1.5594815668184234,1.5621785989718986
VotingRegressor,B0005,81.0,1.55468935359061,1.5616946371208325
VotingRegressor,B0005,82.0,1.5488741079890418,1.5627319092716303
VotingRegressor,B0005,83.0,1.538236598942558,1.5556849776268473
VotingRegressor,B0005,84.0,1.527914258251028,1.533136195217316
VotingRegressor,B0005,85.0,1.5285252629756445,1.5277771141930772
VotingRegressor,B0005,86.0,1.522647325284378,1.5277376828815086
VotingRegressor,B0005,87.0,1.5174859938489869,1.5194421109223595
VotingRegressor,B0005,88.0,1.605818899130659,1.5153523936221756
VotingRegressor,B0005,89.0,1.5638491446744425,1.6023002564823234
VotingRegressor,B0005,90.0,1.5480915247767786,1.564760680042275
VotingRegressor,B0005,91.0,1.5323755631868592,1.5452136689779703
VotingRegressor,B0005,92.0,1.5269528268489705,1.5333480965576867
VotingRegressor,B0005,93.0,1.5169573017136326,1.5264893957486367
VotingRegressor,B0005,94.0,1.5118975960142693,1.5120927422743409
VotingRegressor,B0005,95.0,1.5065638960681105,1.509296611769058
VotingRegressor,B0005,96.0,1.5015453526671363,1.5038480329829582
VotingRegressor,B0005,97.0,1.4908444050400238,1.5010645938464067
VotingRegressor,B0005,98.0,1.485868384561201,1.4954804592389568
VotingRegressor,B0005,99.0,1.480413677976106,1.4817842708408218
VotingRegressor,B0005,100.0,1.4752095869031632,1.4767010558702167
VotingRegressor,B0005,101.0,1.4859035988304024,1.4727513431661332
VotingRegressor,B0005,102.0,1.4960918298136696,1.478765902438916
VotingRegressor,B0005,103.0,1.4808005946928984,1.4955588485059266
VotingRegressor,B0005,104.0,1.4697543268466824,1.4741958787902048
VotingRegressor,B0005,105.0,1.4539012274845928,1.4655080550039845
VotingRegressor,B0005,106.0,1.4541462067235693,1.4572330932420283
VotingRegressor,B0005,107.0,1.455023751906683,1.4570058088705922
VotingRegressor,B0005,108.0,1.449042163761236,1.457092259437287
VotingRegressor,B0005,109.0,1.4386709371480566,1.4537238125857128
VotingRegressor,B0005,110.0,1.433445432156979,1.439424833753946
VotingRegressor,B0005,111.0,1.4333958900838095,1.4364001428875655
VotingRegressor,B0005,112.0,1.42806487344776,1.4360034579646852
VotingRegressor,B0005,113.0,1.4229203181741186,1.4311898535130714
VotingRegressor,B0005,114.0,1.417429032731308,1.4272912756130784
VotingRegressor,B0005,115.0,1.412409228794446,1.4216781313121731
VotingRegressor,B0005,116.0,1.412578792940193,1.413796188071165
VotingRegressor,B0005,117.0,1.4075983731469897,1.413487937089814
VotingRegressor,B0005,118.0,1.4333920485221476,1.4071988215334643
VotingRegressor,B0005,119.0,1.4382550176792908,1.4283812045087416
VotingRegressor,B0005,120.0,1.4173547174485526,1.4306062281418934
VotingRegressor,B0005,121.0,1.406981663677643,1.4180753949024272
VotingRegressor,B0005,122.0,1.4012037783587625,1.405071058803359
VotingRegressor,B0005,123.0,1.3967008232726328,1.4001027129822838
VotingRegressor,B0005,124.0,1.391284788852726,1.3973101910949302
VotingRegressor,B0005,125.0,1.3862287677978349,1.3930460710326016
VotingRegressor,B0005,126.0,1.3804366761974138,1.3897101073624103
VotingRegressor,B0005,127.0,1.3752364150256224,1.379557196088014
VotingRegressor,B0005,128.0,1.3705128024895008,1.376340374545383
VotingRegressor,B0005,129.0,1.3705085566270399,1.3712715287237933
VotingRegressor,B0005,130.0,1.3647355108681518,1.3708594777408127
VotingRegressor,B0005,131.0,1.375392016895762,1.3658411524702627
VotingRegressor,B0005,132.0,1.3861115151535393,1.3727511730887536
VotingRegressor,B0005,133.0,1.3698500035838939,1.3837668675438326
VotingRegressor,B0005,134.0,1.3647827949260758,1.3674878118766522
VotingRegressor,B0005,135.0,1.3543220466259964,1.3643194157177763
VotingRegressor,B0005,136.0,1.3546417018378962,1.356031720011202
VotingRegressor,B0005,137.0,1.3547039213192407,1.3558412311270076
VotingRegressor,B0005,138.0,1.349314997503458,1.3553448256137641
VotingRegressor,B0005,139.0,1.3441891937970554,1.3500154904490764
VotingRegressor,B0005,140.0,1.3389913790695755,1.3451948412443862
VotingRegressor,B0005,141.0,1.3389145230206971,1.3270892328609103
VotingRegressor,B0005,142.0,1.3340066759761655,1.3267211318063041
VotingRegressor,B0005,143.0,1.3286444309174914,1.3226410159139226
VotingRegressor,B0005,144.0,1.3231708992276219,1.319352603700371
VotingRegressor,B0005,145.0,1.3181691588445197,1.313118047247567
VotingRegressor,B0005,146.0,1.3184664436640334,1.3090114531538455
VotingRegressor,B0005,147.0,1.318293040102702,1.308905320447264
VotingRegressor,B0005,148.0,1.323872422244268,1.3070997609263089
VotingRegressor,B0005,149.0,1.3601216766554785,1.309984172205152
VotingRegressor,B0005,150.0,1.3395306867947354,1.3655785124717528
VotingRegressor,B0005,151.0,1.3290286565120697,1.320995922397345
VotingRegressor,B0005,152.0,1.3236741274998955,1.3113100416691228
VotingRegressor,B0005,153.0,1.318633896753293,1.3073181171489134
VotingRegressor,B0005,154.0,1.3134751321324272,1.3049867131501638
VotingRegressor,B0005,155.0,1.3132020634442203,1.3003085980782616
VotingRegressor,B0005,156.0,1.3077959946944353,1.3000708108584091
VotingRegressor,B0005,157.0,1.3030329186405918,1.296989414887469
VotingRegressor,B0005,158.0,1.3033573559038205,1.2936762754087474
VotingRegressor,B0005,159.0,1.3034100438655642,1.2938335339175513
VotingRegressor,B0005,160.0,1.2978870806495706,1.2938643301866455
VotingRegressor,B0005,161.0,1.2980735056918902,1.2636304286968714
VotingRegressor,B0005,162.0,1.293463613844243,1.263780591876393
VotingRegressor,B0005,163.0,1.288003392619118,1.2613255298318211
VotingRegressor,B0005,164.0,1.2874525221379407,1.258453646480299
VotingRegressor,B0005,165.0,1.3090153642307354,1.2555529079160552
VotingRegressor,B0005,166.0,1.3250793286429356,1.304445599151855
BaggingRegressor,B0005,0.0,1.846327249719927,1.8611640337544577
BaggingRegressor,B0005,1.0,1.8353491942234077,1.8522134884507244
BaggingRegressor,B0005,2.0,1.8352625275821128,1.82455514534916
BaggingRegressor,B0005,3.0,1.8346455082120419,1.82455514534916
BaggingRegressor,B0005,4.0,1.8356616600675495,1.82455514534916
BaggingRegressor,B0005,5.0,1.8351461429226603,1.82455514534916
BaggingRegressor,B0005,6.0,1.8257567905665537,1.82455514534916
BaggingRegressor,B0005,7.0,1.8247738529891333,1.8138240447253589
BaggingRegressor,B0005,8.0,1.824613268496936,1.8138240447253589
BaggingRegressor,B0005,9.0,1.8246195526864504,1.8138240447253589
BaggingRegressor,B0005,10.0,1.8142019357673917,1.8138240447253589
BaggingRegressor,B0005,11.0,1.8137521577549054,1.8067561788665072
BaggingRegressor,B0005,12.0,1.8134404914735822,1.8067561788665072
BaggingRegressor,B0005,13.0,1.8025980036306504,1.8067561788665072
BaggingRegressor,B0005,14.0,1.80210690024615,1.796873897562577
BaggingRegressor,B0005,15.0,1.802579500826209,1.7908614277241324
BaggingRegressor,B0005,16.0,1.8030683142834096,1.796873897562577
BaggingRegressor,B0005,17.0,1.8027776247196041,1.796873897562577
BaggingRegressor,B0005,18.0,1.8470259949329193,1.796873897562577
BaggingRegressor,B0005,19.0,1.847417311283644,1.8522134884507244
BaggingRegressor,B0005,20.0,1.8361774213478947,1.854206387819619
BaggingRegressor,B0005,21.0,1.8257807475776242,1.82455514534916
BaggingRegressor,B0005,22.0,1.8251136435078368,1.8138240447253589
BaggingRegressor,B0005,23.0,1.8255815042203762,1.8138240447253589
BaggingRegressor,B0005,24.0,1.8140311275083907,1.8138240447253589
BaggingRegressor,B0005,25.0,1.8147691941158939,1.8067561788665072
BaggingRegressor,B0005,26.0,1.813969388710352,1.809655140340705
BaggingRegressor,B0005,27.0,1.802765665167823,1.8067561788665072
BaggingRegressor,B0005,28.0,1.804077040117352,1.796873897562577
BaggingRegressor,B0005,29.0,1.8518025516704486,1.796873897562577
BaggingRegressor,B0005,30.0,1.8307038456739428,1.85936727018413
BaggingRegressor,B0005,31.0,1.8199041089501267,1.82283017437154
BaggingRegressor,B0005,32.0,1.8093079637028517,1.8138240447253589
BaggingRegressor,B0005,33.0,1.80460990458052,1.8012313016886567
BaggingRegressor,B0005,34.0,1.7993770651972192,1.796873897562577
BaggingRegressor,B0005,35.0,1.7884432335370462,1.786103146136597
BaggingRegressor,B0005,36.0,1.7829230484252723,1.7848364111489061
BaggingRegressor,B0005,37.0,1.7730337158018288,1.7834816089324368
BaggingRegressor,B0005,38.0,1.773037755078937,1.7590473273132605
BaggingRegressor,B0005,39.0,1.7678721106662054,1.7590473273132605
BaggingRegressor,B0005,40.0,1.7623150704093087,1.7507490347638415
BaggingRegressor,B0005,41.0,1.7676172924938447,1.7464890082846134
BaggingRegressor,B0005,42.0,1.762668359743147,1.7507490347638415
BaggingRegressor,B0005,43.0,1.7517304870664143,1.7458069076915168
BaggingRegressor,B0005,44.0,1.7418496047960008,1.7398002572862492
BaggingRegressor,B0005,45.0,1.7360913511847138,1.7361312566183442
BaggingRegressor,B0005,46.0,1.7936240148573608,1.7299943094887562
BaggingRegressor,B0005,47.0,1.7831890223273275,1.7848364111489061
BaggingRegressor,B0005,48.0,1.7673642076278957,1.7834816089324368
BaggingRegressor,B0005,49.0,1.7570177850353066,1.7517653467059275
BaggingRegressor,B0005,50.0,1.7468706179837907,1.7475053202266995
BaggingRegressor,B0005,51.0,1.7417172507457144,1.7378541006620767
BaggingRegressor,B0005,52.0,1.7364225056478186,1.7355465511047472
BaggingRegressor,B0005,53.0,1.7263217239235826,1.7294512657391028
BaggingRegressor,B0005,54.0,1.7158065389330133,1.7135211524733867
BaggingRegressor,B0005,55.0,1.710533351135192,1.713109166281314
BaggingRegressor,B0005,56.0,1.706014499648521,1.7123758483384943
BaggingRegressor,B0005,57.0,1.7003110272642588,1.7123758483384943
BaggingRegressor,B0005,58.0,1.6945798601797895,1.708319205408281
BaggingRegressor,B0005,59.0,1.6849029086609286,1.685826127374392
BaggingRegressor,B0005,60.0,1.6744741591159717,1.6656889297625972
BaggingRegressor,B0005,61.0,1.6745692479879102,1.6549329755034194
BaggingRegressor,B0005,62.0,1.663716375981405,1.6549329755034194
BaggingRegressor,B0005,63.0,1.659013868748246,1.654403658603898
BaggingRegressor,B0005,64.0,1.6538540573335014,1.653677215955817
BaggingRegressor,B0005,65.0,1.642653782130131,1.6489780075099345
BaggingRegressor,B0005,66.0,1.6378578430223698,1.6225496662396872
BaggingRegressor,B0005,67.0,1.6327350407099108,1.6225496662396872
BaggingRegressor,B0005,68.0,1.6277528915533617,1.6216154530249667
BaggingRegressor,B0005,69.0,1.622125485521159,1.6216154530249667
BaggingRegressor,B0005,70.0,1.6113256603765849,1.6216154530249667
BaggingRegressor,B0005,71.0,1.6065631397488385,1.6205633407584177
BaggingRegressor,B0005,72.0,1.6015142233917594,1.6307141485193293
BaggingRegressor,B0005,73.0,1.590369231400328,1.6162801379164446
BaggingRegressor,B0005,74.0,1.5857889968242211,1.587040488102136
BaggingRegressor,B0005,75.0,1.5849430707374117,1.5735218745766604
BaggingRegressor,B0005,76.0,1.5955263892495937,1.5735218745766604
BaggingRegressor,B0005,77.0,1.5747301747801037,1.6363561636186759
BaggingRegressor,B0005,78.0,1.5649019950937946,1.567034058734059
BaggingRegressor,B0005,79.0,1.5597659473370362,1.5627207713698004
BaggingRegressor,B0005,80.0,1.5594815668184234,1.557201453776043
BaggingRegressor,B0005,81.0,1.55468935359061,1.5584077655118795
BaggingRegressor,B0005,82.0,1.5488741079890418,1.5414431971636677
BaggingRegressor,B0005,83.0,1.538236598942558,1.5414431971636677
BaggingRegressor,B0005,84.0,1.527914258251028,1.5282890310234347
BaggingRegressor,B0005,85.0,1.5285252629756445,1.5235074601514054
BaggingRegressor,B0005,86.0,1.522647325284378,1.5235074601514054
BaggingRegressor,B0005,87.0,1.5174859938489869,1.5098642589053903
BaggingRegressor,B0005,88.0,1.605818899130659,1.5098642589053903
BaggingRegressor,B0005,89.0,1.5638491446744425,1.6176240086602973
BaggingRegressor,B0005,90.0,1.5480915247767786,1.561158246130622
BaggingRegressor,B0005,91.0,1.5323755631868592,1.5333715640830903
BaggingRegressor,B0005,92.0,1.5269528268489705,1.5276042137789065
BaggingRegressor,B0005,93.0,1.5169573017136326,1.5235074601514054
BaggingRegressor,B0005,94.0,1.5118975960142693,1.5098642589053903
BaggingRegressor,B0005,95.0,1.5065638960681105,1.5074262257628603
BaggingRegressor,B0005,96.0,1.5015453526671363,1.501870765223246
BaggingRegressor,B0005,97.0,1.4908444050400238,1.4980125722895252
BaggingRegressor,B0005,98.0,1.485868384561201,1.4898459220719058
BaggingRegressor,B0005,99.0,1.480413677976106,1.479441404524657
BaggingRegressor,B0005,100.0,1.4752095869031632,1.4754402121246464
BaggingRegressor,B0005,101.0,1.4859035988304024,1.4669435228643533
BaggingRegressor,B0005,102.0,1.4960918298136696,1.479441404524657
BaggingRegressor,B0005,103.0,1.4808005946928984,1.4963250557610879
BaggingRegressor,B0005,104.0,1.4697543268466824,1.4754402121246464
BaggingRegressor,B0005,105.0,1.4539012274845928,1.4550413059413236
BaggingRegressor,B0005,106.0,1.4541462067235693,1.4509161431080044
BaggingRegressor,B0005,107.0,1.455023751906683,1.4509161431080044
BaggingRegressor,B0005,108.0,1.449042163761236,1.4509161431080044
BaggingRegressor,B0005,109.0,1.4386709371480566,1.4509161431080044
BaggingRegressor,B0005,110.0,1.433445432156979,1.4301150600342796
BaggingRegressor,B0005,111.0,1.4333958900838095,1.4258424816246984
BaggingRegressor,B0005,112.0,1.42806487344776,1.4258424816246984
BaggingRegressor,B0005,113.0,1.4229203181741186,1.4253006062360984
BaggingRegressor,B0005,114.0,1.417429032731308,1.4253006062360984
BaggingRegressor,B0005,115.0,1.412409228794446,1.4221083481833676
BaggingRegressor,B0005,116.0,1.412578792940193,1.400050603561365
BaggingRegressor,B0005,117.0,1.4075983731469897,1.400050603561365
BaggingRegressor,B0005,118.0,1.4333920485221476,1.3976479341611565
BaggingRegressor,B0005,119.0,1.4382550176792908,1.4258424816246984
BaggingRegressor,B0005,120.0,1.4173547174485526,1.4301150600342796
BaggingRegressor,B0005,121.0,1.406981663677643,1.4221083481833676
BaggingRegressor,B0005,122.0,1.4012037783587625,1.3976479341611565
BaggingRegressor,B0005,123.0,1.3967008232726328,1.3947066786351712
BaggingRegressor,B0005,124.0,1.391284788852726,1.3891522555731917
BaggingRegressor,B0005,125.0,1.3862287677978349,1.3784574271685448
BaggingRegressor,B0005,126.0,1.3804366761974138,1.374423013418343
BaggingRegressor,B0005,127.0,1.3752364150256224,1.3632840427178237
BaggingRegressor,B0005,128.0,1.3705128024895008,1.3620322444964983
BaggingRegressor,B0005,129.0,1.3705085566270399,1.3620322444964983
BaggingRegressor,B0005,130.0,1.3647355108681518,1.3620322444964983
BaggingRegressor,B0005,131.0,1.375392016895762,1.3587966109836256
BaggingRegressor,B0005,132.0,1.3861115151535393,1.3620322444964983
BaggingRegressor,B0005,133.0,1.3698500035838939,1.3731712151970177
BaggingRegressor,B0005,134.0,1.3647827949260758,1.3620322444964983
BaggingRegressor,B0005,135.0,1.3543220466259964,1.3587966109836256
BaggingRegressor,B0005,136.0,1.3546417018378962,1.3567891734348547
BaggingRegressor,B0005,137.0,1.3547039213192407,1.3567891734348547
BaggingRegressor,B0005,138.0,1.349314997503458,1.3567891734348547
BaggingRegressor,B0005,139.0,1.3441891937970554,1.3374442692693413
BaggingRegressor,B0005,140.0,1.3389913790695755,1.3374442692693413
BaggingRegressor,B0005,141.0,1.3389145230206971,1.3266498625776495
BaggingRegressor,B0005,142.0,1.3340066759761655,1.3266498625776495
BaggingRegressor,B0005,143.0,1.3286444309174914,1.3183153482177343
BaggingRegressor,B0005,144.0,1.3231708992276219,1.3183153482177343
BaggingRegressor,B0005,145.0,1.3181691588445197,1.3183153482177343
BaggingRegressor,B0005,146.0,1.3184664436640334,1.3183153482177343
BaggingRegressor,B0005,147.0,1.318293040102702,1.3183153482177343
BaggingRegressor,B0005,148.0,1.323872422244268,1.3183153482177343
BaggingRegressor,B0005,149.0,1.3601216766554785,1.3183153482177343
BaggingRegressor,B0005,150.0,1.3395306867947354,1.3550663673717203
BaggingRegressor,B0005,151.0,1.3290286565120697,1.3273385376214824
BaggingRegressor,B0005,152.0,1.3236741274998955,1.3183153482177343
BaggingRegressor,B0005,153.0,1.318633896753293,1.3168650603675085
BaggingRegressor,B0005,154.0,1.3134751321324272,1.3168650603675085
BaggingRegressor,B0005,155.0,1.3132020634442203,1.3130380406048585
BaggingRegressor,B0005,156.0,1.3077959946944353,1.3130380406048585
BaggingRegressor,B0005,157.0,1.3030329186405918,1.294837347417303
BaggingRegressor,B0005,158.0,1.3033573559038205,1.289054832816536
BaggingRegressor,B0005,159.0,1.3034100438655642,1.289054832816536
BaggingRegressor,B0005,160.0,1.2978870806495706,1.289054832816536
BaggingRegressor,B0005,161.0,1.2980735056918902,1.2705331891827494
BaggingRegressor,B0005,162.0,1.293463613844243,1.2705331891827494
BaggingRegressor,B0005,163.0,1.288003392619118,1.2401895372429947
BaggingRegressor,B0005,164.0,1.2874525221379407,1.2401895372429947
BaggingRegressor,B0005,165.0,1.3090153642307354,1.2401895372429947
BaggingRegressor,B0005,166.0,1.3250793286429356,1.294837347417303
RandomForestRegressor,B0005,0.0,1.846327249719927,1.8597410100797847
RandomForestRegressor,B0005,1.0,1.8353491942234077,1.8504378292461368
RandomForestRegressor,B0005,2.0,1.8352625275821128,1.82358395145841
RandomForestRegressor,B0005,3.0,1.8346455082120419,1.82358395145841
RandomForestRegressor,B0005,4.0,1.8356616600675495,1.8226627702159672
RandomForestRegressor,B0005,5.0,1.8351461429226603,1.82358395145841
RandomForestRegressor,B0005,6.0,1.8257567905665537,1.82358395145841
RandomForestRegressor,B0005,7.0,1.8247738529891333,1.8134977136438446
RandomForestRegressor,B0005,8.0,1.824613268496936,1.8132252261261406
RandomForestRegressor,B0005,9.0,1.8246195526864504,1.8132252261261406
RandomForestRegressor,B0005,10.0,1.8142019357673917,1.8132252261261406
RandomForestRegressor,B0005,11.0,1.8137521577549054,1.807934150665981
RandomForestRegressor,B0005,12.0,1.8134404914735822,1.807934150665981
RandomForestRegressor,B0005,13.0,1.8025980036306504,1.807934150665981
RandomForestRegressor,B0005,14.0,1.80210690024615,1.7976458946538154
RandomForestRegressor,B0005,15.0,1.802579500826209,1.7909615624112956
RandomForestRegressor,B0005,16.0,1.8030683142834096,1.7976458946538154
RandomForestRegressor,B0005,17.0,1.8027776247196041,1.7976458946538154
RandomForestRegressor,B0005,18.0,1.8470259949329193,1.7976458946538154
RandomForestRegressor,B0005,19.0,1.847417311283644,1.8504378292461368
RandomForestRegressor,B0005,20.0,1.8361774213478947,1.8526398303159106
RandomForestRegressor,B0005,21.0,1.8257807475776242,1.8230640451314124
RandomForestRegressor,B0005,22.0,1.8251136435078368,1.8132275710106607
RandomForestRegressor,B0005,23.0,1.8255815042203762,1.8132275710106607
RandomForestRegressor,B0005,24.0,1.8140311275083907,1.8132275710106607
RandomForestRegressor,B0005,25.0,1.8147691941158939,1.807934150665981
RandomForestRegressor,B0005,26.0,1.813969388710352,1.8094429223563007
RandomForestRegressor,B0005,27.0,1.802765665167823,1.807934150665981
RandomForestRegressor,B0005,28.0,1.804077040117352,1.7976458946538154
RandomForestRegressor,B0005,29.0,1.8518025516704486,1.798795492332981
RandomForestRegressor,B0005,30.0,1.8307038456739428,1.8577973751276948
RandomForestRegressor,B0005,31.0,1.8199041089501267,1.820973068778874
RandomForestRegressor,B0005,32.0,1.8093079637028517,1.8129550834929566
RandomForestRegressor,B0005,33.0,1.80460990458052,1.8025634944557722
RandomForestRegressor,B0005,34.0,1.7993770651972192,1.798795492332981
RandomForestRegressor,B0005,35.0,1.7884432335370462,1.786177596542418
RandomForestRegressor,B0005,36.0,1.7829230484252723,1.7852414066318287
RandomForestRegressor,B0005,37.0,1.7730337158018288,1.784626687379571
RandomForestRegressor,B0005,38.0,1.773037755078937,1.7593136760949701
RandomForestRegressor,B0005,39.0,1.7678721106662054,1.7593136760949701
RandomForestRegressor,B0005,40.0,1.7623150704093087,1.7523604207872159
RandomForestRegressor,B0005,41.0,1.7676172924938447,1.7490358983956316
RandomForestRegressor,B0005,42.0,1.762668359743147,1.7523604207872159
RandomForestRegressor,B0005,43.0,1.7517304870664143,1.7487194012729927
RandomForestRegressor,B0005,44.0,1.7418496047960008,1.7423003140224842
RandomForestRegressor,B0005,45.0,1.7360913511847138,1.7351997174639817
RandomForestRegressor,B0005,46.0,1.7936240148573608,1.7250212728732575
RandomForestRegressor,B0005,47.0,1.7831890223273275,1.7852414066318287
RandomForestRegressor,B0005,48.0,1.7673642076278957,1.784626687379571
RandomForestRegressor,B0005,49.0,1.7570177850353066,1.7524685267983728
RandomForestRegressor,B0005,50.0,1.7468706179837907,1.7491440044067883
RandomForestRegressor,B0005,51.0,1.7417172507457144,1.738207848913829
RandomForestRegressor,B0005,52.0,1.7364225056478186,1.7350535410855823
RandomForestRegressor,B0005,53.0,1.7263217239235826,1.726226106778883
RandomForestRegressor,B0005,54.0,1.7158065389330133,1.7129263437816222
RandomForestRegressor,B0005,55.0,1.710533351135192,1.712263041550318
RandomForestRegressor,B0005,56.0,1.706014499648521,1.7117627224952663
RandomForestRegressor,B0005,57.0,1.7003110272642588,1.7119356375245962
RandomForestRegressor,B0005,58.0,1.6945798601797895,1.7265214198757732
RandomForestRegressor,B0005,59.0,1.6849029086609286,1.6816082005663606
RandomForestRegressor,B0005,60.0,1.6744741591159717,1.66810855263739
RandomForestRegressor,B0005,61.0,1.6745692479879102,1.656931772646742
RandomForestRegressor,B0005,62.0,1.663716375981405,1.656931772646742
RandomForestRegressor,B0005,63.0,1.659013868748246,1.6562645763408959
RandomForestRegressor,B0005,64.0,1.6538540573335014,1.6560829656788756
RandomForestRegressor,B0005,65.0,1.642653782130131,1.6486250621173997
RandomForestRegressor,B0005,66.0,1.6378578430223698,1.6214609943407763
RandomForestRegressor,B0005,67.0,1.6327350407099108,1.6214609943407763
RandomForestRegressor,B0005,68.0,1.6277528915533617,1.617754380782528
RandomForestRegressor,B0005,69.0,1.622125485521159,1.617754380782528
RandomForestRegressor,B0005,70.0,1.6113256603765849,1.617754380782528
RandomForestRegressor,B0005,71.0,1.6065631397488385,1.6160569922728925
RandomForestRegressor,B0005,72.0,1.6015142233917594,1.6224842204375667
RandomForestRegressor,B0005,73.0,1.590369231400328,1.6131477743495217
RandomForestRegressor,B0005,74.0,1.5857889968242211,1.5966828304118565
RandomForestRegressor,B0005,75.0,1.5849430707374117,1.5744230420183762
RandomForestRegressor,B0005,76.0,1.5955263892495937,1.5738709475132324
RandomForestRegressor,B0005,77.0,1.5747301747801037,1.636581064858439
RandomForestRegressor,B0005,78.0,1.5649019950937946,1.5680225978808082
RandomForestRegressor,B0005,79.0,1.5597659473370362,1.5650648072890663
RandomForestRegressor,B0005,80.0,1.5594815668184234,1.5582662396438796
RandomForestRegressor,B0005,81.0,1.55468935359061,1.5582662396438796
RandomForestRegressor,B0005,82.0,1.5488741079890418,1.5410677653316174
RandomForestRegressor,B0005,83.0,1.538236598942558,1.540163800052655
RandomForestRegressor,B0005,84.0,1.527914258251028,1.5267983606976423
RandomForestRegressor,B0005,85.0,1.5285252629756445,1.523035393622178
RandomForestRegressor,B0005,86.0,1.522647325284378,1.523035393622178
RandomForestRegressor,B0005,87.0,1.5174859938489869,1.5113372222517014
RandomForestRegressor,B0005,88.0,1.605818899130659,1.5111414872057023
RandomForestRegressor,B0005,89.0,1.5638491446744425,1.6148893525762475
RandomForestRegressor,B0005,90.0,1.5480915247767786,1.5625017522640459
RandomForestRegressor,B0005,91.0,1.5323755631868592,1.5347695843104325
RandomForestRegressor,B0005,92.0,1.5269528268489705,1.5259155814175631
RandomForestRegressor,B0005,93.0,1.5169573017136326,1.522803875651921
RandomForestRegressor,B0005,94.0,1.5118975960142693,1.5111414872057023
RandomForestRegressor,B0005,95.0,1.5065638960681105,1.50784457370053
RandomForestRegressor,B0005,96.0,1.5015453526671363,1.5001346003175682
RandomForestRegressor,B0005,97.0,1.4908444050400238,1.4955919056940885
RandomForestRegressor,B0005,98.0,1.485868384561201,1.4883706853932817
RandomForestRegressor,B0005,99.0,1.480413677976106,1.4787883041554013
RandomForestRegressor,B0005,100.0,1.4752095869031632,1.4723663048726074
RandomForestRegressor,B0005,101.0,1.4859035988304024,1.4660614002832437
RandomForestRegressor,B0005,102.0,1.4960918298136696,1.4787883041554013
RandomForestRegressor,B0005,103.0,1.4808005946928984,1.4942907625854411
RandomForestRegressor,B0005,104.0,1.4697543268466824,1.4723663048726074
RandomForestRegressor,B0005,105.0,1.4539012274845928,1.4560442892069978
RandomForestRegressor,B0005,106.0,1.4541462067235693,1.4523692743307566
RandomForestRegressor,B0005,107.0,1.455023751906683,1.4523692743307566
RandomForestRegressor,B0005,108.0,1.449042163761236,1.4523692743307566
RandomForestRegressor,B0005,109.0,1.4386709371480566,1.4523692743307566
RandomForestRegressor,B0005,110.0,1.433445432156979,1.4288225911775367
RandomForestRegressor,B0005,111.0,1.4333958900838095,1.4267020986795114
RandomForestRegressor,B0005,112.0,1.42806487344776,1.4267020986795114
RandomForestRegressor,B0005,113.0,1.4229203181741186,1.4262939440617421
RandomForestRegressor,B0005,114.0,1.417429032731308,1.4260479310337626
RandomForestRegressor,B0005,115.0,1.412409228794446,1.4182012810271274
RandomForestRegressor,B0005,116.0,1.412578792940193,1.4018022896168776
RandomForestRegressor,B0005,117.0,1.4075983731469897,1.4018022896168776
RandomForestRegressor,B0005,118.0,1.4333920485221476,1.397699622259467
RandomForestRegressor,B0005,119.0,1.4382550176792908,1.4267020986795114
RandomForestRegressor,B0005,120.0,1.4173547174485526,1.4288225911775367
RandomForestRegressor,B0005,121.0,1.406981663677643,1.4182012810271274
RandomForestRegressor,B0005,122.0,1.4012037783587625,1.3968344202653262
RandomForestRegressor,B0005,123.0,1.3967008232726328,1.3932969222031917
RandomForestRegressor,B0005,124.0,1.391284788852726,1.3879484157329534
RandomForestRegressor,B0005,125.0,1.3862287677978349,1.3805318434551588
RandomForestRegressor,B0005,126.0,1.3804366761974138,1.3763378395363752
RandomForestRegressor,B0005,127.0,1.3752364150256224,1.3664860256712437
RandomForestRegressor,B0005,128.0,1.3705128024895008,1.3636218703063738
RandomForestRegressor,B0005,129.0,1.3705085566270399,1.3636218703063738
RandomForestRegressor,B0005,130.0,1.3647355108681518,1.3636218703063738
RandomForestRegressor,B0005,131.0,1.375392016895762,1.3613773256216501
RandomForestRegressor,B0005,132.0,1.3861115151535393,1.3636218703063738
RandomForestRegressor,B0005,133.0,1.3698500035838939,1.373258910882021
RandomForestRegressor,B0005,134.0,1.3647827949260758,1.3622233485051882
RandomForestRegressor,B0005,135.0,1.3543220466259964,1.3588794179131265
RandomForestRegressor,B0005,136.0,1.3546417018378962,1.3597417094190811
RandomForestRegressor,B0005,137.0,1.3547039213192407,1.3588954639521253
RandomForestRegressor,B0005,138.0,1.349314997503458,1.3539739484340785
RandomForestRegressor,B0005,139.0,1.3441891937970554,1.3321513332606514
RandomForestRegressor,B0005,140.0,1.3389913790695755,1.331738177030691
RandomForestRegressor,B0005,141.0,1.3389145230206971,1.3140797300088698
RandomForestRegressor,B0005,142.0,1.3340066759761655,1.3140797300088698
RandomForestRegressor,B0005,143.0,1.3286444309174914,1.3032729572027364
RandomForestRegressor,B0005,144.0,1.3231708992276219,1.3019369384964623
RandomForestRegressor,B0005,145.0,1.3181691588445197,1.3019369384964623
RandomForestRegressor,B0005,146.0,1.3184664436640334,1.3024843867395628
RandomForestRegressor,B0005,147.0,1.318293040102702,1.302661180727213
RandomForestRegressor,B0005,148.0,1.323872422244268,1.302661180727213
RandomForestRegressor,B0005,149.0,1.3601216766554785,1.3019369384964623
RandomForestRegressor,B0005,150.0,1.3395306867947354,1.3444150682076128
RandomForestRegressor,B0005,151.0,1.3290286565120697,1.3099959656774578
RandomForestRegressor,B0005,152.0,1.3236741274998955,1.2948215042938067
RandomForestRegressor,B0005,153.0,1.318633896753293,1.2933581277910386
RandomForestRegressor,B0005,154.0,1.3134751321324272,1.2940823700217896
RandomForestRegressor,B0005,155.0,1.3132020634442203,1.2869453252494285
RandomForestRegressor,B0005,156.0,1.3077959946944353,1.2853408990579753
RandomForestRegressor,B0005,157.0,1.3030329186405918,1.2641866971768978
RandomForestRegressor,B0005,158.0,1.3033573559038205,1.2589566434837787
RandomForestRegressor,B0005,159.0,1.3034100438655642,1.2573467290360723
RandomForestRegressor,B0005,160.0,1.2978870806495706,1.2561374818353264
RandomForestRegressor,B0005,161.0,1.2980735056918902,1.2434626230875332
RandomForestRegressor,B0005,162.0,1.293463613844243,1.2432518965880097
RandomForestRegressor,B0005,163.0,1.288003392619118,1.230185344318973
RandomForestRegressor,B0005,164.0,1.2874525221379407,1.2291890338310627
RandomForestRegressor,B0005,165.0,1.3090153642307354,1.2291890338310627
RandomForestRegressor,B0005,166.0,1.3250793286429356,1.2623201901697862
SimpleAveraging,B0005,0.0,1.846327249719927,1.857541954404185
SimpleAveraging,B0005,1.0,1.8353491942234077,1.848228482652638
SimpleAveraging,B0005,2.0,1.8352625275821128,1.8333257902233915
SimpleAveraging,B0005,3.0,1.8346455082120419,1.8334043437043026
SimpleAveraging,B0005,4.0,1.8356616600675495,1.8331724040039288
SimpleAveraging,B0005,5.0,1.8351461429226603,1.832831115185397
SimpleAveraging,B0005,6.0,1.8257567905665537,1.831869427062114
SimpleAveraging,B0005,7.0,1.8247738529891333,1.8256551466803774
SimpleAveraging,B0005,8.0,1.824613268496936,1.824188405320779
SimpleAveraging,B0005,9.0,1.8246195526864504,1.8241038728345604
SimpleAveraging,B0005,10.0,1.8142019357673917,1.8228748635691623
SimpleAveraging,B0005,11.0,1.8137521577549054,1.8174655699642863
SimpleAveraging,B0005,12.0,1.8134404914735822,1.8171688593355335
SimpleAveraging,B0005,13.0,1.8025980036306504,1.8160946560267512
SimpleAveraging,B0005,14.0,1.80210690024615,1.8012964520435055
SimpleAveraging,B0005,15.0,1.802579500826209,1.8009283124565845
SimpleAveraging,B0005,16.0,1.8030683142834096,1.8010676371570835
SimpleAveraging,B0005,17.0,1.8027776247196041,1.8011950058179405
SimpleAveraging,B0005,18.0,1.8470259949329193,1.7994357808169563
SimpleAveraging,B0005,19.0,1.847417311283644,1.8569292155374257
SimpleAveraging,B0005,20.0,1.8361774213478947,1.8576612990119248
SimpleAveraging,B0005,21.0,1.8257807475776242,1.838098178191477
SimpleAveraging,B0005,22.0,1.8251136435078368,1.8319022896721293
SimpleAveraging,B0005,23.0,1.8255815042203762,1.8311271318639044
SimpleAveraging,B0005,24.0,1.8140311275083907,1.831638420928933
SimpleAveraging,B0005,25.0,1.8147691941158939,1.823366982468316
SimpleAveraging,B0005,26.0,1.813969388710352,1.8223629593550854
SimpleAveraging,B0005,27.0,1.802765665167823,1.8207398269487647
SimpleAveraging,B0005,28.0,1.804077040117352,1.8037070835787947
SimpleAveraging,B0005,29.0,1.8518025516704486,1.802409106196397
SimpleAveraging,B0005,30.0,1.8307038456739428,1.8528674959608509
SimpleAveraging,B0005,31.0,1.8199041089501267,1.8252860138624905
SimpleAveraging,B0005,32.0,1.8093079637028517,1.8172974006412645
SimpleAveraging,B0005,33.0,1.80460990458052,1.8032242971240322
SimpleAveraging,B0005,34.0,1.7993770651972192,1.800358485870315
SimpleAveraging,B0005,35.0,1.7884432335370462,1.7954028740087895
SimpleAveraging,B0005,36.0,1.7829230484252723,1.7871944132444113
SimpleAveraging,B0005,37.0,1.7730337158018288,1.7820917902118918
SimpleAveraging,B0005,38.0,1.773037755078937,1.7651819517547445
SimpleAveraging,B0005,39.0,1.7678721106662054,1.7657997363218414
SimpleAveraging,B0005,40.0,1.7623150704093087,1.76143117870602
SimpleAveraging,B0005,41.0,1.7676172924938447,1.7581249850686447
SimpleAveraging,B0005,42.0,1.762668359743147,1.760381722675989
SimpleAveraging,B0005,43.0,1.7517304870664143,1.7595709089431293
SimpleAveraging,B0005,44.0,1.7418496047960008,1.746380953473888
SimpleAveraging,B0005,45.0,1.7360913511847138,1.7397828457097315
SimpleAveraging,B0005,46.0,1.7936240148573608,1.7335925544725064
SimpleAveraging,B0005,47.0,1.7831890223273275,1.7854528812716146
SimpleAveraging,B0005,48.0,1.7673642076278957,1.777493322510696
SimpleAveraging,B0005,49.0,1.7570177850353066,1.761372772632799
SimpleAveraging,B0005,50.0,1.7468706179837907,1.7512420293481559
SimpleAveraging,B0005,51.0,1.7417172507457144,1.739535058220532
SimpleAveraging,B0005,52.0,1.7364225056478186,1.7364675727539591
SimpleAveraging,B0005,53.0,1.7263217239235826,1.7329365867539503
SimpleAveraging,B0005,54.0,1.7158065389330133,1.719778557404279
SimpleAveraging,B0005,55.0,1.710533351135192,1.7111800362701957
SimpleAveraging,B0005,56.0,1.706014499648521,1.7083225393186356
SimpleAveraging,B0005,57.0,1.7003110272642588,1.7048029671572027
SimpleAveraging,B0005,58.0,1.6945798601797895,1.695498445049557
SimpleAveraging,B0005,59.0,1.6849029086609286,1.6909620378209727
SimpleAveraging,B0005,60.0,1.6744741591159717,1.6767337056756155
SimpleAveraging,B0005,61.0,1.6745692479879102,1.6685910546289489
SimpleAveraging,B0005,62.0,1.663716375981405,1.6723205110621464
SimpleAveraging,B0005,63.0,1.659013868748246,1.6631602336179996
SimpleAveraging,B0005,64.0,1.6538540573335014,1.661300837235644
SimpleAveraging,B0005,65.0,1.642653782130131,1.65731100163094
SimpleAveraging,B0005,66.0,1.6378578430223698,1.6392681996792817
SimpleAveraging,B0005,67.0,1.6327350407099108,1.6352600723896722
SimpleAveraging,B0005,68.0,1.6277528915533617,1.631297854674377
SimpleAveraging,B0005,69.0,1.622125485521159,1.627799799348947
SimpleAveraging,B0005,70.0,1.6113256603765849,1.623804478660896
SimpleAveraging,B0005,71.0,1.6065631397488385,1.61646773316336
SimpleAveraging,B0005,72.0,1.6015142233917594,1.6129283763444278
SimpleAveraging,B0005,73.0,1.590369231400328,1.6100780264174364
SimpleAveraging,B0005,74.0,1.5857889968242211,1.5923283766219964
SimpleAveraging,B0005,75.0,1.5849430707374117,1.5904650200790982
SimpleAveraging,B0005,76.0,1.5955263892495937,1.5896905633372078
SimpleAveraging,B0005,77.0,1.5747301747801037,1.6028647821551225
SimpleAveraging,B0005,78.0,1.5649019950937946,1.5823407115180443
SimpleAveraging,B0005,79.0,1.5597659473370362,1.572321077665205
SimpleAveraging,B0005,80.0,1.5594815668184234,1.5621785989718986
SimpleAveraging,B0005,81.0,1.55468935359061,1.5616946371208325
SimpleAveraging,B0005,82.0,1.5488741079890418,1.5627319092716303
SimpleAveraging,B0005,83.0,1.538236598942558,1.5556849776268473
SimpleAveraging,B0005,84.0,1.527914258251028,1.533136195217316
SimpleAveraging,B0005,85.0,1.5285252629756445,1.5277771141930772
SimpleAveraging,B0005,86.0,1.522647325284378,1.5277376828815086
SimpleAveraging,B0005,87.0,1.5174859938489869,1.5194421109223595
SimpleAveraging,B0005,88.0,1.605818899130659,1.5153523936221756
SimpleAveraging,B0005,89.0,1.5638491446744425,1.6023002564823234
SimpleAveraging,B0005,90.0,1.5480915247767786,1.564760680042275
SimpleAveraging,B0005,91.0,1.5323755631868592,1.5452136689779703
SimpleAveraging,B0005,92.0,1.5269528268489705,1.5333480965576867
SimpleAveraging,B0005,93.0,1.5169573017136326,1.5264893957486367
SimpleAveraging,B0005,94.0,1.5118975960142693,1.5120927422743409
SimpleAveraging,B0005,95.0,1.5065638960681105,1.509296611769058
SimpleAveraging,B0005,96.0,1.5015453526671363,1.5038480329829582
SimpleAveraging,B0005,97.0,1.4908444050400238,1.5010645938464067
SimpleAveraging,B0005,98.0,1.485868384561201,1.4954804592389568
SimpleAveraging,B0005,99.0,1.480413677976106,1.4817842708408218
SimpleAveraging,B0005,100.0,1.4752095869031632,1.4767010558702167
SimpleAveraging,B0005,101.0,1.4859035988304024,1.4727513431661332
SimpleAveraging,B0005,102.0,1.4960918298136696,1.478765902438916
SimpleAveraging,B0005,103.0,1.4808005946928984,1.4955588485059266
SimpleAveraging,B0005,104.0,1.4697543268466824,1.4741958787902048
SimpleAveraging,B0005,105.0,1.4539012274845928,1.4655080550039845
SimpleAveraging,B0005,106.0,1.4541462067235693,1.4572330932420283
SimpleAveraging,B0005,107.0,1.455023751906683,1.4570058088705922
SimpleAveraging,B0005,108.0,1.449042163761236,1.457092259437287
SimpleAveraging,B0005,109.0,1.4386709371480566,1.4537238125857128
SimpleAveraging,B0005,110.0,1.433445432156979,1.439424833753946
SimpleAveraging,B0005,111.0,1.4333958900838095,1.4364001428875655
SimpleAveraging,B0005,112.0,1.42806487344776,1.4360034579646852
SimpleAveraging,B0005,113.0,1.4229203181741186,1.4311898535130714
SimpleAveraging,B0005,114.0,1.417429032731308,1.4272912756130784
SimpleAveraging,B0005,115.0,1.412409228794446,1.4216781313121731
SimpleAveraging,B0005,116.0,1.412578792940193,1.413796188071165
SimpleAveraging,B0005,117.0,1.4075983731469897,1.413487937089814
SimpleAveraging,B0005,118.0,1.4333920485221476,1.4071988215334643
SimpleAveraging,B0005,119.0,1.4382550176792908,1.4283812045087416
SimpleAveraging,B0005,120.0,1.4173547174485526,1.4306062281418934
SimpleAveraging,B0005,121.0,1.406981663677643,1.4180753949024272
SimpleAveraging,B0005,122.0,1.4012037783587625,1.405071058803359
SimpleAveraging,B0005,123.0,1.3967008232726328,1.4001027129822838
SimpleAveraging,B0005,124.0,1.391284788852726,1.3973101910949302
SimpleAveraging,B0005,125.0,1.3862287677978349,1.3930460710326016
SimpleAveraging,B0005,126.0,1.3804366761974138,1.3897101073624103
SimpleAveraging,B0005,127.0,1.3752364150256224,1.379557196088014
SimpleAveraging,B0005,128.0,1.3705128024895008,1.376340374545383
SimpleAveraging,B0005,129.0,1.3705085566270399,1.3712715287237933
SimpleAveraging,B0005,130.0,1.3647355108681518,1.3708594777408127
SimpleAveraging,B0005,131.0,1.375392016895762,1.3658411524702627
SimpleAveraging,B0005,132.0,1.3861115151535393,1.3727511730887536
SimpleAveraging,B0005,133.0,1.3698500035838939,1.3837668675438326
SimpleAveraging,B0005,134.0,1.3647827949260758,1.3674878118766522
SimpleAveraging,B0005,135.0,1.3543220466259964,1.3643194157177763
SimpleAveraging,B0005,136.0,1.3546417018378962,1.356031720011202
SimpleAveraging,B0005,137.0,1.3547039213192407,1.3558412311270076
SimpleAveraging,B0005,138.0,1.349314997503458,1.3553448256137641
SimpleAveraging,B0005,139.0,1.3441891937970554,1.3500154904490764
SimpleAveraging,B0005,140.0,1.3389913790695755,1.3451948412443862
SimpleAveraging,B0005,141.0,1.3389145230206971,1.3270892328609103
SimpleAveraging,B0005,142.0,1.3340066759761655,1.3267211318063041
SimpleAveraging,B0005,143.0,1.3286444309174914,1.3226410159139226
SimpleAveraging,B0005,144.0,1.3231708992276219,1.319352603700371
SimpleAveraging,B0005,145.0,1.3181691588445197,1.313118047247567
SimpleAveraging,B0005,146.0,1.3184664436640334,1.3090114531538455
SimpleAveraging,B0005,147.0,1.318293040102702,1.308905320447264
SimpleAveraging,B0005,148.0,1.323872422244268,1.3070997609263089
SimpleAveraging,B0005,149.0,1.3601216766554785,1.309984172205152
SimpleAveraging,B0005,150.0,1.3395306867947354,1.3655785124717528
SimpleAveraging,B0005,151.0,1.3290286565120697,1.320995922397345
SimpleAveraging,B0005,152.0,1.3236741274998955,1.3113100416691228
SimpleAveraging,B0005,153.0,1.318633896753293,1.3073181171489134
SimpleAveraging,B0005,154.0,1.3134751321324272,1.3049867131501638
SimpleAveraging,B0005,155.0,1.3132020634442203,1.3003085980782616
SimpleAveraging,B0005,156.0,1.3077959946944353,1.3000708108584091
SimpleAveraging,B0005,157.0,1.3030329186405918,1.296989414887469
SimpleAveraging,B0005,158.0,1.3033573559038205,1.2936762754087474
SimpleAveraging,B0005,159.0,1.3034100438655642,1.2938335339175513
SimpleAveraging,B0005,160.0,1.2978870806495706,1.2938643301866455
SimpleAveraging,B0005,161.0,1.2980735056918902,1.2636304286968714
SimpleAveraging,B0005,162.0,1.293463613844243,1.263780591876393
SimpleAveraging,B0005,163.0,1.288003392619118,1.2613255298318211
SimpleAveraging,B0005,164.0,1.2874525221379407,1.258453646480299
SimpleAveraging,B0005,165.0,1.3090153642307354,1.2555529079160552
SimpleAveraging,B0005,166.0,1.3250793286429356,1.304445599151855
WeightedAveraging,B0005,0.0,1.846327249719927,1.8571806339330583
WeightedAveraging,B0005,1.0,1.8353491942234077,1.8478737143787967
WeightedAveraging,B0005,2.0,1.8352625275821128,1.8341671197220033
WeightedAveraging,B0005,3.0,1.8346455082120419,1.8342273458495046
WeightedAveraging,B0005,4.0,1.8356616600675495,1.8339256327210522
WeightedAveraging,B0005,5.0,1.8351461429226603,1.833917312128871
WeightedAveraging,B0005,6.0,1.8257567905665537,1.8330811791740327
WeightedAveraging,B0005,7.0,1.8247738529891333,1.8262301998479462
WeightedAveraging,B0005,8.0,1.824613268496936,1.8248965621747888
WeightedAveraging,B0005,9.0,1.8246195526864504,1.8247865320443886
WeightedAveraging,B0005,10.0,1.8142019357673917,1.823851780379988
WeightedAveraging,B0005,11.0,1.8137521577549054,1.81734271881711
WeightedAveraging,B0005,12.0,1.8134404914735822,1.8169924577584893
WeightedAveraging,B0005,13.0,1.8025980036306504,1.816086374634676
WeightedAveraging,B0005,14.0,1.80210690024615,1.8024218656817044
WeightedAveraging,B0005,15.0,1.802579500826209,1.801996166958899
WeightedAveraging,B0005,16.0,1.8030683142834096,1.8021714151878423
WeightedAveraging,B0005,17.0,1.8027776247196041,1.802336280083085
WeightedAveraging,B0005,18.0,1.8470259949329193,1.8008995491750983
WeightedAveraging,B0005,19.0,1.847417311283644,1.8541593754990147
WeightedAveraging,B0005,20.0,1.8361774213478947,1.8547217779854113
WeightedAveraging,B0005,21.0,1.8257807475776242,1.8374089427080764
WeightedAveraging,B0005,22.0,1.8251136435078368,1.830302942061941
WeightedAveraging,B0005,23.0,1.8255815042203762,1.829486407388396
WeightedAveraging,B0005,24.0,1.8140311275083907,1.829889738619072
WeightedAveraging,B0005,25.0,1.8147691941158939,1.820953521761913
WeightedAveraging,B0005,26.0,1.813969388710352,1.8202777752006538
WeightedAveraging,B0005,27.0,1.802765665167823,1.8187815161034615
WeightedAveraging,B0005,28.0,1.804077040117352,1.8033478994240655
WeightedAveraging,B0005,29.0,1.8518025516704486,1.8025744376193182
WeightedAveraging,B0005,30.0,1.8307038456739428,1.8510666917940717
WeightedAveraging,B0005,31.0,1.8199041089501267,1.8255393017196198
WeightedAveraging,B0005,32.0,1.8093079637028517,1.8169956732694104
WeightedAveraging,B0005,33.0,1.80460990458052,1.8039289454113505
WeightedAveraging,B0005,34.0,1.7993770651972192,1.800597485561144
WeightedAveraging,B0005,35.0,1.7884432335370462,1.7955770393023074
WeightedAveraging,B0005,36.0,1.7829230484252723,1.7868280957474507
WeightedAveraging,B0005,37.0,1.7730337158018288,1.781632194183467
WeightedAveraging,B0005,38.0,1.773037755078937,1.7665930668004248
WeightedAveraging,B0005,39.0,1.7678721106662054,1.7669368569021984
WeightedAveraging,B0005,40.0,1.7623150704093087,1.7623724986618199
WeightedAveraging,B0005,41.0,1.7676172924938447,1.7585173322454053
WeightedAveraging,B0005,42.0,1.762668359743147,1.7612784836048894
WeightedAveraging,B0005,43.0,1.7517304870664143,1.7594316412023552
WeightedAveraging,B0005,44.0,1.7418496047960008,1.746957109731372
WeightedAveraging,B0005,45.0,1.7360913511847138,1.7396656695475061
WeightedAveraging,B0005,46.0,1.7936240148573608,1.733608042501107
WeightedAveraging,B0005,47.0,1.7831890223273275,1.785171172810311
WeightedAveraging,B0005,48.0,1.7673642076278957,1.7767520940607942
WeightedAveraging,B0005,49.0,1.7570177850353066,1.7610204755900258
WeightedAveraging,B0005,50.0,1.7468706179837907,1.7509916709619848
WeightedAveraging,B0005,51.0,1.7417172507457144,1.7398261555375962
WeightedAveraging,B0005,52.0,1.7364225056478186,1.7362488549905146
WeightedAveraging,B0005,53.0,1.7263217239235826,1.7322943582418646
WeightedAveraging,B0005,54.0,1.7158065389330133,1.7200575998058625
WeightedAveraging,B0005,55.0,1.710533351135192,1.7111508248975646
WeightedAveraging,B0005,56.0,1.706014499648521,1.7077132744065315
WeightedAveraging,B0005,57.0,1.7003110272642588,1.703947919490005
WeightedAveraging,B0005,58.0,1.6945798601797895,1.6955836128965904
WeightedAveraging,B0005,59.0,1.6849029086609286,1.6907912807968968
WeightedAveraging,B0005,60.0,1.6744741591159717,1.6778603876374705
WeightedAveraging,B0005,61.0,1.6745692479879102,1.6693300900502193
WeightedAveraging,B0005,62.0,1.663716375981405,1.6720305322696225
WeightedAveraging,B0005,63.0,1.659013868748246,1.6626485661677526
WeightedAveraging,B0005,64.0,1.6538540573335014,1.6601017763320807
WeightedAveraging,B0005,65.0,1.642653782130131,1.6558580018299511
WeightedAveraging,B0005,66.0,1.6378578430223698,1.6397451676714436
WeightedAveraging,B0005,67.0,1.6327350407099108,1.6355721274808428
WeightedAveraging,B0005,68.0,1.6277528915533617,1.6313631679086364
WeightedAveraging,B0005,69.0,1.622125485521159,1.6275349575306566
WeightedAveraging,B0005,70.0,1.6113256603765849,1.6231935243962154
WeightedAveraging,B0005,71.0,1.6065631397488385,1.6152107069713824
WeightedAveraging,B0005,72.0,1.6015142233917594,1.6114053502731447
WeightedAveraging,B0005,73.0,1.590369231400328,1.6080553173674166
WeightedAveraging,B0005,74.0,1.5857889968242211,1.592194125122649
WeightedAveraging,B0005,75.0,1.5849430707374117,1.589690803747013
WeightedAveraging,B0005,76.0,1.5955263892495937,1.5888243688227315
WeightedAveraging,B0005,77.0,1.5747301747801037,1.6009249285456821
WeightedAveraging,B0005,78.0,1.5649019950937946,1.5808752598916203
WeightedAveraging,B0005,79.0,1.5597659473370362,1.5711099083220446
WeightedAveraging,B0005,80.0,1.5594815668184234,1.5622816255193093
WeightedAveraging,B0005,81.0,1.55468935359061,1.5617601573753395
WeightedAveraging,B0005,82.0,1.5488741079890418,1.5613936109763618
WeightedAveraging,B0005,83.0,1.538236598942558,1.5547409387598647
WeightedAveraging,B0005,84.0,1.527914258251028,1.535408053817739
WeightedAveraging,B0005,85.0,1.5285252629756445,1.5290377491601184
WeightedAveraging,B0005,86.0,1.522647325284378,1.5290476670644073
WeightedAveraging,B0005,87.0,1.5174859938489869,1.521447262449807
WeightedAveraging,B0005,88.0,1.605818899130659,1.517158052776936
WeightedAveraging,B0005,89.0,1.5638491446744425,1.6015797821154376
WeightedAveraging,B0005,90.0,1.5480915247767786,1.5641767302570004
WeightedAveraging,B0005,91.0,1.5323755631868592,1.5459787760040753
WeightedAveraging,B0005,92.0,1.5269528268489705,1.533548018840491
WeightedAveraging,B0005,93.0,1.5169573017136326,1.5271262737540399
WeightedAveraging,B0005,94.0,1.5118975960142693,1.514047583338894
WeightedAveraging,B0005,95.0,1.5065638960681105,1.5107507232508341
WeightedAveraging,B0005,96.0,1.5015453526671363,1.505403527715608
WeightedAveraging,B0005,97.0,1.4908444050400238,1.5021233518835817
WeightedAveraging,B0005,98.0,1.485868384561201,1.4954912674422023
WeightedAveraging,B0005,99.0,1.480413677976106,1.484032044708584
WeightedAveraging,B0005,100.0,1.4752095869031632,1.4789253181016797
WeightedAveraging,B0005,101.0,1.4859035988304024,1.474721864108652
WeightedAveraging,B0005,102.0,1.4960918298136696,1.481502865476196
WeightedAveraging,B0005,103.0,1.4808005946928984,1.4962624993847393
WeightedAveraging,B0005,104.0,1.4697543268466824,1.4767662496827425
WeightedAveraging,B0005,105.0,1.4539012274845928,1.4677091083748899
WeightedAveraging,B0005,106.0,1.4541462067235693,1.457886419991818
WeightedAveraging,B0005,107.0,1.455023751906683,1.45767297908046
WeightedAveraging,B0005,108.0,1.449042163761236,1.457836917216296
WeightedAveraging,B0005,109.0,1.4386709371480566,1.4538783149515795
WeightedAveraging,B0005,110.0,1.433445432156979,1.440735042665362
WeightedAveraging,B0005,111.0,1.4333958900838095,1.4371935391034405
WeightedAveraging,B0005,112.0,1.42806487344776,1.436782128040457
WeightedAveraging,B0005,113.0,1.4229203181741186,1.4318695602114948
WeightedAveraging,B0005,114.0,1.417429032731308,1.427681222520132
WeightedAveraging,B0005,115.0,1.412409228794446,1.4221245985175681
WeightedAveraging,B0005,116.0,1.412578792940193,1.414968818330653
WeightedAveraging,B0005,117.0,1.4075983731469897,1.4146670952808515
WeightedAveraging,B0005,118.0,1.4333920485221476,1.4087093394386452
WeightedAveraging,B0005,119.0,1.4382550176792908,1.4303728415631403
WeightedAveraging,B0005,120.0,1.4173547174485526,1.433059669873989
WeightedAveraging,B0005,121.0,1.406981663677643,1.41877896715208
WeightedAveraging,B0005,122.0,1.4012037783587625,1.406542020410114
WeightedAveraging,B0005,123.0,1.3967008232726328,1.4013811742238151
WeightedAveraging,B0005,124.0,1.391284788852726,1.3981419295157247
WeightedAveraging,B0005,125.0,1.3862287677978349,1.393585003004602
WeightedAveraging,B0005,126.0,1.3804366761974138,1.3898039531791722
WeightedAveraging,B0005,127.0,1.3752364150256224,1.3807365468728268
WeightedAveraging,B0005,128.0,1.3705128024895008,1.3770053613736573
WeightedAveraging,B0005,129.0,1.3705085566270399,1.37199344203831
WeightedAveraging,B0005,130.0,1.3647355108681518,1.3715710588065209
WeightedAveraging,B0005,131.0,1.375392016895762,1.366350051172438
WeightedAveraging,B0005,132.0,1.3861115151535393,1.373916626156586
WeightedAveraging,B0005,133.0,1.3698500035838939,1.384598008686712
WeightedAveraging,B0005,134.0,1.3647827949260758,1.3684630731532976
WeightedAveraging,B0005,135.0,1.3543220466259964,1.3647932195983608
WeightedAveraging,B0005,136.0,1.3546417018378962,1.356013738584069
WeightedAveraging,B0005,137.0,1.3547039213192407,1.3558443369912192
WeightedAveraging,B0005,138.0,1.349314997503458,1.3553883638686453
WeightedAveraging,B0005,139.0,1.3441891937970554,1.3500221715160143
WeightedAveraging,B0005,140.0,1.3389913790695755,1.3451008334451038
WeightedAveraging,B0005,141.0,1.3389145230206971,1.3302005925290707
WeightedAveraging,B0005,142.0,1.3340066759761655,1.3298151157829259
WeightedAveraging,B0005,143.0,1.3286444309174914,1.3255067718438052
WeightedAveraging,B0005,144.0,1.3231708992276219,1.3216882826686005
WeightedAveraging,B0005,145.0,1.3181691588445197,1.315638270272792
WeightedAveraging,B0005,146.0,1.3184664436640334,1.3113002637775848
WeightedAveraging,B0005,147.0,1.318293040102702,1.311213048355832
WeightedAveraging,B0005,148.0,1.323872422244268,1.3097454656280028
WeightedAveraging,B0005,149.0,1.3601216766554785,1.313161176156533
WeightedAveraging,B0005,150.0,1.3395306867947354,1.3634873913750323
WeightedAveraging,B0005,151.0,1.3290286565120697,1.325043579879743
WeightedAveraging,B0005,152.0,1.3236741274998955,1.3152180631741004
WeightedAveraging,B0005,153.0,1.318633896753293,1.310902765940107
WeightedAveraging,B0005,154.0,1.3134751321324272,1.30791484033306
WeightedAveraging,B0005,155.0,1.3132020634442203,1.3031464576606477
WeightedAveraging,B0005,156.0,1.3077959946944353,1.3028722614351125
WeightedAveraging,B0005,157.0,1.3030329186405918,1.299256537450789
WeightedAveraging,B0005,158.0,1.3033573559038205,1.2956282069713303
WeightedAveraging,B0005,159.0,1.3034100438655642,1.2958070166472284
WeightedAveraging,B0005,160.0,1.2978870806495706,1.295833003448132
WeightedAveraging,B0005,161.0,1.2980735056918902,1.2718559314945264
WeightedAveraging,B0005,162.0,1.293463613844243,1.2720142581716973
WeightedAveraging,B0005,163.0,1.288003392619118,1.269102100065488
WeightedAveraging,B0005,164.0,1.2874525221379407,1.2656906357205584
WeightedAveraging,B0005,165.0,1.3090153642307354,1.2634071915943363
WeightedAveraging,B0005,166.0,1.3250793286429356,1.3051614957496478
LinearRegression,B0006,0.0,2.0251402460314116,2.0275333464326875
LinearRegression,B0006,1.0,2.013326371345464,2.0174896260600796
LinearRegression,B0006,2.0,2.0132846655407413,2.0058630863116615
LinearRegression,B0006,3.0,2.000528337624771,2.0057632242759658
LinearRegression,B0006,4.0,2.0138990759931645,1.99321388476555
LinearRegression,B0006,5.0,2.013101105626967,2.006246770219567
LinearRegression,B0006,6.0,1.9687898262728398,2.0054064144011514
LinearRegression,B0006,7.0,1.9681661764334244,1.9619601552884094
LinearRegression,B0006,8.0,1.9572307917560536,1.9612904848000463
LinearRegression,B0006,9.0,1.9455991514129352,1.950524115450548
LinearRegression,B0006,10.0,1.9347505044841131,1.9390760098173025
LinearRegression,B0006,11.0,1.9232799539368028,1.9283945694289102
LinearRegression,B0006,12.0,1.911889930948487,1.9171041943020668
LinearRegression,B0006,13.0,1.9010667141979305,1.9058926674510923
LinearRegression,B0006,14.0,1.8891989948061458,1.8952361269322144
LinearRegression,B0006,15.0,1.878278372248849,1.883556865329652
LinearRegression,B0006,16.0,1.8675697161520206,1.87280495025805
LinearRegression,B0006,17.0,1.8675892574453767,1.8622605813999258
LinearRegression,B0006,18.0,1.979626548250818,1.8622206892446755
LinearRegression,B0006,19.0,1.9575499080884022,1.9718625821332578
LinearRegression,B0006,20.0,1.9458150170787551,1.9501872917015939
LinearRegression,B0006,21.0,1.9242461121680094,1.9386380885417407
LinearRegression,B0006,22.0,1.9459811331421641,1.9174599452941206
LinearRegression,B0006,23.0,1.901407930553079,1.9386826886126893
LinearRegression,B0006,24.0,1.878674213680085,1.8949799682866149
LinearRegression,B0006,25.0,1.8683061328264219,1.8726613035072168
LinearRegression,B0006,26.0,1.8560244070082998,1.8624504076993444
LinearRegression,B0006,27.0,1.8451997961855777,1.8503657731620633
LinearRegression,B0006,28.0,1.857228890885317,1.8397078676423326
LinearRegression,B0006,29.0,1.9247760889090635,1.851427087421832
LinearRegression,B0006,30.0,1.8822317526092551,1.917506662603473
LinearRegression,B0006,31.0,1.855276687885587,1.8757904995613324
LinearRegression,B0006,32.0,1.8392508917181876,1.8493385168964247
LinearRegression,B0006,33.0,1.8185396073994429,1.8335878890587323
LinearRegression,B0006,34.0,1.8134770059567056,1.8132494819942682
LinearRegression,B0006,35.0,1.7971018450305436,1.8082334276721272
LinearRegression,B0006,36.0,1.7810046294120476,1.7921407205609323
LinearRegression,B0006,37.0,1.7710130422682329,1.7763201626191518
LinearRegression,B0006,38.0,1.7604712448170943,1.7664779093017224
LinearRegression,B0006,39.0,1.7502913788006587,1.7560969194990514
LinearRegression,B0006,40.0,1.7394925037732578,1.7460703135863855
LinearRegression,B0006,41.0,1.7546766553637203,1.7354376071800333
LinearRegression,B0006,42.0,1.7659390941842175,1.7502460898057925
LinearRegression,B0006,43.0,1.7337887419624838,1.761214641180366
LinearRegression,B0006,44.0,1.713325912040734,1.7296757110532412
LinearRegression,B0006,45.0,1.7024077813673466,1.709580577236839
LinearRegression,B0006,46.0,1.82371946178183,1.6988311020845934
LinearRegression,B0006,47.0,1.8081284050314708,1.8175539809056949
LinearRegression,B0006,48.0,1.7757610945034283,1.8022290266375716
LinearRegression,B0006,49.0,1.7447409841836798,1.7704776625486895
LinearRegression,B0006,50.0,1.729207034132373,1.7400454048005496
LinearRegression,B0006,51.0,1.7081086552553244,1.724776366355743
LinearRegression,B0006,52.0,1.6975954237461768,1.704058937017394
LinearRegression,B0006,53.0,1.6820634524029463,1.6937059174562488
LinearRegression,B0006,54.0,1.6714768322295086,1.6784388164564885
LinearRegression,B0006,55.0,1.6607591387047655,1.6680139386430897
LinearRegression,B0006,56.0,1.651121015038069,1.6574607208192418
LinearRegression,B0006,57.0,1.6401349256190927,1.6479645600209623
LinearRegression,B0006,58.0,1.6291999416165441,1.6371485433022412
LinearRegression,B0006,59.0,1.6088496302961666,1.6263825662720843
LinearRegression,B0006,60.0,1.6035244898969248,1.6063976046480617
LinearRegression,B0006,61.0,1.5989712144027983,1.6011244862310035
LinearRegression,B0006,62.0,1.5876273123575604,1.5966071366182155
LinearRegression,B0006,63.0,1.5829719744686166,1.5854407689262735
LinearRegression,B0006,64.0,1.567137636713563,1.58082348527894
LinearRegression,B0006,65.0,1.5613446139713882,1.5652603232716116
LinearRegression,B0006,66.0,1.5511711892790419,1.559529079505786
LinearRegression,B0006,67.0,1.5406741606295171,1.5495087805929233
LinearRegression,B0006,68.0,1.5253138744624433,1.5391716260047312
LinearRegression,B0006,69.0,1.5301570318067428,1.524072629940737
LinearRegression,B0006,70.0,1.5246566834474087,1.5287557644588305
LinearRegression,B0006,71.0,1.5145492986655427,1.5233110917845187
LinearRegression,B0006,72.0,1.509391504602082,1.5133554556174904
LinearRegression,B0006,73.0,1.5039974333050705,1.5082461937759213
LinearRegression,B0006,74.0,1.4935201918040188,1.5029055819130033
LinearRegression,B0006,75.0,1.4876323024497422,1.492587801841572
LinearRegression,B0006,76.0,1.5302876214401704,1.4867636697665123
LinearRegression,B0006,77.0,1.5040760088360112,1.528470449231748
LinearRegression,B0006,78.0,1.4887593608730894,1.5027464150921188
LinearRegression,B0006,79.0,1.4782779285546637,1.4876901472220794
LinearRegression,B0006,80.0,1.478459982215684,1.4773682637265713
LinearRegression,B0006,81.0,1.473214844899973,1.4774874949839474
LinearRegression,B0006,82.0,1.4675164935067897,1.4722927113044544
LinearRegression,B0006,83.0,1.4516292657521335,1.466654164656676
LinearRegression,B0006,84.0,1.4519237720967177,1.4510392155924512
LinearRegression,B0006,85.0,1.4471484694777745,1.4512685544990167
LinearRegression,B0006,86.0,1.4468538105659885,1.446533807808675
LinearRegression,B0006,87.0,1.4416741930284678,1.4461862676287924
LinearRegression,B0006,88.0,1.5935866593100128,1.4410556374094332
LinearRegression,B0006,89.0,1.5463902376915637,1.58974116797334
LinearRegression,B0006,90.0,1.51470559175661,1.5434699319704661
LinearRegression,B0006,91.0,1.4989786083335404,1.512386996514388
LinearRegression,B0006,92.0,1.4831110745410492,1.4969289501232494
LinearRegression,B0006,93.0,1.4729664825468278,1.4813332843327403
LinearRegression,B0006,94.0,1.4627604396099307,1.471341216854733
LinearRegression,B0006,95.0,1.4518364681062514,1.4612889799025608
LinearRegression,B0006,96.0,1.4468670644030392,1.450533785721899
LinearRegression,B0006,97.0,1.441380399427779,1.445608985638284
LinearRegression,B0006,98.0,1.431210744960774,1.4401777110013119
LinearRegression,B0006,99.0,1.4260247179525716,1.430161103691318
LinearRegression,B0006,100.0,1.420487649966195,1.4250241976613072
LinearRegression,B0006,101.0,1.4207006230355006,1.4195435710934587
LinearRegression,B0006,102.0,1.452255804330839,1.4196930769805967
LinearRegression,B0006,103.0,1.431557632772571,1.450531195702934
LinearRegression,B0006,104.0,1.415015751158943,1.430205627951724
LinearRegression,B0006,105.0,1.4097311506517451,1.413949676866385
LinearRegression,B0006,106.0,1.404917318129309,1.4087162529418897
LinearRegression,B0006,107.0,1.395164296571563,1.4039437798321985
LinearRegression,B0006,108.0,1.3945343832614077,1.3943351171684286
LinearRegression,B0006,109.0,1.3893171179312644,1.3936593138247433
LinearRegression,B0006,110.0,1.3838379472327809,1.3884918209017876
LinearRegression,B0006,111.0,1.3736814238195123,1.3830678842595352
LinearRegression,B0006,112.0,1.3786059891863676,1.373064134174576
LinearRegression,B0006,113.0,1.3737600299108574,1.3778269790713347
LinearRegression,B0006,114.0,1.3682580583942712,1.3730230491644824
LinearRegression,B0006,115.0,1.3633024037317505,1.367576787181462
LinearRegression,B0006,116.0,1.3580966140172601,1.3626654494226327
LinearRegression,B0006,117.0,1.353269090999531,1.3575091928083405
LinearRegression,B0006,118.0,1.3841605738237488,1.3527233146983846
LinearRegression,B0006,119.0,1.4051467790651473,1.3829115753994672
LinearRegression,B0006,120.0,1.378719022627353,1.4034011184297306
LinearRegression,B0006,121.0,1.3682657783199066,1.3774654478163944
LinearRegression,B0006,122.0,1.3573151296618016,1.3671711645125926
LinearRegression,B0006,123.0,1.3524934638801596,1.3563898494900997
LinearRegression,B0006,124.0,1.3474099151661236,1.3516097064722363
LinearRegression,B0006,125.0,1.3370075130842318,1.3465731417031541
LinearRegression,B0006,126.0,1.3312352966718526,1.3363286403854995
LinearRegression,B0006,127.0,1.3259303781727643,1.3306177690642385
LinearRegression,B0006,128.0,1.321578743867529,1.3253644508495188
LinearRegression,B0006,129.0,1.321225074066109,1.321044537496897
LinearRegression,B0006,130.0,1.3156485301862682,1.320639217012194
LinearRegression,B0006,131.0,1.3209025697502388,1.3151199377622467
LinearRegression,B0006,132.0,1.3474328767273906,1.3202053861591014
LinearRegression,B0006,133.0,1.3260128072353616,1.346123416884312
LinearRegression,B0006,134.0,1.3101186784831063,1.3250910053129101
LinearRegression,B0006,135.0,1.30521620229393,1.3094692991611827
LinearRegression,B0006,136.0,1.3004061951355774,1.3046100309172985
LinearRegression,B0006,137.0,1.300235735841116,1.2998413033993816
LinearRegression,B0006,138.0,1.2895066722480755,1.2996153728375217
LinearRegression,B0006,139.0,1.279253057384795,1.2890510220513323
LinearRegression,B0006,140.0,1.2792078171714618,1.2789522052149322
LinearRegression,B0006,141.0,1.274036760902923,1.2788488824754891
LinearRegression,B0006,142.0,1.2741273923001468,1.2737266349925112
LinearRegression,B0006,143.0,1.2637639426440779,1.2737563504621694
LinearRegression,B0006,144.0,1.2581373688955233,1.2635499892751159
LinearRegression,B0006,145.0,1.253259864055301,1.2579817234553619
LinearRegression,B0006,146.0,1.2532313315493426,1.253146905819887
LinearRegression,B0006,147.0,1.2480874960313577,1.2530599423732955
LinearRegression,B0006,148.0,1.2534354284944844,1.2479643479923839
LinearRegression,B0006,149.0,1.2898048773266901,1.2531417312908701
LinearRegression,B0006,150.0,1.2635402021758835,1.2886937231219089
LinearRegression,B0006,151.0,1.2479761706842853,1.2629177329765517
LinearRegression,B0006,152.0,1.2321202877943334,1.247619240395394
LinearRegression,B0006,153.0,1.2271137666213534,1.2320349825450858
LinearRegression,B0006,154.0,1.2217397581377356,1.2270738390216307
LinearRegression,B0006,155.0,1.211102678915174,1.22175287159181
LinearRegression,B0006,156.0,1.2056159765131735,1.2112785869781175
LinearRegression,B0006,157.0,1.2008936262717274,1.2058472756948841
LinearRegression,B0006,158.0,1.1905903985558335,1.2011643771385343
LinearRegression,B0006,159.0,1.185179251041941,1.1910169820521743
LinearRegression,B0006,160.0,1.1796706818144624,1.185659650071619
LinearRegression,B0006,161.0,1.1745952836753915,1.1802069279632075
LinearRegression,B0006,162.0,1.15381833159625,1.1751783438009056
LinearRegression,B0006,163.0,1.1644009557372264,1.1547756383800514
LinearRegression,B0006,164.0,1.1587974947916069,1.1650785516046565
LinearRegression,B0006,165.0,1.1749748834769171,1.1595329166045207
LinearRegression,B0006,166.0,1.1856752327929356,1.1753139238347214
Ridge,B0006,0.0,2.0251402460314116,2.0252919214459655
Ridge,B0006,1.0,2.013326371345464,2.0153363650641
Ridge,B0006,2.0,2.0132846655407413,2.0038190716005704
Ridge,B0006,3.0,2.000528337624771,2.0036749267650253
Ridge,B0006,4.0,2.0138990759931645,1.9912471247309753
Ridge,B0006,5.0,2.013101105626967,2.004060806323548
Ridge,B0006,6.0,1.9687898262728398,2.003186030680162
Ridge,B0006,7.0,1.9681661764334244,1.96027283922672
Ridge,B0006,8.0,1.9572307917560536,1.959566475477523
Ridge,B0006,9.0,1.9455991514129352,1.9488978954105267
Ridge,B0006,10.0,1.9347505044841131,1.9375566594166982
Ridge,B0006,11.0,1.9232799539368028,1.9269718771031874
Ridge,B0006,12.0,1.911889930948487,1.9157862707311104
Ridge,B0006,13.0,1.9010667141979305,1.9046784624187052
Ridge,B0006,14.0,1.8891989948061458,1.8941182483219752
Ridge,B0006,15.0,1.878278372248849,1.882548935230755
Ridge,B0006,16.0,1.8675697161520206,1.8718946169185262
Ridge,B0006,17.0,1.8675892574453767,1.861445080416971
Ridge,B0006,18.0,1.979626548250818,1.8613601066956458
Ridge,B0006,19.0,1.9575499080884022,1.9694960162310267
Ridge,B0006,20.0,1.9458150170787551,1.9480638159839079
Ridge,B0006,21.0,1.9242461121680094,1.9366228290276002
Ridge,B0006,22.0,1.9459811331421641,1.9156811542341314
Ridge,B0006,23.0,1.901407930553079,1.9365756092340156
Ridge,B0006,24.0,1.878674213680085,1.8934093724912686
Ridge,B0006,25.0,1.8683061328264219,1.8713423672931848
Ridge,B0006,26.0,1.8560244070082998,1.8612218621620267
Ridge,B0006,27.0,1.8451997961855777,1.8492525754833409
Ridge,B0006,28.0,1.857228890885317,1.8386910145668276
Ridge,B0006,29.0,1.9247760889090635,1.8502085277979574
Ridge,B0006,30.0,1.8822317526092551,1.9153623460310278
Ridge,B0006,31.0,1.855276687885587,1.874156206708481
Ridge,B0006,32.0,1.8392508917181876,1.848010937173508
Ridge,B0006,33.0,1.8185396073994429,1.8324244862334536
Ridge,B0006,34.0,1.8134770059567056,1.8123113627934067
Ridge,B0006,35.0,1.7971018450305436,1.8073165066817254
Ridge,B0006,36.0,1.7810046294120476,1.7913925327782414
Ridge,B0006,37.0,1.7710130422682329,1.7757370831650925
Ridge,B0006,38.0,1.7604712448170943,1.765980310406686
Ridge,B0006,39.0,1.7502913788006587,1.7556919768403285
Ridge,B0006,40.0,1.7394925037732578,1.7457533069630964
Ridge,B0006,41.0,1.7546766553637203,1.735216609521462
Ridge,B0006,42.0,1.7659390941842175,1.7497822382961237
Ridge,B0006,43.0,1.7337887419624838,1.7605590816176464
Ridge,B0006,44.0,1.713325912040734,1.729394619996936
Ridge,B0006,45.0,1.7024077813673466,1.709521529537456
Ridge,B0006,46.0,1.82371946178183,1.6988696186461834
Ridge,B0006,47.0,1.8081284050314708,1.8159655603151243
Ridge,B0006,48.0,1.7757610945034283,1.800799113203959
Ridge,B0006,49.0,1.7447409841836798,1.769425047126447
Ridge,B0006,50.0,1.729207034132373,1.7393525176098839
Ridge,B0006,51.0,1.7081086552553244,1.7242412415536472
Ridge,B0006,52.0,1.6975954237461768,1.7037541442104822
Ridge,B0006,53.0,1.6820634524029463,1.6934934083372295
Ridge,B0006,54.0,1.6714768322295086,1.6783840439203237
Ridge,B0006,55.0,1.6607591387047655,1.668052406907697
Ridge,B0006,56.0,1.651121015038069,1.657594139303834
Ridge,B0006,57.0,1.6401349256190927,1.6481788493002532
Ridge,B0006,58.0,1.6291999416165441,1.637461283140019
Ridge,B0006,59.0,1.6088496302961666,1.6267930901668837
Ridge,B0006,60.0,1.6035244898969248,1.6070287044660367
Ridge,B0006,61.0,1.5989712144027983,1.601780208213521
Ridge,B0006,62.0,1.5876273123575604,1.5972774143354083
Ridge,B0006,63.0,1.5829719744686166,1.5862141636865723
Ridge,B0006,64.0,1.567137636713563,1.5816127668409607
Ridge,B0006,65.0,1.5613446139713882,1.566211284788259
Ridge,B0006,66.0,1.5511711892790419,1.5605107651677237
Ridge,B0006,67.0,1.5406741606295171,1.5505783182844841
Ridge,B0006,68.0,1.5253138744624433,1.540333236071364
Ridge,B0006,69.0,1.5301570318067428,1.5253897375238108
Ridge,B0006,70.0,1.5246566834474087,1.5299648823265413
Ridge,B0006,71.0,1.5145492986655427,1.5245471168262734
Ridge,B0006,72.0,1.509391504602082,1.5146784714162247
Ridge,B0006,73.0,1.5039974333050705,1.509591649258635
Ridge,B0006,74.0,1.4935201918040188,1.5042765585362892
Ridge,B0006,75.0,1.4876323024497422,1.4940505927818928
Ridge,B0006,76.0,1.5302876214401704,1.4882584220739363
Ridge,B0006,77.0,1.5040760088360112,1.5293640769879053
Ridge,B0006,78.0,1.4887593608730894,1.5039370600993458
Ridge,B0006,79.0,1.4782779285546637,1.4890357206294178
Ridge,B0006,80.0,1.478459982215684,1.478805706106324
Ridge,B0006,81.0,1.473214844899973,1.4788777363602201
Ridge,B0006,82.0,1.4675164935067897,1.473706531469124
Ridge,B0006,83.0,1.4516292657521335,1.4680974742913855
Ridge,B0006,84.0,1.4519237720967177,1.4526448949572495
Ridge,B0006,85.0,1.4471484694777745,1.4528255662862688
Ridge,B0006,86.0,1.4468538105659885,1.4481082709415647
Ridge,B0006,87.0,1.4416741930284678,1.4477197469001513
Ridge,B0006,88.0,1.5935866593100128,1.4426118409799544
Ridge,B0006,89.0,1.5463902376915637,1.5892713481490706
Ridge,B0006,90.0,1.51470559175661,1.543570806962875
Ridge,B0006,91.0,1.4989786083335404,1.512856266411933
Ridge,B0006,92.0,1.4831110745410492,1.4975584998925224
Ridge,B0006,93.0,1.4729664825468278,1.482124946989373
Ridge,B0006,94.0,1.4627604396099307,1.4722203555136142
Ridge,B0006,95.0,1.4518364681062514,1.4622563959883967
Ridge,B0006,96.0,1.4468670644030392,1.4515988422430595
Ridge,B0006,97.0,1.441380399427779,1.4466940249130256
Ridge,B0006,98.0,1.431210744960774,1.4412894789955188
Ridge,B0006,99.0,1.4260247179525716,1.4313606745450038
Ridge,B0006,100.0,1.420487649966195,1.4262465764045433
Ridge,B0006,101.0,1.4207006230355006,1.4207933358970672
Ridge,B0006,102.0,1.452255804330839,1.4208952375391048
Ridge,B0006,103.0,1.431557632772571,1.451276996366373
Ridge,B0006,104.0,1.415015751158943,1.4311765412269026
Ridge,B0006,105.0,1.4097311506517451,1.4150914976703204
Ridge,B0006,106.0,1.404917318129309,1.409882167201292
Ridge,B0006,107.0,1.395164296571563,1.4051276479326475
Ridge,B0006,108.0,1.3945343832614077,1.3956013545273032
Ridge,B0006,109.0,1.3893171179312644,1.3948889396090847
Ridge,B0006,110.0,1.3838379472327809,1.389744661976476
Ridge,B0006,111.0,1.3736814238195123,1.3843473563155866
Ridge,B0006,112.0,1.3786059891863676,1.3744312378388535
Ridge,B0006,113.0,1.3737600299108574,1.3790850313213114
Ridge,B0006,114.0,1.3682580583942712,1.374299474242954
Ridge,B0006,115.0,1.3633024037317505,1.3688801406027058
Ridge,B0006,116.0,1.3580966140172601,1.3639886062866053
Ridge,B0006,117.0,1.353269090999531,1.3588554153011332
Ridge,B0006,118.0,1.3841605738237488,1.3540876695795445
Ridge,B0006,119.0,1.4051467790651473,1.3838282261413355
Ridge,B0006,120.0,1.378719022627353,1.4039992466824096
Ridge,B0006,121.0,1.3682657783199066,1.3783634122029915
Ridge,B0006,122.0,1.3573151296618016,1.3681606302520457
Ridge,B0006,123.0,1.3524934638801596,1.357477303580299
Ridge,B0006,124.0,1.3474099151661236,1.352715216562492
Ridge,B0006,125.0,1.3370075130842318,1.3477001231918797
Ridge,B0006,126.0,1.3312352966718526,1.3375464601580715
Ridge,B0006,127.0,1.3259303781727643,1.3318660416322077
Ridge,B0006,128.0,1.321578743867529,1.3266370818540922
Ridge,B0006,129.0,1.321225074066109,1.322329094492427
Ridge,B0006,130.0,1.3156485301862682,1.321883559748462
Ridge,B0006,131.0,1.3209025697502388,1.3163921813916124
Ridge,B0006,132.0,1.3474328767273906,1.3213642814708144
Ridge,B0006,133.0,1.3260128072353616,1.3468914852000138
Ridge,B0006,134.0,1.3101186784831063,1.3260936010160116
Ridge,B0006,135.0,1.30521620229393,1.3106343545951078
Ridge,B0006,136.0,1.3004061951355774,1.3057941962563024
Ridge,B0006,137.0,1.300235735841116,1.3010433726901847
Ridge,B0006,138.0,1.2895066722480755,1.3007748384927522
Ridge,B0006,139.0,1.279253057384795,1.290305586211557
Ridge,B0006,140.0,1.2792078171714618,1.280295667220863
Ridge,B0006,141.0,1.274036760902923,1.2801481077762649
Ridge,B0006,142.0,1.2741273923001468,1.2750484729389548
Ridge,B0006,143.0,1.2637639426440779,1.275032179706792
Ridge,B0006,144.0,1.2581373688955233,1.2649161487977667
Ridge,B0006,145.0,1.253259864055301,1.2593764363456064
Ridge,B0006,146.0,1.2532313315493426,1.2545604029463904
Ridge,B0006,147.0,1.2480874960313577,1.2544289848977508
Ridge,B0006,148.0,1.2534354284944844,1.2493556481576682
Ridge,B0006,149.0,1.2898048773266901,1.2544184586155598
Ridge,B0006,150.0,1.2635402021758835,1.2894513043227485
Ridge,B0006,151.0,1.2479761706842853,1.2639730234542297
Ridge,B0006,152.0,1.2321202877943334,1.2488326855747363
Ridge,B0006,153.0,1.2271137666213534,1.2334103886642218
Ridge,B0006,154.0,1.2217397581377356,1.228469711969221
Ridge,B0006,155.0,1.211102678915174,1.2231740040267964
Ridge,B0006,156.0,1.2056159765131735,1.2127936182856134
Ridge,B0006,157.0,1.2008936262717274,1.2073890362099542
Ridge,B0006,158.0,1.1905903985558335,1.202722898410266
Ridge,B0006,159.0,1.185179251041941,1.1926650482055092
Ridge,B0006,160.0,1.1796706818144624,1.1873334600684091
Ridge,B0006,161.0,1.1745952836753915,1.1819077523481307
Ridge,B0006,162.0,1.15381833159625,1.1769005332869522
Ridge,B0006,163.0,1.1644009557372264,1.1567239679096892
Ridge,B0006,164.0,1.1587974947916069,1.1668440390197627
Ridge,B0006,165.0,1.1749748834769171,1.1613266559569988
Ridge,B0006,166.0,1.1856752327929356,1.1768518558367393
DecisionTreeRegressor,B0006,0.0,2.0251402460314116,1.8738881321532794
DecisionTreeRegressor,B0006,1.0,2.013326371345464,1.8738881321532794
DecisionTreeRegressor,B0006,2.0,2.0132846655407413,1.8738881321532794
DecisionTreeRegressor,B0006,3.0,2.000528337624771,1.8738881321532794
DecisionTreeRegressor,B0006,4.0,2.0138990759931645,1.8738881321532794
DecisionTreeRegressor,B0006,5.0,2.013101105626967,1.8738881321532794
DecisionTreeRegressor,B0006,6.0,1.9687898262728398,1.8738881321532794
DecisionTreeRegressor,B0006,7.0,1.9681661764334244,1.8738881321532794
DecisionTreeRegressor,B0006,8.0,1.9572307917560536,1.8738881321532794
DecisionTreeRegressor,B0006,9.0,1.9455991514129352,1.8738881321532794
DecisionTreeRegressor,B0006,10.0,1.9347505044841131,1.8738881321532794
DecisionTreeRegressor,B0006,11.0,1.9232799539368028,1.8738881321532794
DecisionTreeRegressor,B0006,12.0,1.911889930948487,1.8738881321532794
DecisionTreeRegressor,B0006,13.0,1.9010667141979305,1.8738881321532794
DecisionTreeRegressor,B0006,14.0,1.8891989948061458,1.8738881321532794
DecisionTreeRegressor,B0006,15.0,1.878278372248849,1.8738881321532794
DecisionTreeRegressor,B0006,16.0,1.8675697161520206,1.8738881321532794
DecisionTreeRegressor,B0006,17.0,1.8675892574453767,1.8738881321532794
DecisionTreeRegressor,B0006,18.0,1.979626548250818,1.8738881321532794
DecisionTreeRegressor,B0006,19.0,1.9575499080884022,1.8738881321532794
DecisionTreeRegressor,B0006,20.0,1.9458150170787551,1.8738881321532794
DecisionTreeRegressor,B0006,21.0,1.9242461121680094,1.8738881321532794
DecisionTreeRegressor,B0006,22.0,1.9459811331421641,1.8738881321532794
DecisionTreeRegressor,B0006,23.0,1.901407930553079,1.8738881321532794
DecisionTreeRegressor,B0006,24.0,1.878674213680085,1.8738881321532794
DecisionTreeRegressor,B0006,25.0,1.8683061328264219,1.8738881321532794
DecisionTreeRegressor,B0006,26.0,1.8560244070082998,1.8738881321532794
DecisionTreeRegressor,B0006,27.0,1.8451997961855777,1.8532274172400474
DecisionTreeRegressor,B0006,28.0,1.857228890885317,1.8291425250687636
DecisionTreeRegressor,B0006,29.0,1.9247760889090635,1.8532274172400474
DecisionTreeRegressor,B0006,30.0,1.8822317526092551,1.8738881321532794
DecisionTreeRegressor,B0006,31.0,1.855276687885587,1.8738881321532794
DecisionTreeRegressor,B0006,32.0,1.8392508917181876,1.8532274172400474
DecisionTreeRegressor,B0006,33.0,1.8185396073994429,1.8291425250687636
DecisionTreeRegressor,B0006,34.0,1.8134770059567056,1.8107233999409575
DecisionTreeRegressor,B0006,35.0,1.7971018450305436,1.8107233999409575
DecisionTreeRegressor,B0006,36.0,1.7810046294120476,1.7827127739764153
DecisionTreeRegressor,B0006,37.0,1.7710130422682329,1.7827127739764153
DecisionTreeRegressor,B0006,38.0,1.7604712448170943,1.7699508097222836
DecisionTreeRegressor,B0006,39.0,1.7502913788006587,1.7456836743556894
DecisionTreeRegressor,B0006,40.0,1.7394925037732578,1.7456836743556894
DecisionTreeRegressor,B0006,41.0,1.7546766553637203,1.7456836743556894
DecisionTreeRegressor,B0006,42.0,1.7659390941842175,1.7456836743556894
DecisionTreeRegressor,B0006,43.0,1.7337887419624838,1.7456836743556894
DecisionTreeRegressor,B0006,44.0,1.713325912040734,1.7131498509421041
DecisionTreeRegressor,B0006,45.0,1.7024077813673466,1.7131498509421041
DecisionTreeRegressor,B0006,46.0,1.82371946178183,1.697302578908182
DecisionTreeRegressor,B0006,47.0,1.8081284050314708,1.8107233999409575
DecisionTreeRegressor,B0006,48.0,1.7757610945034283,1.8107233999409575
DecisionTreeRegressor,B0006,49.0,1.7447409841836798,1.7699508097222836
DecisionTreeRegressor,B0006,50.0,1.729207034132373,1.7456836743556894
DecisionTreeRegressor,B0006,51.0,1.7081086552553244,1.7131498509421041
DecisionTreeRegressor,B0006,52.0,1.6975954237461768,1.7131498509421041
DecisionTreeRegressor,B0006,53.0,1.6820634524029463,1.697302578908182
DecisionTreeRegressor,B0006,54.0,1.6714768322295086,1.6670667536374062
DecisionTreeRegressor,B0006,55.0,1.6607591387047655,1.6670667536374062
DecisionTreeRegressor,B0006,56.0,1.651121015038069,1.6670667536374062
DecisionTreeRegressor,B0006,57.0,1.6401349256190927,1.6476585213364006
DecisionTreeRegressor,B0006,58.0,1.6291999416165441,1.6317946085639667
DecisionTreeRegressor,B0006,59.0,1.6088496302961666,1.6043789042670127
DecisionTreeRegressor,B0006,60.0,1.6035244898969248,1.6043789042670127
DecisionTreeRegressor,B0006,61.0,1.5989712144027983,1.6043789042670127
DecisionTreeRegressor,B0006,62.0,1.5876273123575604,1.6043789042670127
DecisionTreeRegressor,B0006,63.0,1.5829719744686166,1.5852767544779847
DecisionTreeRegressor,B0006,64.0,1.567137636713563,1.5852767544779847
DecisionTreeRegressor,B0006,65.0,1.5613446139713882,1.562457363798937
DecisionTreeRegressor,B0006,66.0,1.5511711892790419,1.562457363798937
DecisionTreeRegressor,B0006,67.0,1.5406741606295171,1.5277559904909197
DecisionTreeRegressor,B0006,68.0,1.5253138744624433,1.5277559904909197
DecisionTreeRegressor,B0006,69.0,1.5301570318067428,1.5277559904909197
DecisionTreeRegressor,B0006,70.0,1.5246566834474087,1.5277559904909197
DecisionTreeRegressor,B0006,71.0,1.5145492986655427,1.5277559904909197
DecisionTreeRegressor,B0006,72.0,1.509391504602082,1.550558804820269
DecisionTreeRegressor,B0006,73.0,1.5039974333050705,1.5000329254613936
DecisionTreeRegressor,B0006,74.0,1.4935201918040188,1.5000329254613936
DecisionTreeRegressor,B0006,75.0,1.4876323024497422,1.484975315109661
DecisionTreeRegressor,B0006,76.0,1.5302876214401704,1.484975315109661
DecisionTreeRegressor,B0006,77.0,1.5040760088360112,1.5277559904909197
DecisionTreeRegressor,B0006,78.0,1.4887593608730894,1.5000329254613936
DecisionTreeRegressor,B0006,79.0,1.4782779285546637,1.484975315109661
DecisionTreeRegressor,B0006,80.0,1.478459982215684,1.4739591214933785
DecisionTreeRegressor,B0006,81.0,1.473214844899973,1.4739591214933785
DecisionTreeRegressor,B0006,82.0,1.4675164935067897,1.4739591214933785
DecisionTreeRegressor,B0006,83.0,1.4516292657521335,1.4480024670344103
DecisionTreeRegressor,B0006,84.0,1.4519237720967177,1.4480024670344103
DecisionTreeRegressor,B0006,85.0,1.4471484694777745,1.4480024670344103
DecisionTreeRegressor,B0006,86.0,1.4468538105659885,1.4480024670344103
DecisionTreeRegressor,B0006,87.0,1.4416741930284678,1.4480024670344103
DecisionTreeRegressor,B0006,88.0,1.5935866593100128,1.4320314582341371
DecisionTreeRegressor,B0006,89.0,1.5463902376915637,1.6043789042670127
DecisionTreeRegressor,B0006,90.0,1.51470559175661,1.5277559904909197
DecisionTreeRegressor,B0006,91.0,1.4989786083335404,1.550558804820269
DecisionTreeRegressor,B0006,92.0,1.4831110745410492,1.5000329254613936
DecisionTreeRegressor,B0006,93.0,1.4729664825468278,1.484975315109661
DecisionTreeRegressor,B0006,94.0,1.4627604396099307,1.4739591214933785
DecisionTreeRegressor,B0006,95.0,1.4518364681062514,1.4480024670344103
DecisionTreeRegressor,B0006,96.0,1.4468670644030392,1.4480024670344103
DecisionTreeRegressor,B0006,97.0,1.441380399427779,1.4480024670344103
DecisionTreeRegressor,B0006,98.0,1.431210744960774,1.4320314582341371
DecisionTreeRegressor,B0006,99.0,1.4260247179525716,1.4320314582341371
DecisionTreeRegressor,B0006,100.0,1.420487649966195,1.4083929721165076
DecisionTreeRegressor,B0006,101.0,1.4207006230355006,1.4083929721165076
DecisionTreeRegressor,B0006,102.0,1.452255804330839,1.4083929721165076
DecisionTreeRegressor,B0006,103.0,1.431557632772571,1.4480024670344103
DecisionTreeRegressor,B0006,104.0,1.415015751158943,1.4320314582341371
DecisionTreeRegressor,B0006,105.0,1.4097311506517451,1.4083929721165076
DecisionTreeRegressor,B0006,106.0,1.404917318129309,1.4083929721165076
DecisionTreeRegressor,B0006,107.0,1.395164296571563,1.4083929721165076
DecisionTreeRegressor,B0006,108.0,1.3945343832614077,1.4083929721165076
DecisionTreeRegressor,B0006,109.0,1.3893171179312644,1.4083929721165076
DecisionTreeRegressor,B0006,110.0,1.3838379472327809,1.3703361342834732
DecisionTreeRegressor,B0006,111.0,1.3736814238195123,1.3703361342834732
DecisionTreeRegressor,B0006,112.0,1.3786059891863676,1.3703361342834732
DecisionTreeRegressor,B0006,113.0,1.3737600299108574,1.3703361342834732
DecisionTreeRegressor,B0006,114.0,1.3682580583942712,1.3703361342834732
DecisionTreeRegressor,B0006,115.0,1.3633024037317505,1.3703361342834732
DecisionTreeRegressor,B0006,116.0,1.3580966140172601,1.3703361342834732
DecisionTreeRegressor,B0006,117.0,1.353269090999531,1.3703361342834732
DecisionTreeRegressor,B0006,118.0,1.3841605738237488,1.3703361342834732
DecisionTreeRegressor,B0006,119.0,1.4051467790651473,1.3703361342834732
DecisionTreeRegressor,B0006,120.0,1.378719022627353,1.4083929721165076
DecisionTreeRegressor,B0006,121.0,1.3682657783199066,1.3703361342834732
DecisionTreeRegressor,B0006,122.0,1.3573151296618016,1.3703361342834732
DecisionTreeRegressor,B0006,123.0,1.3524934638801596,1.3703361342834732
DecisionTreeRegressor,B0006,124.0,1.3474099151661236,1.3703361342834732
DecisionTreeRegressor,B0006,125.0,1.3370075130842318,1.4268427818454643
DecisionTreeRegressor,B0006,126.0,1.3312352966718526,1.4268427818454643
DecisionTreeRegressor,B0006,127.0,1.3259303781727643,1.4268427818454643
DecisionTreeRegressor,B0006,128.0,1.321578743867529,1.4268427818454643
DecisionTreeRegressor,B0006,129.0,1.321225074066109,1.4268427818454643
DecisionTreeRegressor,B0006,130.0,1.3156485301862682,1.4268427818454643
DecisionTreeRegressor,B0006,131.0,1.3209025697502388,1.4268427818454643
DecisionTreeRegressor,B0006,132.0,1.3474328767273906,1.4268427818454643
DecisionTreeRegressor,B0006,133.0,1.3260128072353616,1.4268427818454643
DecisionTreeRegressor,B0006,134.0,1.3101186784831063,1.4268427818454643
DecisionTreeRegressor,B0006,135.0,1.30521620229393,1.4268427818454643
DecisionTreeRegressor,B0006,136.0,1.3004061951355774,1.4268427818454643
DecisionTreeRegressor,B0006,137.0,1.300235735841116,1.4268427818454643
DecisionTreeRegressor,B0006,138.0,1.2895066722480755,1.4268427818454643
DecisionTreeRegressor,B0006,139.0,1.279253057384795,1.2981884219537192
DecisionTreeRegressor,B0006,140.0,1.2792078171714618,1.2981884219537192
DecisionTreeRegressor,B0006,141.0,1.274036760902923,1.2981884219537192
DecisionTreeRegressor,B0006,142.0,1.2741273923001468,1.2981884219537192
DecisionTreeRegressor,B0006,143.0,1.2637639426440779,1.2981884219537192
DecisionTreeRegressor,B0006,144.0,1.2581373688955233,1.2981884219537192
DecisionTreeRegressor,B0006,145.0,1.253259864055301,1.2981884219537192
DecisionTreeRegressor,B0006,146.0,1.2532313315493426,1.2981884219537192
DecisionTreeRegressor,B0006,147.0,1.2480874960313577,1.2981884219537192
DecisionTreeRegressor,B0006,148.0,1.2534354284944844,1.2981884219537192
DecisionTreeRegressor,B0006,149.0,1.2898048773266901,1.2981884219537192
DecisionTreeRegressor,B0006,150.0,1.2635402021758835,1.2981884219537192
DecisionTreeRegressor,B0006,151.0,1.2479761706842853,1.2981884219537192
DecisionTreeRegressor,B0006,152.0,1.2321202877943334,1.2981884219537192
DecisionTreeRegressor,B0006,153.0,1.2271137666213534,1.2981884219537192
DecisionTreeRegressor,B0006,154.0,1.2217397581377356,1.2981884219537192
DecisionTreeRegressor,B0006,155.0,1.211102678915174,1.2981884219537192
DecisionTreeRegressor,B0006,156.0,1.2056159765131735,1.2981884219537192
DecisionTreeRegressor,B0006,157.0,1.2008936262717274,1.2981884219537192
DecisionTreeRegressor,B0006,158.0,1.1905903985558335,1.2981884219537192
DecisionTreeRegressor,B0006,159.0,1.185179251041941,1.2981884219537192
DecisionTreeRegressor,B0006,160.0,1.1796706818144624,1.2981884219537192
DecisionTreeRegressor,B0006,161.0,1.1745952836753915,1.2981884219537192
DecisionTreeRegressor,B0006,162.0,1.15381833159625,1.2981884219537192
DecisionTreeRegressor,B0006,163.0,1.1644009557372264,1.2981884219537192
DecisionTreeRegressor,B0006,164.0,1.1587974947916069,1.2981884219537192
DecisionTreeRegressor,B0006,165.0,1.1749748834769171,1.2981884219537192
DecisionTreeRegressor,B0006,166.0,1.1856752327929356,1.2981884219537192
KNeighborsRegressor,B0006,0.0,2.0251402460314116,1.880291345111291
KNeighborsRegressor,B0006,1.0,2.013326371345464,1.880291345111291
KNeighborsRegressor,B0006,2.0,2.0132846655407413,1.880291345111291
KNeighborsRegressor,B0006,3.0,2.000528337624771,1.8780969681787805
KNeighborsRegressor,B0006,4.0,2.0138990759931645,1.8780969681787802
KNeighborsRegressor,B0006,5.0,2.013101105626967,1.8780969681787802
KNeighborsRegressor,B0006,6.0,1.9687898262728398,1.878244550462887
KNeighborsRegressor,B0006,7.0,1.9681661764334244,1.878244550462887
KNeighborsRegressor,B0006,8.0,1.9572307917560536,1.878244550462887
KNeighborsRegressor,B0006,9.0,1.9455991514129352,1.878244550462887
KNeighborsRegressor,B0006,10.0,1.9347505044841131,1.878494446239534
KNeighborsRegressor,B0006,11.0,1.9232799539368028,1.878494446239534
KNeighborsRegressor,B0006,12.0,1.911889930948487,1.8787404885735817
KNeighborsRegressor,B0006,13.0,1.9010667141979305,1.8769552310978603
KNeighborsRegressor,B0006,14.0,1.8891989948061458,1.8725838483724118
KNeighborsRegressor,B0006,15.0,1.878278372248849,1.8726545388484663
KNeighborsRegressor,B0006,16.0,1.8675697161520206,1.8680258784858172
KNeighborsRegressor,B0006,17.0,1.8675892574453767,1.8656965372293584
KNeighborsRegressor,B0006,18.0,1.979626548250818,1.8678639885290447
KNeighborsRegressor,B0006,19.0,1.9575499080884022,1.8732176909752014
KNeighborsRegressor,B0006,20.0,1.9458150170787551,1.8733194366063117
KNeighborsRegressor,B0006,21.0,1.9242461121680094,1.8733194366063117
KNeighborsRegressor,B0006,22.0,1.9459811331421641,1.8733194366063117
KNeighborsRegressor,B0006,23.0,1.901407930553079,1.8733194366063117
KNeighborsRegressor,B0006,24.0,1.878674213680085,1.8712020264478877
KNeighborsRegressor,B0006,25.0,1.8683061328264219,1.870517582435746
KNeighborsRegressor,B0006,26.0,1.8560244070082998,1.8595246078388736
KNeighborsRegressor,B0006,27.0,1.8451997961855777,1.8600016968867004
KNeighborsRegressor,B0006,28.0,1.857228890885317,1.8516927148587783
KNeighborsRegressor,B0006,29.0,1.9247760889090635,1.8527196298250743
KNeighborsRegressor,B0006,30.0,1.8822317526092551,1.8712020264478877
KNeighborsRegressor,B0006,31.0,1.855276687885587,1.8563647489277717
KNeighborsRegressor,B0006,32.0,1.8392508917181876,1.8500071050222537
KNeighborsRegressor,B0006,33.0,1.8185396073994429,1.8345034450558255
KNeighborsRegressor,B0006,34.0,1.8134770059567056,1.8101896240247768
KNeighborsRegressor,B0006,35.0,1.7971018450305436,1.8082365170285122
KNeighborsRegressor,B0006,36.0,1.7810046294120476,1.7896773935083772
KNeighborsRegressor,B0006,37.0,1.7710130422682329,1.7718363400763102
KNeighborsRegressor,B0006,38.0,1.7604712448170943,1.7687751888900252
KNeighborsRegressor,B0006,39.0,1.7502913788006587,1.7667021176782884
KNeighborsRegressor,B0006,40.0,1.7394925037732578,1.757236162901743
KNeighborsRegressor,B0006,41.0,1.7546766553637203,1.7511499310149792
KNeighborsRegressor,B0006,42.0,1.7659390941842175,1.757236162901743
KNeighborsRegressor,B0006,43.0,1.7337887419624838,1.757236162901743
KNeighborsRegressor,B0006,44.0,1.713325912040734,1.736791183934907
KNeighborsRegressor,B0006,45.0,1.7024077813673466,1.7239769267915581
KNeighborsRegressor,B0006,46.0,1.82371946178183,1.708890394510099
KNeighborsRegressor,B0006,47.0,1.8081284050314708,1.8016977145339161
KNeighborsRegressor,B0006,48.0,1.7757610945034283,1.7970826802337112
KNeighborsRegressor,B0006,49.0,1.7447409841836798,1.7770098851381715
KNeighborsRegressor,B0006,50.0,1.729207034132373,1.7489912226316533
KNeighborsRegressor,B0006,51.0,1.7081086552553244,1.742778406821498
KNeighborsRegressor,B0006,52.0,1.6975954237461768,1.702088747212048
KNeighborsRegressor,B0006,53.0,1.6820634524029463,1.6978434114614036
KNeighborsRegressor,B0006,54.0,1.6714768322295086,1.661460846446019
KNeighborsRegressor,B0006,55.0,1.6607591387047655,1.6605445618524803
KNeighborsRegressor,B0006,56.0,1.651121015038069,1.6401734094567775
KNeighborsRegressor,B0006,57.0,1.6401349256190927,1.638466421587389
KNeighborsRegressor,B0006,58.0,1.6291999416165441,1.6194275111219583
KNeighborsRegressor,B0006,59.0,1.6088496302961666,1.6122228061592399
KNeighborsRegressor,B0006,60.0,1.6035244898969248,1.6076312521655118
KNeighborsRegressor,B0006,61.0,1.5989712144027983,1.5993185747561882
KNeighborsRegressor,B0006,62.0,1.5876273123575604,1.5993185747561882
KNeighborsRegressor,B0006,63.0,1.5829719744686166,1.5653347852980173
KNeighborsRegressor,B0006,64.0,1.567137636713563,1.5653347852980173
KNeighborsRegressor,B0006,65.0,1.5613446139713882,1.5544468092032377
KNeighborsRegressor,B0006,66.0,1.5511711892790419,1.5428833984119528
KNeighborsRegressor,B0006,67.0,1.5406741606295171,1.5300187864841384
KNeighborsRegressor,B0006,68.0,1.5253138744624433,1.5232832234484157
KNeighborsRegressor,B0006,69.0,1.5301570318067428,1.5170893830144436
KNeighborsRegressor,B0006,70.0,1.5246566834474087,1.5170893830144436
KNeighborsRegressor,B0006,71.0,1.5145492986655427,1.5110491260712338
KNeighborsRegressor,B0006,72.0,1.509391504602082,1.503046081158556
KNeighborsRegressor,B0006,73.0,1.5039974333050705,1.5013426469192852
KNeighborsRegressor,B0006,74.0,1.4935201918040188,1.4972517628799444
KNeighborsRegressor,B0006,75.0,1.4876323024497422,1.4796012537753385
KNeighborsRegressor,B0006,76.0,1.5302876214401704,1.4727361906276606
KNeighborsRegressor,B0006,77.0,1.5040760088360112,1.523942697421956
KNeighborsRegressor,B0006,78.0,1.4887593608730894,1.4796012537753385
KNeighborsRegressor,B0006,79.0,1.4782779285546637,1.4727361906276604
KNeighborsRegressor,B0006,80.0,1.478459982215684,1.460013497192584
KNeighborsRegressor,B0006,81.0,1.473214844899973,1.460013497192584
KNeighborsRegressor,B0006,82.0,1.4675164935067897,1.453819068284383
KNeighborsRegressor,B0006,83.0,1.4516292657521335,1.4487820510128198
KNeighborsRegressor,B0006,84.0,1.4519237720967177,1.436332950015028
KNeighborsRegressor,B0006,85.0,1.4471484694777745,1.4383422157461834
KNeighborsRegressor,B0006,86.0,1.4468538105659885,1.4334894136906606
KNeighborsRegressor,B0006,87.0,1.4416741930284678,1.4287261130340085
KNeighborsRegressor,B0006,88.0,1.5935866593100128,1.4269371370603252
KNeighborsRegressor,B0006,89.0,1.5463902376915637,1.605907559671731
KNeighborsRegressor,B0006,90.0,1.51470559175661,1.5294049083621237
KNeighborsRegressor,B0006,91.0,1.4989786083335404,1.5317447373551316
KNeighborsRegressor,B0006,92.0,1.4831110745410492,1.5233340297840399
KNeighborsRegressor,B0006,93.0,1.4729664825468278,1.486776281429526
KNeighborsRegressor,B0006,94.0,1.4627604396099307,1.4711426406196557
KNeighborsRegressor,B0006,95.0,1.4518364681062514,1.4711426406196555
KNeighborsRegressor,B0006,96.0,1.4468670644030392,1.4518467445183574
KNeighborsRegressor,B0006,97.0,1.441380399427779,1.439916959743855
KNeighborsRegressor,B0006,98.0,1.431210744960774,1.4258367941326289
KNeighborsRegressor,B0006,99.0,1.4260247179525716,1.4132332726307917
KNeighborsRegressor,B0006,100.0,1.420487649966195,1.4108273141349517
KNeighborsRegressor,B0006,101.0,1.4207006230355006,1.4084047144799194
KNeighborsRegressor,B0006,102.0,1.452255804330839,1.4105665515499641
KNeighborsRegressor,B0006,103.0,1.431557632772571,1.4492905412568695
KNeighborsRegressor,B0006,104.0,1.415015751158943,1.4337775957829346
KNeighborsRegressor,B0006,105.0,1.4097311506517451,1.4102620475731953
KNeighborsRegressor,B0006,106.0,1.404917318129309,1.4025976338619581
KNeighborsRegressor,B0006,107.0,1.395164296571563,1.4025976338619581
KNeighborsRegressor,B0006,108.0,1.3945343832614077,1.3968455725951023
KNeighborsRegressor,B0006,109.0,1.3893171179312644,1.3968455725951023
KNeighborsRegressor,B0006,110.0,1.3838379472327809,1.3871606899595617
KNeighborsRegressor,B0006,111.0,1.3736814238195123,1.3871606899595617
KNeighborsRegressor,B0006,112.0,1.3786059891863676,1.374825485131108
KNeighborsRegressor,B0006,113.0,1.3737600299108574,1.3810376162516853
KNeighborsRegressor,B0006,114.0,1.3682580583942712,1.374825485131108
KNeighborsRegressor,B0006,115.0,1.3633024037317505,1.3668662313270912
KNeighborsRegressor,B0006,116.0,1.3580966140172601,1.376998256448294
KNeighborsRegressor,B0006,117.0,1.353269090999531,1.3752942377217163
KNeighborsRegressor,B0006,118.0,1.3841605738237488,1.3752942377217163
KNeighborsRegressor,B0006,119.0,1.4051467790651473,1.3775103982728483
KNeighborsRegressor,B0006,120.0,1.378719022627353,1.40635381260774
KNeighborsRegressor,B0006,121.0,1.3682657783199066,1.3743015747770944
KNeighborsRegressor,B0006,122.0,1.3573151296618016,1.3632614654404624
KNeighborsRegressor,B0006,123.0,1.3524934638801596,1.3757822232219314
KNeighborsRegressor,B0006,124.0,1.3474099151661236,1.3624998068718197
KNeighborsRegressor,B0006,125.0,1.3370075130842318,1.3547710616877444
KNeighborsRegressor,B0006,126.0,1.3312352966718526,1.3675921824749087
KNeighborsRegressor,B0006,127.0,1.3259303781727643,1.3675921824749087
KNeighborsRegressor,B0006,128.0,1.321578743867529,1.3675921824749087
KNeighborsRegressor,B0006,129.0,1.321225074066109,1.3531519664733949
KNeighborsRegressor,B0006,130.0,1.3156485301862682,1.3514117280586815
KNeighborsRegressor,B0006,131.0,1.3209025697502388,1.3456792035067833
KNeighborsRegressor,B0006,132.0,1.3474328767273906,1.3456792035067833
KNeighborsRegressor,B0006,133.0,1.3260128072353616,1.3561172107317292
KNeighborsRegressor,B0006,134.0,1.3101186784831063,1.3462881438088927
KNeighborsRegressor,B0006,135.0,1.30521620229393,1.3327455816423102
KNeighborsRegressor,B0006,136.0,1.3004061951355774,1.3254730911348727
KNeighborsRegressor,B0006,137.0,1.300235735841116,1.3254730911348727
KNeighborsRegressor,B0006,138.0,1.2895066722480755,1.3213487945512736
KNeighborsRegressor,B0006,139.0,1.279253057384795,1.3203943928166288
KNeighborsRegressor,B0006,140.0,1.2792078171714618,1.3203943928166288
KNeighborsRegressor,B0006,141.0,1.274036760902923,1.3203943928166288
KNeighborsRegressor,B0006,142.0,1.2741273923001468,1.3203943928166288
KNeighborsRegressor,B0006,143.0,1.2637639426440779,1.3277845483022004
KNeighborsRegressor,B0006,144.0,1.2581373688955233,1.3277845483022004
KNeighborsRegressor,B0006,145.0,1.253259864055301,1.3164316841518686
KNeighborsRegressor,B0006,146.0,1.2532313315493426,1.313404436111083
KNeighborsRegressor,B0006,147.0,1.2480874960313577,1.313404436111083
KNeighborsRegressor,B0006,148.0,1.2534354284944844,1.306349249269227
KNeighborsRegressor,B0006,149.0,1.2898048773266901,1.3042151775092174
KNeighborsRegressor,B0006,150.0,1.2635402021758835,1.3153733776191632
KNeighborsRegressor,B0006,151.0,1.2479761706842853,1.3042151775092174
KNeighborsRegressor,B0006,152.0,1.2321202877943334,1.2960593640436666
KNeighborsRegressor,B0006,153.0,1.2271137666213534,1.2971804281167008
KNeighborsRegressor,B0006,154.0,1.2217397581377356,1.2952016797047854
KNeighborsRegressor,B0006,155.0,1.211102678915174,1.2952016797047854
KNeighborsRegressor,B0006,156.0,1.2056159765131735,1.2952016797047854
KNeighborsRegressor,B0006,157.0,1.2008936262717274,1.2952016797047854
KNeighborsRegressor,B0006,158.0,1.1905903985558335,1.2952016797047854
KNeighborsRegressor,B0006,159.0,1.185179251041941,1.2952016797047854
KNeighborsRegressor,B0006,160.0,1.1796706818144624,1.2952016797047854
KNeighborsRegressor,B0006,161.0,1.1745952836753915,1.2952016797047854
KNeighborsRegressor,B0006,162.0,1.15381833159625,1.2952016797047854
KNeighborsRegressor,B0006,163.0,1.1644009557372264,1.2952016797047854
KNeighborsRegressor,B0006,164.0,1.1587974947916069,1.2952016797047854
KNeighborsRegressor,B0006,165.0,1.1749748834769171,1.2952016797047854
KNeighborsRegressor,B0006,166.0,1.1856752327929356,1.2952016797047854
SVR,B0006,0.0,2.0251402460314116,1.7114399647512666
SVR,B0006,1.0,2.013326371345464,1.7190948456987145
SVR,B0006,2.0,2.0132846655407413,1.7277607839340257
SVR,B0006,3.0,2.000528337624771,1.7284462374547414
SVR,B0006,4.0,2.0138990759931645,1.7375241142161484
SVR,B0006,5.0,2.013101105626967,1.7291682174767582
SVR,B0006,6.0,1.9687898262728398,1.7301919678392692
SVR,B0006,7.0,1.9681661764334244,1.7586501774473373
SVR,B0006,8.0,1.9572307917560536,1.7594735454565502
SVR,B0006,9.0,1.9455991514129352,1.7658207868091091
SVR,B0006,10.0,1.9347505044841131,1.7719397488608986
SVR,B0006,11.0,1.9232799539368028,1.7770370462123413
SVR,B0006,12.0,1.911889930948487,1.7816818657676998
SVR,B0006,13.0,1.9010667141979305,1.7855006686732853
SVR,B0006,14.0,1.8891989948061458,1.7883557175542137
SVR,B0006,15.0,1.878278372248849,1.7905687409560087
SVR,B0006,16.0,1.8675697161520206,1.7917417447250719
SVR,B0006,17.0,1.8675892574453767,1.7920678230347953
SVR,B0006,18.0,1.979626548250818,1.7918954118147938
SVR,B0006,19.0,1.9575499080884022,1.7529850606885233
SVR,B0006,20.0,1.9458150170787551,1.7653072127192213
SVR,B0006,21.0,1.9242461121680094,1.770765173949136
SVR,B0006,22.0,1.9459811331421641,1.779354359282366
SVR,B0006,23.0,1.901407930553079,1.7694827135003568
SVR,B0006,24.0,1.878674213680085,1.784859943858851
SVR,B0006,25.0,1.8683061328264219,1.7877387128023765
SVR,B0006,26.0,1.8560244070082998,1.787471436964331
SVR,B0006,27.0,1.8451997961855777,1.7863670275333394
SVR,B0006,28.0,1.857228890885317,1.7844476274749805
SVR,B0006,29.0,1.9247760889090635,1.7843925905877476
SVR,B0006,30.0,1.8822317526092551,1.7718823186110721
SVR,B0006,31.0,1.855276687885587,1.7810650287778693
SVR,B0006,32.0,1.8392508917181876,1.7806910680228558
SVR,B0006,33.0,1.8185396073994429,1.777801697341259
SVR,B0006,34.0,1.8134770059567056,1.7722229330786399
SVR,B0006,35.0,1.7971018450305436,1.7694703902065314
SVR,B0006,36.0,1.7810046294120476,1.7627326510325683
SVR,B0006,37.0,1.7710130422682329,1.7548986906424202
SVR,B0006,38.0,1.7604712448170943,1.7490106107844987
SVR,B0006,39.0,1.7502913788006587,1.7425143432697512
SVR,B0006,40.0,1.7394925037732578,1.735898969796934
SVR,B0006,41.0,1.7546766553637203,1.728701533434715
SVR,B0006,42.0,1.7659390941842175,1.735387813006962
SVR,B0006,43.0,1.7337887419624838,1.7393143234838506
SVR,B0006,44.0,1.713325912040734,1.7214832041527948
SVR,B0006,45.0,1.7024077813673466,1.7084968718274798
SVR,B0006,46.0,1.82371946178183,1.700783661271702
SVR,B0006,47.0,1.8081284050314708,1.7508918838349634
SVR,B0006,48.0,1.7757610945034283,1.7454473202254015
SVR,B0006,49.0,1.7447409841836798,1.7330998421158295
SVR,B0006,50.0,1.729207034132373,1.7178509054176376
SVR,B0006,51.0,1.7081086552553244,1.7085165537658376
SVR,B0006,52.0,1.6975954237461768,1.6958481768607523
SVR,B0006,53.0,1.6820634524029463,1.6886536468876239
SVR,B0006,54.0,1.6714768322295086,1.6786409063213934
SVR,B0006,55.0,1.6607591387047655,1.6713899140949118
SVR,B0006,56.0,1.651121015038069,1.6641064399103251
SVR,B0006,57.0,1.6401349256190927,1.657484457375493
SVR,B0006,58.0,1.6291999416165441,1.6501710344512512
SVR,B0006,59.0,1.6088496302961666,1.642959593779839
SVR,B0006,60.0,1.6035244898969248,1.6306533459773593
SVR,B0006,61.0,1.5989712144027983,1.626693092643679
SVR,B0006,62.0,1.5876273123575604,1.6231718973117433
SVR,B0006,63.0,1.5829719744686166,1.616022700882426
SVR,B0006,64.0,1.567137636713563,1.6124923552586143
SVR,B0006,65.0,1.5613446139713882,1.6030734870765857
SVR,B0006,66.0,1.5511711892790419,1.5989866323811774
SVR,B0006,67.0,1.5406741606295171,1.5926337917506415
SVR,B0006,68.0,1.5253138744624433,1.5861496571175966
SVR,B0006,69.0,1.5301570318067428,1.577255993410458
SVR,B0006,70.0,1.5246566834474087,1.5785554863620646
SVR,B0006,71.0,1.5145492986655427,1.5746202889787286
SVR,B0006,72.0,1.509391504602082,1.5683672336802563
SVR,B0006,73.0,1.5039974333050705,1.564587389780056
SVR,B0006,74.0,1.4935201918040188,1.5606755083922828
SVR,B0006,75.0,1.4876323024497422,1.5542678282798887
SVR,B0006,76.0,1.5302876214401704,1.5501048760273959
SVR,B0006,77.0,1.5040760088360112,1.5703859678298375
SVR,B0006,78.0,1.4887593608730894,1.555617079380225
SVR,B0006,79.0,1.4782779285546637,1.546614341459573
SVR,B0006,80.0,1.478459982215684,1.5401013130242913
SVR,B0006,81.0,1.473214844899973,1.5387776364912953
SVR,B0006,82.0,1.4675164935067897,1.5347930943415529
SVR,B0006,83.0,1.4516292657521335,1.5305808852945684
SVR,B0006,84.0,1.4519237720967177,1.5216313554235403
SVR,B0006,85.0,1.4471484694777745,1.5202051392204583
SVR,B0006,86.0,1.4468538105659885,1.5164461842411512
SVR,B0006,87.0,1.4416741930284678,1.5147179076352102
SVR,B0006,88.0,1.5935866593100128,1.5107509526710414
SVR,B0006,89.0,1.5463902376915637,1.5893518767864794
SVR,B0006,90.0,1.51470559175661,1.5632227917514936
SVR,B0006,91.0,1.4989786083335404,1.5443313412916333
SVR,B0006,92.0,1.4831110745410492,1.5342087372993762
SVR,B0006,93.0,1.4729664825468278,1.524029723243257
SVR,B0006,94.0,1.4627604396099307,1.517050045263472
SVR,B0006,95.0,1.4518364681062514,1.5100846997249242
SVR,B0006,96.0,1.4468670644030392,1.5028286906136443
SVR,B0006,97.0,1.441380399427779,1.4987020949560335
SVR,B0006,98.0,1.431210744960774,1.494324305724814
SVR,B0006,99.0,1.4260247179525716,1.4876894862995944
SVR,B0006,100.0,1.420487649966195,1.483549679082915
SVR,B0006,101.0,1.4207006230355006,1.4792816177907266
SVR,B0006,102.0,1.452255804330839,1.477679475812025
SVR,B0006,103.0,1.431557632772571,1.4921996355982432
SVR,B0006,104.0,1.415015751158943,1.4796433264822257
SVR,B0006,105.0,1.4097311506517451,1.469962037638542
SVR,B0006,106.0,1.404917318129309,1.4658584294508519
SVR,B0006,107.0,1.395164296571563,1.4620191568810679
SVR,B0006,108.0,1.3945343832614077,1.4561970527143226
SVR,B0006,109.0,1.3893171179312644,1.4541998788582597
SVR,B0006,110.0,1.3838379472327809,1.4503935592592812
SVR,B0006,111.0,1.3736814238195123,1.4465767645471295
SVR,B0006,112.0,1.3786059891863676,1.4412899462670459
SVR,B0006,113.0,1.3737600299108574,1.4412063016919445
SVR,B0006,114.0,1.3682580583942712,1.43780853970932
SVR,B0006,115.0,1.3633024037317505,1.434300394132789
SVR,B0006,116.0,1.3580966140172601,1.4310804116507312
SVR,B0006,117.0,1.353269090999531,1.4279061521187746
SVR,B0006,118.0,1.3841605738237488,1.4249550009013519
SVR,B0006,119.0,1.4051467790651473,1.4334239999798142
SVR,B0006,120.0,1.378719022627353,1.4414559179490793
SVR,B0006,121.0,1.3682657783199066,1.4281900635732903
SVR,B0006,122.0,1.3573151296618016,1.4228588699006728
SVR,B0006,123.0,1.3524934638801596,1.4179013628509503
SVR,B0006,124.0,1.3474099151661236,1.4150554943633635
SVR,B0006,125.0,1.3370075130842318,1.4122808955240107
SVR,B0006,126.0,1.3312352966718526,1.4086227872444614
SVR,B0006,127.0,1.3259303781727643,1.406201773510735
SVR,B0006,128.0,1.321578743867529,1.4040454600747325
SVR,B0006,129.0,1.321225074066109,1.4021631462539597
SVR,B0006,130.0,1.3156485301862682,1.4007470972707843
SVR,B0006,131.0,1.3209025697502388,1.3989693302363622
SVR,B0006,132.0,1.3474328767273906,1.3980882052287014
SVR,B0006,133.0,1.3260128072353616,1.4016659028274197
SVR,B0006,134.0,1.3101186784831063,1.3962560397391484
SVR,B0006,135.0,1.30521620229393,1.3937648868421526
SVR,B0006,136.0,1.3004061951355774,1.3925495174627522
SVR,B0006,137.0,1.300235735841116,1.3915220891609732
SVR,B0006,138.0,1.2895066722480755,1.3905067840864234
SVR,B0006,139.0,1.279253057384795,1.3901427168737872
SVR,B0006,140.0,1.2792078171714618,1.390467220163855
SVR,B0006,141.0,1.274036760902923,1.3895978687777952
SVR,B0006,142.0,1.2741273923001468,1.3896510092307328
SVR,B0006,143.0,1.2637639426440779,1.3888735002623975
SVR,B0006,144.0,1.2581373688955233,1.390387851035134
SVR,B0006,145.0,1.253259864055301,1.3912107555048274
SVR,B0006,146.0,1.2532313315493426,1.3920434585720782
SVR,B0006,147.0,1.2480874960313577,1.3915228460309519
SVR,B0006,148.0,1.2534354284944844,1.3926984297757679
SVR,B0006,149.0,1.2898048773266901,1.3905988739204658
SVR,B0006,150.0,1.2635402021758835,1.3834385997634797
SVR,B0006,151.0,1.2479761706842853,1.3872892088302604
SVR,B0006,152.0,1.2321202877943334,1.3915212475546674
SVR,B0006,153.0,1.2271137666213534,1.397287222574967
SVR,B0006,154.0,1.2217397581377356,1.3993326919864164
SVR,B0006,155.0,1.211102678915174,1.4017262403401982
SVR,B0006,156.0,1.2056159765131735,1.4069335492965962
SVR,B0006,157.0,1.2008936262717274,1.4098687098799476
SVR,B0006,158.0,1.1905903985558335,1.412551787311167
SVR,B0006,159.0,1.185179251041941,1.4185705134201196
SVR,B0006,160.0,1.1796706818144624,1.4219996574369993
SVR,B0006,161.0,1.1745952836753915,1.4256165068390347
SVR,B0006,162.0,1.15381833159625,1.4290823478343204
SVR,B0006,163.0,1.1644009557372264,1.4428400331006226
SVR,B0006,164.0,1.1587974947916069,1.4363292689996514
SVR,B0006,165.0,1.1749748834769171,1.4404055499714343
SVR,B0006,166.0,1.1856752327929356,1.4307245947239993
VotingRegressor,B0006,0.0,2.0251402460314116,1.903688941978898
VotingRegressor,B0006,1.0,2.013326371345464,1.9012200628174927
VotingRegressor,B0006,2.0,2.0132846655407413,1.8983244838221658
VotingRegressor,B0006,3.0,2.000528337624771,1.8979738977655587
VotingRegressor,B0006,4.0,2.0138990759931645,1.8947940448089469
VotingRegressor,B0006,5.0,2.013101105626967,1.8982921788703866
VotingRegressor,B0006,6.0,1.9687898262728398,1.89818341910735
VotingRegressor,B0006,7.0,1.9681661764334244,1.8866031709157265
VotingRegressor,B0006,8.0,1.9572307917560536,1.8864926376700573
VotingRegressor,B0006,9.0,1.9455991514129352,1.8834750960572701
VotingRegressor,B0006,10.0,1.9347505044841131,1.8801909992975425
VotingRegressor,B0006,11.0,1.9232799539368028,1.8769572142274504
VotingRegressor,B0006,12.0,1.911889930948487,1.8734401903055478
VotingRegressor,B0006,13.0,1.9010667141979305,1.8693830323588447
VotingRegressor,B0006,14.0,1.8891989948061458,1.864836414666819
VotingRegressor,B0006,15.0,1.878278372248849,1.8606434425036322
VotingRegressor,B0006,16.0,1.8675697161520206,1.8556710645081487
VotingRegressor,B0006,17.0,1.8675892574453767,1.851071630846866
VotingRegressor,B0006,18.0,1.979626548250818,1.851445665687488
VotingRegressor,B0006,19.0,1.9575499080884022,1.8882898964362578
VotingRegressor,B0006,20.0,1.9458150170787551,1.8821531778328626
VotingRegressor,B0006,21.0,1.9242461121680094,1.8786467320556135
VotingRegressor,B0006,22.0,1.9459811331421641,1.8719406055140417
VotingRegressor,B0006,23.0,1.901407930553079,1.8783897160213308
VotingRegressor,B0006,24.0,1.878674213680085,1.8636678886475804
VotingRegressor,B0006,25.0,1.8683061328264219,1.8552296196383609
VotingRegressor,B0006,26.0,1.8560244070082998,1.848911289363571
VotingRegressor,B0006,27.0,1.8451997961855777,1.8398428980610984
VotingRegressor,B0006,28.0,1.857228890885317,1.8287363499223368
VotingRegressor,B0006,29.0,1.9247760889090635,1.838395050574532
VotingRegressor,B0006,30.0,1.8822317526092551,1.869968297169348
VotingRegressor,B0006,31.0,1.855276687885587,1.852252923225747
VotingRegressor,B0006,32.0,1.8392508917181876,1.836255008871018
VotingRegressor,B0006,33.0,1.8185396073994429,1.821492008551607
VotingRegressor,B0006,34.0,1.8134770059567056,1.80373936036641
VotingRegressor,B0006,35.0,1.7971018450305436,1.8007960483059708
VotingRegressor,B0006,36.0,1.7810046294120476,1.783731214371307
VotingRegressor,B0006,37.0,1.7710130422682329,1.772301010095878
VotingRegressor,B0006,38.0,1.7604712448170943,1.7640389658210431
VotingRegressor,B0006,39.0,1.7502913788006587,1.7533378063286214
VotingRegressor,B0006,40.0,1.7394925037732578,1.7461284855207695
VotingRegressor,B0006,41.0,1.7546766553637203,1.7392378711013756
VotingRegressor,B0006,42.0,1.7659390941842175,1.7476671956732623
VotingRegressor,B0006,43.0,1.7337887419624838,1.7528015767078593
VotingRegressor,B0006,44.0,1.713325912040734,1.7260989140159968
VotingRegressor,B0006,45.0,1.7024077813673466,1.7129451512670872
VotingRegressor,B0006,46.0,1.82371946178183,1.700935471084152
VotingRegressor,B0006,47.0,1.8081284050314708,1.7993665079061312
VotingRegressor,B0006,48.0,1.7757610945034283,1.7912563080483204
VotingRegressor,B0006,49.0,1.7447409841836798,1.7639926493302842
VotingRegressor,B0006,50.0,1.729207034132373,1.7383847449630827
VotingRegressor,B0006,51.0,1.7081086552553244,1.7226924838877657
VotingRegressor,B0006,52.0,1.6975954237461768,1.7037799712485557
VotingRegressor,B0006,53.0,1.6820634524029463,1.6941997926101375
VotingRegressor,B0006,54.0,1.6714768322295086,1.6727982733563262
VotingRegressor,B0006,55.0,1.6607591387047655,1.6670135150271168
VotingRegressor,B0006,56.0,1.651121015038069,1.6572802926255168
VotingRegressor,B0006,57.0,1.6401349256190927,1.6479505619240995
VotingRegressor,B0006,58.0,1.6291999416165441,1.6352005961158873
VotingRegressor,B0006,59.0,1.6088496302961666,1.6225473921290117
VotingRegressor,B0006,60.0,1.6035244898969248,1.6112179623047964
VotingRegressor,B0006,61.0,1.5989712144027983,1.6066590532222809
VotingRegressor,B0006,62.0,1.5876273123575604,1.6041507854577133
VotingRegressor,B0006,63.0,1.5829719744686166,1.5876578346542547
VotingRegressor,B0006,64.0,1.567137636713563,1.5851080294309035
VotingRegressor,B0006,65.0,1.5613446139713882,1.570289853627726
VotingRegressor,B0006,66.0,1.5511711892790419,1.5648734478531154
VotingRegressor,B0006,67.0,1.5406741606295171,1.5500991335206213
VotingRegressor,B0006,68.0,1.5253138744624433,1.5433387466266053
VotingRegressor,B0006,69.0,1.5301570318067428,1.5343127468760738
VotingRegressor,B0006,70.0,1.5246566834474087,1.53642430133056
VotingRegressor,B0006,71.0,1.5145492986655427,1.532256722830335
VotingRegressor,B0006,72.0,1.509391504602082,1.5300012093385593
VotingRegressor,B0006,73.0,1.5039974333050705,1.5167601610390582
VotingRegressor,B0006,74.0,1.4935201918040188,1.5130284674365826
VotingRegressor,B0006,75.0,1.4876323024497422,1.5010965583576703
VotingRegressor,B0006,76.0,1.5302876214401704,1.4965676947210331
VotingRegressor,B0006,77.0,1.5040760088360112,1.5359838363924734
VotingRegressor,B0006,78.0,1.4887593608730894,1.5083869467616844
VotingRegressor,B0006,79.0,1.4782779285546637,1.4962103430096785
VotingRegressor,B0006,80.0,1.478459982215684,1.4860495803086298
VotingRegressor,B0006,81.0,1.473214844899973,1.485823097304285
VotingRegressor,B0006,82.0,1.4675164935067897,1.4817141053785785
VotingRegressor,B0006,83.0,1.4516292657521335,1.472423408457972
VotingRegressor,B0006,84.0,1.4519237720967177,1.4619301766045358
VotingRegressor,B0006,85.0,1.4471484694777745,1.4621287885572674
VotingRegressor,B0006,86.0,1.4468538105659885,1.4585160287432921
VotingRegressor,B0006,87.0,1.4416741930284678,1.4570705004465148
VotingRegressor,B0006,88.0,1.5935866593100128,1.4506774052709783
VotingRegressor,B0006,89.0,1.5463902376915637,1.5957301713695267
VotingRegressor,B0006,90.0,1.51470559175661,1.5414848859075756
VotingRegressor,B0006,91.0,1.4989786083335404,1.5303756292786708
VotingRegressor,B0006,92.0,1.4831110745410492,1.5104126285121164
VotingRegressor,B0006,93.0,1.4729664825468278,1.4918479102209115
VotingRegressor,B0006,94.0,1.4627604396099307,1.4811426759489708
VotingRegressor,B0006,95.0,1.4518364681062514,1.4705550366539895
VotingRegressor,B0006,96.0,1.4468670644030392,1.460962106026274
VotingRegressor,B0006,97.0,1.441380399427779,1.4557849064571218
VotingRegressor,B0006,98.0,1.431210744960774,1.4467319496176823
VotingRegressor,B0006,99.0,1.4260247179525716,1.438895199080169
VotingRegressor,B0006,100.0,1.420487649966195,1.4308081478800452
VotingRegressor,B0006,101.0,1.4207006230355006,1.427283242275536
VotingRegressor,B0006,102.0,1.452255804330839,1.4274454627996396
VotingRegressor,B0006,103.0,1.431557632772571,1.458260167191766
VotingRegressor,B0006,104.0,1.415015751158943,1.4413669099355846
VotingRegressor,B0006,105.0,1.4097311506517451,1.42353164637299
VotingRegressor,B0006,106.0,1.404917318129309,1.4190894911145
VotingRegressor,B0006,107.0,1.395164296571563,1.4164162381248757
VotingRegressor,B0006,108.0,1.3945343832614077,1.410274413824333
VotingRegressor,B0006,109.0,1.3893171179312644,1.4095973354007394
VotingRegressor,B0006,110.0,1.3838379472327809,1.3972253732761157
VotingRegressor,B0006,111.0,1.3736814238195123,1.3942977658730573
VotingRegressor,B0006,112.0,1.3786059891863676,1.3867893875390114
VotingRegressor,B0006,113.0,1.3737600299108574,1.38989841252395
VotingRegressor,B0006,114.0,1.3682580583942712,1.3860585365062676
VotingRegressor,B0006,115.0,1.3633024037317505,1.3815919375055041
VotingRegressor,B0006,116.0,1.3580966140172601,1.3810137716183473
VotingRegressor,B0006,117.0,1.353269090999531,1.3779802264466876
VotingRegressor,B0006,118.0,1.3841605738237488,1.3754792714368942
VotingRegressor,B0006,119.0,1.4051467790651473,1.3896020668153877
VotingRegressor,B0006,120.0,1.378719022627353,1.4127206135570933
VotingRegressor,B0006,121.0,1.3682657783199066,1.3857313265306488
VotingRegressor,B0006,122.0,1.3573151296618016,1.3783576528778494
VotingRegressor,B0006,123.0,1.3524934638801596,1.3755773746853506
VotingRegressor,B0006,124.0,1.3474099151661236,1.370443271710677
VotingRegressor,B0006,125.0,1.3370075130842318,1.3776336007904506
VotingRegressor,B0006,126.0,1.3312352966718526,1.375386570421681
VotingRegressor,B0006,127.0,1.3259303781727643,1.3726241097055107
VotingRegressor,B0006,128.0,1.321578743867529,1.3700963914197435
VotingRegressor,B0006,129.0,1.321225074066109,1.3651063053124288
VotingRegressor,B0006,130.0,1.3156485301862682,1.3643048767871173
VotingRegressor,B0006,131.0,1.3209025697502388,1.360600686948494
VotingRegressor,B0006,132.0,1.3474328767273906,1.362435971642173
VotingRegressor,B0006,133.0,1.3260128072353616,1.3755281594977877
VotingRegressor,B0006,134.0,1.3101186784831063,1.3641143143444854
VotingRegressor,B0006,135.0,1.30521620229393,1.3546913808172436
VotingRegressor,B0006,136.0,1.3004061951355774,1.351053923523338
VotingRegressor,B0006,137.0,1.300235735841116,1.3489445276461753
VotingRegressor,B0006,138.0,1.2895066722480755,1.347817714362687
VotingRegressor,B0006,139.0,1.279253057384795,1.3176164279814049
VotingRegressor,B0006,140.0,1.2792078171714618,1.3136595814739995
VotingRegressor,B0006,141.0,1.274036760902923,1.3134355347599793
VotingRegressor,B0006,142.0,1.2741273923001468,1.3114017863865093
VotingRegressor,B0006,143.0,1.2637639426440779,1.3127270001374556
VotingRegressor,B0006,144.0,1.2581373688955233,1.3089653918727873
VotingRegressor,B0006,145.0,1.253259864055301,1.3046378042822766
VotingRegressor,B0006,146.0,1.2532313315493426,1.3022687250806315
VotingRegressor,B0006,147.0,1.2480874960313577,1.3021209262733602
VotingRegressor,B0006,148.0,1.2534354284944844,1.2989112194297534
VotingRegressor,B0006,149.0,1.2898048773266901,1.3001125326579666
VotingRegressor,B0006,150.0,1.2635402021758835,1.3150290853562039
VotingRegressor,B0006,151.0,1.2479761706842853,1.3033167129447958
VotingRegressor,B0006,152.0,1.2321202877943334,1.2964441919044367
VotingRegressor,B0006,153.0,1.2271137666213534,1.291620288770939
VotingRegressor,B0006,154.0,1.2217397581377356,1.2896532689271545
VotingRegressor,B0006,155.0,1.211102678915174,1.288008643523462
VotingRegressor,B0006,156.0,1.2056159765131735,1.2848791712437664
VotingRegressor,B0006,157.0,1.2008936262717274,1.2832990246886582
VotingRegressor,B0006,158.0,1.1905903985558335,1.2819658329036945
VotingRegressor,B0006,159.0,1.185179251041941,1.2791285290672616
VotingRegressor,B0006,160.0,1.1796706818144624,1.2776765738471065
VotingRegressor,B0006,161.0,1.1745952836753915,1.2762242577617755
VotingRegressor,B0006,162.0,1.15381833159625,1.2749102653161366
VotingRegressor,B0006,163.0,1.1644009557372264,1.2695459482097735
VotingRegressor,B0006,164.0,1.1587974947916069,1.2723283922565152
VotingRegressor,B0006,165.0,1.1749748834769171,1.2709310448382916
VotingRegressor,B0006,166.0,1.1856752327929356,1.2752560952107932
BaggingRegressor,B0006,0.0,2.0251402460314116,1.8755555945712685
BaggingRegressor,B0006,1.0,2.013326371345464,1.8755555945712685
BaggingRegressor,B0006,2.0,2.0132846655407413,1.8755555945712685
BaggingRegressor,B0006,3.0,2.000528337624771,1.8755555945712685
BaggingRegressor,B0006,4.0,2.0138990759931645,1.8755555945712685
BaggingRegressor,B0006,5.0,2.013101105626967,1.8755555945712685
BaggingRegressor,B0006,6.0,1.9687898262728398,1.8755555945712685
BaggingRegressor,B0006,7.0,1.9681661764334244,1.8747112404033428
BaggingRegressor,B0006,8.0,1.9572307917560536,1.8743218536533741
BaggingRegressor,B0006,9.0,1.9455991514129352,1.8743218536533741
BaggingRegressor,B0006,10.0,1.9347505044841131,1.8743218536533741
BaggingRegressor,B0006,11.0,1.9232799539368028,1.8743218536533741
BaggingRegressor,B0006,12.0,1.911889930948487,1.8743218536533741
BaggingRegressor,B0006,13.0,1.9010667141979305,1.8743218536533741
BaggingRegressor,B0006,14.0,1.8891989948061458,1.8743218536533741
BaggingRegressor,B0006,15.0,1.878278372248849,1.8743218536533741
BaggingRegressor,B0006,16.0,1.8675697161520206,1.8743218536533741
BaggingRegressor,B0006,17.0,1.8675892574453767,1.8637065768445762
BaggingRegressor,B0006,18.0,1.979626548250818,1.8637065768445762
BaggingRegressor,B0006,19.0,1.9575499080884022,1.8743218536533741
BaggingRegressor,B0006,20.0,1.9458150170787551,1.8743218536533741
BaggingRegressor,B0006,21.0,1.9242461121680094,1.8743218536533741
BaggingRegressor,B0006,22.0,1.9459811331421641,1.8743218536533741
BaggingRegressor,B0006,23.0,1.901407930553079,1.8743218536533741
BaggingRegressor,B0006,24.0,1.878674213680085,1.8736876438761774
BaggingRegressor,B0006,25.0,1.8683061328264219,1.8736876438761774
BaggingRegressor,B0006,26.0,1.8560244070082998,1.8630723670673797
BaggingRegressor,B0006,27.0,1.8451997961855777,1.8543388487401955
BaggingRegressor,B0006,28.0,1.857228890885317,1.8345966461953116
BaggingRegressor,B0006,29.0,1.9247760889090635,1.8551769510996592
BaggingRegressor,B0006,30.0,1.8822317526092551,1.872888254148014
BaggingRegressor,B0006,31.0,1.855276687885587,1.872888254148014
BaggingRegressor,B0006,32.0,1.8392508917181876,1.8551769510996592
BaggingRegressor,B0006,33.0,1.8185396073994429,1.831346016506316
BaggingRegressor,B0006,34.0,1.8134770059567056,1.8099330608972195
BaggingRegressor,B0006,35.0,1.7971018450305436,1.8099330608972195
BaggingRegressor,B0006,36.0,1.7810046294120476,1.7847366951077104
BaggingRegressor,B0006,37.0,1.7710130422682329,1.7771449742540661
BaggingRegressor,B0006,38.0,1.7604712448170943,1.7648743563065037
BaggingRegressor,B0006,39.0,1.7502913788006587,1.7490599615448312
BaggingRegressor,B0006,40.0,1.7394925037732578,1.7466444533208183
BaggingRegressor,B0006,41.0,1.7546766553637203,1.7401437532576203
BaggingRegressor,B0006,42.0,1.7659390941842175,1.7466444533208183
BaggingRegressor,B0006,43.0,1.7337887419624838,1.7562216305961775
BaggingRegressor,B0006,44.0,1.713325912040734,1.7213377408579416
BaggingRegressor,B0006,45.0,1.7024077813673466,1.709116599396715
BaggingRegressor,B0006,46.0,1.82371946178183,1.7008141087169877
BaggingRegressor,B0006,47.0,1.8081284050314708,1.813752871631484
BaggingRegressor,B0006,48.0,1.7757610945034283,1.8099330608972195
BaggingRegressor,B0006,49.0,1.7447409841836798,1.7686441553681311
BaggingRegressor,B0006,50.0,1.729207034132373,1.7422170638947807
BaggingRegressor,B0006,51.0,1.7081086552553244,1.711608247806017
BaggingRegressor,B0006,52.0,1.6975954237461768,1.7126455017194502
BaggingRegressor,B0006,53.0,1.6820634524029463,1.689005632215609
BaggingRegressor,B0006,54.0,1.6714768322295086,1.6704564619060074
BaggingRegressor,B0006,55.0,1.6607591387047655,1.6591422792514197
BaggingRegressor,B0006,56.0,1.651121015038069,1.6558448849852476
BaggingRegressor,B0006,57.0,1.6401349256190927,1.637781948506801
BaggingRegressor,B0006,58.0,1.6291999416165441,1.6259564895336636
BaggingRegressor,B0006,59.0,1.6088496302961666,1.6195523249382975
BaggingRegressor,B0006,60.0,1.6035244898969248,1.6111706759792481
BaggingRegressor,B0006,61.0,1.5989712144027983,1.607838729216201
BaggingRegressor,B0006,62.0,1.5876273123575604,1.6110341779195816
BaggingRegressor,B0006,63.0,1.5829719744686166,1.5842594497115778
BaggingRegressor,B0006,64.0,1.567137636713563,1.5845236359393655
BaggingRegressor,B0006,65.0,1.5613446139713882,1.5635237197387044
BaggingRegressor,B0006,66.0,1.5511711892790419,1.559412849917723
BaggingRegressor,B0006,67.0,1.5406741606295171,1.536840445139338
BaggingRegressor,B0006,68.0,1.5253138744624433,1.5310286438115892
BaggingRegressor,B0006,69.0,1.5301570318067428,1.5221990724589856
BaggingRegressor,B0006,70.0,1.5246566834474087,1.5275843791092132
BaggingRegressor,B0006,71.0,1.5145492986655427,1.5221990724589856
BaggingRegressor,B0006,72.0,1.509391504602082,1.5223637427898344
BaggingRegressor,B0006,73.0,1.5039974333050705,1.502174573170388
BaggingRegressor,B0006,74.0,1.4935201918040188,1.4994260595834246
BaggingRegressor,B0006,75.0,1.4876323024497422,1.4858557862355133
BaggingRegressor,B0006,76.0,1.5302876214401704,1.4844722173040312
BaggingRegressor,B0006,77.0,1.5040760088360112,1.5275843791092132
BaggingRegressor,B0006,78.0,1.4887593608730894,1.4994260595834246
BaggingRegressor,B0006,79.0,1.4782779285546637,1.4844722173040312
BaggingRegressor,B0006,80.0,1.478459982215684,1.4761281103567745
BaggingRegressor,B0006,81.0,1.473214844899973,1.4761281103567745
BaggingRegressor,B0006,82.0,1.4675164935067897,1.4744737498477871
BaggingRegressor,B0006,83.0,1.4516292657521335,1.4523032602254071
BaggingRegressor,B0006,84.0,1.4519237720967177,1.4456532615911746
BaggingRegressor,B0006,85.0,1.4471484694777745,1.4456532615911746
BaggingRegressor,B0006,86.0,1.4468538105659885,1.4450253491934868
BaggingRegressor,B0006,87.0,1.4416741930284678,1.4450253491934868
BaggingRegressor,B0006,88.0,1.5935866593100128,1.4332326029059503
BaggingRegressor,B0006,89.0,1.5463902376915637,1.6156644019876527
BaggingRegressor,B0006,90.0,1.51470559175661,1.5362526901715787
BaggingRegressor,B0006,91.0,1.4989786083335404,1.5260785112642443
BaggingRegressor,B0006,92.0,1.4831110745410492,1.4977767758906344
BaggingRegressor,B0006,93.0,1.4729664825468278,1.4834129119622728
BaggingRegressor,B0006,94.0,1.4627604396099307,1.4744737498477871
BaggingRegressor,B0006,95.0,1.4518364681062514,1.4512874159497882
BaggingRegressor,B0006,96.0,1.4468670644030392,1.4456532615911746
BaggingRegressor,B0006,97.0,1.441380399427779,1.4450253491934868
BaggingRegressor,B0006,98.0,1.431210744960774,1.4321044851988711
BaggingRegressor,B0006,99.0,1.4260247179525716,1.4285969136054706
BaggingRegressor,B0006,100.0,1.420487649966195,1.4253663237753635
BaggingRegressor,B0006,101.0,1.4207006230355006,1.4169314363022536
BaggingRegressor,B0006,102.0,1.452255804330839,1.4169314363022536
BaggingRegressor,B0006,103.0,1.431557632772571,1.4461225446697386
BaggingRegressor,B0006,104.0,1.415015751158943,1.4285969136054706
BaggingRegressor,B0006,105.0,1.4097311506517451,1.415613748330976
BaggingRegressor,B0006,106.0,1.404917318129309,1.408650765918237
BaggingRegressor,B0006,107.0,1.395164296571563,1.4054147321062243
BaggingRegressor,B0006,108.0,1.3945343832614077,1.383437629182186
BaggingRegressor,B0006,109.0,1.3893171179312644,1.3827524743837558
BaggingRegressor,B0006,110.0,1.3838379472327809,1.3788148507684497
BaggingRegressor,B0006,111.0,1.3736814238195123,1.3763108232698673
BaggingRegressor,B0006,112.0,1.3786059891863676,1.3737373350953672
BaggingRegressor,B0006,113.0,1.3737600299108574,1.3745392912958891
BaggingRegressor,B0006,114.0,1.3682580583942712,1.3737373350953672
BaggingRegressor,B0006,115.0,1.3633024037317505,1.3730246370688055
BaggingRegressor,B0006,116.0,1.3580966140172601,1.3730246370688055
BaggingRegressor,B0006,117.0,1.353269090999531,1.3730246370688055
BaggingRegressor,B0006,118.0,1.3841605738237488,1.3746836850750492
BaggingRegressor,B0006,119.0,1.4051467790651473,1.3735728097620108
BaggingRegressor,B0006,120.0,1.378719022627353,1.4054147321062243
BaggingRegressor,B0006,121.0,1.3682657783199066,1.3724506103809657
BaggingRegressor,B0006,122.0,1.3573151296618016,1.3719024376877604
BaggingRegressor,B0006,123.0,1.3524934638801596,1.378175418718726
BaggingRegressor,B0006,124.0,1.3474099151661236,1.370184940172371
BaggingRegressor,B0006,125.0,1.3370075130842318,1.391914690829619
BaggingRegressor,B0006,126.0,1.3312352966718526,1.381410242114314
BaggingRegressor,B0006,127.0,1.3259303781727643,1.3801874220302275
BaggingRegressor,B0006,128.0,1.321578743867529,1.3784626826124744
BaggingRegressor,B0006,129.0,1.321225074066109,1.372478622145965
BaggingRegressor,B0006,130.0,1.3156485301862682,1.372478622145965
BaggingRegressor,B0006,131.0,1.3209025697502388,1.3715064076615269
BaggingRegressor,B0006,132.0,1.3474328767273906,1.372478622145965
BaggingRegressor,B0006,133.0,1.3260128072353616,1.3892836242319462
BaggingRegressor,B0006,134.0,1.3101186784831063,1.3784626826124744
BaggingRegressor,B0006,135.0,1.30521620229393,1.3704880221424154
BaggingRegressor,B0006,136.0,1.3004061951355774,1.3666577657748809
BaggingRegressor,B0006,137.0,1.300235735841116,1.3666577657748809
BaggingRegressor,B0006,138.0,1.2895066722480755,1.353814169674254
BaggingRegressor,B0006,139.0,1.279253057384795,1.3354676477557934
BaggingRegressor,B0006,140.0,1.2792078171714618,1.3308256051258494
BaggingRegressor,B0006,141.0,1.274036760902923,1.3140437834822387
BaggingRegressor,B0006,142.0,1.2741273923001468,1.3140437834822387
BaggingRegressor,B0006,143.0,1.2637639426440779,1.3140437834822387
BaggingRegressor,B0006,144.0,1.2581373688955233,1.3140437834822387
BaggingRegressor,B0006,145.0,1.253259864055301,1.3140437834822387
BaggingRegressor,B0006,146.0,1.2532313315493426,1.3140437834822387
BaggingRegressor,B0006,147.0,1.2480874960313577,1.3140437834822387
BaggingRegressor,B0006,148.0,1.2534354284944844,1.3140437834822387
BaggingRegressor,B0006,149.0,1.2898048773266901,1.3140437834822387
BaggingRegressor,B0006,150.0,1.2635402021758835,1.3140437834822387
BaggingRegressor,B0006,151.0,1.2479761706842853,1.310549726425755
BaggingRegressor,B0006,152.0,1.2321202877943334,1.310549726425755
BaggingRegressor,B0006,153.0,1.2271137666213534,1.3072421930690388
BaggingRegressor,B0006,154.0,1.2217397581377356,1.3047926589703362
BaggingRegressor,B0006,155.0,1.211102678915174,1.3038149835821686
BaggingRegressor,B0006,156.0,1.2056159765131735,1.3028165802571365
BaggingRegressor,B0006,157.0,1.2008936262717274,1.3028165802571365
BaggingRegressor,B0006,158.0,1.1905903985558335,1.3028165802571365
BaggingRegressor,B0006,159.0,1.185179251041941,1.3028165802571365
BaggingRegressor,B0006,160.0,1.1796706818144624,1.3028165802571365
BaggingRegressor,B0006,161.0,1.1745952836753915,1.3025569376510882
BaggingRegressor,B0006,162.0,1.15381833159625,1.3025569376510882
BaggingRegressor,B0006,163.0,1.1644009557372264,1.3025569376510882
BaggingRegressor,B0006,164.0,1.1587974947916069,1.3025569376510882
BaggingRegressor,B0006,165.0,1.1749748834769171,1.3025569376510882
BaggingRegressor,B0006,166.0,1.1856752327929356,1.3025569376510882
RandomForestRegressor,B0006,0.0,2.0251402460314116,1.8757271198083134
RandomForestRegressor,B0006,1.0,2.013326371345464,1.8757271198083134
RandomForestRegressor,B0006,2.0,2.0132846655407413,1.8757271198083134
RandomForestRegressor,B0006,3.0,2.000528337624771,1.8757271198083134
RandomForestRegressor,B0006,4.0,2.0138990759931645,1.8757271198083134
RandomForestRegressor,B0006,5.0,2.013101105626967,1.8757271198083134
RandomForestRegressor,B0006,6.0,1.9687898262728398,1.8757271198083134
RandomForestRegressor,B0006,7.0,1.9681661764334244,1.8748174376019306
RandomForestRegressor,B0006,8.0,1.9572307917560536,1.8747200909144386
RandomForestRegressor,B0006,9.0,1.9455991514129352,1.8747200909144386
RandomForestRegressor,B0006,10.0,1.9347505044841131,1.8747200909144386
RandomForestRegressor,B0006,11.0,1.9232799539368028,1.8747200909144386
RandomForestRegressor,B0006,12.0,1.911889930948487,1.8747200909144386
RandomForestRegressor,B0006,13.0,1.9010667141979305,1.8747200909144386
RandomForestRegressor,B0006,14.0,1.8891989948061458,1.8747200909144386
RandomForestRegressor,B0006,15.0,1.878278372248849,1.8747200909144386
RandomForestRegressor,B0006,16.0,1.8675697161520206,1.8747200909144386
RandomForestRegressor,B0006,17.0,1.8675892574453767,1.8639763529707216
RandomForestRegressor,B0006,18.0,1.979626548250818,1.8639763529707216
RandomForestRegressor,B0006,19.0,1.9575499080884022,1.8747200909144386
RandomForestRegressor,B0006,20.0,1.9458150170787551,1.8747200909144386
RandomForestRegressor,B0006,21.0,1.9242461121680094,1.8747200909144386
RandomForestRegressor,B0006,22.0,1.9459811331421641,1.8747200909144386
RandomForestRegressor,B0006,23.0,1.901407930553079,1.8747200909144386
RandomForestRegressor,B0006,24.0,1.878674213680085,1.8744164005005615
RandomForestRegressor,B0006,25.0,1.8683061328264219,1.8744164005005615
RandomForestRegressor,B0006,26.0,1.8560244070082998,1.8636726625568445
RandomForestRegressor,B0006,27.0,1.8451997961855777,1.8544606517129234
RandomForestRegressor,B0006,28.0,1.857228890885317,1.8337624518556184
RandomForestRegressor,B0006,29.0,1.9247760889090635,1.8550503358704407
RandomForestRegressor,B0006,30.0,1.8822317526092551,1.8740016814827534
RandomForestRegressor,B0006,31.0,1.855276687885587,1.8740016814827534
RandomForestRegressor,B0006,32.0,1.8392508917181876,1.854154462798013
RandomForestRegressor,B0006,33.0,1.8185396073994429,1.831726800547244
RandomForestRegressor,B0006,34.0,1.8134770059567056,1.810899581073926
RandomForestRegressor,B0006,35.0,1.7971018450305436,1.8105474833410915
RandomForestRegressor,B0006,36.0,1.7810046294120476,1.7851283240525369
RandomForestRegressor,B0006,37.0,1.7710130422682329,1.7776118184379721
RandomForestRegressor,B0006,38.0,1.7604712448170943,1.7644977192818658
RandomForestRegressor,B0006,39.0,1.7502913788006587,1.7497230934061603
RandomForestRegressor,B0006,40.0,1.7394925037732578,1.7463009641752567
RandomForestRegressor,B0006,41.0,1.7546766553637203,1.7407764457205586
RandomForestRegressor,B0006,42.0,1.7659390941842175,1.7464068291544876
RandomForestRegressor,B0006,43.0,1.7337887419624838,1.7542580525525853
RandomForestRegressor,B0006,44.0,1.713325912040734,1.720556970780789
RandomForestRegressor,B0006,45.0,1.7024077813673466,1.7094945610328474
RandomForestRegressor,B0006,46.0,1.82371946178183,1.7001139544402064
RandomForestRegressor,B0006,47.0,1.8081284050314708,1.8129525385507295
RandomForestRegressor,B0006,48.0,1.7757610945034283,1.8100389899424152
RandomForestRegressor,B0006,49.0,1.7447409841836798,1.7707276691096487
RandomForestRegressor,B0006,50.0,1.729207034132373,1.7427823556779385
RandomForestRegressor,B0006,51.0,1.7081086552553244,1.7127678763887215
RandomForestRegressor,B0006,52.0,1.6975954237461768,1.7103252044649395
RandomForestRegressor,B0006,53.0,1.6820634524029463,1.6916406215326756
RandomForestRegressor,B0006,54.0,1.6714768322295086,1.670696591634815
RandomForestRegressor,B0006,55.0,1.6607591387047655,1.6595364167969087
RandomForestRegressor,B0006,56.0,1.651121015038069,1.6573150633622955
RandomForestRegressor,B0006,57.0,1.6401349256190927,1.6403289895073738
RandomForestRegressor,B0006,58.0,1.6291999416165441,1.626921223764855
RandomForestRegressor,B0006,59.0,1.6088496302961666,1.6199661051242513
RandomForestRegressor,B0006,60.0,1.6035244898969248,1.6129658160822413
RandomForestRegressor,B0006,61.0,1.5989712144027983,1.6112369927166277
RandomForestRegressor,B0006,62.0,1.5876273123575604,1.6144841523916613
RandomForestRegressor,B0006,63.0,1.5829719744686166,1.5858933409832516
RandomForestRegressor,B0006,64.0,1.567137636713563,1.586085684051749
RandomForestRegressor,B0006,65.0,1.5613446139713882,1.5639705008167966
RandomForestRegressor,B0006,66.0,1.5511711892790419,1.5585802354788323
RandomForestRegressor,B0006,67.0,1.5406741606295171,1.5371448331166315
RandomForestRegressor,B0006,68.0,1.5253138744624433,1.5304329938443795
RandomForestRegressor,B0006,69.0,1.5301570318067428,1.523891610419035
RandomForestRegressor,B0006,70.0,1.5246566834474087,1.527675043673431
RandomForestRegressor,B0006,71.0,1.5145492986655427,1.523891610419035
RandomForestRegressor,B0006,72.0,1.509391504602082,1.5252574087075135
RandomForestRegressor,B0006,73.0,1.5039974333050705,1.5036773622449777
RandomForestRegressor,B0006,74.0,1.4935201918040188,1.499335846510942
RandomForestRegressor,B0006,75.0,1.4876323024497422,1.4863576887430012
RandomForestRegressor,B0006,76.0,1.5302876214401704,1.4855092692340641
RandomForestRegressor,B0006,77.0,1.5040760088360112,1.527675043673431
RandomForestRegressor,B0006,78.0,1.4887593608730894,1.500227445196989
RandomForestRegressor,B0006,79.0,1.4782779285546637,1.4855092692340641
RandomForestRegressor,B0006,80.0,1.478459982215684,1.4777749795363166
RandomForestRegressor,B0006,81.0,1.473214844899973,1.4777749795363166
RandomForestRegressor,B0006,82.0,1.4675164935067897,1.4730094481019576
RandomForestRegressor,B0006,83.0,1.4516292657521335,1.4526846155125188
RandomForestRegressor,B0006,84.0,1.4519237720967177,1.4464705286362172
RandomForestRegressor,B0006,85.0,1.4471484694777745,1.4464705286362172
RandomForestRegressor,B0006,86.0,1.4468538105659885,1.4451316685385547
RandomForestRegressor,B0006,87.0,1.4416741930284678,1.4451316685385547
RandomForestRegressor,B0006,88.0,1.5935866593100128,1.4348243980412996
RandomForestRegressor,B0006,89.0,1.5463902376915637,1.6158749517496855
RandomForestRegressor,B0006,90.0,1.51470559175661,1.5354147924827588
RandomForestRegressor,B0006,91.0,1.4989786083335404,1.5263365977931
RandomForestRegressor,B0006,92.0,1.4831110745410492,1.4966883187119564
RandomForestRegressor,B0006,93.0,1.4729664825468278,1.48284659767859
RandomForestRegressor,B0006,94.0,1.4627604396099307,1.4730094481019576
RandomForestRegressor,B0006,95.0,1.4518364681062514,1.4520545359062824
RandomForestRegressor,B0006,96.0,1.4468670644030392,1.4464705286362172
RandomForestRegressor,B0006,97.0,1.441380399427779,1.4451316685385547
RandomForestRegressor,B0006,98.0,1.431210744960774,1.4326633098242931
RandomForestRegressor,B0006,99.0,1.4260247179525716,1.4294398071287011
RandomForestRegressor,B0006,100.0,1.420487649966195,1.424536251909353
RandomForestRegressor,B0006,101.0,1.4207006230355006,1.4169572894885152
RandomForestRegressor,B0006,102.0,1.452255804330839,1.4169572894885152
RandomForestRegressor,B0006,103.0,1.431557632772571,1.4465878494058584
RandomForestRegressor,B0006,104.0,1.415015751158943,1.4294398071287011
RandomForestRegressor,B0006,105.0,1.4097311506517451,1.4135199944012047
RandomForestRegressor,B0006,106.0,1.404917318129309,1.4093089746628535
RandomForestRegressor,B0006,107.0,1.395164296571563,1.4054425279818437
RandomForestRegressor,B0006,108.0,1.3945343832614077,1.388554433087203
RandomForestRegressor,B0006,109.0,1.3893171179312644,1.3878982865831413
RandomForestRegressor,B0006,110.0,1.3838379472327809,1.378377758165887
RandomForestRegressor,B0006,111.0,1.3736814238195123,1.3765448889222416
RandomForestRegressor,B0006,112.0,1.3786059891863676,1.3755870057428659
RandomForestRegressor,B0006,113.0,1.3737600299108574,1.3761020059287465
RandomForestRegressor,B0006,114.0,1.3682580583942712,1.3755870057428659
RandomForestRegressor,B0006,115.0,1.3633024037317505,1.3737791346742727
RandomForestRegressor,B0006,116.0,1.3580966140172601,1.37286393749899
RandomForestRegressor,B0006,117.0,1.353269090999531,1.3739098569710273
RandomForestRegressor,B0006,118.0,1.3841605738237488,1.374263968350792
RandomForestRegressor,B0006,119.0,1.4051467790651473,1.3739775563960899
RandomForestRegressor,B0006,120.0,1.378719022627353,1.4052581813234954
RandomForestRegressor,B0006,121.0,1.3682657783199066,1.3736970065508285
RandomForestRegressor,B0006,122.0,1.3573151296618016,1.3720372591367578
RandomForestRegressor,B0006,123.0,1.3524934638801596,1.377532391724955
RandomForestRegressor,B0006,124.0,1.3474099151661236,1.3719920819025069
RandomForestRegressor,B0006,125.0,1.3370075130842318,1.3897406116154556
RandomForestRegressor,B0006,126.0,1.3312352966718526,1.3751315379238767
RandomForestRegressor,B0006,127.0,1.3259303781727643,1.3742727071702654
RandomForestRegressor,B0006,128.0,1.321578743867529,1.3735522139947003
RandomForestRegressor,B0006,129.0,1.321225074066109,1.3683066745669406
RandomForestRegressor,B0006,130.0,1.3156485301862682,1.3680973379855854
RandomForestRegressor,B0006,131.0,1.3209025697502388,1.366777734206796
RandomForestRegressor,B0006,132.0,1.3474328767273906,1.3670207878279055
RandomForestRegressor,B0006,133.0,1.3260128072353616,1.3874408687034656
RandomForestRegressor,B0006,134.0,1.3101186784831063,1.3728192572984579
RandomForestRegressor,B0006,135.0,1.30521620229393,1.365703155012809
RandomForestRegressor,B0006,136.0,1.3004061951355774,1.3614929298141696
RandomForestRegressor,B0006,137.0,1.300235735841116,1.3612788998738719
RandomForestRegressor,B0006,138.0,1.2895066722480755,1.3519662025336205
RandomForestRegressor,B0006,139.0,1.279253057384795,1.3286310025815056
RandomForestRegressor,B0006,140.0,1.2792078171714618,1.3167249573239552
RandomForestRegressor,B0006,141.0,1.274036760902923,1.308851955866996
RandomForestRegressor,B0006,142.0,1.2741273923001468,1.3084040869906
RandomForestRegressor,B0006,143.0,1.2637639426440779,1.3079741542623855
RandomForestRegressor,B0006,144.0,1.2581373688955233,1.307795007616639
RandomForestRegressor,B0006,145.0,1.253259864055301,1.307795007616639
RandomForestRegressor,B0006,146.0,1.2532313315493426,1.307795007616639
RandomForestRegressor,B0006,147.0,1.2480874960313577,1.307795007616639
RandomForestRegressor,B0006,148.0,1.2534354284944844,1.307795007616639
RandomForestRegressor,B0006,149.0,1.2898048773266901,1.3079756608925857
RandomForestRegressor,B0006,150.0,1.2635402021758835,1.3078720069575087
RandomForestRegressor,B0006,151.0,1.2479761706842853,1.307102146628465
RandomForestRegressor,B0006,152.0,1.2321202877943334,1.307102146628465
RandomForestRegressor,B0006,153.0,1.2271137666213534,1.3056392897036095
RandomForestRegressor,B0006,154.0,1.2217397581377356,1.30299870782857
RandomForestRegressor,B0006,155.0,1.211102678915174,1.30272402145566
RandomForestRegressor,B0006,156.0,1.2056159765131735,1.3019048772239232
RandomForestRegressor,B0006,157.0,1.2008936262717274,1.3016393256310237
RandomForestRegressor,B0006,158.0,1.1905903985558335,1.3016393256310237
RandomForestRegressor,B0006,159.0,1.185179251041941,1.3014974072796022
RandomForestRegressor,B0006,160.0,1.1796706818144624,1.3013941436601764
RandomForestRegressor,B0006,161.0,1.1745952836753915,1.3013292330086643
RandomForestRegressor,B0006,162.0,1.15381833159625,1.3011452610312488
RandomForestRegressor,B0006,163.0,1.1644009557372264,1.3010329253255688
RandomForestRegressor,B0006,164.0,1.1587974947916069,1.3010329253255688
RandomForestRegressor,B0006,165.0,1.1749748834769171,1.3012553463684162
RandomForestRegressor,B0006,166.0,1.1856752327929356,1.3012553463684162
SimpleAveraging,B0006,0.0,2.0251402460314116,1.903688941978898
SimpleAveraging,B0006,1.0,2.013326371345464,1.9012200628174927
SimpleAveraging,B0006,2.0,2.0132846655407413,1.8983244838221658
SimpleAveraging,B0006,3.0,2.000528337624771,1.8979738977655587
SimpleAveraging,B0006,4.0,2.0138990759931645,1.8947940448089469
SimpleAveraging,B0006,5.0,2.013101105626967,1.8982921788703866
SimpleAveraging,B0006,6.0,1.9687898262728398,1.89818341910735
SimpleAveraging,B0006,7.0,1.9681661764334244,1.8866031709157265
SimpleAveraging,B0006,8.0,1.9572307917560536,1.8864926376700573
SimpleAveraging,B0006,9.0,1.9455991514129352,1.8834750960572701
SimpleAveraging,B0006,10.0,1.9347505044841131,1.8801909992975425
SimpleAveraging,B0006,11.0,1.9232799539368028,1.8769572142274504
SimpleAveraging,B0006,12.0,1.911889930948487,1.8734401903055478
SimpleAveraging,B0006,13.0,1.9010667141979305,1.8693830323588447
SimpleAveraging,B0006,14.0,1.8891989948061458,1.864836414666819
SimpleAveraging,B0006,15.0,1.878278372248849,1.8606434425036322
SimpleAveraging,B0006,16.0,1.8675697161520206,1.8556710645081487
SimpleAveraging,B0006,17.0,1.8675892574453767,1.851071630846866
SimpleAveraging,B0006,18.0,1.979626548250818,1.851445665687488
SimpleAveraging,B0006,19.0,1.9575499080884022,1.8882898964362578
SimpleAveraging,B0006,20.0,1.9458150170787551,1.8821531778328626
SimpleAveraging,B0006,21.0,1.9242461121680094,1.8786467320556135
SimpleAveraging,B0006,22.0,1.9459811331421641,1.8719406055140417
SimpleAveraging,B0006,23.0,1.901407930553079,1.8783897160213308
SimpleAveraging,B0006,24.0,1.878674213680085,1.8636678886475804
SimpleAveraging,B0006,25.0,1.8683061328264219,1.8552296196383609
SimpleAveraging,B0006,26.0,1.8560244070082998,1.848911289363571
SimpleAveraging,B0006,27.0,1.8451997961855777,1.8398428980610984
SimpleAveraging,B0006,28.0,1.857228890885317,1.8287363499223368
SimpleAveraging,B0006,29.0,1.9247760889090635,1.838395050574532
SimpleAveraging,B0006,30.0,1.8822317526092551,1.869968297169348
SimpleAveraging,B0006,31.0,1.855276687885587,1.852252923225747
SimpleAveraging,B0006,32.0,1.8392508917181876,1.836255008871018
SimpleAveraging,B0006,33.0,1.8185396073994429,1.821492008551607
SimpleAveraging,B0006,34.0,1.8134770059567056,1.80373936036641
SimpleAveraging,B0006,35.0,1.7971018450305436,1.8007960483059708
SimpleAveraging,B0006,36.0,1.7810046294120476,1.783731214371307
SimpleAveraging,B0006,37.0,1.7710130422682329,1.772301010095878
SimpleAveraging,B0006,38.0,1.7604712448170943,1.7640389658210431
SimpleAveraging,B0006,39.0,1.7502913788006587,1.7533378063286214
SimpleAveraging,B0006,40.0,1.7394925037732578,1.7461284855207695
SimpleAveraging,B0006,41.0,1.7546766553637203,1.7392378711013756
SimpleAveraging,B0006,42.0,1.7659390941842175,1.7476671956732623
SimpleAveraging,B0006,43.0,1.7337887419624838,1.7528015767078593
SimpleAveraging,B0006,44.0,1.713325912040734,1.7260989140159968
SimpleAveraging,B0006,45.0,1.7024077813673466,1.7129451512670872
SimpleAveraging,B0006,46.0,1.82371946178183,1.700935471084152
SimpleAveraging,B0006,47.0,1.8081284050314708,1.7993665079061312
SimpleAveraging,B0006,48.0,1.7757610945034283,1.7912563080483204
SimpleAveraging,B0006,49.0,1.7447409841836798,1.7639926493302842
SimpleAveraging,B0006,50.0,1.729207034132373,1.7383847449630827
SimpleAveraging,B0006,51.0,1.7081086552553244,1.7226924838877657
SimpleAveraging,B0006,52.0,1.6975954237461768,1.7037799712485557
SimpleAveraging,B0006,53.0,1.6820634524029463,1.6941997926101375
SimpleAveraging,B0006,54.0,1.6714768322295086,1.6727982733563262
SimpleAveraging,B0006,55.0,1.6607591387047655,1.6670135150271168
SimpleAveraging,B0006,56.0,1.651121015038069,1.6572802926255168
SimpleAveraging,B0006,57.0,1.6401349256190927,1.6479505619240995
SimpleAveraging,B0006,58.0,1.6291999416165441,1.6352005961158873
SimpleAveraging,B0006,59.0,1.6088496302961666,1.6225473921290117
SimpleAveraging,B0006,60.0,1.6035244898969248,1.6112179623047964
SimpleAveraging,B0006,61.0,1.5989712144027983,1.6066590532222809
SimpleAveraging,B0006,62.0,1.5876273123575604,1.6041507854577133
SimpleAveraging,B0006,63.0,1.5829719744686166,1.5876578346542547
SimpleAveraging,B0006,64.0,1.567137636713563,1.5851080294309035
SimpleAveraging,B0006,65.0,1.5613446139713882,1.570289853627726
SimpleAveraging,B0006,66.0,1.5511711892790419,1.5648734478531154
SimpleAveraging,B0006,67.0,1.5406741606295171,1.5500991335206213
SimpleAveraging,B0006,68.0,1.5253138744624433,1.5433387466266053
SimpleAveraging,B0006,69.0,1.5301570318067428,1.5343127468760738
SimpleAveraging,B0006,70.0,1.5246566834474087,1.53642430133056
SimpleAveraging,B0006,71.0,1.5145492986655427,1.532256722830335
SimpleAveraging,B0006,72.0,1.509391504602082,1.5300012093385593
SimpleAveraging,B0006,73.0,1.5039974333050705,1.5167601610390582
SimpleAveraging,B0006,74.0,1.4935201918040188,1.5130284674365826
SimpleAveraging,B0006,75.0,1.4876323024497422,1.5010965583576703
SimpleAveraging,B0006,76.0,1.5302876214401704,1.4965676947210331
SimpleAveraging,B0006,77.0,1.5040760088360112,1.5359838363924734
SimpleAveraging,B0006,78.0,1.4887593608730894,1.5083869467616844
SimpleAveraging,B0006,79.0,1.4782779285546637,1.4962103430096785
SimpleAveraging,B0006,80.0,1.478459982215684,1.4860495803086298
SimpleAveraging,B0006,81.0,1.473214844899973,1.485823097304285
SimpleAveraging,B0006,82.0,1.4675164935067897,1.4817141053785785
SimpleAveraging,B0006,83.0,1.4516292657521335,1.472423408457972
SimpleAveraging,B0006,84.0,1.4519237720967177,1.4619301766045358
SimpleAveraging,B0006,85.0,1.4471484694777745,1.4621287885572674
SimpleAveraging,B0006,86.0,1.4468538105659885,1.4585160287432921
SimpleAveraging,B0006,87.0,1.4416741930284678,1.4570705004465148
SimpleAveraging,B0006,88.0,1.5935866593100128,1.4506774052709783
SimpleAveraging,B0006,89.0,1.5463902376915637,1.5957301713695267
SimpleAveraging,B0006,90.0,1.51470559175661,1.5414848859075756
SimpleAveraging,B0006,91.0,1.4989786083335404,1.5303756292786708
SimpleAveraging,B0006,92.0,1.4831110745410492,1.5104126285121164
SimpleAveraging,B0006,93.0,1.4729664825468278,1.4918479102209115
SimpleAveraging,B0006,94.0,1.4627604396099307,1.4811426759489708
SimpleAveraging,B0006,95.0,1.4518364681062514,1.4705550366539895
SimpleAveraging,B0006,96.0,1.4468670644030392,1.460962106026274
SimpleAveraging,B0006,97.0,1.441380399427779,1.4557849064571218
SimpleAveraging,B0006,98.0,1.431210744960774,1.4467319496176823
SimpleAveraging,B0006,99.0,1.4260247179525716,1.438895199080169
SimpleAveraging,B0006,100.0,1.420487649966195,1.4308081478800452
SimpleAveraging,B0006,101.0,1.4207006230355006,1.427283242275536
SimpleAveraging,B0006,102.0,1.452255804330839,1.4274454627996396
SimpleAveraging,B0006,103.0,1.431557632772571,1.458260167191766
SimpleAveraging,B0006,104.0,1.415015751158943,1.4413669099355846
SimpleAveraging,B0006,105.0,1.4097311506517451,1.42353164637299
SimpleAveraging,B0006,106.0,1.404917318129309,1.4190894911145
SimpleAveraging,B0006,107.0,1.395164296571563,1.4164162381248757
SimpleAveraging,B0006,108.0,1.3945343832614077,1.410274413824333
SimpleAveraging,B0006,109.0,1.3893171179312644,1.4095973354007394
SimpleAveraging,B0006,110.0,1.3838379472327809,1.3972253732761157
SimpleAveraging,B0006,111.0,1.3736814238195123,1.3942977658730573
SimpleAveraging,B0006,112.0,1.3786059891863676,1.3867893875390114
SimpleAveraging,B0006,113.0,1.3737600299108574,1.38989841252395
SimpleAveraging,B0006,114.0,1.3682580583942712,1.3860585365062676
SimpleAveraging,B0006,115.0,1.3633024037317505,1.3815919375055041
SimpleAveraging,B0006,116.0,1.3580966140172601,1.3810137716183473
SimpleAveraging,B0006,117.0,1.353269090999531,1.3779802264466876
SimpleAveraging,B0006,118.0,1.3841605738237488,1.3754792714368942
SimpleAveraging,B0006,119.0,1.4051467790651473,1.3896020668153877
SimpleAveraging,B0006,120.0,1.378719022627353,1.4127206135570933
SimpleAveraging,B0006,121.0,1.3682657783199066,1.3857313265306488
SimpleAveraging,B0006,122.0,1.3573151296618016,1.3783576528778494
SimpleAveraging,B0006,123.0,1.3524934638801596,1.3755773746853506
SimpleAveraging,B0006,124.0,1.3474099151661236,1.370443271710677
SimpleAveraging,B0006,125.0,1.3370075130842318,1.3776336007904506
SimpleAveraging,B0006,126.0,1.3312352966718526,1.375386570421681
SimpleAveraging,B0006,127.0,1.3259303781727643,1.3726241097055107
SimpleAveraging,B0006,128.0,1.321578743867529,1.3700963914197435
SimpleAveraging,B0006,129.0,1.321225074066109,1.3651063053124288
SimpleAveraging,B0006,130.0,1.3156485301862682,1.3643048767871173
SimpleAveraging,B0006,131.0,1.3209025697502388,1.360600686948494
SimpleAveraging,B0006,132.0,1.3474328767273906,1.362435971642173
SimpleAveraging,B0006,133.0,1.3260128072353616,1.3755281594977877
SimpleAveraging,B0006,134.0,1.3101186784831063,1.3641143143444854
SimpleAveraging,B0006,135.0,1.30521620229393,1.3546913808172436
SimpleAveraging,B0006,136.0,1.3004061951355774,1.351053923523338
SimpleAveraging,B0006,137.0,1.300235735841116,1.3489445276461753
SimpleAveraging,B0006,138.0,1.2895066722480755,1.347817714362687
SimpleAveraging,B0006,139.0,1.279253057384795,1.3176164279814049
SimpleAveraging,B0006,140.0,1.2792078171714618,1.3136595814739995
SimpleAveraging,B0006,141.0,1.274036760902923,1.3134355347599793
SimpleAveraging,B0006,142.0,1.2741273923001468,1.3114017863865093
SimpleAveraging,B0006,143.0,1.2637639426440779,1.3127270001374556
SimpleAveraging,B0006,144.0,1.2581373688955233,1.3089653918727873
SimpleAveraging,B0006,145.0,1.253259864055301,1.3046378042822766
SimpleAveraging,B0006,146.0,1.2532313315493426,1.3022687250806315
SimpleAveraging,B0006,147.0,1.2480874960313577,1.3021209262733602
SimpleAveraging,B0006,148.0,1.2534354284944844,1.2989112194297534
SimpleAveraging,B0006,149.0,1.2898048773266901,1.3001125326579666
SimpleAveraging,B0006,150.0,1.2635402021758835,1.3150290853562039
SimpleAveraging,B0006,151.0,1.2479761706842853,1.3033167129447958
SimpleAveraging,B0006,152.0,1.2321202877943334,1.2964441919044367
SimpleAveraging,B0006,153.0,1.2271137666213534,1.291620288770939
SimpleAveraging,B0006,154.0,1.2217397581377356,1.2896532689271545
SimpleAveraging,B0006,155.0,1.211102678915174,1.288008643523462
SimpleAveraging,B0006,156.0,1.2056159765131735,1.2848791712437664
SimpleAveraging,B0006,157.0,1.2008936262717274,1.2832990246886582
SimpleAveraging,B0006,158.0,1.1905903985558335,1.2819658329036945
SimpleAveraging,B0006,159.0,1.185179251041941,1.2791285290672616
SimpleAveraging,B0006,160.0,1.1796706818144624,1.2776765738471065
SimpleAveraging,B0006,161.0,1.1745952836753915,1.2762242577617755
SimpleAveraging,B0006,162.0,1.15381833159625,1.2749102653161366
SimpleAveraging,B0006,163.0,1.1644009557372264,1.2695459482097735
SimpleAveraging,B0006,164.0,1.1587974947916069,1.2723283922565152
SimpleAveraging,B0006,165.0,1.1749748834769171,1.2709310448382916
SimpleAveraging,B0006,166.0,1.1856752327929356,1.2752560952107932
WeightedAveraging,B0006,0.0,2.0251402460314116,1.9186212315096023
WeightedAveraging,B0006,1.0,2.013326371345464,1.9151523885104733
WeightedAveraging,B0006,2.0,2.0132846655407413,1.911099617854549
WeightedAveraging,B0006,3.0,2.000528337624771,1.910846550301005
WeightedAveraging,B0006,4.0,2.0138990759931645,1.9064178402671699
WeightedAveraging,B0006,5.0,2.013101105626967,1.9112083026809394
WeightedAveraging,B0006,6.0,1.9687898262728398,1.911006407230607
WeightedAveraging,B0006,7.0,1.9681661764334244,1.8951081865106747
WeightedAveraging,B0006,8.0,1.9572307917560536,1.894928851553127
WeightedAveraging,B0006,9.0,1.9455991514129352,1.8908395624695156
WeightedAveraging,B0006,10.0,1.9347505044841131,1.886403503839602
WeightedAveraging,B0006,11.0,1.9232799539368028,1.8821064076344145
WeightedAveraging,B0006,12.0,1.911889930948487,1.8774532825208636
WeightedAveraging,B0006,13.0,1.9010667141979305,1.8723694206897774
WeightedAveraging,B0006,14.0,1.8891989948061458,1.866980534403244
WeightedAveraging,B0006,15.0,1.878278372248849,1.8616215989815654
WeightedAveraging,B0006,16.0,1.8675697161520206,1.8558103423350227
WeightedAveraging,B0006,17.0,1.8675892574453767,1.850277680468579
WeightedAveraging,B0006,18.0,1.979626548250818,1.8505370994503876
WeightedAveraging,B0006,19.0,1.9575499080884022,1.8980025351980478
WeightedAveraging,B0006,20.0,1.9458150170787551,1.8897053547791585
WeightedAveraging,B0006,21.0,1.9242461121680094,1.885049399496101
WeightedAveraging,B0006,22.0,1.9459811331421641,1.8762372820524749
WeightedAveraging,B0006,23.0,1.901407930553079,1.8847922524756862
WeightedAveraging,B0006,24.0,1.878674213680085,1.8658328477564161
WeightedAveraging,B0006,25.0,1.8683061328264219,1.8552095174489296
WeightedAveraging,B0006,26.0,1.8560244070082998,1.848424265857032
WeightedAveraging,B0006,27.0,1.8451997961855777,1.839162359787031
WeightedAveraging,B0006,28.0,1.857228890885317,1.8286145320364176
WeightedAveraging,B0006,29.0,1.9247760889090635,1.8381794789822652
WeightedAveraging,B0006,30.0,1.8822317526092551,1.8743572396710146
WeightedAveraging,B0006,31.0,1.855276687885587,1.8532376144851848
WeightedAveraging,B0006,32.0,1.8392508917181876,1.8359607554613997
WeightedAveraging,B0006,33.0,1.8185396073994429,1.8216103288099867
WeightedAveraging,B0006,34.0,1.8134770059567056,1.8039717514075067
WeightedAveraging,B0006,35.0,1.7971018450305436,1.80062554917519
WeightedAveraging,B0006,36.0,1.7810046294120476,1.7842883686640258
WeightedAveraging,B0006,37.0,1.7710130422682329,1.7721764166824538
WeightedAveraging,B0006,38.0,1.7604712448170943,1.763725576875848
WeightedAveraging,B0006,39.0,1.7502913788006587,1.7533079615438918
WeightedAveraging,B0006,40.0,1.7394925037732578,1.7455736746853723
WeightedAveraging,B0006,41.0,1.7546766553637203,1.7379289016679174
WeightedAveraging,B0006,42.0,1.7659390941842175,1.7475226202154863
WeightedAveraging,B0006,43.0,1.7337887419624838,1.7537442709848878
WeightedAveraging,B0006,44.0,1.713325912040734,1.7265553788246548
WeightedAveraging,B0006,45.0,1.7024077813673466,1.712043917719119
WeightedAveraging,B0006,46.0,1.82371946178183,1.7005108584497766
WeightedAveraging,B0006,47.0,1.8081284050314708,1.8004214292434284
WeightedAveraging,B0006,48.0,1.7757610945034283,1.7910174110316632
WeightedAveraging,B0006,49.0,1.7447409841836798,1.7636397500710184
WeightedAveraging,B0006,50.0,1.729207034132373,1.7376208962342372
WeightedAveraging,B0006,51.0,1.7081086552553244,1.7223469513950553
WeightedAveraging,B0006,52.0,1.6975954237461768,1.7034086954022423
WeightedAveraging,B0006,53.0,1.6820634524029463,1.693802459381332
WeightedAveraging,B0006,54.0,1.6714768322295086,1.6742130363709955
WeightedAveraging,B0006,55.0,1.6607591387047655,1.667436266530162
WeightedAveraging,B0006,56.0,1.651121015038069,1.6576710274769617
WeightedAveraging,B0006,57.0,1.6401349256190927,1.648451485243971
WeightedAveraging,B0006,58.0,1.6291999416165441,1.636369981453704
WeightedAveraging,B0006,59.0,1.6088496302961666,1.6243760894296475
WeightedAveraging,B0006,60.0,1.6035244898969248,1.6112887699388752
WeightedAveraging,B0006,61.0,1.5989712144027983,1.606619413993347
WeightedAveraging,B0006,62.0,1.5876273123575604,1.6036601390542347
WeightedAveraging,B0006,63.0,1.5829719744686166,1.5887100042960969
WeightedAveraging,B0006,64.0,1.567137636713563,1.5856992650480983
WeightedAveraging,B0006,65.0,1.5613446139713882,1.571018225380611
WeightedAveraging,B0006,66.0,1.5511711892790419,1.5656084019762462
WeightedAveraging,B0006,67.0,1.5406741606295171,1.552214749615739
WeightedAveraging,B0006,68.0,1.5253138744624433,1.5447620290334434
WeightedAveraging,B0006,69.0,1.5301570318067428,1.534543596574033
WeightedAveraging,B0006,70.0,1.5246566834474087,1.5371180649945602
WeightedAveraging,B0006,71.0,1.5145492986655427,1.5327093774327667
WeightedAveraging,B0006,72.0,1.509391504602082,1.528722661391304
WeightedAveraging,B0006,73.0,1.5039974333050705,1.5175832745717521
WeightedAveraging,B0006,74.0,1.4935201918040188,1.5135233400419803
WeightedAveraging,B0006,75.0,1.4876323024497422,1.5021996496445937
WeightedAveraging,B0006,76.0,1.5302876214401704,1.4974332240261896
WeightedAveraging,B0006,77.0,1.5040760088360112,1.5362906283078122
WeightedAveraging,B0006,78.0,1.4887593608730894,1.509739411559421
WeightedAveraging,B0006,79.0,1.4782779285546637,1.4971610611153872
WeightedAveraging,B0006,80.0,1.478459982215684,1.4871596478659765
WeightedAveraging,B0006,81.0,1.473214844899973,1.4869427279371954
WeightedAveraging,B0006,82.0,1.4675164935067897,1.4826251580283696
WeightedAveraging,B0006,83.0,1.4516292657521335,1.4743217645030136
WeightedAveraging,B0006,84.0,1.4519237720967177,1.462897611279549
WeightedAveraging,B0006,85.0,1.4471484694777745,1.463016260457502
WeightedAveraging,B0006,86.0,1.4468538105659885,1.4591735386445508
WeightedAveraging,B0006,87.0,1.4416741930284678,1.4579293721695408
WeightedAveraging,B0006,88.0,1.5935866593100128,1.4519123494257244
WeightedAveraging,B0006,89.0,1.5463902376915637,1.59416647397871
WeightedAveraging,B0006,90.0,1.51470559175661,1.5429788779115905
WeightedAveraging,B0006,91.0,1.4989786083335404,1.527522615316217
WeightedAveraging,B0006,92.0,1.4831110745410492,1.5089686532506332
WeightedAveraging,B0006,93.0,1.4729664825468278,1.4914332419600576
WeightedAveraging,B0006,94.0,1.4627604396099307,1.4810656664617365
WeightedAveraging,B0006,95.0,1.4518364681062514,1.470775050065834
WeightedAveraging,B0006,96.0,1.4468670644030392,1.4610762768468837
WeightedAveraging,B0006,97.0,1.441380399427779,1.4560040856457739
WeightedAveraging,B0006,98.0,1.431210744960774,1.4479118964991855
WeightedAveraging,B0006,99.0,1.4260247179525716,1.4397080514487386
WeightedAveraging,B0006,100.0,1.420487649966195,1.4324106722707646
WeightedAveraging,B0006,101.0,1.4207006230355006,1.428460203295241
WeightedAveraging,B0006,102.0,1.452255804330839,1.428526902342301
WeightedAveraging,B0006,103.0,1.431557632772571,1.4584859263806675
WeightedAveraging,B0006,104.0,1.415015751158943,1.4411455656936625
WeightedAveraging,B0006,105.0,1.4097311506517451,1.4240509541153403
WeightedAveraging,B0006,106.0,1.404917318129309,1.4194698818227356
WeightedAveraging,B0006,107.0,1.395164296571563,1.4163202792141951
WeightedAveraging,B0006,108.0,1.3945343832614077,1.4095093101735392
WeightedAveraging,B0006,109.0,1.3893171179312644,1.4087628208368506
WeightedAveraging,B0006,110.0,1.3838379472327809,1.3982623562078773
WeightedAveraging,B0006,111.0,1.3736814238195123,1.3947936866896615
WeightedAveraging,B0006,112.0,1.3786059891863676,1.3869060751689537
WeightedAveraging,B0006,113.0,1.3737600299108574,1.3901753255168243
WeightedAveraging,B0006,114.0,1.3682580583942712,1.3861665817059101
WeightedAveraging,B0006,115.0,1.3633024037317505,1.3815546656141844
WeightedAveraging,B0006,116.0,1.3580966140172601,1.3799797548672208
WeightedAveraging,B0006,117.0,1.353269090999531,1.3765169382519016
WeightedAveraging,B0006,118.0,1.3841605738237488,1.3735383020505312
WeightedAveraging,B0006,119.0,1.4051467790651473,1.390546730264612
WeightedAveraging,B0006,120.0,1.378719022627353,1.4123532925764881
WeightedAveraging,B0006,121.0,1.3682657783199066,1.3862908840785897
WeightedAveraging,B0006,122.0,1.3573151296618016,1.3784443626298846
WeightedAveraging,B0006,123.0,1.3524934638801596,1.3739648144636005
WeightedAveraging,B0006,124.0,1.3474099151661236,1.3690177208046488
WeightedAveraging,B0006,125.0,1.3370075130842318,1.3732665718585417
WeightedAveraging,B0006,126.0,1.3312352966718526,1.369358577232841
WeightedAveraging,B0006,127.0,1.3259303781727643,1.3660265520243144
WeightedAveraging,B0006,128.0,1.321578743867529,1.3629747198389053
WeightedAveraging,B0006,129.0,1.321225074066109,1.3582752494959518
WeightedAveraging,B0006,130.0,1.3156485301862682,1.3575182901299427
WeightedAveraging,B0006,131.0,1.3209025697502388,1.3535501936385743
WeightedAveraging,B0006,132.0,1.3474328767273906,1.3558883557560564
WeightedAveraging,B0006,133.0,1.3260128072353616,1.3710309049731446
WeightedAveraging,B0006,134.0,1.3101186784831063,1.3580169983782138
WeightedAveraging,B0006,135.0,1.30521620229393,1.347717145330669
WeightedAveraging,B0006,136.0,1.3004061951355774,1.3439583412330012
WeightedAveraging,B0006,137.0,1.300235735841116,1.3413729678016368
WeightedAveraging,B0006,138.0,1.2895066722480755,1.340427646109364
WeightedAveraging,B0006,139.0,1.279253057384795,1.315655117656032
WeightedAveraging,B0006,140.0,1.2792078171714618,1.3106928343572721
WeightedAveraging,B0006,141.0,1.274036760902923,1.3104562435340497
WeightedAveraging,B0006,142.0,1.2741273923001468,1.3079114010445654
WeightedAveraging,B0006,143.0,1.2637639426440779,1.3088677781331077
WeightedAveraging,B0006,144.0,1.2581373688955233,1.3040900502636354
WeightedAveraging,B0006,145.0,1.253259864055301,1.299774706967046
WeightedAveraging,B0006,146.0,1.2532313315493426,1.2970744476157052
WeightedAveraging,B0006,147.0,1.2480874960313577,1.2969157297336724
WeightedAveraging,B0006,148.0,1.2534354284944844,1.2935503356761087
WeightedAveraging,B0006,149.0,1.2898048773266901,1.2953703621801411
WeightedAveraging,B0006,150.0,1.2635402021758835,1.3132582467497926
WeightedAveraging,B0006,151.0,1.2479761706842853,1.2995410707931878
WeightedAveraging,B0006,152.0,1.2321202877943334,1.291554398903074
WeightedAveraging,B0006,153.0,1.2271137666213534,1.2851241148278834
WeightedAveraging,B0006,154.0,1.2217397581377356,1.282760941393772
WeightedAveraging,B0006,155.0,1.211102678915174,1.280585482221467
WeightedAveraging,B0006,156.0,1.2056159765131735,1.2764132764240277
WeightedAveraging,B0006,157.0,1.2008936262717274,1.2742913352009748
WeightedAveraging,B0006,158.0,1.1905903985558335,1.2724906915982093
WeightedAveraging,B0006,159.0,1.185179251041941,1.2686431254972206
WeightedAveraging,B0006,160.0,1.1796706818144624,1.2666567242711826
WeightedAveraging,B0006,161.0,1.1745952836753915,1.264660486694417
WeightedAveraging,B0006,162.0,1.15381833159625,1.2628447040876043
WeightedAveraging,B0006,163.0,1.1644009557372264,1.2554514234413354
WeightedAveraging,B0006,164.0,1.1587974947916069,1.2592550167048109
WeightedAveraging,B0006,165.0,1.1749748834769171,1.2573045183834424
WeightedAveraging,B0006,166.0,1.1856752327929356,1.263194879111441
LinearRegression,B0007,0.0,1.880637027686859,1.8855498167800349
LinearRegression,B0007,1.0,1.8806626717011388,1.8754892997651724
LinearRegression,B0007,2.0,1.8807709009833444,1.8753011678996465
LinearRegression,B0007,3.0,1.8794508728285058,1.8751911243845087
LinearRegression,B0007,4.0,1.8807003517117404,1.8737305946387182
LinearRegression,B0007,5.0,1.8799352523566075,1.8746996576151367
LinearRegression,B0007,6.0,1.8815088124038797,1.873763839790011
LinearRegression,B0007,7.0,1.8696907870385844,1.875039337123636
LinearRegression,B0007,8.0,1.870052380139199,1.8636524451447927
LinearRegression,B0007,9.0,1.8700442394188577,1.8637819693288893
LinearRegression,B0007,10.0,1.8596518987766364,1.8635618923687827
LinearRegression,B0007,11.0,1.8590746560862206,1.8535230539955607
LinearRegression,B0007,12.0,1.8590084577709232,1.8527648636992382
LinearRegression,B0007,13.0,1.8593622586957048,1.8524898904854594
LinearRegression,B0007,14.0,1.8587355450601035,1.8526120467918217
LinearRegression,B0007,15.0,1.847817291322145,1.8518070793329529
LinearRegression,B0007,16.0,1.8485252916137047,1.841270964785358
LinearRegression,B0007,17.0,1.848378951850034,1.8417280336609345
LinearRegression,B0007,18.0,1.8807805437609766,1.8413772828459156
LinearRegression,B0007,19.0,1.8814721597443598,1.8718021698275094
LinearRegression,B0007,20.0,1.8810954313244785,1.8722437465501884
LinearRegression,B0007,21.0,1.8710089649779995,1.871675152158906
LinearRegression,B0007,22.0,1.8701995151941375,1.8619255326715773
LinearRegression,B0007,23.0,1.8706715362800985,1.860947779378959
LinearRegression,B0007,24.0,1.8596124644020169,1.8611817185444315
LinearRegression,B0007,25.0,1.860033909718346,1.8505124536596986
LinearRegression,B0007,26.0,1.8591653109160768,1.8506985709978725
LinearRegression,B0007,27.0,1.8481398178778288,1.8496648894581165
LinearRegression,B0007,28.0,1.849201702126164,1.8390273749845214
LinearRegression,B0007,29.0,1.8834677437950846,1.8398190581939555
LinearRegression,B0007,30.0,1.8628211117905844,1.872006872264593
LinearRegression,B0007,31.0,1.852085039652352,1.8522721072813073
LinearRegression,B0007,32.0,1.8469504648208708,1.8419082542151004
LinearRegression,B0007,33.0,1.836828431169018,1.8368408867736847
LinearRegression,B0007,34.0,1.8371619619672275,1.8270576366852314
LinearRegression,B0007,35.0,1.8316722583718854,1.8271606266101563
LinearRegression,B0007,36.0,1.8211470951317783,1.8217574678097996
LinearRegression,B0007,37.0,1.816506091511515,1.811593039269909
LinearRegression,B0007,38.0,1.8113815601504555,1.806992367192584
LinearRegression,B0007,39.0,1.8116056333939583,1.8019344963364203
LinearRegression,B0007,40.0,1.8060548955557403,1.8019339888689014
LinearRegression,B0007,41.0,1.8132041826994056,1.7964731192508279
LinearRegression,B0007,42.0,1.8062641938283535,1.8030207352335528
LinearRegression,B0007,43.0,1.7958310249900458,1.7962462618196218
LinearRegression,B0007,44.0,1.7858852600390451,1.7861688184195983
LinearRegression,B0007,45.0,1.7803268604502753,1.7765522388817205
LinearRegression,B0007,46.0,1.8150756899575577,1.7710841247093005
LinearRegression,B0007,47.0,1.8157025154845838,1.803728437945371
LinearRegression,B0007,48.0,1.8002432178056673,1.804108752169485
LinearRegression,B0007,49.0,1.7904476205609308,1.789278861754884
LinearRegression,B0007,50.0,1.780343032300132,1.7798042730194612
LinearRegression,B0007,51.0,1.775328769596812,1.7700375183888966
LinearRegression,B0007,52.0,1.7702629734732853,1.765083911862179
LinearRegression,B0007,53.0,1.760081061854204,1.7600815780033974
LinearRegression,B0007,54.0,1.749647593537689,1.7502417104115695
LinearRegression,B0007,55.0,1.749650075059311,1.7401639838404697
LinearRegression,B0007,56.0,1.745028739214683,1.739953950721997
LinearRegression,B0007,57.0,1.7396457455286727,1.735371875474273
LinearRegression,B0007,58.0,1.7285642277717963,1.7300696160352562
LinearRegression,B0007,59.0,1.723900324588418,1.7193791274905157
LinearRegression,B0007,60.0,1.7139788776485192,1.7147568027727964
LinearRegression,B0007,61.0,1.7139701997004613,1.7051632170862359
LinearRegression,B0007,62.0,1.7036521173638766,1.7049426321514356
LinearRegression,B0007,63.0,1.7040137474382486,1.6949740085845033
LinearRegression,B0007,64.0,1.6935716157343033,1.6951035677290693
LinearRegression,B0007,65.0,1.6876577363877656,1.6850176495076887
LinearRegression,B0007,66.0,1.6830744356583152,1.6792134120946751
LinearRegression,B0007,67.0,1.6779270142025482,1.6746673008811626
LinearRegression,B0007,68.0,1.6732060275966172,1.66958778633744
LinearRegression,B0007,69.0,1.6674367208253988,1.6649114864929988
LinearRegression,B0007,70.0,1.6622662630667526,1.6592439494165176
LinearRegression,B0007,71.0,1.6574243065763063,1.654142652938365
LinearRegression,B0007,72.0,1.652538684928734,1.6493519702388972
LinearRegression,B0007,73.0,1.6472174627573322,1.6445200000292595
LinearRegression,B0007,74.0,1.6364136810898071,1.63927614853391
LinearRegression,B0007,75.0,1.6362554312048496,1.6288482728450149
LinearRegression,B0007,76.0,1.641119179218384,1.6284862604364019
LinearRegression,B0007,77.0,1.6315700789656966,1.6328727890375359
LinearRegression,B0007,78.0,1.621213282987236,1.6236312750861304
LinearRegression,B0007,79.0,1.6164273214762122,1.6136260459052973
LinearRegression,B0007,80.0,1.615823510161921,1.6088883091571229
LinearRegression,B0007,81.0,1.61672418029789,1.6081049969466545
LinearRegression,B0007,82.0,1.6108655863730026,1.6087442444443676
LinearRegression,B0007,83.0,1.6006603374309376,1.6029922820615818
LinearRegression,B0007,84.0,1.5959174487005663,1.5931303479063095
LinearRegression,B0007,85.0,1.5962179519462243,1.5884333385478047
LinearRegression,B0007,86.0,1.5958065114633972,1.588505099330282
LinearRegression,B0007,87.0,1.5906507821480704,1.5879036830108022
LinearRegression,B0007,88.0,1.6888211161855506,1.5828163129855322
LinearRegression,B0007,89.0,1.6259938279733204,1.6754287148685378
LinearRegression,B0007,90.0,1.6157433862812898,1.6158101068672004
LinearRegression,B0007,91.0,1.6056626764846538,1.6059054407891171
LinearRegression,B0007,92.0,1.5949746921524348,1.596161264397058
LinearRegression,B0007,93.0,1.5904102438871945,1.5858428806686604
LinearRegression,B0007,94.0,1.5853517062988178,1.5813145953685084
LinearRegression,B0007,95.0,1.5799737147242376,1.5763191248044808
LinearRegression,B0007,96.0,1.5752185465278068,1.5710215951028597
LinearRegression,B0007,97.0,1.569798484648868,1.566312974917481
LinearRegression,B0007,98.0,1.5702565375950357,1.5609756657158325
LinearRegression,B0007,99.0,1.565249873909438,1.5611963973320429
LinearRegression,B0007,100.0,1.559633933561147,1.5562499760427582
LinearRegression,B0007,101.0,1.5649820533392105,1.5507274543094751
LinearRegression,B0007,102.0,1.57497949984227,1.5555719797545582
LinearRegression,B0007,103.0,1.5652811168780458,1.5648126676568153
LinearRegression,B0007,104.0,1.559755497470126,1.555429999708115
LinearRegression,B0007,105.0,1.549897685670499,1.5499928807762784
LinearRegression,B0007,106.0,1.5438771531345021,1.5404594651812529
LinearRegression,B0007,107.0,1.5450187488690073,1.534554382038272
LinearRegression,B0007,108.0,1.5445940154102908,1.5354214362989647
LinearRegression,B0007,109.0,1.5343086721758876,1.5348074508302283
LinearRegression,B0007,110.0,1.5287603942958483,1.524869783662019
LinearRegression,B0007,111.0,1.5289260249179843,1.519411240052942
LinearRegression,B0007,112.0,1.529091650133123,1.5193554722707265
LinearRegression,B0007,113.0,1.5239059324661248,1.5192996993759345
LinearRegression,B0007,114.0,1.5186675419100615,1.5141839739191003
LinearRegression,B0007,115.0,1.5136482266426952,1.5090184437074885
LinearRegression,B0007,116.0,1.5136050185229033,1.5040600597379954
LinearRegression,B0007,117.0,1.5139470614867965,1.5038068248619034
LinearRegression,B0007,118.0,1.5339599193158786,1.5039178634496608
LinearRegression,B0007,119.0,1.5391372798653098,1.5226286053767082
LinearRegression,B0007,120.0,1.5236247972838737,1.5273116697426865
LinearRegression,B0007,121.0,1.5135813035589147,1.512431490439914
LinearRegression,B0007,122.0,1.5077850749847914,1.5027225036369691
LinearRegression,B0007,123.0,1.5031960676037333,1.4970295106985514
LinearRegression,B0007,124.0,1.4978220596995881,1.492478003570955
LinearRegression,B0007,125.0,1.492848534633516,1.4871842406216929
LinearRegression,B0007,126.0,1.492414389867026,1.4822691534940315
LinearRegression,B0007,127.0,1.487482776538081,1.481646269180289
LinearRegression,B0007,128.0,1.482535148640411,1.4767708116196963
LinearRegression,B0007,129.0,1.4827874322228984,1.471880211512675
LinearRegression,B0007,130.0,1.476971179775059,1.4719063782800474
LinearRegression,B0007,131.0,1.4819015554137276,1.4661944518041339
LinearRegression,B0007,132.0,1.4981366198874824,1.47064398003544
LinearRegression,B0007,133.0,1.4820775214392872,1.4857826363032105
LinearRegression,B0007,134.0,1.4771155312812152,1.4703856053584525
LinearRegression,B0007,135.0,1.4720772783056488,1.465481425042142
LinearRegression,B0007,136.0,1.472248013656454,1.460505134556988
LinearRegression,B0007,137.0,1.4670106672274665,1.4604541935417121
LinearRegression,B0007,138.0,1.4617672495335379,1.4552896506025645
LinearRegression,B0007,139.0,1.4566952670489708,1.4501193669898569
LinearRegression,B0007,140.0,1.451354972758956,1.4451111836286072
LinearRegression,B0007,141.0,1.451615926257375,1.4398492985260745
LinearRegression,B0007,142.0,1.4468161332173683,1.4398836631167402
LinearRegression,B0007,143.0,1.4467570607768785,1.435132847991408
LinearRegression,B0007,144.0,1.4413797481446793,1.4348646126356368
LinearRegression,B0007,145.0,1.4362456252208178,1.4295677249067533
LinearRegression,B0007,146.0,1.4368154153924828,1.4245007847657682
LinearRegression,B0007,147.0,1.4362945145860047,1.4248271693130061
LinearRegression,B0007,148.0,1.4418575315878015,1.4241222529829123
LinearRegression,B0007,149.0,1.4672063484781797,1.4291699741083612
LinearRegression,B0007,150.0,1.4518640367848885,1.45292612245354
LinearRegression,B0007,151.0,1.4471379752748499,1.4382068479255912
LinearRegression,B0007,152.0,1.441790586562399,1.4335257495147702
LinearRegression,B0007,153.0,1.431630947911111,1.4282571562939628
LinearRegression,B0007,154.0,1.4318084249673686,1.4184383488664583
LinearRegression,B0007,155.0,1.4262562585106868,1.418393782458553
LinearRegression,B0007,156.0,1.4260877528924913,1.4129315620128804
LinearRegression,B0007,157.0,1.4212633510031694,1.4125598523142948
LinearRegression,B0007,158.0,1.4163272748795108,1.4077857683361
LinearRegression,B0007,159.0,1.4165781829175994,1.4029060909880553
LinearRegression,B0007,160.0,1.4108401729425177,1.4029309571119148
LinearRegression,B0007,161.0,1.4109949628347804,1.3972930126642902
LinearRegression,B0007,162.0,1.4061714290398801,1.3972269944495936
LinearRegression,B0007,163.0,1.4063358479692922,1.3924537312965053
LinearRegression,B0007,164.0,1.4004552399066514,1.3923968178004311
LinearRegression,B0007,165.0,1.4217865046055154,1.3866240399895968
LinearRegression,B0007,166.0,1.4324552720625434,1.4065813991425435
Ridge,B0007,0.0,1.880637027686859,1.8855153064111883
Ridge,B0007,1.0,1.8806626717011388,1.8755874037080118
Ridge,B0007,2.0,1.8807709009833444,1.8753085368618923
Ridge,B0007,3.0,1.8794508728285058,1.8751059917233963
Ridge,B0007,4.0,1.8807003517117404,1.8735835132692003
Ridge,B0007,5.0,1.8799352523566075,1.8744356613049575
Ridge,B0007,6.0,1.8815088124038797,1.8734260238775788
Ridge,B0007,7.0,1.8696907870385844,1.8745776736098154
Ridge,B0007,8.0,1.870052380139199,1.8633534033729822
Ridge,B0007,9.0,1.8700442394188577,1.8633850060402228
Ridge,B0007,10.0,1.8596518987766364,1.8630749168138572
Ridge,B0007,11.0,1.8590746560862206,1.8531682023025269
Ridge,B0007,12.0,1.8590084577709232,1.8523321738226004
Ridge,B0007,13.0,1.8593622586957048,1.8519684302956694
Ridge,B0007,14.0,1.8587355450601035,1.8519928317733927
Ridge,B0007,15.0,1.847817291322145,1.851111084400628
Ridge,B0007,16.0,1.8485252916137047,1.840718343912312
Ridge,B0007,17.0,1.848378951850034,1.841070081017692
Ridge,B0007,18.0,1.8807805437609766,1.8406322742547274
Ridge,B0007,19.0,1.8814721597443598,1.870273848323382
Ridge,B0007,20.0,1.8810954313244785,1.8706104437647622
Ridge,B0007,21.0,1.8710089649779995,1.8699597218402837
Ridge,B0007,22.0,1.8701995151941375,1.8603356830307527
Ridge,B0007,23.0,1.8706715362800985,1.8592850588688212
Ridge,B0007,24.0,1.8596124644020169,1.8594187142704386
Ridge,B0007,25.0,1.860033909718346,1.8488958357903416
Ridge,B0007,26.0,1.8591653109160768,1.8489827512684878
Ridge,B0007,27.0,1.8481398178778288,1.847877464159974
Ridge,B0007,28.0,1.849201702126164,1.837385617781128
Ridge,B0007,29.0,1.8834677437950846,1.8380643990259777
Ridge,B0007,30.0,1.8628211117905844,1.8694290163550245
Ridge,B0007,31.0,1.852085039652352,1.8500457323913577
Ridge,B0007,32.0,1.8469504648208708,1.8398213562026067
Ridge,B0007,33.0,1.836828431169018,1.834773639852074
Ridge,B0007,34.0,1.8371619619672275,1.8251167312880472
Ridge,B0007,35.0,1.8316722583718854,1.8251223999976558
Ridge,B0007,36.0,1.8211470951317783,1.8197464891111625
Ridge,B0007,37.0,1.816506091511515,1.8097170257399418
Ridge,B0007,38.0,1.8113815601504555,1.8051254464053696
Ridge,B0007,39.0,1.8116056333939583,1.8000870117927585
Ridge,B0007,40.0,1.8060548955557403,1.7999915245977207
Ridge,B0007,41.0,1.8132041826994056,1.794559208522302
Ridge,B0007,42.0,1.8062641938283535,1.8008637023867635
Ridge,B0007,43.0,1.7958310249900458,1.794147501015496
Ridge,B0007,44.0,1.7858852600390451,1.7842030548636107
Ridge,B0007,45.0,1.7803268604502753,1.774709046155545
Ridge,B0007,46.0,1.8150756899575577,1.7692696494239732
Ridge,B0007,47.0,1.8157025154845838,1.8010804382454555
Ridge,B0007,48.0,1.8002432178056673,1.8013571571690123
Ridge,B0007,49.0,1.7904476205609308,1.7867677816551988
Ridge,B0007,50.0,1.780343032300132,1.777412551400722
Ridge,B0007,51.0,1.775328769596812,1.7677717651072749
Ridge,B0007,52.0,1.7702629734732853,1.7628352359854058
Ridge,B0007,53.0,1.760081061854204,1.7578510819211148
Ridge,B0007,54.0,1.749647593537689,1.7481388367477544
Ridge,B0007,55.0,1.749650075059311,1.7381941138311539
Ridge,B0007,56.0,1.745028739214683,1.73789384121816
Ridge,B0007,57.0,1.7396457455286727,1.733320437985202
Ridge,B0007,58.0,1.7285642277717963,1.7280431437491732
Ridge,B0007,59.0,1.723900324588418,1.7174995217655222
Ridge,B0007,60.0,1.7139788776485192,1.7128867796521074
Ridge,B0007,61.0,1.7139701997004613,1.7034152445907336
Ridge,B0007,62.0,1.7036521173638766,1.7031046588819112
Ridge,B0007,63.0,1.7040137474382486,1.6932665706623369
Ridge,B0007,64.0,1.6935716157343033,1.6932982074991136
Ridge,B0007,65.0,1.6876577363877656,1.6833454782571828
Ridge,B0007,66.0,1.6830744356583152,1.677577562616369
Ridge,B0007,67.0,1.6779270142025482,1.6730393097802423
Ridge,B0007,68.0,1.6732060275966172,1.6679797211390783
Ridge,B0007,69.0,1.6674367208253988,1.6633142250128037
Ridge,B0007,70.0,1.6622662630667526,1.657679917049255
Ridge,B0007,71.0,1.6574243065763063,1.6525990392603143
Ridge,B0007,72.0,1.652538684928734,1.6478217480356023
Ridge,B0007,73.0,1.6472174627573322,1.6430041033745062
Ridge,B0007,74.0,1.6364136810898071,1.637783895681826
Ridge,B0007,75.0,1.6362554312048496,1.6274969452951846
Ridge,B0007,76.0,1.641119179218384,1.627048131716871
Ridge,B0007,77.0,1.6315700789656966,1.6312404298637042
Ridge,B0007,78.0,1.621213282987236,1.6221130013931266
Ridge,B0007,79.0,1.6164273214762122,1.6122391357118997
Ridge,B0007,80.0,1.615823510161921,1.6075135926083137
Ridge,B0007,81.0,1.61672418029789,1.6066530105633956
Ridge,B0007,82.0,1.6108655863730026,1.6071828047472618
Ridge,B0007,83.0,1.6006603374309376,1.601465981485186
Ridge,B0007,84.0,1.5959174487005663,1.5917321689743789
Ridge,B0007,85.0,1.5962179519462243,1.5870464318586412
Ridge,B0007,86.0,1.5958065114633972,1.5870215779426937
Ridge,B0007,87.0,1.5906507821480704,1.5863387766415216
Ridge,B0007,88.0,1.6888211161855506,1.5812715102384005
Ridge,B0007,89.0,1.6259938279733204,1.671693691229113
Ridge,B0007,90.0,1.6157433862812898,1.6133288819727187
Ridge,B0007,91.0,1.6056626764846538,1.6035533042907595
Ridge,B0007,92.0,1.5949746921524348,1.5939345854338673
Ridge,B0007,93.0,1.5904102438871945,1.583754649900974
Ridge,B0007,94.0,1.5853517062988178,1.579233819691153
Ridge,B0007,95.0,1.5799737147242376,1.5742563736489028
Ridge,B0007,96.0,1.5752185465278068,1.5689837021463913
Ridge,B0007,97.0,1.569798484648868,1.5642866168829526
Ridge,B0007,98.0,1.5702565375950357,1.5589750658375208
Ridge,B0007,99.0,1.565249873909438,1.559095812492722
Ridge,B0007,100.0,1.559633933561147,1.5541663060520574
Ridge,B0007,101.0,1.5649820533392105,1.5486737326567186
Ridge,B0007,102.0,1.57497949984227,1.5533136660915636
Ridge,B0007,103.0,1.5652811168780458,1.562250304784668
Ridge,B0007,104.0,1.559755497470126,1.5529849157340825
Ridge,B0007,105.0,1.549897685670499,1.5475758130179145
Ridge,B0007,106.0,1.5438771531345021,1.538163086781557
Ridge,B0007,107.0,1.5450187488690073,1.5322966069083146
Ridge,B0007,108.0,1.5445940154102908,1.5330490540368564
Ridge,B0007,109.0,1.5343086721758876,1.5323539679463414
Ridge,B0007,110.0,1.5287603942958483,1.5225461357790548
Ridge,B0007,111.0,1.5289260249179843,1.5171160930898417
Ridge,B0007,112.0,1.529091650133123,1.5169665957695995
Ridge,B0007,113.0,1.5239059324661248,1.5168170934524456
Ridge,B0007,114.0,1.5186675419100615,1.5117221131208496
Ridge,B0007,115.0,1.5136482266426952,1.5065784547993422
Ridge,B0007,116.0,1.5136050185229033,1.5016372563178453
Ridge,B0007,117.0,1.5139470614867965,1.5012947593282648
Ridge,B0007,118.0,1.5339599193158786,1.5013082946106517
Ridge,B0007,119.0,1.5391372798653098,1.5195007402309817
Ridge,B0007,120.0,1.5236247972838737,1.5239828654241268
Ridge,B0007,121.0,1.5135813035589147,1.5093443387398677
Ridge,B0007,122.0,1.5077850749847914,1.4997600133554772
Ridge,B0007,123.0,1.5031960676037333,1.4941008254342605
Ridge,B0007,124.0,1.4978220596995881,1.4895572987592707
Ridge,B0007,125.0,1.492848534633516,1.484288308791467
Ridge,B0007,126.0,1.492414389867026,1.4793894276196182
Ridge,B0007,127.0,1.487482776538081,1.4786856440083673
Ridge,B0007,128.0,1.482535148640411,1.47382549583851
Ridge,B0007,129.0,1.4827874322228984,1.4689505477017502
Ridge,B0007,130.0,1.476971179775059,1.468881131273303
Ridge,B0007,131.0,1.4819015554137276,1.463203438160136
Ridge,B0007,132.0,1.4981366198874824,1.4674573106561584
Ridge,B0007,133.0,1.4820775214392872,1.482158484198924
Ridge,B0007,134.0,1.4771155312812152,1.4670147989384081
Ridge,B0007,135.0,1.4720772783056488,1.4621265778261314
Ridge,B0007,136.0,1.472248013656454,1.457167877939546
Ridge,B0007,137.0,1.4670106672274665,1.4570230981872039
Ridge,B0007,138.0,1.4617672495335379,1.4518804048024632
Ridge,B0007,139.0,1.4566952670489708,1.4467321006190972
Ridge,B0007,140.0,1.451354972758956,1.4417422293893791
Ridge,B0007,141.0,1.451615926257375,1.4365043960753612
Ridge,B0007,142.0,1.4468161332173683,1.4364429920056008
Ridge,B0007,143.0,1.4467570607768785,1.43170466640536
Ridge,B0007,144.0,1.4413797481446793,1.4313475083015594
Ridge,B0007,145.0,1.4362456252208178,1.4260754642480251
Ridge,B0007,146.0,1.4368154153924828,1.4210281655308319
Ridge,B0007,147.0,1.4362945145860047,1.4212521748631337
Ridge,B0007,148.0,1.4418575315878015,1.420468215098377
Ridge,B0007,149.0,1.4672063484781797,1.4253067471875684
Ridge,B0007,150.0,1.4518640367848885,1.4484304537651604
Ridge,B0007,151.0,1.4471379752748499,1.4339491916039482
Ridge,B0007,152.0,1.441790586562399,1.429279005472334
Ridge,B0007,153.0,1.431630947911111,1.4240346158020978
Ridge,B0007,154.0,1.4318084249673686,1.4143429543354749
Ridge,B0007,155.0,1.4262562585106868,1.4142044049736775
Ridge,B0007,156.0,1.4260877528924913,1.408770768631298
Ridge,B0007,157.0,1.4212633510031694,1.4083124771510134
Ridge,B0007,158.0,1.4163272748795108,1.4035514091240715
Ridge,B0007,159.0,1.4165781829175994,1.3986871366337166
Ridge,B0007,160.0,1.4108401729425177,1.3986164489870478
Ridge,B0007,161.0,1.4109949628347804,1.3930110641593598
Ridge,B0007,162.0,1.4061714290398801,1.3928515483087356
Ridge,B0007,163.0,1.4063358479692922,1.3880912825368483
Ridge,B0007,164.0,1.4004552399066514,1.3879406654229658
Ridge,B0007,165.0,1.4217865046055154,1.382203497653602
Ridge,B0007,166.0,1.4324552720625434,1.4016143574798987
DecisionTreeRegressor,B0007,0.0,1.880637027686859,1.9104070973611496
DecisionTreeRegressor,B0007,1.0,1.8806626717011388,1.9104070973611496
DecisionTreeRegressor,B0007,2.0,1.8807709009833444,1.9104070973611496
DecisionTreeRegressor,B0007,3.0,1.8794508728285058,1.9104070973611496
DecisionTreeRegressor,B0007,4.0,1.8807003517117404,1.9104070973611496
DecisionTreeRegressor,B0007,5.0,1.8799352523566075,1.9104070973611496
DecisionTreeRegressor,B0007,6.0,1.8815088124038797,1.9104070973611496
DecisionTreeRegressor,B0007,7.0,1.8696907870385844,1.9104070973611496
DecisionTreeRegressor,B0007,8.0,1.870052380139199,1.9104070973611496
DecisionTreeRegressor,B0007,9.0,1.8700442394188577,1.9104070973611496
DecisionTreeRegressor,B0007,10.0,1.8596518987766364,1.9104070973611496
DecisionTreeRegressor,B0007,11.0,1.8590746560862206,1.9104070973611496
DecisionTreeRegressor,B0007,12.0,1.8590084577709232,1.9104070973611496
DecisionTreeRegressor,B0007,13.0,1.8593622586957048,1.9104070973611496
DecisionTreeRegressor,B0007,14.0,1.8587355450601035,1.9104070973611496
DecisionTreeRegressor,B0007,15.0,1.847817291322145,1.9104070973611496
DecisionTreeRegressor,B0007,16.0,1.8485252916137047,1.8420451975182441
DecisionTreeRegressor,B0007,17.0,1.848378951850034,1.8420451975182441
DecisionTreeRegressor,B0007,18.0,1.8807805437609766,1.8420451975182441
DecisionTreeRegressor,B0007,19.0,1.8814721597443598,1.9104070973611496
DecisionTreeRegressor,B0007,20.0,1.8810954313244785,1.9104070973611496
DecisionTreeRegressor,B0007,21.0,1.8710089649779995,1.9104070973611496
DecisionTreeRegressor,B0007,22.0,1.8701995151941375,1.9104070973611496
DecisionTreeRegressor,B0007,23.0,1.8706715362800985,1.9104070973611496
DecisionTreeRegressor,B0007,24.0,1.8596124644020169,1.8775482138197856
DecisionTreeRegressor,B0007,25.0,1.860033909718346,1.8775482138197856
DecisionTreeRegressor,B0007,26.0,1.8591653109160768,1.8775482138197856
DecisionTreeRegressor,B0007,27.0,1.8481398178778288,1.8775482138197856
DecisionTreeRegressor,B0007,28.0,1.849201702126164,1.8420451975182441
DecisionTreeRegressor,B0007,29.0,1.8834677437950846,1.8420451975182441
DecisionTreeRegressor,B0007,30.0,1.8628211117905844,1.8775482138197856
DecisionTreeRegressor,B0007,31.0,1.852085039652352,1.8775482138197856
DecisionTreeRegressor,B0007,32.0,1.8469504648208708,1.8420451975182441
DecisionTreeRegressor,B0007,33.0,1.836828431169018,1.8420451975182441
DecisionTreeRegressor,B0007,34.0,1.8371619619672275,1.8261439928456435
DecisionTreeRegressor,B0007,35.0,1.8316722583718854,1.8261439928456435
DecisionTreeRegressor,B0007,36.0,1.8211470951317783,1.8261439928456435
DecisionTreeRegressor,B0007,37.0,1.816506091511515,1.8089509901807759
DecisionTreeRegressor,B0007,38.0,1.8113815601504555,1.8089509901807759
DecisionTreeRegressor,B0007,39.0,1.8116056333939583,1.8089509901807759
DecisionTreeRegressor,B0007,40.0,1.8060548955557403,1.8089509901807759
DecisionTreeRegressor,B0007,41.0,1.8132041826994056,1.8089509901807759
DecisionTreeRegressor,B0007,42.0,1.8062641938283535,1.8089509901807759
DecisionTreeRegressor,B0007,43.0,1.7958310249900458,1.8089509901807759
DecisionTreeRegressor,B0007,44.0,1.7858852600390451,1.7782589274445346
DecisionTreeRegressor,B0007,45.0,1.7803268604502753,1.7782589274445346
DecisionTreeRegressor,B0007,46.0,1.8150756899575577,1.7782589274445346
DecisionTreeRegressor,B0007,47.0,1.8157025154845838,1.8089509901807759
DecisionTreeRegressor,B0007,48.0,1.8002432178056673,1.8089509901807759
DecisionTreeRegressor,B0007,49.0,1.7904476205609308,1.7782589274445346
DecisionTreeRegressor,B0007,50.0,1.780343032300132,1.7782589274445346
DecisionTreeRegressor,B0007,51.0,1.775328769596812,1.7782589274445346
DecisionTreeRegressor,B0007,52.0,1.7702629734732853,1.7489100479811908
DecisionTreeRegressor,B0007,53.0,1.760081061854204,1.7489100479811908
DecisionTreeRegressor,B0007,54.0,1.749647593537689,1.7489100479811908
DecisionTreeRegressor,B0007,55.0,1.749650075059311,1.7489100479811908
DecisionTreeRegressor,B0007,56.0,1.745028739214683,1.7489100479811908
DecisionTreeRegressor,B0007,57.0,1.7396457455286727,1.7489100479811908
DecisionTreeRegressor,B0007,58.0,1.7285642277717963,1.7489100479811908
DecisionTreeRegressor,B0007,59.0,1.723900324588418,1.7084730441163967
DecisionTreeRegressor,B0007,60.0,1.7139788776485192,1.7084730441163967
DecisionTreeRegressor,B0007,61.0,1.7139701997004613,1.7084730441163967
DecisionTreeRegressor,B0007,62.0,1.7036521173638766,1.7084730441163967
DecisionTreeRegressor,B0007,63.0,1.7040137474382486,1.732377039917242
DecisionTreeRegressor,B0007,64.0,1.6935716157343033,1.732377039917242
DecisionTreeRegressor,B0007,65.0,1.6876577363877656,1.6785107773155412
DecisionTreeRegressor,B0007,66.0,1.6830744356583152,1.6785107773155412
DecisionTreeRegressor,B0007,67.0,1.6779270142025482,1.6785107773155412
DecisionTreeRegressor,B0007,68.0,1.6732060275966172,1.6560177176115116
DecisionTreeRegressor,B0007,69.0,1.6674367208253988,1.6560177176115116
DecisionTreeRegressor,B0007,70.0,1.6622662630667526,1.6560177176115116
DecisionTreeRegressor,B0007,71.0,1.6574243065763063,1.6560177176115116
DecisionTreeRegressor,B0007,72.0,1.652538684928734,1.6560177176115116
DecisionTreeRegressor,B0007,73.0,1.6472174627573322,1.6560177176115116
DecisionTreeRegressor,B0007,74.0,1.6364136810898071,1.6159223330690806
DecisionTreeRegressor,B0007,75.0,1.6362554312048496,1.6159223330690806
DecisionTreeRegressor,B0007,76.0,1.641119179218384,1.6159223330690806
DecisionTreeRegressor,B0007,77.0,1.6315700789656966,1.6159223330690806
DecisionTreeRegressor,B0007,78.0,1.621213282987236,1.6159223330690806
DecisionTreeRegressor,B0007,79.0,1.6164273214762122,1.6159223330690806
DecisionTreeRegressor,B0007,80.0,1.615823510161921,1.6159223330690806
DecisionTreeRegressor,B0007,81.0,1.61672418029789,1.6159223330690806
DecisionTreeRegressor,B0007,82.0,1.6108655863730026,1.6159223330690806
DecisionTreeRegressor,B0007,83.0,1.6006603374309376,1.6159223330690806
DecisionTreeRegressor,B0007,84.0,1.5959174487005663,1.6159223330690806
DecisionTreeRegressor,B0007,85.0,1.5962179519462243,1.6159223330690806
DecisionTreeRegressor,B0007,86.0,1.5958065114633972,1.6159223330690806
DecisionTreeRegressor,B0007,87.0,1.5906507821480704,1.6159223330690806
DecisionTreeRegressor,B0007,88.0,1.6888211161855506,1.575851142721119
DecisionTreeRegressor,B0007,89.0,1.6259938279733204,1.6785107773155412
DecisionTreeRegressor,B0007,90.0,1.6157433862812898,1.6159223330690806
DecisionTreeRegressor,B0007,91.0,1.6056626764846538,1.6159223330690806
DecisionTreeRegressor,B0007,92.0,1.5949746921524348,1.6159223330690806
DecisionTreeRegressor,B0007,93.0,1.5904102438871945,1.726707440085764
DecisionTreeRegressor,B0007,94.0,1.5853517062988178,1.575851142721119
DecisionTreeRegressor,B0007,95.0,1.5799737147242376,1.575851142721119
DecisionTreeRegressor,B0007,96.0,1.5752185465278068,1.575851142721119
DecisionTreeRegressor,B0007,97.0,1.569798484648868,1.575851142721119
DecisionTreeRegressor,B0007,98.0,1.5702565375950357,1.550741078490187
DecisionTreeRegressor,B0007,99.0,1.565249873909438,1.550741078490187
DecisionTreeRegressor,B0007,100.0,1.559633933561147,1.550741078490187
DecisionTreeRegressor,B0007,101.0,1.5649820533392105,1.550741078490187
DecisionTreeRegressor,B0007,102.0,1.57497949984227,1.550741078490187
DecisionTreeRegressor,B0007,103.0,1.5652811168780458,1.575851142721119
DecisionTreeRegressor,B0007,104.0,1.559755497470126,1.550741078490187
DecisionTreeRegressor,B0007,105.0,1.549897685670499,1.550741078490187
DecisionTreeRegressor,B0007,106.0,1.5438771531345021,1.550741078490187
DecisionTreeRegressor,B0007,107.0,1.5450187488690073,1.5248400825189234
DecisionTreeRegressor,B0007,108.0,1.5445940154102908,1.5248400825189234
DecisionTreeRegressor,B0007,109.0,1.5343086721758876,1.5248400825189234
DecisionTreeRegressor,B0007,110.0,1.5287603942958483,1.5248400825189234
DecisionTreeRegressor,B0007,111.0,1.5289260249179843,1.5248400825189234
DecisionTreeRegressor,B0007,112.0,1.529091650133123,1.5248400825189234
DecisionTreeRegressor,B0007,113.0,1.5239059324661248,1.5248400825189234
DecisionTreeRegressor,B0007,114.0,1.5186675419100615,1.5248400825189234
DecisionTreeRegressor,B0007,115.0,1.5136482266426952,1.5248400825189234
DecisionTreeRegressor,B0007,116.0,1.5136050185229033,1.497130678978503
DecisionTreeRegressor,B0007,117.0,1.5139470614867965,1.497130678978503
DecisionTreeRegressor,B0007,118.0,1.5339599193158786,1.497130678978503
DecisionTreeRegressor,B0007,119.0,1.5391372798653098,1.5248400825189234
DecisionTreeRegressor,B0007,120.0,1.5236247972838737,1.5248400825189234
DecisionTreeRegressor,B0007,121.0,1.5135813035589147,1.5248400825189234
DecisionTreeRegressor,B0007,122.0,1.5077850749847914,1.497130678978503
DecisionTreeRegressor,B0007,123.0,1.5031960676037333,1.497130678978503
DecisionTreeRegressor,B0007,124.0,1.4978220596995881,1.497130678978503
DecisionTreeRegressor,B0007,125.0,1.492848534633516,1.497130678978503
DecisionTreeRegressor,B0007,126.0,1.492414389867026,1.497130678978503
DecisionTreeRegressor,B0007,127.0,1.487482776538081,1.497130678978503
DecisionTreeRegressor,B0007,128.0,1.482535148640411,1.497130678978503
DecisionTreeRegressor,B0007,129.0,1.4827874322228984,1.4548923394471225
DecisionTreeRegressor,B0007,130.0,1.476971179775059,1.4548923394471225
DecisionTreeRegressor,B0007,131.0,1.4819015554137276,1.4548923394471225
DecisionTreeRegressor,B0007,132.0,1.4981366198874824,1.4548923394471225
DecisionTreeRegressor,B0007,133.0,1.4820775214392872,1.497130678978503
DecisionTreeRegressor,B0007,134.0,1.4771155312812152,1.4548923394471225
DecisionTreeRegressor,B0007,135.0,1.4720772783056488,1.4548923394471225
DecisionTreeRegressor,B0007,136.0,1.472248013656454,1.4548923394471225
DecisionTreeRegressor,B0007,137.0,1.4670106672274665,1.4548923394471225
DecisionTreeRegressor,B0007,138.0,1.4617672495335379,1.4548923394471225
DecisionTreeRegressor,B0007,139.0,1.4566952670489708,1.4548923394471225
DecisionTreeRegressor,B0007,140.0,1.451354972758956,1.4548923394471225
DecisionTreeRegressor,B0007,141.0,1.451615926257375,1.4548923394471225
DecisionTreeRegressor,B0007,142.0,1.4468161332173683,1.4548923394471225
DecisionTreeRegressor,B0007,143.0,1.4467570607768785,1.4548923394471225
DecisionTreeRegressor,B0007,144.0,1.4413797481446793,1.4548923394471225
DecisionTreeRegressor,B0007,145.0,1.4362456252208178,1.418772187649558
DecisionTreeRegressor,B0007,146.0,1.4368154153924828,1.418772187649558
DecisionTreeRegressor,B0007,147.0,1.4362945145860047,1.418772187649558
DecisionTreeRegressor,B0007,148.0,1.4418575315878015,1.418772187649558
DecisionTreeRegressor,B0007,149.0,1.4672063484781797,1.5935866593100128
DecisionTreeRegressor,B0007,150.0,1.4518640367848885,1.4548923394471225
DecisionTreeRegressor,B0007,151.0,1.4471379752748499,1.4548923394471225
DecisionTreeRegressor,B0007,152.0,1.441790586562399,1.4548923394471225
DecisionTreeRegressor,B0007,153.0,1.431630947911111,1.5935866593100128
DecisionTreeRegressor,B0007,154.0,1.4318084249673686,1.418772187649558
DecisionTreeRegressor,B0007,155.0,1.4262562585106868,1.418772187649558
DecisionTreeRegressor,B0007,156.0,1.4260877528924913,1.418772187649558
DecisionTreeRegressor,B0007,157.0,1.4212633510031694,1.418772187649558
DecisionTreeRegressor,B0007,158.0,1.4163272748795108,1.418772187649558
DecisionTreeRegressor,B0007,159.0,1.4165781829175994,1.418772187649558
DecisionTreeRegressor,B0007,160.0,1.4108401729425177,1.418772187649558
DecisionTreeRegressor,B0007,161.0,1.4109949628347804,1.418772187649558
DecisionTreeRegressor,B0007,162.0,1.4061714290398801,1.418772187649558
DecisionTreeRegressor,B0007,163.0,1.4063358479692922,1.3880169466143066
DecisionTreeRegressor,B0007,164.0,1.4004552399066514,1.3880169466143066
DecisionTreeRegressor,B0007,165.0,1.4217865046055154,1.3880169466143066
DecisionTreeRegressor,B0007,166.0,1.4324552720625434,1.418772187649558
KNeighborsRegressor,B0007,0.0,1.880637027686859,1.839029484516816
KNeighborsRegressor,B0007,1.0,1.8806626717011388,1.839029484516816
KNeighborsRegressor,B0007,2.0,1.8807709009833444,1.839029484516816
KNeighborsRegressor,B0007,3.0,1.8794508728285058,1.839029484516816
KNeighborsRegressor,B0007,4.0,1.8807003517117404,1.839029484516816
KNeighborsRegressor,B0007,5.0,1.8799352523566075,1.839029484516816
KNeighborsRegressor,B0007,6.0,1.8815088124038797,1.8584698685414653
KNeighborsRegressor,B0007,7.0,1.8696907870385844,1.8764882094249746
KNeighborsRegressor,B0007,8.0,1.870052380139199,1.8506156543220023
KNeighborsRegressor,B0007,9.0,1.8700442394188577,1.865678626243789
KNeighborsRegressor,B0007,10.0,1.8596518987766364,1.8964525777806418
KNeighborsRegressor,B0007,11.0,1.8590746560862206,1.8837641369327236
KNeighborsRegressor,B0007,12.0,1.8590084577709232,1.8880962410761417
KNeighborsRegressor,B0007,13.0,1.8593622586957048,1.8880962410761417
KNeighborsRegressor,B0007,14.0,1.8587355450601035,1.879676050895951
KNeighborsRegressor,B0007,15.0,1.847817291322145,1.879676050895951
KNeighborsRegressor,B0007,16.0,1.8485252916137047,1.8713182571810716
KNeighborsRegressor,B0007,17.0,1.848378951850034,1.8713182571810716
KNeighborsRegressor,B0007,18.0,1.8807805437609766,1.8713182571810716
KNeighborsRegressor,B0007,19.0,1.8814721597443598,1.8922740053846971
KNeighborsRegressor,B0007,20.0,1.8810954313244785,1.8922740053846971
KNeighborsRegressor,B0007,21.0,1.8710089649779995,1.8923531736709447
KNeighborsRegressor,B0007,22.0,1.8701995151941375,1.8815447533757623
KNeighborsRegressor,B0007,23.0,1.8706715362800985,1.8770668611238026
KNeighborsRegressor,B0007,24.0,1.8596124644020169,1.8947865946360363
KNeighborsRegressor,B0007,25.0,1.860033909718346,1.870307063162936
KNeighborsRegressor,B0007,26.0,1.8591653109160768,1.870307063162936
KNeighborsRegressor,B0007,27.0,1.8481398178778288,1.86278660573244
KNeighborsRegressor,B0007,28.0,1.849201702126164,1.8594319026744177
KNeighborsRegressor,B0007,29.0,1.8834677437950846,1.8594319026744177
KNeighborsRegressor,B0007,30.0,1.8628211117905844,1.868726841669512
KNeighborsRegressor,B0007,31.0,1.852085039652352,1.8590414620744717
KNeighborsRegressor,B0007,32.0,1.8469504648208708,1.8540998649171907
KNeighborsRegressor,B0007,33.0,1.836828431169018,1.8466349085301528
KNeighborsRegressor,B0007,34.0,1.8371619619672275,1.8200959155454626
KNeighborsRegressor,B0007,35.0,1.8316722583718854,1.8200959155454626
KNeighborsRegressor,B0007,36.0,1.8211470951317783,1.8116661062079342
KNeighborsRegressor,B0007,37.0,1.816506091511515,1.804774756893568
KNeighborsRegressor,B0007,38.0,1.8113815601504555,1.7958807558267122
KNeighborsRegressor,B0007,39.0,1.8116056333939583,1.7958807558267122
KNeighborsRegressor,B0007,40.0,1.8060548955557403,1.7958807558267125
KNeighborsRegressor,B0007,41.0,1.8132041826994056,1.7845012944413476
KNeighborsRegressor,B0007,42.0,1.8062641938283535,1.7890369992609636
KNeighborsRegressor,B0007,43.0,1.7958310249900458,1.7830894717804342
KNeighborsRegressor,B0007,44.0,1.7858852600390451,1.7667447336770958
KNeighborsRegressor,B0007,45.0,1.7803268604502753,1.7583502631689067
KNeighborsRegressor,B0007,46.0,1.8150756899575577,1.7572201482273386
KNeighborsRegressor,B0007,47.0,1.8157025154845838,1.7758367427347603
KNeighborsRegressor,B0007,48.0,1.8002432178056673,1.7758367427347603
KNeighborsRegressor,B0007,49.0,1.7904476205609308,1.7758367427347603
KNeighborsRegressor,B0007,50.0,1.780343032300132,1.7656146187355275
KNeighborsRegressor,B0007,51.0,1.775328769596812,1.7598365234315998
KNeighborsRegressor,B0007,52.0,1.7702629734732853,1.7598365234315998
KNeighborsRegressor,B0007,53.0,1.760081061854204,1.7515421691152775
KNeighborsRegressor,B0007,54.0,1.749647593537689,1.7422470387090008
KNeighborsRegressor,B0007,55.0,1.749650075059311,1.736107826486656
KNeighborsRegressor,B0007,56.0,1.745028739214683,1.7298950106765005
KNeighborsRegressor,B0007,57.0,1.7396457455286727,1.726160274077064
KNeighborsRegressor,B0007,58.0,1.7285642277717963,1.7190197238576252
KNeighborsRegressor,B0007,59.0,1.723900324588418,1.7117974281809132
KNeighborsRegressor,B0007,60.0,1.7139788776485192,1.705449055432155
KNeighborsRegressor,B0007,61.0,1.7139701997004613,1.699268329377738
KNeighborsRegressor,B0007,62.0,1.7036521173638766,1.692056490973894
KNeighborsRegressor,B0007,63.0,1.7040137474382486,1.6835968662404706
KNeighborsRegressor,B0007,64.0,1.6935716157343033,1.6835968662404706
KNeighborsRegressor,B0007,65.0,1.6876577363877656,1.6713353120988923
KNeighborsRegressor,B0007,66.0,1.6830744356583152,1.6651255418334068
KNeighborsRegressor,B0007,67.0,1.6779270142025482,1.6587614664362387
KNeighborsRegressor,B0007,68.0,1.6732060275966172,1.6587614664362385
KNeighborsRegressor,B0007,69.0,1.6674367208253988,1.6514191854431306
KNeighborsRegressor,B0007,70.0,1.6622662630667526,1.6452229183888316
KNeighborsRegressor,B0007,71.0,1.6574243065763063,1.6389707229498547
KNeighborsRegressor,B0007,72.0,1.652538684928734,1.6326250085873866
KNeighborsRegressor,B0007,73.0,1.6472174627573322,1.626359384236677
KNeighborsRegressor,B0007,74.0,1.6364136810898071,1.6263593842366775
KNeighborsRegressor,B0007,75.0,1.6362554312048496,1.6138562801183407
KNeighborsRegressor,B0007,76.0,1.641119179218384,1.6138562801183407
KNeighborsRegressor,B0007,77.0,1.6315700789656966,1.6138562801183407
KNeighborsRegressor,B0007,78.0,1.621213282987236,1.596900485939523
KNeighborsRegressor,B0007,79.0,1.6164273214762122,1.5917931532290504
KNeighborsRegressor,B0007,80.0,1.615823510161921,1.5895858031292012
KNeighborsRegressor,B0007,81.0,1.61672418029789,1.581883602168376
KNeighborsRegressor,B0007,82.0,1.6108655863730026,1.5741730355592065
KNeighborsRegressor,B0007,83.0,1.6006603374309376,1.5690795882978998
KNeighborsRegressor,B0007,84.0,1.5959174487005663,1.5690795882978998
KNeighborsRegressor,B0007,85.0,1.5962179519462243,1.5595926154033368
KNeighborsRegressor,B0007,86.0,1.5958065114633972,1.5595926154033368
KNeighborsRegressor,B0007,87.0,1.5906507821480704,1.5575500871026997
KNeighborsRegressor,B0007,88.0,1.6888211161855506,1.5490791647840507
KNeighborsRegressor,B0007,89.0,1.6259938279733204,1.583684140608771
KNeighborsRegressor,B0007,90.0,1.6157433862812898,1.5595926154033368
KNeighborsRegressor,B0007,91.0,1.6056626764846538,1.5530873290219496
KNeighborsRegressor,B0007,92.0,1.5949746921524348,1.5410824124172509
KNeighborsRegressor,B0007,93.0,1.5904102438871945,1.5410824124172509
KNeighborsRegressor,B0007,94.0,1.5853517062988178,1.5410824124172509
KNeighborsRegressor,B0007,95.0,1.5799737147242376,1.5410824124172509
KNeighborsRegressor,B0007,96.0,1.5752185465278068,1.5410824124172509
KNeighborsRegressor,B0007,97.0,1.569798484648868,1.5410824124172509
KNeighborsRegressor,B0007,98.0,1.5702565375950357,1.5337031488521564
KNeighborsRegressor,B0007,99.0,1.565249873909438,1.5337031488521564
KNeighborsRegressor,B0007,100.0,1.559633933561147,1.5278165616565702
KNeighborsRegressor,B0007,101.0,1.5649820533392105,1.5278165616565702
KNeighborsRegressor,B0007,102.0,1.57497949984227,1.5278165616565702
KNeighborsRegressor,B0007,103.0,1.5652811168780458,1.5337031488521564
KNeighborsRegressor,B0007,104.0,1.559755497470126,1.5278165616565702
KNeighborsRegressor,B0007,105.0,1.549897685670499,1.513796776491326
KNeighborsRegressor,B0007,106.0,1.5438771531345021,1.5035529482312096
KNeighborsRegressor,B0007,107.0,1.5450187488690073,1.4951692156563676
KNeighborsRegressor,B0007,108.0,1.5445940154102908,1.4951692156563676
KNeighborsRegressor,B0007,109.0,1.5343086721758876,1.487807301812082
KNeighborsRegressor,B0007,110.0,1.5287603942958483,1.4878073018120823
KNeighborsRegressor,B0007,111.0,1.5289260249179843,1.4782784767755737
KNeighborsRegressor,B0007,112.0,1.529091650133123,1.47619233136279
KNeighborsRegressor,B0007,113.0,1.5239059324661248,1.4751515131482014
KNeighborsRegressor,B0007,114.0,1.5186675419100615,1.4699180285198161
KNeighborsRegressor,B0007,115.0,1.5136482266426952,1.4699180285198161
KNeighborsRegressor,B0007,116.0,1.5136050185229033,1.4699180285198161
KNeighborsRegressor,B0007,117.0,1.5139470614867965,1.4699180285198161
KNeighborsRegressor,B0007,118.0,1.5339599193158786,1.4541706060467925
KNeighborsRegressor,B0007,119.0,1.5391372798653098,1.4699180285198161
KNeighborsRegressor,B0007,120.0,1.5236247972838737,1.4699180285198161
KNeighborsRegressor,B0007,121.0,1.5135813035589147,1.4541706060467925
KNeighborsRegressor,B0007,122.0,1.5077850749847914,1.451041364085732
KNeighborsRegressor,B0007,123.0,1.5031960676037333,1.4299541968730203
KNeighborsRegressor,B0007,124.0,1.4978220596995881,1.4299541968730203
KNeighborsRegressor,B0007,125.0,1.492848534633516,1.421542096856302
KNeighborsRegressor,B0007,126.0,1.492414389867026,1.4194208841162426
KNeighborsRegressor,B0007,127.0,1.487482776538081,1.4140486650984432
KNeighborsRegressor,B0007,128.0,1.482535148640411,1.4140486650984432
KNeighborsRegressor,B0007,129.0,1.4827874322228984,1.4140486650984432
KNeighborsRegressor,B0007,130.0,1.476971179775059,1.4140486650984432
KNeighborsRegressor,B0007,131.0,1.4819015554137276,1.4140486650984432
KNeighborsRegressor,B0007,132.0,1.4981366198874824,1.4140486650984432
KNeighborsRegressor,B0007,133.0,1.4820775214392872,1.4140486650984432
KNeighborsRegressor,B0007,134.0,1.4771155312812152,1.4140486650984432
KNeighborsRegressor,B0007,135.0,1.4720772783056488,1.4140486650984432
KNeighborsRegressor,B0007,136.0,1.472248013656454,1.4077779101434693
KNeighborsRegressor,B0007,137.0,1.4670106672274665,1.4077779101434693
KNeighborsRegressor,B0007,138.0,1.4617672495335379,1.4077779101434693
KNeighborsRegressor,B0007,139.0,1.4566952670489708,1.3973492096383189
KNeighborsRegressor,B0007,140.0,1.451354972758956,1.3858767639929577
KNeighborsRegressor,B0007,141.0,1.451615926257375,1.372259025617468
KNeighborsRegressor,B0007,142.0,1.4468161332173683,1.3711006072973837
KNeighborsRegressor,B0007,143.0,1.4467570607768785,1.3629194094168482
KNeighborsRegressor,B0007,144.0,1.4413797481446793,1.3629194094168482
KNeighborsRegressor,B0007,145.0,1.4362456252208178,1.3629194094168482
KNeighborsRegressor,B0007,146.0,1.4368154153924828,1.3629194094168482
KNeighborsRegressor,B0007,147.0,1.4362945145860047,1.3629194094168482
KNeighborsRegressor,B0007,148.0,1.4418575315878015,1.3555601058868318
KNeighborsRegressor,B0007,149.0,1.4672063484781797,1.3555601058868318
KNeighborsRegressor,B0007,150.0,1.4518640367848885,1.3629194094168482
KNeighborsRegressor,B0007,151.0,1.4471379752748499,1.3515028376885543
KNeighborsRegressor,B0007,152.0,1.441790586562399,1.3505014278640466
KNeighborsRegressor,B0007,153.0,1.431630947911111,1.3505014278640466
KNeighborsRegressor,B0007,154.0,1.4318084249673686,1.3422796943788105
KNeighborsRegressor,B0007,155.0,1.4262562585106868,1.3422796943788105
KNeighborsRegressor,B0007,156.0,1.4260877528924913,1.3341978088430946
KNeighborsRegressor,B0007,157.0,1.4212633510031694,1.3341978088430946
KNeighborsRegressor,B0007,158.0,1.4163272748795108,1.3248684999384843
KNeighborsRegressor,B0007,159.0,1.4165781829175994,1.3248684999384843
KNeighborsRegressor,B0007,160.0,1.4108401729425177,1.3248684999384843
KNeighborsRegressor,B0007,161.0,1.4109949628347804,1.3248684999384843
KNeighborsRegressor,B0007,162.0,1.4061714290398801,1.3248684999384843
KNeighborsRegressor,B0007,163.0,1.4063358479692922,1.3248684999384843
KNeighborsRegressor,B0007,164.0,1.4004552399066514,1.327189339240586
KNeighborsRegressor,B0007,165.0,1.4217865046055154,1.327189339240586
KNeighborsRegressor,B0007,166.0,1.4324552720625434,1.327189339240586
SVR,B0007,0.0,1.880637027686859,1.895794499526016
SVR,B0007,1.0,1.8806626717011388,1.8902466379374094
SVR,B0007,2.0,1.8807709009833444,1.8910810568534764
SVR,B0007,3.0,1.8794508728285058,1.8918437371756958
SVR,B0007,4.0,1.8807003517117404,1.8915739101353735
SVR,B0007,5.0,1.8799352523566075,1.8928109685003478
SVR,B0007,6.0,1.8815088124038797,1.892648274598204
SVR,B0007,7.0,1.8696907870385844,1.89382043722942
SVR,B0007,8.0,1.870052380139199,1.8863565835513085
SVR,B0007,9.0,1.8700442394188577,1.8865811637890881
SVR,B0007,10.0,1.8596518987766364,1.8864395019923996
SVR,B0007,11.0,1.8590746560862206,1.8793165075500933
SVR,B0007,12.0,1.8590084577709232,1.87860245727
SVR,B0007,13.0,1.8593622586957048,1.8781172177493282
SVR,B0007,14.0,1.8587355450601035,1.8777928864441835
SVR,B0007,15.0,1.847817291322145,1.8767034164953342
SVR,B0007,16.0,1.8485252916137047,1.8686221722147076
SVR,B0007,17.0,1.848378951850034,1.8682691171800316
SVR,B0007,18.0,1.8807805437609766,1.8672234013959093
SVR,B0007,19.0,1.8814721597443598,1.8859032598652805
SVR,B0007,20.0,1.8810954313244785,1.8848704526714362
SVR,B0007,21.0,1.8710089649779995,1.8831415349461618
SVR,B0007,22.0,1.8701995151941375,1.8759928081532995
SVR,B0007,23.0,1.8706715362800985,1.873874560565192
SVR,B0007,24.0,1.8596124644020169,1.8723686465022065
SVR,B0007,25.0,1.860033909718346,1.8642978979953098
SVR,B0007,26.0,1.8591653109160768,1.862658165955454
SVR,B0007,27.0,1.8481398178778288,1.8601897987739844
SVR,B0007,28.0,1.849201702126164,1.8518303133449951
SVR,B0007,29.0,1.8834677437950846,1.8503828864351959
SVR,B0007,30.0,1.8628211117905844,1.8657251086176077
SVR,B0007,31.0,1.852085039652352,1.8532742632017078
SVR,B0007,32.0,1.8469504648208708,1.8452176426223534
SVR,B0007,33.0,1.836828431169018,1.8400309946450317
SVR,B0007,34.0,1.8371619619672275,1.8320281863261336
SVR,B0007,35.0,1.8316722583718854,1.8297734711537186
SVR,B0007,36.0,1.8211470951317783,1.824258189654622
SVR,B0007,37.0,1.816506091511515,1.8158776013654636
SVR,B0007,38.0,1.8113815601504555,1.810778232699651
SVR,B0007,39.0,1.8116056333939583,1.8053902541046973
SVR,B0007,40.0,1.8060548955557403,1.803008852225479
SVR,B0007,41.0,1.8132041826994056,1.7973704060379285
SVR,B0007,42.0,1.8062641938283535,1.7986833694391615
SVR,B0007,43.0,1.7958310249900458,1.792309655723727
SVR,B0007,44.0,1.7858852600390451,1.7840319675005762
SVR,B0007,45.0,1.7803268604502753,1.7759955936773442
SVR,B0007,46.0,1.8150756899575577,1.7703977011671144
SVR,B0007,47.0,1.8157025154845838,1.785713770664071
SVR,B0007,48.0,1.8002432178056673,1.7830947108953468
SVR,B0007,49.0,1.7904476205609308,1.7728101953798252
SVR,B0007,50.0,1.780343032300132,1.7651938494707855
SVR,B0007,51.0,1.775328769596812,1.7574156210509775
SVR,B0007,52.0,1.7702629734732853,1.7522217717671813
SVR,B0007,53.0,1.760081061854204,1.7470331185789347
SVR,B0007,54.0,1.749647593537689,1.7392992787809158
SVR,B0007,55.0,1.749650075059311,1.7314546563069033
SVR,B0007,56.0,1.745028739214683,1.7289635515391983
SVR,B0007,57.0,1.7396457455286727,1.7241510952908818
SVR,B0007,58.0,1.7285642277717963,1.7189952306235063
SVR,B0007,59.0,1.723900324588418,1.7110218511266946
SVR,B0007,60.0,1.7139788776485192,1.7063198303050129
SVR,B0007,61.0,1.7139701997004613,1.6990139109737041
SVR,B0007,62.0,1.7036521173638766,1.6967327989692869
SVR,B0007,63.0,1.7040137474382486,1.6893310567409954
SVR,B0007,64.0,1.6935716157343033,1.68729588019726
SVR,B0007,65.0,1.6876577363877656,1.6799358406235332
SVR,B0007,66.0,1.6830744356583152,1.6748661779754481
SVR,B0007,67.0,1.6779270142025482,1.6704976646453333
SVR,B0007,68.0,1.6732060275966172,1.6658900383125965
SVR,B0007,69.0,1.6674367208253988,1.661532027554176
SVR,B0007,70.0,1.6622662630667526,1.6566998274280624
SVR,B0007,71.0,1.6574243065763063,1.6522011233128997
SVR,B0007,72.0,1.652538684928734,1.6479014600523134
SVR,B0007,73.0,1.6472174627573322,1.6436182933748043
SVR,B0007,74.0,1.6364136810898071,1.6391613969010415
SVR,B0007,75.0,1.6362554312048496,1.632080595222113
SVR,B0007,76.0,1.641119179218384,1.6302048371279567
SVR,B0007,77.0,1.6315700789656966,1.630739030700496
SVR,B0007,78.0,1.621213282987236,1.6244061758357076
SVR,B0007,79.0,1.6164273214762122,1.617710500925237
SVR,B0007,80.0,1.615823510161921,1.6137209359454656
SVR,B0007,81.0,1.61672418029789,1.6117647522286886
SVR,B0007,82.0,1.6108655863730026,1.6105408559322676
SVR,B0007,83.0,1.6006603374309376,1.6061299536206521
SVR,B0007,84.0,1.5959174487005663,1.5996726823345364
SVR,B0007,85.0,1.5962179519462243,1.5958437410051718
SVR,B0007,86.0,1.5958065114633972,1.5944476498772804
SVR,B0007,87.0,1.5906507821480704,1.5927301019314852
SVR,B0007,88.0,1.6888211161855506,1.588779006112088
SVR,B0007,89.0,1.6259938279733204,1.6295480021826712
SVR,B0007,90.0,1.6157433862812898,1.602122341852878
SVR,B0007,91.0,1.6056626764846538,1.5960306668154494
SVR,B0007,92.0,1.5949746921524348,1.5899857294060302
SVR,B0007,93.0,1.5904102438871945,1.5836247510783743
SVR,B0007,94.0,1.5853517062988178,1.5801108472030785
SVR,B0007,95.0,1.5799737147242376,1.576376364060231
SVR,B0007,96.0,1.5752185465278068,1.5724967134903303
SVR,B0007,97.0,1.569798484648868,1.5689182082117459
SVR,B0007,98.0,1.5702565375950357,1.565020333875649
SVR,B0007,99.0,1.565249873909438,1.5639845673151807
SVR,B0007,100.0,1.559633933561147,1.5603039868636908
SVR,B0007,101.0,1.5649820533392105,1.5563136326421128
SVR,B0007,102.0,1.57497949984227,1.5577615290095503
SVR,B0007,103.0,1.5652811168780458,1.5614807103209833
SVR,B0007,104.0,1.559755497470126,1.5555915221022112
SVR,B0007,105.0,1.549897685670499,1.5517088234040197
SVR,B0007,106.0,1.5438771531345021,1.5455810670068137
SVR,B0007,107.0,1.5450187488690073,1.5413471843593074
SVR,B0007,108.0,1.5445940154102908,1.5408487695003361
SVR,B0007,109.0,1.5343086721758876,1.5395534042892778
SVR,B0007,110.0,1.5287603942958483,1.532987063390229
SVR,B0007,111.0,1.5289260249179843,1.528882867310022
SVR,B0007,112.0,1.529091650133123,1.5279170325894407
SVR,B0007,113.0,1.5239059324661248,1.5269756031639075
SVR,B0007,114.0,1.5186675419100615,1.5230263280040248
SVR,B0007,115.0,1.5136482266426952,1.5189912395473582
SVR,B0007,116.0,1.5136050185229033,1.515025526057948
SVR,B0007,117.0,1.5139470614867965,1.5139885394642323
SVR,B0007,118.0,1.5339599193158786,1.5132072447518758
SVR,B0007,119.0,1.5391372798653098,1.5241052778665711
SVR,B0007,120.0,1.5236247972838737,1.5262486105415005
SVR,B0007,121.0,1.5135813035589147,1.5163055767903066
SVR,B0007,122.0,1.5077850749847914,1.5092859342597054
SVR,B0007,123.0,1.5031960676037333,1.5047515144160424
SVR,B0007,124.0,1.4978220596995881,1.5009127314488169
SVR,B0007,125.0,1.492848534633516,1.4964911663538778
SVR,B0007,126.0,1.492414389867026,1.4922578152279202
SVR,B0007,127.0,1.487482776538081,1.491086932975775
SVR,B0007,128.0,1.482535148640411,1.4867993637405137
SVR,B0007,129.0,1.4827874322228984,1.4824259206961743
SVR,B0007,130.0,1.476971179775059,1.4817587372298124
SVR,B0007,131.0,1.4819015554137276,1.476670566194417
SVR,B0007,132.0,1.4981366198874824,1.4795071309969052
SVR,B0007,133.0,1.4820775214392872,1.490582582948512
SVR,B0007,134.0,1.4771155312812152,1.4781632111743928
SVR,B0007,135.0,1.4720772783056488,1.4737020263558724
SVR,B0007,136.0,1.472248013656454,1.46910921902701
SVR,B0007,137.0,1.4670106672274665,1.4685701044029171
SVR,B0007,138.0,1.4617672495335379,1.4637545685478186
SVR,B0007,139.0,1.4566952670489708,1.4588589875858085
SVR,B0007,140.0,1.451354972758956,1.4540344205031221
SVR,B0007,141.0,1.451615926257375,1.4489190770751859
SVR,B0007,142.0,1.4468161332173683,1.448551185697438
SVR,B0007,143.0,1.4467570607768785,1.4438584437982551
SVR,B0007,144.0,1.4413797481446793,1.4432858747174113
SVR,B0007,145.0,1.4362456252208178,1.4380593476171308
SVR,B0007,146.0,1.4368154153924828,1.4330017765255532
SVR,B0007,147.0,1.4362945145860047,1.4330976524369599
SVR,B0007,148.0,1.4418575315878015,1.4322615352460528
SVR,B0007,149.0,1.4672063484781797,1.437028413800678
SVR,B0007,150.0,1.4518640367848885,1.4592978322216006
SVR,B0007,151.0,1.4471379752748499,1.4457025824613796
SVR,B0007,152.0,1.441790586562399,1.4413474653811384
SVR,B0007,153.0,1.431630947911111,1.4364046009893228
SVR,B0007,154.0,1.4318084249673686,1.4269274352333126
SVR,B0007,155.0,1.4262562585106868,1.4271322012433054
SVR,B0007,156.0,1.4260877528924913,1.4219598478255786
SVR,B0007,157.0,1.4212633510031694,1.4219522340465798
SVR,B0007,158.0,1.4163272748795108,1.4175379671515684
SVR,B0007,159.0,1.4165781829175994,1.4130419888868873
SVR,B0007,160.0,1.4108401729425177,1.4136287964983358
SVR,B0007,161.0,1.4109949628347804,1.4084536747386955
SVR,B0007,162.0,1.4061714290398801,1.4090880027297457
SVR,B0007,163.0,1.4063358479692922,1.4049252474265335
SVR,B0007,164.0,1.4004552399066514,1.4057171809599573
SVR,B0007,165.0,1.4217865046055154,1.4006598149084488
SVR,B0007,166.0,1.4324552720625434,1.4221602802105675
VotingRegressor,B0007,0.0,1.880637027686859,1.8832592409190407
VotingRegressor,B0007,1.0,1.8806626717011388,1.878151984657712
VotingRegressor,B0007,2.0,1.8807709009833444,1.8782254686985962
VotingRegressor,B0007,3.0,1.8794508728285058,1.8783154870323133
VotingRegressor,B0007,4.0,1.8807003517117404,1.8776649199842517
VotingRegressor,B0007,5.0,1.8799352523566075,1.8782765738596816
VotingRegressor,B0007,6.0,1.8815088124038797,1.8817430208336816
VotingRegressor,B0007,7.0,1.8696907870385844,1.8860665509497991
VotingRegressor,B0007,8.0,1.870052380139199,1.874877036750447
VotingRegressor,B0007,9.0,1.8700442394188577,1.8779667725526277
VotingRegressor,B0007,10.0,1.8596518987766364,1.8839871972633664
VotingRegressor,B0007,11.0,1.8590746560862206,1.876035799628411
VotingRegressor,B0007,12.0,1.8590084577709232,1.876440566645826
VotingRegressor,B0007,13.0,1.8593622586957048,1.8762157753935493
VotingRegressor,B0007,14.0,1.8587355450601035,1.8744961826532998
VotingRegressor,B0007,15.0,1.847817291322145,1.8739409456972034
VotingRegressor,B0007,16.0,1.8485252916137047,1.8527949871223384
VotingRegressor,B0007,17.0,1.848378951850034,1.8528861373115948
VotingRegressor,B0007,18.0,1.8807805437609766,1.8525192826391734
VotingRegressor,B0007,19.0,1.8814721597443598,1.8861320761524039
VotingRegressor,B0007,20.0,1.8810954313244785,1.8860811491464466
VotingRegressor,B0007,21.0,1.8710089649779995,1.8855073359954893
VotingRegressor,B0007,22.0,1.8701995151941375,1.8780411749185084
VotingRegressor,B0007,23.0,1.8706715362800985,1.8763162714595847
VotingRegressor,B0007,24.0,1.8596124644020169,1.87306077755458
VotingRegressor,B0007,25.0,1.860033909718346,1.8623122928856142
VotingRegressor,B0007,26.0,1.8591653109160768,1.8620389530409072
VotingRegressor,B0007,27.0,1.8481398178778288,1.8596133943888602
VotingRegressor,B0007,28.0,1.849201702126164,1.8459440812606611
VotingRegressor,B0007,29.0,1.8834677437950846,1.8459486887695582
VotingRegressor,B0007,30.0,1.8628211117905844,1.8706872105453045
VotingRegressor,B0007,31.0,1.852085039652352,1.8584363557537258
VotingRegressor,B0007,32.0,1.8469504648208708,1.8446184630950992
VotingRegressor,B0007,33.0,1.836828431169018,1.8400651254638376
VotingRegressor,B0007,34.0,1.8371619619672275,1.8260884925381038
VotingRegressor,B0007,35.0,1.8316722583718854,1.8256592812305275
VotingRegressor,B0007,36.0,1.8211470951317783,1.8207144491258322
VotingRegressor,B0007,37.0,1.816506091511515,1.8101826826899319
VotingRegressor,B0007,38.0,1.8113815601504555,1.8055455584610187
VotingRegressor,B0007,39.0,1.8116056333939583,1.8024487016482726
VotingRegressor,B0007,40.0,1.8060548955557403,1.8019532223399177
VotingRegressor,B0007,41.0,1.8132041826994056,1.7963710036866363
VotingRegressor,B0007,42.0,1.8062641938283535,1.8001111593002435
VotingRegressor,B0007,43.0,1.7958310249900458,1.794948776104011
VotingRegressor,B0007,44.0,1.7858852600390451,1.779881500381083
VotingRegressor,B0007,45.0,1.7803268604502753,1.77277321386561
VotingRegressor,B0007,46.0,1.8150756899575577,1.7692461101944523
VotingRegressor,B0007,47.0,1.8157025154845838,1.7950620759540867
VotingRegressor,B0007,48.0,1.8002432178056673,1.794669670629876
VotingRegressor,B0007,49.0,1.7904476205609308,1.7805905017938408
VotingRegressor,B0007,50.0,1.780343032300132,1.773256844014206
VotingRegressor,B0007,51.0,1.775328769596812,1.7666640710846568
VotingRegressor,B0007,52.0,1.7702629734732853,1.757777498205511
VotingRegressor,B0007,53.0,1.760081061854204,1.7530835991199833
VotingRegressor,B0007,54.0,1.749647593537689,1.7457673825260862
VotingRegressor,B0007,55.0,1.749650075059311,1.7389661256892748
VotingRegressor,B0007,56.0,1.745028739214683,1.7371232804274093
VotingRegressor,B0007,57.0,1.7396457455286727,1.7335827461617224
VotingRegressor,B0007,58.0,1.7285642277717963,1.7290075524493502
VotingRegressor,B0007,59.0,1.723900324588418,1.7136341945360087
VotingRegressor,B0007,60.0,1.7139788776485192,1.7095771024556936
VotingRegressor,B0007,61.0,1.7139701997004613,1.7030667492289617
VotingRegressor,B0007,62.0,1.7036521173638766,1.7010619250185848
VotingRegressor,B0007,63.0,1.7040137474382486,1.6987091084291097
VotingRegressor,B0007,64.0,1.6935716157343033,1.698334312316631
VotingRegressor,B0007,65.0,1.6876577363877656,1.6796290115605679
VotingRegressor,B0007,66.0,1.6830744356583152,1.6750586943670878
VotingRegressor,B0007,67.0,1.6779270142025482,1.6710953038117036
VotingRegressor,B0007,68.0,1.6732060275966172,1.663647345967373
VotingRegressor,B0007,69.0,1.6674367208253988,1.6594389284229245
VotingRegressor,B0007,70.0,1.6622662630667526,1.6549728659788356
VotingRegressor,B0007,71.0,1.6574243065763063,1.6507862512145892
VotingRegressor,B0007,72.0,1.652538684928734,1.6467435809051423
VotingRegressor,B0007,73.0,1.6472174627573322,1.6427038997253518
VotingRegressor,B0007,74.0,1.6364136810898071,1.631700631684507
VotingRegressor,B0007,75.0,1.6362554312048496,1.6236408853099469
VotingRegressor,B0007,76.0,1.641119179218384,1.6231035684937303
VotingRegressor,B0007,77.0,1.6315700789656966,1.624926172557832
VotingRegressor,B0007,78.0,1.621213282987236,1.6165946542647138
VotingRegressor,B0007,79.0,1.6164273214762122,1.6102582337681128
VotingRegressor,B0007,80.0,1.615823510161921,1.6071261947818367
VotingRegressor,B0007,81.0,1.61672418029789,1.604865738995239
VotingRegressor,B0007,82.0,1.6108655863730026,1.6033126547504366
VotingRegressor,B0007,83.0,1.6006603374309376,1.59911802770688
VotingRegressor,B0007,84.0,1.5959174487005663,1.593907424116441
VotingRegressor,B0007,85.0,1.5962179519462243,1.589367691976807
VotingRegressor,B0007,86.0,1.5958065114633972,1.5890978551245347
VotingRegressor,B0007,87.0,1.5906507821480704,1.5880889963511176
VotingRegressor,B0007,88.0,1.6888211161855506,1.5755594273682383
VotingRegressor,B0007,89.0,1.6259938279733204,1.6477730652409268
VotingRegressor,B0007,90.0,1.6157433862812898,1.601355255833043
VotingRegressor,B0007,91.0,1.6056626764846538,1.5948998147972713
VotingRegressor,B0007,92.0,1.5949746921524348,1.5874172649446574
VotingRegressor,B0007,93.0,1.5904102438871945,1.6042024268302046
VotingRegressor,B0007,94.0,1.5853517062988178,1.571518563480222
VotingRegressor,B0007,95.0,1.5799737147242376,1.568777083530397
VotingRegressor,B0007,96.0,1.5752185465278068,1.5658871131755903
VotingRegressor,B0007,97.0,1.569798484648868,1.56329027103011
VotingRegressor,B0007,98.0,1.5702565375950357,1.5538830585542691
VotingRegressor,B0007,99.0,1.565249873909438,1.553744200896458
VotingRegressor,B0007,100.0,1.559633933561147,1.5498555818210527
VotingRegressor,B0007,101.0,1.5649820533392105,1.5468544919510125
VotingRegressor,B0007,102.0,1.57497949984227,1.5490409630004858
VotingRegressor,B0007,103.0,1.5652811168780458,1.5596195948671485
VotingRegressor,B0007,104.0,1.559755497470126,1.5485128155382333
VotingRegressor,B0007,105.0,1.549897685670499,1.542763074435945
VotingRegressor,B0007,106.0,1.5438771531345021,1.535699529138204
VotingRegressor,B0007,107.0,1.5450187488690073,1.525641494296237
VotingRegressor,B0007,108.0,1.5445940154102908,1.5258657116022896
VotingRegressor,B0007,109.0,1.5343086721758876,1.5238724414793705
VotingRegressor,B0007,110.0,1.5287603942958483,1.518610073432462
VotingRegressor,B0007,111.0,1.5289260249179843,1.5137057519494608
VotingRegressor,B0007,112.0,1.529091650133123,1.513054302902296
VotingRegressor,B0007,113.0,1.5239059324661248,1.5126167983318823
VotingRegressor,B0007,114.0,1.5186675419100615,1.5087381052165427
VotingRegressor,B0007,115.0,1.5136482266426952,1.5058692498185855
VotingRegressor,B0007,116.0,1.5136050185229033,1.4975543099224216
VotingRegressor,B0007,117.0,1.5139470614867965,1.497227766230544
VotingRegressor,B0007,118.0,1.5339599193158786,1.493946937567497
VotingRegressor,B0007,119.0,1.5391372798653098,1.5121985469026
VotingRegressor,B0007,120.0,1.5236247972838737,1.5144602513494108
VotingRegressor,B0007,121.0,1.5135813035589147,1.5034184189071609
VotingRegressor,B0007,122.0,1.5077850749847914,1.4919880988632774
VotingRegressor,B0007,123.0,1.5031960676037333,1.4845933452800755
VotingRegressor,B0007,124.0,1.4978220596995881,1.4820065819261132
VotingRegressor,B0007,125.0,1.492848534633516,1.4773272983203687
VotingRegressor,B0007,126.0,1.492414389867026,1.474093591887263
VotingRegressor,B0007,127.0,1.487482776538081,1.4725196380482755
VotingRegressor,B0007,128.0,1.482535148640411,1.4697150030551334
VotingRegressor,B0007,129.0,1.4827874322228984,1.458439536891233
VotingRegressor,B0007,130.0,1.476971179775059,1.4582974502657458
VotingRegressor,B0007,131.0,1.4819015554137276,1.4550018921408507
VotingRegressor,B0007,132.0,1.4981366198874824,1.4573098852468138
VotingRegressor,B0007,133.0,1.4820775214392872,1.4739406095055183
VotingRegressor,B0007,134.0,1.4771155312812152,1.456900924003364
VotingRegressor,B0007,135.0,1.4720772783056488,1.4540502067539423
VotingRegressor,B0007,136.0,1.472248013656454,1.4498904962228272
VotingRegressor,B0007,137.0,1.4670106672274665,1.449743529144485
VotingRegressor,B0007,138.0,1.4617672495335379,1.4467189747086877
VotingRegressor,B0007,139.0,1.4566952670489708,1.4415904008560407
VotingRegressor,B0007,140.0,1.451354972758956,1.4363313873922376
VotingRegressor,B0007,141.0,1.451615926257375,1.4304848273482424
VotingRegressor,B0007,142.0,1.4468161332173683,1.430174157512857
VotingRegressor,B0007,143.0,1.4467570607768785,1.425701541411799
VotingRegressor,B0007,144.0,1.4413797481446793,1.4254619489037157
VotingRegressor,B0007,145.0,1.4362456252208178,1.415078826767663
VotingRegressor,B0007,146.0,1.4368154153924828,1.4120444647777117
VotingRegressor,B0007,147.0,1.4362945145860047,1.412173718735901
VotingRegressor,B0007,148.0,1.4418575315878015,1.4102368593727461
VotingRegressor,B0007,149.0,1.4672063484781797,1.4481303800586907
VotingRegressor,B0007,150.0,1.4518640367848885,1.4356932314608544
VotingRegressor,B0007,151.0,1.4471379752748499,1.4248507598253188
VotingRegressor,B0007,152.0,1.441790586562399,1.4219091975358824
VotingRegressor,B0007,153.0,1.431630947911111,1.4465568920518885
VotingRegressor,B0007,154.0,1.4318084249673686,1.404152124092723
VotingRegressor,B0007,155.0,1.4262562585106868,1.404156454140781
VotingRegressor,B0007,156.0,1.4260877528924913,1.3993264349924819
VotingRegressor,B0007,157.0,1.4212633510031694,1.399158912000908
VotingRegressor,B0007,158.0,1.4163272748795108,1.3945031664399565
VotingRegressor,B0007,159.0,1.4165781829175994,1.39165518081934
VotingRegressor,B0007,160.0,1.4108401729425177,1.391763378037068
VotingRegressor,B0007,161.0,1.4109949628347804,1.3884796878300778
VotingRegressor,B0007,162.0,1.4061714290398801,1.3885614466152234
VotingRegressor,B0007,163.0,1.4063358479692922,1.3796711415625356
VotingRegressor,B0007,164.0,1.4004552399066514,1.3802521900076492
VotingRegressor,B0007,165.0,1.4217865046055154,1.376938727681308
VotingRegressor,B0007,166.0,1.4324552720625434,1.3952635127446307
BaggingRegressor,B0007,0.0,1.880637027686859,1.9178400090113095
BaggingRegressor,B0007,1.0,1.8806626717011388,1.9168687283206005
BaggingRegressor,B0007,2.0,1.8807709009833444,1.9168687283206005
BaggingRegressor,B0007,3.0,1.8794508728285058,1.9168687283206005
BaggingRegressor,B0007,4.0,1.8807003517117404,1.9168687283206005
BaggingRegressor,B0007,5.0,1.8799352523566075,1.9144924677488089
BaggingRegressor,B0007,6.0,1.8815088124038797,1.906967055708511
BaggingRegressor,B0007,7.0,1.8696907870385844,1.906967055708511
BaggingRegressor,B0007,8.0,1.870052380139199,1.9113541397139837
BaggingRegressor,B0007,9.0,1.8700442394188577,1.9056297346523772
BaggingRegressor,B0007,10.0,1.8596518987766364,1.905324259144078
BaggingRegressor,B0007,11.0,1.8590746560862206,1.902096038789523
BaggingRegressor,B0007,12.0,1.8590084577709232,1.902096038789523
BaggingRegressor,B0007,13.0,1.8593622586957048,1.902096038789523
BaggingRegressor,B0007,14.0,1.8587355450601035,1.902096038789523
BaggingRegressor,B0007,15.0,1.847817291322145,1.902096038789523
BaggingRegressor,B0007,16.0,1.8485252916137047,1.837969791538906
BaggingRegressor,B0007,17.0,1.848378951850034,1.837969791538906
BaggingRegressor,B0007,18.0,1.8807805437609766,1.837969791538906
BaggingRegressor,B0007,19.0,1.8814721597443598,1.8939731298030063
BaggingRegressor,B0007,20.0,1.8810954313244785,1.8939731298030063
BaggingRegressor,B0007,21.0,1.8710089649779995,1.8939731298030063
BaggingRegressor,B0007,22.0,1.8701995151941375,1.9063525267920838
BaggingRegressor,B0007,23.0,1.8706715362800985,1.9045949410448966
BaggingRegressor,B0007,24.0,1.8596124644020169,1.9030776836742567
BaggingRegressor,B0007,25.0,1.860033909718346,1.900578781418883
BaggingRegressor,B0007,26.0,1.8591653109160768,1.900578781418883
BaggingRegressor,B0007,27.0,1.8481398178778288,1.900578781418883
BaggingRegressor,B0007,28.0,1.849201702126164,1.837969791538906
BaggingRegressor,B0007,29.0,1.8834677437950846,1.837969791538906
BaggingRegressor,B0007,30.0,1.8628211117905844,1.8838041137925705
BaggingRegressor,B0007,31.0,1.852085039652352,1.9056646703121112
BaggingRegressor,B0007,32.0,1.8469504648208708,1.837969791538906
BaggingRegressor,B0007,33.0,1.836828431169018,1.837969791538906
BaggingRegressor,B0007,34.0,1.8371619619672275,1.8302674500957616
BaggingRegressor,B0007,35.0,1.8316722583718854,1.8302674500957616
BaggingRegressor,B0007,36.0,1.8211470951317783,1.8284871357566765
BaggingRegressor,B0007,37.0,1.816506091511515,1.8124617972206538
BaggingRegressor,B0007,38.0,1.8113815601504555,1.8097338352038628
BaggingRegressor,B0007,39.0,1.8116056333939583,1.8067107531547852
BaggingRegressor,B0007,40.0,1.8060548955557403,1.8067107531547852
BaggingRegressor,B0007,41.0,1.8132041826994056,1.8043350914264977
BaggingRegressor,B0007,42.0,1.8062641938283535,1.8054949257757886
BaggingRegressor,B0007,43.0,1.7958310249900458,1.803119264047501
BaggingRegressor,B0007,44.0,1.7858852600390451,1.7789162819340272
BaggingRegressor,B0007,45.0,1.7803268604502753,1.7767684352700182
BaggingRegressor,B0007,46.0,1.8150756899575577,1.7666377625939143
BaggingRegressor,B0007,47.0,1.8157025154845838,1.8085180078248662
BaggingRegressor,B0007,48.0,1.8002432178056673,1.8085180078248662
BaggingRegressor,B0007,49.0,1.7904476205609308,1.7875272289611581
BaggingRegressor,B0007,50.0,1.780343032300132,1.777001169109627
BaggingRegressor,B0007,51.0,1.775328769596812,1.7622663750629415
BaggingRegressor,B0007,52.0,1.7702629734732853,1.7573417113984753
BaggingRegressor,B0007,53.0,1.760081061854204,1.7549555620239843
BaggingRegressor,B0007,54.0,1.749647593537689,1.7498395772427073
BaggingRegressor,B0007,55.0,1.749650075059311,1.7380610614199243
BaggingRegressor,B0007,56.0,1.745028739214683,1.7380610614199243
BaggingRegressor,B0007,57.0,1.7396457455286727,1.7380610614199243
BaggingRegressor,B0007,58.0,1.7285642277717963,1.7371376746152285
BaggingRegressor,B0007,59.0,1.723900324588418,1.7120484866484682
BaggingRegressor,B0007,60.0,1.7139788776485192,1.7120484866484682
BaggingRegressor,B0007,61.0,1.7139701997004613,1.710876369954386
BaggingRegressor,B0007,62.0,1.7036521173638766,1.710876369954386
BaggingRegressor,B0007,63.0,1.7040137474382486,1.733588765430745
BaggingRegressor,B0007,64.0,1.6935716157343033,1.7353202160992267
BaggingRegressor,B0007,65.0,1.6876577363877656,1.6806428487892573
BaggingRegressor,B0007,66.0,1.6830744356583152,1.674626607759529
BaggingRegressor,B0007,67.0,1.6779270142025482,1.674626607759529
BaggingRegressor,B0007,68.0,1.6732060275966172,1.6553704970973866
BaggingRegressor,B0007,69.0,1.6674367208253988,1.6510126847679196
BaggingRegressor,B0007,70.0,1.6622662630667526,1.650294686915733
BaggingRegressor,B0007,71.0,1.6574243065763063,1.650294686915733
BaggingRegressor,B0007,72.0,1.652538684928734,1.6480446911690236
BaggingRegressor,B0007,73.0,1.6472174627573322,1.630250483075042
BaggingRegressor,B0007,74.0,1.6364136810898071,1.6137812389872415
BaggingRegressor,B0007,75.0,1.6362554312048496,1.6137812389872415
BaggingRegressor,B0007,76.0,1.641119179218384,1.6137812389872415
BaggingRegressor,B0007,77.0,1.6315700789656966,1.6137812389872415
BaggingRegressor,B0007,78.0,1.621213282987236,1.6111186353730325
BaggingRegressor,B0007,79.0,1.6164273214762122,1.6078906650932074
BaggingRegressor,B0007,80.0,1.615823510161921,1.603993904266537
BaggingRegressor,B0007,81.0,1.61672418029789,1.6015671195375378
BaggingRegressor,B0007,82.0,1.6108655863730026,1.6015671195375378
BaggingRegressor,B0007,83.0,1.6006603374309376,1.5988147185317252
BaggingRegressor,B0007,84.0,1.5959174487005663,1.5923378214066226
BaggingRegressor,B0007,85.0,1.5962179519462243,1.5956945746191342
BaggingRegressor,B0007,86.0,1.5958065114633972,1.5956945746191342
BaggingRegressor,B0007,87.0,1.5906507821480704,1.5956945746191342
BaggingRegressor,B0007,88.0,1.6888211161855506,1.5744973988680142
BaggingRegressor,B0007,89.0,1.6259938279733204,1.6750428049253236
BaggingRegressor,B0007,90.0,1.6157433862812898,1.6054638803642083
BaggingRegressor,B0007,91.0,1.6056626764846538,1.6015671195375378
BaggingRegressor,B0007,92.0,1.5949746921524348,1.5976662944616107
BaggingRegressor,B0007,93.0,1.5904102438871945,1.604686469208475
BaggingRegressor,B0007,94.0,1.5853517062988178,1.5744973988680142
BaggingRegressor,B0007,95.0,1.5799737147242376,1.5744973988680142
BaggingRegressor,B0007,96.0,1.5752185465278068,1.5601681091670758
BaggingRegressor,B0007,97.0,1.569798484648868,1.5574327806545631
BaggingRegressor,B0007,98.0,1.5702565375950357,1.5541101217784499
BaggingRegressor,B0007,99.0,1.565249873909438,1.5559479624329986
BaggingRegressor,B0007,100.0,1.559633933561147,1.5523297645397685
BaggingRegressor,B0007,101.0,1.5649820533392105,1.5502053187004332
BaggingRegressor,B0007,102.0,1.57497949984227,1.5523297645397685
BaggingRegressor,B0007,103.0,1.5652811168780458,1.5574327806545631
BaggingRegressor,B0007,104.0,1.559755497470126,1.5523297645397685
BaggingRegressor,B0007,105.0,1.549897685670499,1.5502053187004332
BaggingRegressor,B0007,106.0,1.5438771531345021,1.536688136375212
BaggingRegressor,B0007,107.0,1.5450187488690073,1.5257332315059233
BaggingRegressor,B0007,108.0,1.5445940154102908,1.5280296693965092
BaggingRegressor,B0007,109.0,1.5343086721758876,1.5257332315059233
BaggingRegressor,B0007,110.0,1.5287603942958483,1.5257332315059233
BaggingRegressor,B0007,111.0,1.5289260249179843,1.5257332315059233
BaggingRegressor,B0007,112.0,1.529091650133123,1.5257332315059233
BaggingRegressor,B0007,113.0,1.5239059324661248,1.5257332315059233
BaggingRegressor,B0007,114.0,1.5186675419100615,1.519868956509216
BaggingRegressor,B0007,115.0,1.5136482266426952,1.5263910552359787
BaggingRegressor,B0007,116.0,1.5136050185229033,1.4996980212645945
BaggingRegressor,B0007,117.0,1.5139470614867965,1.4996980212645945
BaggingRegressor,B0007,118.0,1.5339599193158786,1.4996980212645945
BaggingRegressor,B0007,119.0,1.5391372798653098,1.5257332315059233
BaggingRegressor,B0007,120.0,1.5236247972838737,1.5257332315059233
BaggingRegressor,B0007,121.0,1.5135813035589147,1.519868956509216
BaggingRegressor,B0007,122.0,1.5077850749847914,1.4996980212645945
BaggingRegressor,B0007,123.0,1.5031960676037333,1.4954809810258143
BaggingRegressor,B0007,124.0,1.4978220596995881,1.494293377042048
BaggingRegressor,B0007,125.0,1.492848534633516,1.494293377042048
BaggingRegressor,B0007,126.0,1.492414389867026,1.4860607629083618
BaggingRegressor,B0007,127.0,1.487482776538081,1.4860607629083618
BaggingRegressor,B0007,128.0,1.482535148640411,1.4874121889949656
BaggingRegressor,B0007,129.0,1.4827874322228984,1.4648785418527877
BaggingRegressor,B0007,130.0,1.476971179775059,1.4648785418527877
BaggingRegressor,B0007,131.0,1.4819015554137276,1.4645452819802518
BaggingRegressor,B0007,132.0,1.4981366198874824,1.4645452819802518
BaggingRegressor,B0007,133.0,1.4820775214392872,1.494293377042048
BaggingRegressor,B0007,134.0,1.4771155312812152,1.4648785418527877
BaggingRegressor,B0007,135.0,1.4720772783056488,1.4645452819802518
BaggingRegressor,B0007,136.0,1.472248013656454,1.4606152279290163
BaggingRegressor,B0007,137.0,1.4670106672274665,1.4606152279290163
BaggingRegressor,B0007,138.0,1.4617672495335379,1.452757218533209
BaggingRegressor,B0007,139.0,1.4566952670489708,1.452757218533209
BaggingRegressor,B0007,140.0,1.451354972758956,1.4510583259374297
BaggingRegressor,B0007,141.0,1.451615926257375,1.4505579104717905
BaggingRegressor,B0007,142.0,1.4468161332173683,1.4505579104717905
BaggingRegressor,B0007,143.0,1.4467570607768785,1.4483530328730476
BaggingRegressor,B0007,144.0,1.4413797481446793,1.4483530328730476
BaggingRegressor,B0007,145.0,1.4362456252208178,1.459828684451512
BaggingRegressor,B0007,146.0,1.4368154153924828,1.423786996322699
BaggingRegressor,B0007,147.0,1.4362945145860047,1.423786996322699
BaggingRegressor,B0007,148.0,1.4418575315878015,1.423786996322699
BaggingRegressor,B0007,149.0,1.4672063484781797,1.5343151680706495
BaggingRegressor,B0007,150.0,1.4518640367848885,1.452757218533209
BaggingRegressor,B0007,151.0,1.4471379752748499,1.4505579104717905
BaggingRegressor,B0007,152.0,1.441790586562399,1.4483530328730476
BaggingRegressor,B0007,153.0,1.431630947911111,1.5343151680706495
BaggingRegressor,B0007,154.0,1.4318084249673686,1.4222116857099645
BaggingRegressor,B0007,155.0,1.4262562585106868,1.4222116857099645
BaggingRegressor,B0007,156.0,1.4260877528924913,1.4217301751679454
BaggingRegressor,B0007,157.0,1.4212633510031694,1.4217301751679454
BaggingRegressor,B0007,158.0,1.4163272748795108,1.4217301751679454
BaggingRegressor,B0007,159.0,1.4165781829175994,1.415491040957206
BaggingRegressor,B0007,160.0,1.4108401729425177,1.415491040957206
BaggingRegressor,B0007,161.0,1.4109949628347804,1.4004816989352693
BaggingRegressor,B0007,162.0,1.4061714290398801,1.4004816989352693
BaggingRegressor,B0007,163.0,1.4063358479692922,1.385805459093221
BaggingRegressor,B0007,164.0,1.4004552399066514,1.385805459093221
BaggingRegressor,B0007,165.0,1.4217865046055154,1.3796075851773029
BaggingRegressor,B0007,166.0,1.4324552720625434,1.4217301751679454
RandomForestRegressor,B0007,0.0,1.880637027686859,1.9119187455107485
RandomForestRegressor,B0007,1.0,1.8806626717011388,1.9089567794816977
RandomForestRegressor,B0007,2.0,1.8807709009833444,1.9089567794816977
RandomForestRegressor,B0007,3.0,1.8794508728285058,1.9089567794816977
RandomForestRegressor,B0007,4.0,1.8807003517117404,1.9089567794816977
RandomForestRegressor,B0007,5.0,1.8799352523566075,1.9078330392766802
RandomForestRegressor,B0007,6.0,1.8815088124038797,1.9029134919145934
RandomForestRegressor,B0007,7.0,1.8696907870385844,1.9009804588485724
RandomForestRegressor,B0007,8.0,1.870052380139199,1.9028757607798803
RandomForestRegressor,B0007,9.0,1.8700442394188577,1.8981657374738072
RandomForestRegressor,B0007,10.0,1.8596518987766364,1.8974749318135185
RandomForestRegressor,B0007,11.0,1.8590746560862206,1.8916089733752772
RandomForestRegressor,B0007,12.0,1.8590084577709232,1.8916089733752772
RandomForestRegressor,B0007,13.0,1.8593622586957048,1.8916089733752772
RandomForestRegressor,B0007,14.0,1.8587355450601035,1.8916089733752772
RandomForestRegressor,B0007,15.0,1.847817291322145,1.8916089733752772
RandomForestRegressor,B0007,16.0,1.8485252916137047,1.8381691203212656
RandomForestRegressor,B0007,17.0,1.848378951850034,1.8381691203212656
RandomForestRegressor,B0007,18.0,1.8807805437609766,1.8381691203212656
RandomForestRegressor,B0007,19.0,1.8814721597443598,1.892057307689597
RandomForestRegressor,B0007,20.0,1.8810954313244785,1.8916737007014308
RandomForestRegressor,B0007,21.0,1.8710089649779995,1.8916737007014308
RandomForestRegressor,B0007,22.0,1.8701995151941375,1.8968607050855317
RandomForestRegressor,B0007,23.0,1.8706715362800985,1.894727491224122
RandomForestRegressor,B0007,24.0,1.8596124644020169,1.8918762329661365
RandomForestRegressor,B0007,25.0,1.860033909718346,1.8875355378426177
RandomForestRegressor,B0007,26.0,1.8591653109160768,1.8875355378426177
RandomForestRegressor,B0007,27.0,1.8481398178778288,1.8875355378426177
RandomForestRegressor,B0007,28.0,1.849201702126164,1.8377855133330994
RandomForestRegressor,B0007,29.0,1.8834677437950846,1.8377855133330994
RandomForestRegressor,B0007,30.0,1.8628211117905844,1.8830282379487011
RandomForestRegressor,B0007,31.0,1.852085039652352,1.8955208186066448
RandomForestRegressor,B0007,32.0,1.8469504648208708,1.8377855133330994
RandomForestRegressor,B0007,33.0,1.836828431169018,1.8373902784395317
RandomForestRegressor,B0007,34.0,1.8371619619672275,1.8308090920569662
RandomForestRegressor,B0007,35.0,1.8316722583718854,1.8300753697518746
RandomForestRegressor,B0007,36.0,1.8211470951317783,1.8265374934768264
RandomForestRegressor,B0007,37.0,1.816506091511515,1.8096348880914306
RandomForestRegressor,B0007,38.0,1.8113815601504555,1.8089528975872329
RandomForestRegressor,B0007,39.0,1.8116056333939583,1.807281670870821
RandomForestRegressor,B0007,40.0,1.8060548955557403,1.807281670870821
RandomForestRegressor,B0007,41.0,1.8132041826994056,1.806455939216006
RandomForestRegressor,B0007,42.0,1.8062641938283535,1.806977714026072
RandomForestRegressor,B0007,43.0,1.7958310249900458,1.806151982371257
RandomForestRegressor,B0007,44.0,1.7858852600390451,1.7822220754345113
RandomForestRegressor,B0007,45.0,1.7803268604502753,1.7789263355241565
RandomForestRegressor,B0007,46.0,1.8150756899575577,1.7694957030543381
RandomForestRegressor,B0007,47.0,1.8157025154845838,1.8086489407424835
RandomForestRegressor,B0007,48.0,1.8002432178056673,1.8086489407424835
RandomForestRegressor,B0007,49.0,1.7904476205609308,1.7905283203085383
RandomForestRegressor,B0007,50.0,1.780343032300132,1.7806118214537217
RandomForestRegressor,B0007,51.0,1.775328769596812,1.766894708308298
RandomForestRegressor,B0007,52.0,1.7702629734732853,1.7591763205414381
RandomForestRegressor,B0007,53.0,1.760081061854204,1.7565283707097998
RandomForestRegressor,B0007,54.0,1.749647593537689,1.747667936127588
RandomForestRegressor,B0007,55.0,1.749650075059311,1.740427285755133
RandomForestRegressor,B0007,56.0,1.745028739214683,1.740427285755133
RandomForestRegressor,B0007,57.0,1.7396457455286727,1.7397794105853273
RandomForestRegressor,B0007,58.0,1.7285642277717963,1.7393390027077533
RandomForestRegressor,B0007,59.0,1.723900324588418,1.712206756017643
RandomForestRegressor,B0007,60.0,1.7139788776485192,1.712206756017643
RandomForestRegressor,B0007,61.0,1.7139701997004613,1.7114761940413477
RandomForestRegressor,B0007,62.0,1.7036521173638766,1.7114761940413477
RandomForestRegressor,B0007,63.0,1.7040137474382486,1.7390991500753146
RandomForestRegressor,B0007,64.0,1.6935716157343033,1.7400513762303456
RandomForestRegressor,B0007,65.0,1.6876577363877656,1.6790793739893763
RandomForestRegressor,B0007,66.0,1.6830744356583152,1.673481326040093
RandomForestRegressor,B0007,67.0,1.6779270142025482,1.6733156546315855
RandomForestRegressor,B0007,68.0,1.6732060275966172,1.6593357225052838
RandomForestRegressor,B0007,69.0,1.6674367208253988,1.6542575704819211
RandomForestRegressor,B0007,70.0,1.6622662630667526,1.6510034765770971
RandomForestRegressor,B0007,71.0,1.6574243065763063,1.6503530852552024
RandomForestRegressor,B0007,72.0,1.652538684928734,1.6463778079734592
RandomForestRegressor,B0007,73.0,1.6472174627573322,1.632374262198462
RandomForestRegressor,B0007,74.0,1.6364136810898071,1.6187975242393835
RandomForestRegressor,B0007,75.0,1.6362554312048496,1.6137482678505726
RandomForestRegressor,B0007,76.0,1.641119179218384,1.613504829043525
RandomForestRegressor,B0007,77.0,1.6315700789656966,1.613477051389164
RandomForestRegressor,B0007,78.0,1.621213282987236,1.6104203608908731
RandomForestRegressor,B0007,79.0,1.6164273214762122,1.6088819776198005
RandomForestRegressor,B0007,80.0,1.615823510161921,1.6073426859946374
RandomForestRegressor,B0007,81.0,1.61672418029789,1.6061462792036785
RandomForestRegressor,B0007,82.0,1.6108655863730026,1.6061462792036785
RandomForestRegressor,B0007,83.0,1.6006603374309376,1.60006710480112
RandomForestRegressor,B0007,84.0,1.5959174487005663,1.5937246592114684
RandomForestRegressor,B0007,85.0,1.5962179519462243,1.595776695159665
RandomForestRegressor,B0007,86.0,1.5958065114633972,1.595776695159665
RandomForestRegressor,B0007,87.0,1.5906507821480704,1.595776695159665
RandomForestRegressor,B0007,88.0,1.6888211161855506,1.5718095121409537
RandomForestRegressor,B0007,89.0,1.6259938279733204,1.6731915002930173
RandomForestRegressor,B0007,90.0,1.6157433862812898,1.6069863100668949
RandomForestRegressor,B0007,91.0,1.6056626764846538,1.6054470184417318
RandomForestRegressor,B0007,92.0,1.5949746921524348,1.5986429213442495
RandomForestRegressor,B0007,93.0,1.5904102438871945,1.6161359175450025
RandomForestRegressor,B0007,94.0,1.5853517062988178,1.5718095121409537
RandomForestRegressor,B0007,95.0,1.5799737147242376,1.5717394455000946
RandomForestRegressor,B0007,96.0,1.5752185465278068,1.5570577007268878
RandomForestRegressor,B0007,97.0,1.569798484648868,1.5546214419832223
RandomForestRegressor,B0007,98.0,1.5702565375950357,1.5525122658480188
RandomForestRegressor,B0007,99.0,1.565249873909438,1.553236456492098
RandomForestRegressor,B0007,100.0,1.559633933561147,1.551028218735438
RandomForestRegressor,B0007,101.0,1.5649820533392105,1.5495507846092136
RandomForestRegressor,B0007,102.0,1.57497949984227,1.551028218735438
RandomForestRegressor,B0007,103.0,1.5652811168780458,1.5543286729368264
RandomForestRegressor,B0007,104.0,1.559755497470126,1.551028218735438
RandomForestRegressor,B0007,105.0,1.549897685670499,1.5495507846092136
RandomForestRegressor,B0007,106.0,1.5438771531345021,1.5371026570084039
RandomForestRegressor,B0007,107.0,1.5450187488690073,1.5276293112305044
RandomForestRegressor,B0007,108.0,1.5445940154102908,1.5285308733482994
RandomForestRegressor,B0007,109.0,1.5343086721758876,1.5278232115112282
RandomForestRegressor,B0007,110.0,1.5287603942958483,1.526979701404712
RandomForestRegressor,B0007,111.0,1.5289260249179843,1.526979701404712
RandomForestRegressor,B0007,112.0,1.529091650133123,1.526979701404712
RandomForestRegressor,B0007,113.0,1.5239059324661248,1.526979701404712
RandomForestRegressor,B0007,114.0,1.5186675419100615,1.5224375274613364
RandomForestRegressor,B0007,115.0,1.5136482266426952,1.5349341169026678
RandomForestRegressor,B0007,116.0,1.5136050185229033,1.5020405673713617
RandomForestRegressor,B0007,117.0,1.5139470614867965,1.5020405673713617
RandomForestRegressor,B0007,118.0,1.5339599193158786,1.5020405673713617
RandomForestRegressor,B0007,119.0,1.5391372798653098,1.526979701404712
RandomForestRegressor,B0007,120.0,1.5236247972838737,1.5274228631971392
RandomForestRegressor,B0007,121.0,1.5135813035589147,1.5221831876946421
RandomForestRegressor,B0007,122.0,1.5077850749847914,1.5020405673713617
RandomForestRegressor,B0007,123.0,1.5031960676037333,1.4986824380483297
RandomForestRegressor,B0007,124.0,1.4978220596995881,1.495746237542202
RandomForestRegressor,B0007,125.0,1.492848534633516,1.4954582967679104
RandomForestRegressor,B0007,126.0,1.492414389867026,1.4868523201196862
RandomForestRegressor,B0007,127.0,1.487482776538081,1.4856956476948222
RandomForestRegressor,B0007,128.0,1.482535148640411,1.486930689011432
RandomForestRegressor,B0007,129.0,1.4827874322228984,1.4647296729265837
RandomForestRegressor,B0007,130.0,1.476971179775059,1.4647296729265837
RandomForestRegressor,B0007,131.0,1.4819015554137276,1.4642927001219428
RandomForestRegressor,B0007,132.0,1.4981366198874824,1.4642927001219428
RandomForestRegressor,B0007,133.0,1.4820775214392872,1.4943016243430463
RandomForestRegressor,B0007,134.0,1.4771155312812152,1.4647296729265837
RandomForestRegressor,B0007,135.0,1.4720772783056488,1.4642927001219428
RandomForestRegressor,B0007,136.0,1.472248013656454,1.458317235652724
RandomForestRegressor,B0007,137.0,1.4670106672274665,1.458317235652724
RandomForestRegressor,B0007,138.0,1.4617672495335379,1.452028986881737
RandomForestRegressor,B0007,139.0,1.4566952670489708,1.452028986881737
RandomForestRegressor,B0007,140.0,1.451354972758956,1.45079120306092
RandomForestRegressor,B0007,141.0,1.451615926257375,1.4494853782299613
RandomForestRegressor,B0007,142.0,1.4468161332173683,1.4494853782299613
RandomForestRegressor,B0007,143.0,1.4467570607768785,1.4481573549668427
RandomForestRegressor,B0007,144.0,1.4413797481446793,1.4481573549668427
RandomForestRegressor,B0007,145.0,1.4362456252208178,1.4626947115527174
RandomForestRegressor,B0007,146.0,1.4368154153924828,1.4238763609235745
RandomForestRegressor,B0007,147.0,1.4362945145860047,1.4238763609235745
RandomForestRegressor,B0007,148.0,1.4418575315878015,1.4238763609235745
RandomForestRegressor,B0007,149.0,1.4672063484781797,1.527653808331066
RandomForestRegressor,B0007,150.0,1.4518640367848885,1.452028986881737
RandomForestRegressor,B0007,151.0,1.4471379752748499,1.4494853782299613
RandomForestRegressor,B0007,152.0,1.441790586562399,1.4481573549668427
RandomForestRegressor,B0007,153.0,1.431630947911111,1.527653808331066
RandomForestRegressor,B0007,154.0,1.4318084249673686,1.4230173313990633
RandomForestRegressor,B0007,155.0,1.4262562585106868,1.4230173313990633
RandomForestRegressor,B0007,156.0,1.4260877528924913,1.4217466815932778
RandomForestRegressor,B0007,157.0,1.4212633510031694,1.4217466815932778
RandomForestRegressor,B0007,158.0,1.4163272748795108,1.422338311735557
RandomForestRegressor,B0007,159.0,1.4165781829175994,1.4125799131786891
RandomForestRegressor,B0007,160.0,1.4108401729425177,1.4125799131786891
RandomForestRegressor,B0007,161.0,1.4109949628347804,1.403986182642558
RandomForestRegressor,B0007,162.0,1.4061714290398801,1.403986182642558
RandomForestRegressor,B0007,163.0,1.4063358479692922,1.3890594899681634
RandomForestRegressor,B0007,164.0,1.4004552399066514,1.3890594899681634
RandomForestRegressor,B0007,165.0,1.4217865046055154,1.3771886504646154
RandomForestRegressor,B0007,166.0,1.4324552720625434,1.422338311735557
SimpleAveraging,B0007,0.0,1.880637027686859,1.8832592409190407
SimpleAveraging,B0007,1.0,1.8806626717011388,1.878151984657712
SimpleAveraging,B0007,2.0,1.8807709009833444,1.8782254686985962
SimpleAveraging,B0007,3.0,1.8794508728285058,1.8783154870323133
SimpleAveraging,B0007,4.0,1.8807003517117404,1.8776649199842517
SimpleAveraging,B0007,5.0,1.8799352523566075,1.8782765738596816
SimpleAveraging,B0007,6.0,1.8815088124038797,1.8817430208336816
SimpleAveraging,B0007,7.0,1.8696907870385844,1.8860665509497991
SimpleAveraging,B0007,8.0,1.870052380139199,1.874877036750447
SimpleAveraging,B0007,9.0,1.8700442394188577,1.8779667725526277
SimpleAveraging,B0007,10.0,1.8596518987766364,1.8839871972633664
SimpleAveraging,B0007,11.0,1.8590746560862206,1.876035799628411
SimpleAveraging,B0007,12.0,1.8590084577709232,1.876440566645826
SimpleAveraging,B0007,13.0,1.8593622586957048,1.8762157753935493
SimpleAveraging,B0007,14.0,1.8587355450601035,1.8744961826532998
SimpleAveraging,B0007,15.0,1.847817291322145,1.8739409456972034
SimpleAveraging,B0007,16.0,1.8485252916137047,1.8527949871223384
SimpleAveraging,B0007,17.0,1.848378951850034,1.8528861373115948
SimpleAveraging,B0007,18.0,1.8807805437609766,1.8525192826391734
SimpleAveraging,B0007,19.0,1.8814721597443598,1.8861320761524039
SimpleAveraging,B0007,20.0,1.8810954313244785,1.8860811491464466
SimpleAveraging,B0007,21.0,1.8710089649779995,1.8855073359954893
SimpleAveraging,B0007,22.0,1.8701995151941375,1.8780411749185084
SimpleAveraging,B0007,23.0,1.8706715362800985,1.8763162714595847
SimpleAveraging,B0007,24.0,1.8596124644020169,1.87306077755458
SimpleAveraging,B0007,25.0,1.860033909718346,1.8623122928856142
SimpleAveraging,B0007,26.0,1.8591653109160768,1.8620389530409072
SimpleAveraging,B0007,27.0,1.8481398178778288,1.8596133943888602
SimpleAveraging,B0007,28.0,1.849201702126164,1.8459440812606611
SimpleAveraging,B0007,29.0,1.8834677437950846,1.8459486887695582
SimpleAveraging,B0007,30.0,1.8628211117905844,1.8706872105453045
SimpleAveraging,B0007,31.0,1.852085039652352,1.8584363557537258
SimpleAveraging,B0007,32.0,1.8469504648208708,1.8446184630950992
SimpleAveraging,B0007,33.0,1.836828431169018,1.8400651254638376
SimpleAveraging,B0007,34.0,1.8371619619672275,1.8260884925381038
SimpleAveraging,B0007,35.0,1.8316722583718854,1.8256592812305275
SimpleAveraging,B0007,36.0,1.8211470951317783,1.8207144491258322
SimpleAveraging,B0007,37.0,1.816506091511515,1.8101826826899319
SimpleAveraging,B0007,38.0,1.8113815601504555,1.8055455584610187
SimpleAveraging,B0007,39.0,1.8116056333939583,1.8024487016482726
SimpleAveraging,B0007,40.0,1.8060548955557403,1.8019532223399177
SimpleAveraging,B0007,41.0,1.8132041826994056,1.7963710036866363
SimpleAveraging,B0007,42.0,1.8062641938283535,1.8001111593002435
SimpleAveraging,B0007,43.0,1.7958310249900458,1.794948776104011
SimpleAveraging,B0007,44.0,1.7858852600390451,1.779881500381083
SimpleAveraging,B0007,45.0,1.7803268604502753,1.77277321386561
SimpleAveraging,B0007,46.0,1.8150756899575577,1.7692461101944523
SimpleAveraging,B0007,47.0,1.8157025154845838,1.7950620759540867
SimpleAveraging,B0007,48.0,1.8002432178056673,1.794669670629876
SimpleAveraging,B0007,49.0,1.7904476205609308,1.7805905017938408
SimpleAveraging,B0007,50.0,1.780343032300132,1.773256844014206
SimpleAveraging,B0007,51.0,1.775328769596812,1.7666640710846568
SimpleAveraging,B0007,52.0,1.7702629734732853,1.757777498205511
SimpleAveraging,B0007,53.0,1.760081061854204,1.7530835991199833
SimpleAveraging,B0007,54.0,1.749647593537689,1.7457673825260862
SimpleAveraging,B0007,55.0,1.749650075059311,1.7389661256892748
SimpleAveraging,B0007,56.0,1.745028739214683,1.7371232804274093
SimpleAveraging,B0007,57.0,1.7396457455286727,1.7335827461617224
SimpleAveraging,B0007,58.0,1.7285642277717963,1.7290075524493502
SimpleAveraging,B0007,59.0,1.723900324588418,1.7136341945360087
SimpleAveraging,B0007,60.0,1.7139788776485192,1.7095771024556936
SimpleAveraging,B0007,61.0,1.7139701997004613,1.7030667492289617
SimpleAveraging,B0007,62.0,1.7036521173638766,1.7010619250185848
SimpleAveraging,B0007,63.0,1.7040137474382486,1.6987091084291097
SimpleAveraging,B0007,64.0,1.6935716157343033,1.698334312316631
SimpleAveraging,B0007,65.0,1.6876577363877656,1.6796290115605679
SimpleAveraging,B0007,66.0,1.6830744356583152,1.6750586943670878
SimpleAveraging,B0007,67.0,1.6779270142025482,1.6710953038117036
SimpleAveraging,B0007,68.0,1.6732060275966172,1.663647345967373
SimpleAveraging,B0007,69.0,1.6674367208253988,1.6594389284229245
SimpleAveraging,B0007,70.0,1.6622662630667526,1.6549728659788356
SimpleAveraging,B0007,71.0,1.6574243065763063,1.6507862512145892
SimpleAveraging,B0007,72.0,1.652538684928734,1.6467435809051423
SimpleAveraging,B0007,73.0,1.6472174627573322,1.6427038997253518
SimpleAveraging,B0007,74.0,1.6364136810898071,1.631700631684507
SimpleAveraging,B0007,75.0,1.6362554312048496,1.6236408853099469
SimpleAveraging,B0007,76.0,1.641119179218384,1.6231035684937303
SimpleAveraging,B0007,77.0,1.6315700789656966,1.624926172557832
SimpleAveraging,B0007,78.0,1.621213282987236,1.6165946542647138
SimpleAveraging,B0007,79.0,1.6164273214762122,1.6102582337681128
SimpleAveraging,B0007,80.0,1.615823510161921,1.6071261947818367
SimpleAveraging,B0007,81.0,1.61672418029789,1.604865738995239
SimpleAveraging,B0007,82.0,1.6108655863730026,1.6033126547504366
SimpleAveraging,B0007,83.0,1.6006603374309376,1.59911802770688
SimpleAveraging,B0007,84.0,1.5959174487005663,1.593907424116441
SimpleAveraging,B0007,85.0,1.5962179519462243,1.589367691976807
SimpleAveraging,B0007,86.0,1.5958065114633972,1.5890978551245347
SimpleAveraging,B0007,87.0,1.5906507821480704,1.5880889963511176
SimpleAveraging,B0007,88.0,1.6888211161855506,1.5755594273682383
SimpleAveraging,B0007,89.0,1.6259938279733204,1.6477730652409268
SimpleAveraging,B0007,90.0,1.6157433862812898,1.601355255833043
SimpleAveraging,B0007,91.0,1.6056626764846538,1.5948998147972713
SimpleAveraging,B0007,92.0,1.5949746921524348,1.5874172649446574
SimpleAveraging,B0007,93.0,1.5904102438871945,1.6042024268302046
SimpleAveraging,B0007,94.0,1.5853517062988178,1.571518563480222
SimpleAveraging,B0007,95.0,1.5799737147242376,1.568777083530397
SimpleAveraging,B0007,96.0,1.5752185465278068,1.5658871131755903
SimpleAveraging,B0007,97.0,1.569798484648868,1.56329027103011
SimpleAveraging,B0007,98.0,1.5702565375950357,1.5538830585542691
SimpleAveraging,B0007,99.0,1.565249873909438,1.553744200896458
SimpleAveraging,B0007,100.0,1.559633933561147,1.5498555818210527
SimpleAveraging,B0007,101.0,1.5649820533392105,1.5468544919510125
SimpleAveraging,B0007,102.0,1.57497949984227,1.5490409630004858
SimpleAveraging,B0007,103.0,1.5652811168780458,1.5596195948671485
SimpleAveraging,B0007,104.0,1.559755497470126,1.5485128155382333
SimpleAveraging,B0007,105.0,1.549897685670499,1.542763074435945
SimpleAveraging,B0007,106.0,1.5438771531345021,1.535699529138204
SimpleAveraging,B0007,107.0,1.5450187488690073,1.525641494296237
SimpleAveraging,B0007,108.0,1.5445940154102908,1.5258657116022896
SimpleAveraging,B0007,109.0,1.5343086721758876,1.5238724414793705
SimpleAveraging,B0007,110.0,1.5287603942958483,1.518610073432462
SimpleAveraging,B0007,111.0,1.5289260249179843,1.5137057519494608
SimpleAveraging,B0007,112.0,1.529091650133123,1.513054302902296
SimpleAveraging,B0007,113.0,1.5239059324661248,1.5126167983318823
SimpleAveraging,B0007,114.0,1.5186675419100615,1.5087381052165427
SimpleAveraging,B0007,115.0,1.5136482266426952,1.5058692498185855
SimpleAveraging,B0007,116.0,1.5136050185229033,1.4975543099224216
SimpleAveraging,B0007,117.0,1.5139470614867965,1.497227766230544
SimpleAveraging,B0007,118.0,1.5339599193158786,1.493946937567497
SimpleAveraging,B0007,119.0,1.5391372798653098,1.5121985469026
SimpleAveraging,B0007,120.0,1.5236247972838737,1.5144602513494108
SimpleAveraging,B0007,121.0,1.5135813035589147,1.5034184189071609
SimpleAveraging,B0007,122.0,1.5077850749847914,1.4919880988632774
SimpleAveraging,B0007,123.0,1.5031960676037333,1.4845933452800755
SimpleAveraging,B0007,124.0,1.4978220596995881,1.4820065819261132
SimpleAveraging,B0007,125.0,1.492848534633516,1.4773272983203687
SimpleAveraging,B0007,126.0,1.492414389867026,1.474093591887263
SimpleAveraging,B0007,127.0,1.487482776538081,1.4725196380482755
SimpleAveraging,B0007,128.0,1.482535148640411,1.4697150030551334
SimpleAveraging,B0007,129.0,1.4827874322228984,1.458439536891233
SimpleAveraging,B0007,130.0,1.476971179775059,1.4582974502657458
SimpleAveraging,B0007,131.0,1.4819015554137276,1.4550018921408507
SimpleAveraging,B0007,132.0,1.4981366198874824,1.4573098852468138
SimpleAveraging,B0007,133.0,1.4820775214392872,1.4739406095055183
SimpleAveraging,B0007,134.0,1.4771155312812152,1.456900924003364
SimpleAveraging,B0007,135.0,1.4720772783056488,1.4540502067539423
SimpleAveraging,B0007,136.0,1.472248013656454,1.4498904962228272
SimpleAveraging,B0007,137.0,1.4670106672274665,1.449743529144485
SimpleAveraging,B0007,138.0,1.4617672495335379,1.4467189747086877
SimpleAveraging,B0007,139.0,1.4566952670489708,1.4415904008560407
SimpleAveraging,B0007,140.0,1.451354972758956,1.4363313873922376
SimpleAveraging,B0007,141.0,1.451615926257375,1.4304848273482424
SimpleAveraging,B0007,142.0,1.4468161332173683,1.430174157512857
SimpleAveraging,B0007,143.0,1.4467570607768785,1.425701541411799
SimpleAveraging,B0007,144.0,1.4413797481446793,1.4254619489037157
SimpleAveraging,B0007,145.0,1.4362456252208178,1.415078826767663
SimpleAveraging,B0007,146.0,1.4368154153924828,1.4120444647777117
SimpleAveraging,B0007,147.0,1.4362945145860047,1.412173718735901
SimpleAveraging,B0007,148.0,1.4418575315878015,1.4102368593727461
SimpleAveraging,B0007,149.0,1.4672063484781797,1.4481303800586907
SimpleAveraging,B0007,150.0,1.4518640367848885,1.4356932314608544
SimpleAveraging,B0007,151.0,1.4471379752748499,1.4248507598253188
SimpleAveraging,B0007,152.0,1.441790586562399,1.4219091975358824
SimpleAveraging,B0007,153.0,1.431630947911111,1.4465568920518885
SimpleAveraging,B0007,154.0,1.4318084249673686,1.404152124092723
SimpleAveraging,B0007,155.0,1.4262562585106868,1.404156454140781
SimpleAveraging,B0007,156.0,1.4260877528924913,1.3993264349924819
SimpleAveraging,B0007,157.0,1.4212633510031694,1.399158912000908
SimpleAveraging,B0007,158.0,1.4163272748795108,1.3945031664399565
SimpleAveraging,B0007,159.0,1.4165781829175994,1.39165518081934
SimpleAveraging,B0007,160.0,1.4108401729425177,1.391763378037068
SimpleAveraging,B0007,161.0,1.4109949628347804,1.3884796878300778
SimpleAveraging,B0007,162.0,1.4061714290398801,1.3885614466152234
SimpleAveraging,B0007,163.0,1.4063358479692922,1.3796711415625356
SimpleAveraging,B0007,164.0,1.4004552399066514,1.3802521900076492
SimpleAveraging,B0007,165.0,1.4217865046055154,1.376938727681308
SimpleAveraging,B0007,166.0,1.4324552720625434,1.3952635127446307
WeightedAveraging,B0007,0.0,1.880637027686859,1.884340667984704
WeightedAveraging,B0007,1.0,1.8806626717011388,1.8782339907374725
WeightedAveraging,B0007,2.0,1.8807709009833444,1.8782841248427748
WeightedAveraging,B0007,3.0,1.8794508728285058,1.8783585137438104
WeightedAveraging,B0007,4.0,1.8807003517117404,1.8775587962857492
WeightedAveraging,B0007,5.0,1.8799352523566075,1.878261510711788
WeightedAveraging,B0007,6.0,1.8815088124038797,1.8806586657219306
WeightedAveraging,B0007,7.0,1.8696907870385844,1.8842026361471653
WeightedAveraging,B0007,8.0,1.870052380139199,1.873176191592178
WeightedAveraging,B0007,9.0,1.8700442394188577,1.8755208351408366
WeightedAveraging,B0007,10.0,1.8596518987766364,1.8799760539654087
WeightedAveraging,B0007,11.0,1.8590746560862206,1.8716618007286216
WeightedAveraging,B0007,12.0,1.8590084577709232,1.8717702516000534
WeightedAveraging,B0007,13.0,1.8593622586957048,1.8715135245107417
WeightedAveraging,B0007,14.0,1.8587355450601035,1.8702222691687054
WeightedAveraging,B0007,15.0,1.847817291322145,1.8695826964710272
WeightedAveraging,B0007,16.0,1.8485252916137047,1.8512262798222563
WeightedAveraging,B0007,17.0,1.848378951850034,1.8513578703105602
WeightedAveraging,B0007,18.0,1.8807805437609766,1.8509515877592397
WeightedAveraging,B0007,19.0,1.8814721597443598,1.883101821922656
WeightedAveraging,B0007,20.0,1.8810954313244785,1.8830898035249022
WeightedAveraging,B0007,21.0,1.8710089649779995,1.8824510661438438
WeightedAveraging,B0007,22.0,1.8701995151941375,1.8745566431667793
WeightedAveraging,B0007,23.0,1.8706715362800985,1.8729542154477263
WeightedAveraging,B0007,24.0,1.8596124644020169,1.8704740587725324
WeightedAveraging,B0007,25.0,1.860033909718346,1.8598899435089802
WeightedAveraging,B0007,26.0,1.8591653109160768,1.8596302553050892
WeightedAveraging,B0007,27.0,1.8481398178778288,1.8574737710921534
WeightedAveraging,B0007,28.0,1.849201702126164,1.8446908758893106
WeightedAveraging,B0007,29.0,1.8834677437950846,1.8447690066209217
WeightedAveraging,B0007,30.0,1.8628211117905844,1.8704452522018205
WeightedAveraging,B0007,31.0,1.852085039652352,1.8567227639426465
WeightedAveraging,B0007,32.0,1.8469504648208708,1.8438976904942126
WeightedAveraging,B0007,33.0,1.836828431169018,1.8392118464927056
WeightedAveraging,B0007,34.0,1.8371619619672275,1.8263852155172122
WeightedAveraging,B0007,35.0,1.8316722583718854,1.8259614371413626
WeightedAveraging,B0007,36.0,1.8211470951317783,1.8208991420192016
WeightedAveraging,B0007,37.0,1.816506091511515,1.8105618985867067
WeightedAveraging,B0007,38.0,1.8113815601504555,1.805909861840542
WeightedAveraging,B0007,39.0,1.8116056333939583,1.8023081897543574
WeightedAveraging,B0007,40.0,1.8060548955557403,1.8018079107128746
WeightedAveraging,B0007,41.0,1.8132041826994056,1.7962500058441866
WeightedAveraging,B0007,42.0,1.8062641938283535,1.8004059817091722
WeightedAveraging,B0007,43.0,1.7958310249900458,1.7948664411477064
WeightedAveraging,B0007,44.0,1.7858852600390451,1.7811499109891622
WeightedAveraging,B0007,45.0,1.7803268604502753,1.7735058185868013
WeightedAveraging,B0007,46.0,1.8150756899575577,1.7694898451175223
WeightedAveraging,B0007,47.0,1.8157025154845838,1.7960631331178514
WeightedAveraging,B0007,48.0,1.8002432178056673,1.795703579451024
WeightedAveraging,B0007,49.0,1.7904476205609308,1.7816880504553798
WeightedAveraging,B0007,50.0,1.780343032300132,1.773924007926212
WeightedAveraging,B0007,51.0,1.775328769596812,1.7666497627156585
WeightedAveraging,B0007,52.0,1.7702629734732853,1.758736127027251
WeightedAveraging,B0007,53.0,1.760081061854204,1.7539576212613852
WeightedAveraging,B0007,54.0,1.749647593537689,1.746128555549543
WeightedAveraging,B0007,55.0,1.749650075059311,1.7386331368494636
WeightedAveraging,B0007,56.0,1.745028739214683,1.7370754170915326
WeightedAveraging,B0007,57.0,1.7396457455286727,1.7332638457317835
WeightedAveraging,B0007,58.0,1.7285642277717963,1.7285167018466312
WeightedAveraging,B0007,59.0,1.723900324588418,1.714464603383945
WeightedAveraging,B0007,60.0,1.7139788776485192,1.7102631765995113
WeightedAveraging,B0007,61.0,1.7139701997004613,1.7031086036381036
WeightedAveraging,B0007,62.0,1.7036521173638766,1.7014378128157377
WeightedAveraging,B0007,63.0,1.7040137474382486,1.6973224420835662
WeightedAveraging,B0007,64.0,1.6935716157343033,1.6969557057701548
WeightedAveraging,B0007,65.0,1.6876577363877656,1.6805548634780896
WeightedAveraging,B0007,66.0,1.6830744356583152,1.6757164271451928
WeightedAveraging,B0007,67.0,1.6779270142025482,1.6716170221571849
WeightedAveraging,B0007,68.0,1.6732060275966172,1.6647867621388113
WeightedAveraging,B0007,69.0,1.6674367208253988,1.660478368845482
WeightedAveraging,B0007,70.0,1.6622662630667526,1.6557570275021072
WeightedAveraging,B0007,71.0,1.6574243065763063,1.6513739137964547
WeightedAveraging,B0007,72.0,1.652538684928734,1.6471701305089221
WeightedAveraging,B0007,73.0,1.6472174627573322,1.6429612498031305
WeightedAveraging,B0007,74.0,1.6364136810898071,1.633439548030006
WeightedAveraging,B0007,75.0,1.6362554312048496,1.6249692155575857
WeightedAveraging,B0007,76.0,1.641119179218384,1.6243913574420226
WeightedAveraging,B0007,77.0,1.6315700789656966,1.6266429028435225
WeightedAveraging,B0007,78.0,1.621213282987236,1.6182407271382464
WeightedAveraging,B0007,79.0,1.6164273214762122,1.6111657185340662
WeightedAveraging,B0007,80.0,1.615823510161921,1.6076708830601945
WeightedAveraging,B0007,81.0,1.61672418029789,1.6057133426088686
WeightedAveraging,B0007,82.0,1.6108655863730026,1.604604238778604
WeightedAveraging,B0007,83.0,1.6006603374309376,1.6000908448158693
WeightedAveraging,B0007,84.0,1.5959174487005663,1.5939004538921264
WeightedAveraging,B0007,85.0,1.5962179519462243,1.5893659330735084
WeightedAveraging,B0007,86.0,1.5958065114633972,1.5890984415645628
WeightedAveraging,B0007,87.0,1.5906507821480704,1.588127498325145
WeightedAveraging,B0007,88.0,1.6888211161855506,1.5775173031541763
WeightedAveraging,B0007,89.0,1.6259938279733204,1.652019439649594
WeightedAveraging,B0007,90.0,1.6157433862812898,1.6040364578514181
WeightedAveraging,B0007,91.0,1.6056626764846538,1.5969222689467135
WeightedAveraging,B0007,92.0,1.5949746921524348,1.589071820161887
WeightedAveraging,B0007,93.0,1.5904102438871945,1.5992928107335356
WeightedAveraging,B0007,94.0,1.5853517062988178,1.5736993064762865
WeightedAveraging,B0007,95.0,1.5799737147242376,1.5704591806961474
WeightedAveraging,B0007,96.0,1.5752185465278068,1.5670407002811342
WeightedAveraging,B0007,97.0,1.569798484648868,1.563973572863213
WeightedAveraging,B0007,98.0,1.5702565375950357,1.5556583837648197
WeightedAveraging,B0007,99.0,1.565249873909438,1.5555366000205788
WeightedAveraging,B0007,100.0,1.559633933561147,1.5514485139184555
WeightedAveraging,B0007,101.0,1.5649820533392105,1.5478966692919847
WeightedAveraging,B0007,102.0,1.57497949984227,1.550557363285454
WeightedAveraging,B0007,103.0,1.5652811168780458,1.5604950289105588
WeightedAveraging,B0007,104.0,1.559755497470126,1.550005679303005
WeightedAveraging,B0007,105.0,1.549897685670499,1.544414616376579
WeightedAveraging,B0007,106.0,1.5438771531345021,1.5369159554002747
WeightedAveraging,B0007,107.0,1.5450187488690073,1.5279835788348017
WeightedAveraging,B0007,108.0,1.5445940154102908,1.5282887712103161
WeightedAveraging,B0007,109.0,1.5343086721758876,1.5265981432016487
WeightedAveraging,B0007,110.0,1.5287603942958483,1.520348500187965
WeightedAveraging,B0007,111.0,1.5289260249179843,1.515376190641875
WeightedAveraging,B0007,112.0,1.529091650133123,1.5148187856102266
WeightedAveraging,B0007,113.0,1.5239059324661248,1.5144230581899452
WeightedAveraging,B0007,114.0,1.5186675419100615,1.5102955040166033
WeightedAveraging,B0007,115.0,1.5136482266426952,1.5069111891919902
WeightedAveraging,B0007,116.0,1.5136050185229033,1.4994867403502976
WeightedAveraging,B0007,117.0,1.5139470614867965,1.4991304100651364
WeightedAveraging,B0007,118.0,1.5339599193158786,1.4966431812192478
WeightedAveraging,B0007,119.0,1.5391372798653098,1.5145671086310477
WeightedAveraging,B0007,120.0,1.5236247972838737,1.5172870725558145
WeightedAveraging,B0007,121.0,1.5135813035589147,1.505556675937864
WeightedAveraging,B0007,122.0,1.5077850749847914,1.494703622559688
WeightedAveraging,B0007,123.0,1.5031960676037333,1.48779561829414
WeightedAveraging,B0007,124.0,1.4978220596995881,1.4847541032500482
WeightedAveraging,B0007,125.0,1.492848534633516,1.4799672869992864
WeightedAveraging,B0007,126.0,1.492414389867026,1.4763489427882082
WeightedAveraging,B0007,127.0,1.487482776538081,1.474977266503861
WeightedAveraging,B0007,128.0,1.482535148640411,1.4716858512241964
WeightedAveraging,B0007,129.0,1.4827874322228984,1.462034024624676
WeightedAveraging,B0007,130.0,1.476971179775059,1.4618897755161349
WeightedAveraging,B0007,131.0,1.4819015554137276,1.4580247364117858
WeightedAveraging,B0007,132.0,1.4981366198874824,1.4607678995541156
WeightedAveraging,B0007,133.0,1.4820775214392872,1.4767786983267779
WeightedAveraging,B0007,134.0,1.4771155312812152,1.4603238939909284
WeightedAveraging,B0007,135.0,1.4720772783056488,1.4569835566700777
WeightedAveraging,B0007,136.0,1.472248013656454,1.4526406343681244
WeightedAveraging,B0007,137.0,1.4670106672274665,1.4524838812514014
WeightedAveraging,B0007,138.0,1.4617672495335379,1.4489439649994096
WeightedAveraging,B0007,139.0,1.4566952670489708,1.4438208967822164
WeightedAveraging,B0007,140.0,1.451354972758956,1.438635602871133
WeightedAveraging,B0007,141.0,1.451615926257375,1.4329449438250847
WeightedAveraging,B0007,142.0,1.4468161332173683,1.4326908429317489
WeightedAveraging,B0007,143.0,1.4467570607768785,1.4281528296884387
WeightedAveraging,B0007,144.0,1.4413797481446793,1.427881967507377
WeightedAveraging,B0007,145.0,1.4362456252208178,1.4187764063720818
WeightedAveraging,B0007,146.0,1.4368154153924828,1.4152363324392216
WeightedAveraging,B0007,147.0,1.4362945145860047,1.4153931060913878
WeightedAveraging,B0007,148.0,1.4418575315878015,1.4137497680999915
WeightedAveraging,B0007,149.0,1.4672063484781797,1.4433968778636448
WeightedAveraging,B0007,150.0,1.4518640367848885,1.439870472828591
WeightedAveraging,B0007,151.0,1.4471379752748499,1.4281388029450124
WeightedAveraging,B0007,152.0,1.441790586562399,1.4247797469196792
WeightedAveraging,B0007,153.0,1.431630947911111,1.4419670762979886
WeightedAveraging,B0007,154.0,1.4318084249673686,1.4077385951514012
WeightedAveraging,B0007,155.0,1.4262562585106868,1.407733769410974
WeightedAveraging,B0007,156.0,1.4260877528924913,1.4027630517000582
WeightedAveraging,B0007,157.0,1.4212633510031694,1.4025540286495408
WeightedAveraging,B0007,158.0,1.4163272748795108,1.3978879909335629
WeightedAveraging,B0007,159.0,1.4165781829175994,1.3945528078210268
WeightedAveraging,B0007,160.0,1.4108401729425177,1.3946587139626143
WeightedAveraging,B0007,161.0,1.4109949628347804,1.3908128572918579
WeightedAveraging,B0007,162.0,1.4061714290398801,1.3908833393737379
WeightedAveraging,B0007,163.0,1.4063358479692922,1.3830541199265638
WeightedAveraging,B0007,164.0,1.4004552399066514,1.3835087498760748
WeightedAveraging,B0007,165.0,1.4217865046055154,1.3796197902707235
WeightedAveraging,B0007,166.0,1.4324552720625434,1.3983752242312457
LinearRegression,B0018,0.0,1.8431955317089987,1.8521379967004301
LinearRegression,B0018,1.0,1.8396018424355423,1.8405516284114158
LinearRegression,B0018,2.0,1.8306736044962053,1.8369589079790936
LinearRegression,B0018,3.0,1.8327002069419656,1.828175567057832
LinearRegression,B0018,4.0,1.8285288846046388,1.8300515007101879
LinearRegression,B0018,5.0,1.8212011895697924,1.8258967319764619
LinearRegression,B0018,6.0,1.8151700106433282,1.8186707506958786
LinearRegression,B0018,7.0,1.8042980520967649,1.8127063050198815
LinearRegression,B0018,8.0,1.8231002302844226,1.8020316858217582
LinearRegression,B0018,9.0,1.8121253520255494,1.8202305837234751
LinearRegression,B0018,10.0,1.8046916382117766,1.8094558216265069
LinearRegression,B0018,11.0,1.790844349786295,1.8021266819944721
LinearRegression,B0018,12.0,1.783470722841926,1.7885570084631408
LinearRegression,B0018,13.0,1.7809386125310702,1.7812863345336387
LinearRegression,B0018,14.0,1.771209039672698,1.7787265512547716
LinearRegression,B0018,15.0,1.7686303996707076,1.7691634957391245
LinearRegression,B0018,16.0,1.7536304801917124,1.7665584381581045
LinearRegression,B0018,17.0,1.7462197416415093,1.7518672320028754
LinearRegression,B0018,18.0,1.7376647337053737,1.7445604477529535
LinearRegression,B0018,19.0,1.7315166735475835,1.736140266945704
LinearRegression,B0018,20.0,1.7085949894470602,1.7300620935390048
LinearRegression,B0018,21.0,1.711469957068211,1.7076628550218156
LinearRegression,B0018,22.0,1.7075021373272627,1.710364264630488
LinearRegression,B0018,23.0,1.7492382064360228,1.7064075079147365
LinearRegression,B0018,24.0,1.7327697147429955,1.7469215315303777
LinearRegression,B0018,25.0,1.7222313328292376,1.7308013758048884
LinearRegression,B0018,26.0,1.711846298984729,1.720451333213582
LinearRegression,B0018,27.0,1.699267835126687,1.7102505013015734
LinearRegression,B0018,28.0,1.6940366439243106,1.697915418962323
LinearRegression,B0018,29.0,1.6819027078768087,1.6927293770336025
LinearRegression,B0018,30.0,1.6769770618433686,1.6808268289734092
LinearRegression,B0018,31.0,1.6655229306478936,1.6759380884873243
LinearRegression,B0018,32.0,1.6571924575832084,1.6646970038825082
LinearRegression,B0018,33.0,1.6482241555294048,1.656495299909426
LinearRegression,B0018,34.0,1.6387701497987262,1.647672975818932
LinearRegression,B0018,35.0,1.6276486907262062,1.6383780525237728
LinearRegression,B0018,36.0,1.62215370227252,1.6274606644199472
LinearRegression,B0018,37.0,1.6140066510467586,1.6220179425913261
LinearRegression,B0018,38.0,1.6760516154424623,1.6139947116653313
LinearRegression,B0018,39.0,1.649300642552199,1.674269688753637
LinearRegression,B0018,40.0,1.63238299185809,1.6481444771326281
LinearRegression,B0018,41.0,1.6164159719025777,1.631587280888844
LinearRegression,B0018,42.0,1.6109028378249377,1.6159550670003122
LinearRegression,B0018,43.0,1.5954638693695657,1.6104946891236578
LinearRegression,B0018,44.0,1.726707440085764,1.5953762797024797
LinearRegression,B0018,45.0,1.7165673917429753,1.7229828580695434
LinearRegression,B0018,46.0,1.6958235570934848,1.713020401856093
LinearRegression,B0018,47.0,1.6777783190792557,1.6927402535732208
LinearRegression,B0018,48.0,1.6606586897774192,1.6750858927493628
LinearRegression,B0018,49.0,1.6664109274827466,1.6583321673584546
LinearRegression,B0018,50.0,1.6468336174407805,1.6638332171966108
LinearRegression,B0018,51.0,1.6257639928779952,1.6446881202382106
LinearRegression,B0018,52.0,1.6121577411874595,1.6240909719793417
LinearRegression,B0018,53.0,1.6057366823755344,1.6107558319190423
LinearRegression,B0018,54.0,1.673645314879889,1.604412025467008
LinearRegression,B0018,55.0,1.6404348572349936,1.670392466640733
LinearRegression,B0018,56.0,1.6132653317422077,1.6379820496508366
LinearRegression,B0018,57.0,1.5920964324686278,1.6114495781376743
LinearRegression,B0018,58.0,1.5866011820698824,1.5907558336379313
LinearRegression,B0018,59.0,1.5800766490336253,1.5853128569316293
LinearRegression,B0018,60.0,1.5641732953289167,1.5788683680296756
LinearRegression,B0018,61.0,1.555618272193922,1.5632981026519879
LinearRegression,B0018,62.0,1.5402045278637397,1.5548779070559504
LinearRegression,B0018,63.0,1.5321613015959863,1.539784041203352
LinearRegression,B0018,64.0,1.5316232403693415,1.5318618339980232
LinearRegression,B0018,65.0,1.5222595950771978,1.5312422995913157
LinearRegression,B0018,66.0,1.5065267126851283,1.5220352987752692
LinearRegression,B0018,67.0,1.5014219556532926,1.5066309053285696
LinearRegression,B0018,68.0,1.4963534117486457,1.5015678863277884
LinearRegression,B0018,69.0,1.5334262000312422,1.4965401034100816
LinearRegression,B0018,70.0,1.523845267514426,1.53251666331173
LinearRegression,B0018,71.0,1.5011920994261239,1.5230982377639934
LinearRegression,B0018,72.0,1.492417671450291,1.5009602705936302
LinearRegression,B0018,73.0,1.483323851940123,1.492326589783837
LinearRegression,B0018,74.0,1.4807376792294196,1.4833821347462788
LinearRegression,B0018,75.0,1.4735077809902477,1.4807697476919268
LinearRegression,B0018,76.0,1.46801928526661,1.4736389246118164
LinearRegression,B0018,77.0,1.4580923557119019,1.4682025203368874
LinearRegression,B0018,78.0,1.4478660988891399,1.458447432884559
LinearRegression,B0018,79.0,1.4527808777541982,1.448401094129117
LinearRegression,B0018,80.0,1.4425356364492432,1.4530872800889576
LinearRegression,B0018,81.0,1.4392712877203313,1.443022469059962
LinearRegression,B0018,82.0,1.4286475681888218,1.439750203437488
LinearRegression,B0018,83.0,1.4249026750004896,1.429317125670214
LinearRegression,B0018,84.0,1.4698115324524124,1.4255772808628566
LinearRegression,B0018,85.0,1.4525819651050202,1.4691784897705584
LinearRegression,B0018,86.0,1.442834198908794,1.4523177925048927
LinearRegression,B0018,87.0,1.428376058807949,1.442737034514652
LinearRegression,B0018,88.0,1.4154547844370715,1.4285729903213515
LinearRegression,B0018,89.0,1.454576670077708,1.4159043466288923
LinearRegression,B0018,90.0,1.4283179548274056,1.4538747184529066
LinearRegression,B0018,91.0,1.4197026883204058,1.4282284831712009
LinearRegression,B0018,92.0,1.4155606630306516,1.41974966959253
LinearRegression,B0018,93.0,1.405680035419228,1.415623407460753
LinearRegression,B0018,94.0,1.4084461071166137,1.405913372707452
LinearRegression,B0018,95.0,1.3968547782872414,1.40850882444631
LinearRegression,B0018,96.0,1.3935670371440676,1.3971342438525833
LinearRegression,B0018,97.0,1.3893644292809475,1.3938392169521912
LinearRegression,B0018,98.0,1.3785651415666713,1.3896540067882035
LinearRegression,B0018,99.0,1.384901110085747,1.379050097735332
LinearRegression,B0018,100.0,1.3703251814242443,1.3851191291051304
LinearRegression,B0018,101.0,1.3733464385229082,1.3708404743318907
LinearRegression,B0018,102.0,1.3679487285504814,1.3736842264716478
LinearRegression,B0018,103.0,1.3567141087089647,1.368336158513407
LinearRegression,B0018,104.0,1.4604310209194575,1.3573086627617017
LinearRegression,B0018,105.0,1.4500998937104097,1.4581312624680023
LinearRegression,B0018,106.0,1.4381406901824496,1.4479828827696746
LinearRegression,B0018,107.0,1.4283681980964316,1.4362503528783692
LinearRegression,B0018,108.0,1.4147874517552432,1.426645536112363
LinearRegression,B0018,109.0,1.413889163393182,1.4133352132572654
LinearRegression,B0018,110.0,1.3989331662177225,1.4123651707819518
LinearRegression,B0018,111.0,1.3953322584033976,1.3977167018895977
LinearRegression,B0018,112.0,1.390046129540245,1.3941169576754189
LinearRegression,B0018,113.0,1.3860271454209647,1.3888774603251626
LinearRegression,B0018,114.0,1.388215260193751,1.384870919665706
LinearRegression,B0018,115.0,1.3761826562394497,1.3869040079803185
LinearRegression,B0018,116.0,1.3647168898640165,1.3751000580344355
LinearRegression,B0018,117.0,1.3589854739373584,1.3638476521712963
LinearRegression,B0018,118.0,1.3462308764008801,1.3581748817739545
LinearRegression,B0018,119.0,1.4268427818454643,1.3456684179107277
LinearRegression,B0018,120.0,1.4064481483279663,1.4240093928296742
LinearRegression,B0018,121.0,1.3934907492075153,1.4040690240978022
LinearRegression,B0018,122.0,1.3882493512249316,1.391365230315422
LinearRegression,B0018,123.0,1.3701878338420928,1.3861692569893542
LinearRegression,B0018,124.0,1.3796951665608619,1.3684990560205195
LinearRegression,B0018,125.0,1.3686586323935683,1.3776538869628485
LinearRegression,B0018,126.0,1.3627371779096438,1.366819132457608
LinearRegression,B0018,127.0,1.3634051133928073,1.3609614508164445
LinearRegression,B0018,128.0,1.3518646035305233,1.3615153748639754
LinearRegression,B0018,129.0,1.3547969729652622,1.3501902421220386
LinearRegression,B0018,130.0,1.341051440640485,1.3529475048212676
Ridge,B0018,0.0,1.8431955317089987,1.853481599262266
Ridge,B0018,1.0,1.8396018424355423,1.8420388742828167
Ridge,B0018,2.0,1.8306736044962053,1.8384373086831975
Ridge,B0018,3.0,1.8327002069419656,1.8297441399427283
Ridge,B0018,4.0,1.8285288846046388,1.8315069072534242
Ridge,B0018,5.0,1.8212011895697924,1.827354015101838
Ridge,B0018,6.0,1.8151700106433282,1.8201884974880127
Ridge,B0018,7.0,1.8042980520967649,1.8142604501651276
Ridge,B0018,8.0,1.8231002302844226,1.803712081562674
Ridge,B0018,9.0,1.8121253520255494,1.8214864328867142
Ridge,B0018,10.0,1.8046916382117766,1.8108398317320291
Ridge,B0018,11.0,1.790844349786295,1.803573123636763
Ridge,B0018,12.0,1.783470722841926,1.7901849273552668
Ridge,B0018,13.0,1.7809386125310702,1.7829755696587206
Ridge,B0018,14.0,1.771209039672698,1.7803872366901599
Ridge,B0018,15.0,1.7686303996707076,1.7709292273518853
Ridge,B0018,16.0,1.7536304801917124,1.768296483743107
Ridge,B0018,17.0,1.7462197416415093,1.7538081494255953
Ridge,B0018,18.0,1.7376647337053737,1.746563370256557
Ridge,B0018,19.0,1.7315166735475835,1.7382264339127875
Ridge,B0018,20.0,1.7085949894470602,1.7321868283528707
Ridge,B0018,21.0,1.711469957068211,1.710137501690116
Ridge,B0018,22.0,1.7075021373272627,1.7127099980073601
Ridge,B0018,23.0,1.7492382064360228,1.7087513405556125
Ridge,B0018,24.0,1.7327697147429955,1.7484151296483361
Ridge,B0018,25.0,1.7222313328292376,1.7325251046975838
Ridge,B0018,26.0,1.711846298984729,1.7222951210115842
Ridge,B0018,27.0,1.699267835126687,1.712211501631159
Ridge,B0018,28.0,1.6940366439243106,1.7000343452252729
Ridge,B0018,29.0,1.6819027078768087,1.6948698526590742
Ridge,B0018,30.0,1.6769770618433686,1.6831169794190384
Ridge,B0018,31.0,1.6655229306478936,1.6782441169117754
Ridge,B0018,32.0,1.6571924575832084,1.667140088913678
Ridge,B0018,33.0,1.6482241555294048,1.659017461694881
Ridge,B0018,34.0,1.6387701497987262,1.6502860534361636
Ridge,B0018,35.0,1.6276486907262062,1.6410910613727812
Ridge,B0018,36.0,1.62215370227252,1.630304554974392
Ridge,B0018,37.0,1.6140066510467586,1.6248882789870562
Ridge,B0018,38.0,1.6760516154424623,1.6169407202266535
Ridge,B0018,39.0,1.649300642552199,1.6759884987638032
Ridge,B0018,40.0,1.63238299185809,1.6502842764294112
Ridge,B0018,41.0,1.6164159719025777,1.6339655480355213
Ridge,B0018,42.0,1.6109028378249377,1.6185541568425055
Ridge,B0018,43.0,1.5954638693695657,1.6131205616175541
Ridge,B0018,44.0,1.726707440085764,1.598213173451794
Ridge,B0018,45.0,1.7165673917429753,1.7233081217406037
Ridge,B0018,46.0,1.6958235570934848,1.713458330754696
Ridge,B0018,47.0,1.6777783190792557,1.6934876701234465
Ridge,B0018,48.0,1.6606586897774192,1.6760927068875298
Ridge,B0018,49.0,1.6664109274827466,1.659581198377101
Ridge,B0018,50.0,1.6468336174407805,1.664899928408805
Ridge,B0018,51.0,1.6257639928779952,1.6460426666286223
Ridge,B0018,52.0,1.6121577411874595,1.625761053178365
Ridge,B0018,53.0,1.6057366823755344,1.6126029163589863
Ridge,B0018,54.0,1.673645314879889,1.606302745024549
Ridge,B0018,55.0,1.6404348572349936,1.6709471490362897
Ridge,B0018,56.0,1.6132653317422077,1.6390776192082541
Ridge,B0018,57.0,1.5920964324686278,1.6129739059554935
Ridge,B0018,58.0,1.5866011820698824,1.592597538954196
Ridge,B0018,59.0,1.5800766490336253,1.587181012951279
Ridge,B0018,60.0,1.5641732953289167,1.5807820798061238
Ridge,B0018,61.0,1.555618272193922,1.5654314553813693
Ridge,B0018,62.0,1.5402045278637397,1.557094504530926
Ridge,B0018,63.0,1.5321613015959863,1.5422111917355643
Ridge,B0018,64.0,1.5316232403693415,1.5343627295464748
Ridge,B0018,65.0,1.5222595950771978,1.5336776328620099
Ridge,B0018,66.0,1.5065267126851283,1.5245688860503759
Ridge,B0018,67.0,1.5014219556532926,1.5093809693494087
Ridge,B0018,68.0,1.4963534117486457,1.5043371529003766
Ridge,B0018,69.0,1.5334262000312422,1.4993279003636233
Ridge,B0018,70.0,1.523845267514426,1.534540783336955
Ridge,B0018,71.0,1.5011920994261239,1.5252246449754634
Ridge,B0018,72.0,1.492417671450291,1.503431605593381
Ridge,B0018,73.0,1.483323851940123,1.494885242017195
Ridge,B0018,74.0,1.4807376792294196,1.4860340326065744
Ridge,B0018,75.0,1.4735077809902477,1.4833940993430108
Ridge,B0018,76.0,1.46801928526661,1.4763219246721802
Ridge,B0018,77.0,1.4580923557119019,1.4709118457235777
Ridge,B0018,78.0,1.4478660988891399,1.461265467689492
Ridge,B0018,79.0,1.4527808777541982,1.4513333943222826
Ridge,B0018,80.0,1.4425356364492432,1.4558528049872483
Ridge,B0018,81.0,1.4392712877203313,1.4459026117273888
Ridge,B0018,82.0,1.4286475681888218,1.4426153878755053
Ridge,B0018,83.0,1.4249026750004896,1.4323039530096981
Ridge,B0018,84.0,1.4698115324524124,1.428558069609997
Ridge,B0018,85.0,1.4525819651050202,1.4712501522107782
Ridge,B0018,86.0,1.442834198908794,1.4546337124431596
Ridge,B0018,87.0,1.428376058807949,1.4451583383263515
Ridge,B0018,88.0,1.4154547844370715,1.4311871097203466
Ridge,B0018,89.0,1.454576670077708,1.418682755046492
Ridge,B0018,90.0,1.4283179548274056,1.4558514155743216
Ridge,B0018,91.0,1.4197026883204058,1.4306170325276961
Ridge,B0018,92.0,1.4155606630306516,1.4222225819033583
Ridge,B0018,93.0,1.405680035419228,1.4180976525558968
Ridge,B0018,94.0,1.4084461071166137,1.4084954677862507
Ridge,B0018,95.0,1.3968547782872414,1.4109640275078807
Ridge,B0018,96.0,1.3935670371440676,1.399729050117919
Ridge,B0018,97.0,1.3893644292809475,1.3964194991869536
Ridge,B0018,98.0,1.3785651415666713,1.3922367463121144
Ridge,B0018,99.0,1.384901110085747,1.3817577389735831
Ridge,B0018,100.0,1.3703251814242443,1.387633615603968
Ridge,B0018,101.0,1.3733464385229082,1.3735499627531087
Ridge,B0018,102.0,1.3679487285504814,1.376262086245927
Ridge,B0018,103.0,1.3567141087089647,1.370938658492198
Ridge,B0018,104.0,1.4604310209194575,1.3600441448821528
Ridge,B0018,105.0,1.4500998937104097,1.4588660512168814
Ridge,B0018,106.0,1.4381406901824496,1.4488338834608794
Ridge,B0018,107.0,1.4283681980964316,1.4372477850880403
Ridge,B0018,108.0,1.4147874517552432,1.4277488111456407
Ridge,B0018,109.0,1.413889163393182,1.4146150181133335
Ridge,B0018,110.0,1.3989331662177225,1.413586099724544
Ridge,B0018,111.0,1.3953322584033976,1.3991396874050572
Ridge,B0018,112.0,1.390046129540245,1.3955312320106947
Ridge,B0018,113.0,1.3860271454209647,1.3903143037496173
Ridge,B0018,114.0,1.388215260193751,1.3863068120429531
Ridge,B0018,115.0,1.3761826562394497,1.3882237361011225
Ridge,B0018,116.0,1.3647168898640165,1.3765675800974124
Ridge,B0018,117.0,1.3589854739373584,1.365452446807653
Ridge,B0018,118.0,1.3462308764008801,1.359810510705589
Ridge,B0018,119.0,1.4268427818454643,1.347465242085061
Ridge,B0018,120.0,1.4064481483279663,1.4242343877483763
Ridge,B0018,121.0,1.3934907492075153,1.4045970249632618
Ridge,B0018,122.0,1.3882493512249316,1.3920581907298586
Ridge,B0018,123.0,1.3701878338420928,1.3868839562196986
Ridge,B0018,124.0,1.3796951665608619,1.3694734550086811
Ridge,B0018,125.0,1.3686586323935683,1.3783762658618648
Ridge,B0018,126.0,1.3627371779096438,1.3676708167264737
Ridge,B0018,127.0,1.3634051133928073,1.3618474967856513
Ridge,B0018,128.0,1.3518646035305233,1.3623134734196827
Ridge,B0018,129.0,1.3547969729652622,1.3511270006040808
Ridge,B0018,130.0,1.341051440640485,1.3537542845467945
DecisionTreeRegressor,B0018,0.0,1.8431955317089987,1.8543994442473006
DecisionTreeRegressor,B0018,1.0,1.8396018424355423,1.8543994442473006
DecisionTreeRegressor,B0018,2.0,1.8306736044962053,1.8155936749148365
DecisionTreeRegressor,B0018,3.0,1.8327002069419656,1.8155936749148365
DecisionTreeRegressor,B0018,4.0,1.8285288846046388,1.8155936749148365
DecisionTreeRegressor,B0018,5.0,1.8212011895697924,1.8155936749148365
DecisionTreeRegressor,B0018,6.0,1.8151700106433282,1.8155936749148365
DecisionTreeRegressor,B0018,7.0,1.8042980520967649,1.8155936749148365
DecisionTreeRegressor,B0018,8.0,1.8231002302844226,1.8155936749148365
DecisionTreeRegressor,B0018,9.0,1.8121253520255494,1.8155936749148365
DecisionTreeRegressor,B0018,10.0,1.8046916382117766,1.8155936749148365
DecisionTreeRegressor,B0018,11.0,1.790844349786295,1.8155936749148365
DecisionTreeRegressor,B0018,12.0,1.783470722841926,1.7826444717157235
DecisionTreeRegressor,B0018,13.0,1.7809386125310702,1.7826444717157235
DecisionTreeRegressor,B0018,14.0,1.771209039672698,1.7826444717157235
DecisionTreeRegressor,B0018,15.0,1.7686303996707076,1.7497507131582828
DecisionTreeRegressor,B0018,16.0,1.7536304801917124,1.7497507131582828
DecisionTreeRegressor,B0018,17.0,1.7462197416415093,1.7497507131582828
DecisionTreeRegressor,B0018,18.0,1.7376647337053737,1.7497507131582828
DecisionTreeRegressor,B0018,19.0,1.7315166735475835,1.7497507131582828
DecisionTreeRegressor,B0018,20.0,1.7085949894470602,1.7076564337045994
DecisionTreeRegressor,B0018,21.0,1.711469957068211,1.7076564337045994
DecisionTreeRegressor,B0018,22.0,1.7075021373272627,1.7076564337045994
DecisionTreeRegressor,B0018,23.0,1.7492382064360228,1.7076564337045994
DecisionTreeRegressor,B0018,24.0,1.7327697147429955,1.7497507131582828
DecisionTreeRegressor,B0018,25.0,1.7222313328292376,1.7076564337045994
DecisionTreeRegressor,B0018,26.0,1.711846298984729,1.7076564337045994
DecisionTreeRegressor,B0018,27.0,1.699267835126687,1.7076564337045994
DecisionTreeRegressor,B0018,28.0,1.6940366439243106,1.7591496609808097
DecisionTreeRegressor,B0018,29.0,1.6819027078768087,1.668749013635872
DecisionTreeRegressor,B0018,30.0,1.6769770618433686,1.668749013635872
DecisionTreeRegressor,B0018,31.0,1.6655229306478936,1.668749013635872
DecisionTreeRegressor,B0018,32.0,1.6571924575832084,1.668749013635872
DecisionTreeRegressor,B0018,33.0,1.6482241555294048,1.668749013635872
DecisionTreeRegressor,B0018,34.0,1.6387701497987262,1.6366282052624983
DecisionTreeRegressor,B0018,35.0,1.6276486907262062,1.6366282052624983
DecisionTreeRegressor,B0018,36.0,1.62215370227252,1.615455338196829
DecisionTreeRegressor,B0018,37.0,1.6140066510467586,1.615455338196829
DecisionTreeRegressor,B0018,38.0,1.6760516154424623,1.5936340325435936
DecisionTreeRegressor,B0018,39.0,1.649300642552199,1.668749013635872
DecisionTreeRegressor,B0018,40.0,1.63238299185809,1.6366282052624983
DecisionTreeRegressor,B0018,41.0,1.6164159719025777,1.6366282052624983
DecisionTreeRegressor,B0018,42.0,1.6109028378249377,1.615455338196829
DecisionTreeRegressor,B0018,43.0,1.5954638693695657,1.5936340325435936
DecisionTreeRegressor,B0018,44.0,1.726707440085764,1.5936340325435936
DecisionTreeRegressor,B0018,45.0,1.7165673917429753,1.7076564337045994
DecisionTreeRegressor,B0018,46.0,1.6958235570934848,1.7076564337045994
DecisionTreeRegressor,B0018,47.0,1.6777783190792557,1.668749013635872
DecisionTreeRegressor,B0018,48.0,1.6606586897774192,1.668749013635872
DecisionTreeRegressor,B0018,49.0,1.6664109274827466,1.668749013635872
DecisionTreeRegressor,B0018,50.0,1.6468336174407805,1.668749013635872
DecisionTreeRegressor,B0018,51.0,1.6257639928779952,1.6366282052624983
DecisionTreeRegressor,B0018,52.0,1.6121577411874595,1.615455338196829
DecisionTreeRegressor,B0018,53.0,1.6057366823755344,1.5936340325435936
DecisionTreeRegressor,B0018,54.0,1.673645314879889,1.5936340325435936
DecisionTreeRegressor,B0018,55.0,1.6404348572349936,1.668749013635872
DecisionTreeRegressor,B0018,56.0,1.6132653317422077,1.6366282052624983
DecisionTreeRegressor,B0018,57.0,1.5920964324686278,1.5936340325435936
DecisionTreeRegressor,B0018,58.0,1.5866011820698824,1.5936340325435936
DecisionTreeRegressor,B0018,59.0,1.5800766490336253,1.5936340325435936
DecisionTreeRegressor,B0018,60.0,1.5641732953289167,1.5661103069623767
DecisionTreeRegressor,B0018,61.0,1.555618272193922,1.5499975394170182
DecisionTreeRegressor,B0018,62.0,1.5402045278637397,1.5499975394170182
DecisionTreeRegressor,B0018,63.0,1.5321613015959863,1.5244567407962473
DecisionTreeRegressor,B0018,64.0,1.5316232403693415,1.5244567407962473
DecisionTreeRegressor,B0018,65.0,1.5222595950771978,1.5244567407962473
DecisionTreeRegressor,B0018,66.0,1.5065267126851283,1.5244567407962473
DecisionTreeRegressor,B0018,67.0,1.5014219556532926,1.492584893587599
DecisionTreeRegressor,B0018,68.0,1.4963534117486457,1.492584893587599
DecisionTreeRegressor,B0018,69.0,1.5334262000312422,1.492584893587599
DecisionTreeRegressor,B0018,70.0,1.523845267514426,1.5244567407962473
DecisionTreeRegressor,B0018,71.0,1.5011920994261239,1.5244567407962473
DecisionTreeRegressor,B0018,72.0,1.492417671450291,1.492584893587599
DecisionTreeRegressor,B0018,73.0,1.483323851940123,1.492584893587599
DecisionTreeRegressor,B0018,74.0,1.4807376792294196,1.4761439830062064
DecisionTreeRegressor,B0018,75.0,1.4735077809902477,1.4761439830062064
DecisionTreeRegressor,B0018,76.0,1.46801928526661,1.4761439830062064
DecisionTreeRegressor,B0018,77.0,1.4580923557119019,1.4537503064708912
DecisionTreeRegressor,B0018,78.0,1.4478660988891399,1.4537503064708912
DecisionTreeRegressor,B0018,79.0,1.4527808777541982,1.4537503064708912
DecisionTreeRegressor,B0018,80.0,1.4425356364492432,1.4537503064708912
DecisionTreeRegressor,B0018,81.0,1.4392712877203313,1.4537503064708912
DecisionTreeRegressor,B0018,82.0,1.4286475681888218,1.423357803465493
DecisionTreeRegressor,B0018,83.0,1.4249026750004896,1.423357803465493
DecisionTreeRegressor,B0018,84.0,1.4698115324524124,1.423357803465493
DecisionTreeRegressor,B0018,85.0,1.4525819651050202,1.4537503064708912
DecisionTreeRegressor,B0018,86.0,1.442834198908794,1.4537503064708912
DecisionTreeRegressor,B0018,87.0,1.428376058807949,1.4537503064708912
DecisionTreeRegressor,B0018,88.0,1.4154547844370715,1.423357803465493
DecisionTreeRegressor,B0018,89.0,1.454576670077708,1.423357803465493
DecisionTreeRegressor,B0018,90.0,1.4283179548274056,1.4537503064708912
DecisionTreeRegressor,B0018,91.0,1.4197026883204058,1.423357803465493
DecisionTreeRegressor,B0018,92.0,1.4155606630306516,1.423357803465493
DecisionTreeRegressor,B0018,93.0,1.405680035419228,1.423357803465493
DecisionTreeRegressor,B0018,94.0,1.4084461071166137,1.3934001318156157
DecisionTreeRegressor,B0018,95.0,1.3968547782872414,1.423357803465493
DecisionTreeRegressor,B0018,96.0,1.3935670371440676,1.3934001318156157
DecisionTreeRegressor,B0018,97.0,1.3893644292809475,1.3934001318156157
DecisionTreeRegressor,B0018,98.0,1.3785651415666713,1.3934001318156157
DecisionTreeRegressor,B0018,99.0,1.384901110085747,1.3648261531222687
DecisionTreeRegressor,B0018,100.0,1.3703251814242443,1.3934001318156157
DecisionTreeRegressor,B0018,101.0,1.3733464385229082,1.3648261531222687
DecisionTreeRegressor,B0018,102.0,1.3679487285504814,1.3648261531222687
DecisionTreeRegressor,B0018,103.0,1.3567141087089647,1.3648261531222687
DecisionTreeRegressor,B0018,104.0,1.4604310209194575,1.3648261531222687
DecisionTreeRegressor,B0018,105.0,1.4500998937104097,1.4537503064708912
DecisionTreeRegressor,B0018,106.0,1.4381406901824496,1.4537503064708912
DecisionTreeRegressor,B0018,107.0,1.4283681980964316,1.423357803465493
DecisionTreeRegressor,B0018,108.0,1.4147874517552432,1.423357803465493
DecisionTreeRegressor,B0018,109.0,1.413889163393182,1.423357803465493
DecisionTreeRegressor,B0018,110.0,1.3989331662177225,1.423357803465493
DecisionTreeRegressor,B0018,111.0,1.3953322584033976,1.3934001318156157
DecisionTreeRegressor,B0018,112.0,1.390046129540245,1.3934001318156157
DecisionTreeRegressor,B0018,113.0,1.3860271454209647,1.3934001318156157
DecisionTreeRegressor,B0018,114.0,1.388215260193751,1.3934001318156157
DecisionTreeRegressor,B0018,115.0,1.3761826562394497,1.3934001318156157
DecisionTreeRegressor,B0018,116.0,1.3647168898640165,1.3648261531222687
DecisionTreeRegressor,B0018,117.0,1.3589854739373584,1.3648261531222687
DecisionTreeRegressor,B0018,118.0,1.3462308764008801,1.3648261531222687
DecisionTreeRegressor,B0018,119.0,1.4268427818454643,1.3283136169164718
DecisionTreeRegressor,B0018,120.0,1.4064481483279663,1.423357803465493
DecisionTreeRegressor,B0018,121.0,1.3934907492075153,1.3934001318156157
DecisionTreeRegressor,B0018,122.0,1.3882493512249316,1.3934001318156157
DecisionTreeRegressor,B0018,123.0,1.3701878338420928,1.3934001318156157
DecisionTreeRegressor,B0018,124.0,1.3796951665608619,1.3648261531222687
DecisionTreeRegressor,B0018,125.0,1.3686586323935683,1.3648261531222687
DecisionTreeRegressor,B0018,126.0,1.3627371779096438,1.3648261531222687
DecisionTreeRegressor,B0018,127.0,1.3634051133928073,1.3648261531222687
DecisionTreeRegressor,B0018,128.0,1.3518646035305233,1.3648261531222687
DecisionTreeRegressor,B0018,129.0,1.3547969729652622,1.3283136169164718
DecisionTreeRegressor,B0018,130.0,1.341051440640485,1.3648261531222687
KNeighborsRegressor,B0018,0.0,1.8431955317089987,1.8464494302877257
KNeighborsRegressor,B0018,1.0,1.8396018424355423,1.8374492279610077
KNeighborsRegressor,B0018,2.0,1.8306736044962053,1.8352130066015544
KNeighborsRegressor,B0018,3.0,1.8327002069419656,1.8332945258701834
KNeighborsRegressor,B0018,4.0,1.8285288846046388,1.8332945258701838
KNeighborsRegressor,B0018,5.0,1.8212011895697924,1.8311967909515878
KNeighborsRegressor,B0018,6.0,1.8151700106433282,1.8269819215323466
KNeighborsRegressor,B0018,7.0,1.8042980520967649,1.8203921535389633
KNeighborsRegressor,B0018,8.0,1.8231002302844226,1.8202398646802016
KNeighborsRegressor,B0018,9.0,1.8121253520255494,1.8203921535389633
KNeighborsRegressor,B0018,10.0,1.8046916382117766,1.813722428262596
KNeighborsRegressor,B0018,11.0,1.790844349786295,1.8068954107862993
KNeighborsRegressor,B0018,12.0,1.783470722841926,1.8047586420920005
KNeighborsRegressor,B0018,13.0,1.7809386125310702,1.8115116670016582
KNeighborsRegressor,B0018,14.0,1.771209039672698,1.8115116670016582
KNeighborsRegressor,B0018,15.0,1.7686303996707076,1.8115116670016582
KNeighborsRegressor,B0018,16.0,1.7536304801917124,1.8115116670016582
KNeighborsRegressor,B0018,17.0,1.7462197416415093,1.8115116670016582
KNeighborsRegressor,B0018,18.0,1.7376647337053737,1.8115116670016582
KNeighborsRegressor,B0018,19.0,1.7315166735475835,1.8115116670016582
KNeighborsRegressor,B0018,20.0,1.7085949894470602,1.8115116670016582
KNeighborsRegressor,B0018,21.0,1.711469957068211,1.7788528315180323
KNeighborsRegressor,B0018,22.0,1.7075021373272627,1.7555939075667335
KNeighborsRegressor,B0018,23.0,1.7492382064360228,1.7555939075667335
KNeighborsRegressor,B0018,24.0,1.7327697147429955,1.8217503051447466
KNeighborsRegressor,B0018,25.0,1.7222313328292376,1.7555939075667335
KNeighborsRegressor,B0018,26.0,1.711846298984729,1.7555939075667335
KNeighborsRegressor,B0018,27.0,1.699267835126687,1.743651538959093
KNeighborsRegressor,B0018,28.0,1.6940366439243106,1.7320388462691434
KNeighborsRegressor,B0018,29.0,1.6819027078768087,1.7467244628653777
KNeighborsRegressor,B0018,30.0,1.6769770618433686,1.7467244628653777
KNeighborsRegressor,B0018,31.0,1.6655229306478936,1.7467244628653777
KNeighborsRegressor,B0018,32.0,1.6571924575832084,1.7467244628653777
KNeighborsRegressor,B0018,33.0,1.6482241555294048,1.7331213285566278
KNeighborsRegressor,B0018,34.0,1.6387701497987262,1.7080853332972794
KNeighborsRegressor,B0018,35.0,1.6276486907262062,1.7018968458243038
KNeighborsRegressor,B0018,36.0,1.62215370227252,1.6956284645022208
KNeighborsRegressor,B0018,37.0,1.6140066510467586,1.6809868965520605
KNeighborsRegressor,B0018,38.0,1.6760516154424623,1.6380129302549278
KNeighborsRegressor,B0018,39.0,1.649300642552199,1.7352386525913155
KNeighborsRegressor,B0018,40.0,1.63238299185809,1.7018968458243038
KNeighborsRegressor,B0018,41.0,1.6164159719025777,1.6809868965520605
KNeighborsRegressor,B0018,42.0,1.6109028378249377,1.6265660004933593
KNeighborsRegressor,B0018,43.0,1.5954638693695657,1.6265660004933593
KNeighborsRegressor,B0018,44.0,1.726707440085764,1.6056345177139988
KNeighborsRegressor,B0018,45.0,1.7165673917429753,1.740025142962775
KNeighborsRegressor,B0018,46.0,1.6958235570934848,1.748237165060519
KNeighborsRegressor,B0018,47.0,1.6777783190792557,1.7154525903055617
KNeighborsRegressor,B0018,48.0,1.6606586897774192,1.7071228617730454
KNeighborsRegressor,B0018,49.0,1.6664109274827466,1.6611110727988767
KNeighborsRegressor,B0018,50.0,1.6468336174407805,1.6611110727988767
KNeighborsRegressor,B0018,51.0,1.6257639928779952,1.650538370641596
KNeighborsRegressor,B0018,52.0,1.6121577411874595,1.6265660004933593
KNeighborsRegressor,B0018,53.0,1.6057366823755344,1.6056345177139988
KNeighborsRegressor,B0018,54.0,1.673645314879889,1.6056345177139988
KNeighborsRegressor,B0018,55.0,1.6404348572349936,1.6595932141414818
KNeighborsRegressor,B0018,56.0,1.6132653317422077,1.6380129302549278
KNeighborsRegressor,B0018,57.0,1.5920964324686278,1.6056345177139988
KNeighborsRegressor,B0018,58.0,1.5866011820698824,1.5880465255678928
KNeighborsRegressor,B0018,59.0,1.5800766490336253,1.5880465255678928
KNeighborsRegressor,B0018,60.0,1.5641732953289167,1.5796105503827853
KNeighborsRegressor,B0018,61.0,1.555618272193922,1.5606599150124252
KNeighborsRegressor,B0018,62.0,1.5402045278637397,1.5491282950111906
KNeighborsRegressor,B0018,63.0,1.5321613015959863,1.5417321740298269
KNeighborsRegressor,B0018,64.0,1.5316232403693415,1.534394587925031
KNeighborsRegressor,B0018,65.0,1.5222595950771978,1.527070209802331
KNeighborsRegressor,B0018,66.0,1.5065267126851283,1.5208136785968438
KNeighborsRegressor,B0018,67.0,1.5014219556532926,1.5165503903653694
KNeighborsRegressor,B0018,68.0,1.4963534117486457,1.5103230920366915
KNeighborsRegressor,B0018,69.0,1.5334262000312422,1.5049396927935315
KNeighborsRegressor,B0018,70.0,1.523845267514426,1.5208136785968438
KNeighborsRegressor,B0018,71.0,1.5011920994261239,1.5165503903653694
KNeighborsRegressor,B0018,72.0,1.492417671450291,1.5049658107202166
KNeighborsRegressor,B0018,73.0,1.483323851940123,1.5049658107202166
KNeighborsRegressor,B0018,74.0,1.4807376792294196,1.4936356052928557
KNeighborsRegressor,B0018,75.0,1.4735077809902477,1.4936356052928557
KNeighborsRegressor,B0018,76.0,1.46801928526661,1.4895745359120467
KNeighborsRegressor,B0018,77.0,1.4580923557119019,1.4855513741234563
KNeighborsRegressor,B0018,78.0,1.4478660988891399,1.4645488716942596
KNeighborsRegressor,B0018,79.0,1.4527808777541982,1.4530143622798808
KNeighborsRegressor,B0018,80.0,1.4425356364492432,1.45933559660982
KNeighborsRegressor,B0018,81.0,1.4392712877203313,1.4478459021842165
KNeighborsRegressor,B0018,82.0,1.4286475681888218,1.4762373808957923
KNeighborsRegressor,B0018,83.0,1.4249026750004896,1.4762373808957923
KNeighborsRegressor,B0018,84.0,1.4698115324524124,1.4762373808957923
KNeighborsRegressor,B0018,85.0,1.4525819651050202,1.4582865691466778
KNeighborsRegressor,B0018,86.0,1.442834198908794,1.4762373808957923
KNeighborsRegressor,B0018,87.0,1.428376058807949,1.4762373808957923
KNeighborsRegressor,B0018,88.0,1.4154547844370715,1.4762373808957923
KNeighborsRegressor,B0018,89.0,1.454576670077708,1.4762373808957923
KNeighborsRegressor,B0018,90.0,1.4283179548274056,1.476219920097699
KNeighborsRegressor,B0018,91.0,1.4197026883204058,1.4740724253470576
KNeighborsRegressor,B0018,92.0,1.4155606630306516,1.466775342935921
KNeighborsRegressor,B0018,93.0,1.405680035419228,1.4584020790450107
KNeighborsRegressor,B0018,94.0,1.4084461071166137,1.430135908049176
KNeighborsRegressor,B0018,95.0,1.3968547782872414,1.430135908049176
KNeighborsRegressor,B0018,96.0,1.3935670371440676,1.4258399891873703
KNeighborsRegressor,B0018,97.0,1.3893644292809475,1.4258399891873703
KNeighborsRegressor,B0018,98.0,1.3785651415666713,1.4216185092227176
KNeighborsRegressor,B0018,99.0,1.384901110085747,1.4135144850657237
KNeighborsRegressor,B0018,100.0,1.3703251814242443,1.4135144850657237
KNeighborsRegressor,B0018,101.0,1.3733464385229082,1.393554212625265
KNeighborsRegressor,B0018,102.0,1.3679487285504814,1.3873070337633056
KNeighborsRegressor,B0018,103.0,1.3567141087089647,1.3839953722862666
KNeighborsRegressor,B0018,104.0,1.4604310209194575,1.3839953722862668
KNeighborsRegressor,B0018,105.0,1.4500998937104097,1.4487341965297305
KNeighborsRegressor,B0018,106.0,1.4381406901824496,1.4456881384624234
KNeighborsRegressor,B0018,107.0,1.4283681980964316,1.4392604158188462
KNeighborsRegressor,B0018,108.0,1.4147874517552432,1.4239306194998471
KNeighborsRegressor,B0018,109.0,1.413889163393182,1.398732853309058
KNeighborsRegressor,B0018,110.0,1.3989331662177225,1.4059496167075125
KNeighborsRegressor,B0018,111.0,1.3953322584033976,1.3873070337633056
KNeighborsRegressor,B0018,112.0,1.390046129540245,1.3830261804311648
KNeighborsRegressor,B0018,113.0,1.3860271454209647,1.375628689708758
KNeighborsRegressor,B0018,114.0,1.388215260193751,1.375628689708758
KNeighborsRegressor,B0018,115.0,1.3761826562394497,1.379890456075231
KNeighborsRegressor,B0018,116.0,1.3647168898640165,1.3737127770238573
KNeighborsRegressor,B0018,117.0,1.3589854739373584,1.3654173481933125
KNeighborsRegressor,B0018,118.0,1.3462308764008801,1.3632287624468185
KNeighborsRegressor,B0018,119.0,1.4268427818454643,1.3590859315773645
KNeighborsRegressor,B0018,120.0,1.4064481483279663,1.420716364094925
KNeighborsRegressor,B0018,121.0,1.3934907492075153,1.4033994672917078
KNeighborsRegressor,B0018,122.0,1.3882493512249316,1.3908274361818616
KNeighborsRegressor,B0018,123.0,1.3701878338420928,1.3845833668881027
KNeighborsRegressor,B0018,124.0,1.3796951665608619,1.3601441404107226
KNeighborsRegressor,B0018,125.0,1.3686586323935683,1.3739459582344344
KNeighborsRegressor,B0018,126.0,1.3627371779096438,1.3652132735368248
KNeighborsRegressor,B0018,127.0,1.3634051133928073,1.3657117604093156
KNeighborsRegressor,B0018,128.0,1.3518646035305233,1.3712770603812152
KNeighborsRegressor,B0018,129.0,1.3547969729652622,1.3547312809421093
KNeighborsRegressor,B0018,130.0,1.341051440640485,1.3614323388231633
SVR,B0018,0.0,1.8431955317089987,1.8722630803460936
SVR,B0018,1.0,1.8396018424355423,1.8644515967014739
SVR,B0018,2.0,1.8306736044962053,1.8625148716069775
SVR,B0018,3.0,1.8327002069419656,1.8563520529609212
SVR,B0018,4.0,1.8285288846046388,1.8584981056138692
SVR,B0018,5.0,1.8212011895697924,1.8557596375045313
SVR,B0018,6.0,1.8151700106433282,1.850428211255479
SVR,B0018,7.0,1.8042980520967649,1.845969387170079
SVR,B0018,8.0,1.8231002302844226,1.8374919340233604
SVR,B0018,9.0,1.8121253520255494,1.852524066439932
SVR,B0018,10.0,1.8046916382117766,1.843949127757245
SVR,B0018,11.0,1.790844349786295,1.8380005894104043
SVR,B0018,12.0,1.783470722841926,1.8267654059266707
SVR,B0018,13.0,1.7809386125310702,1.8206359556132263
SVR,B0018,14.0,1.771209039672698,1.8183645802584107
SVR,B0018,15.0,1.7686303996707076,1.8101967352168178
SVR,B0018,16.0,1.7536304801917124,1.8077716800462702
SVR,B0018,17.0,1.7462197416415093,1.7952709598182734
SVR,B0018,18.0,1.7376647337053737,1.7888951762447174
SVR,B0018,19.0,1.7315166735475835,1.7816020341166008
SVR,B0018,20.0,1.7085949894470602,1.7762298772884637
SVR,B0018,21.0,1.711469957068211,1.7578055811234834
SVR,B0018,22.0,1.7075021373272627,1.7594907957750707
SVR,B0018,23.0,1.7492382064360228,1.7558549969783261
SVR,B0018,24.0,1.7327697147429955,1.7873005342702766
SVR,B0018,25.0,1.7222313328292376,1.77374424751274
SVR,B0018,26.0,1.711846298984729,1.7648414868137094
SVR,B0018,27.0,1.699267835126687,1.7561432620728874
SVR,B0018,28.0,1.6940366439243106,1.7459349692670074
SVR,B0018,29.0,1.6819027078768087,1.7412194332716755
SVR,B0018,30.0,1.6769770618433686,1.7315893017234085
SVR,B0018,31.0,1.6655229306478936,1.7271877919637353
SVR,B0018,32.0,1.6571924575832084,1.718301795131195
SVR,B0018,33.0,1.6482241555294048,1.7117013344823824
SVR,B0018,34.0,1.6387701497987262,1.7047819881550161
SVR,B0018,35.0,1.6276486907262062,1.69767354344586
SVR,B0018,36.0,1.62215370227252,1.6896640332677655
SVR,B0018,37.0,1.6140066510467586,1.68528821277772
SVR,B0018,38.0,1.6760516154424623,1.6793589804651807
SVR,B0018,39.0,1.649300642552199,1.71756741398955
SVR,B0018,40.0,1.63238299185809,1.698982442050303
SVR,B0018,41.0,1.6164159719025777,1.6872567929623994
SVR,B0018,42.0,1.6109028378249377,1.6765148059970474
SVR,B0018,43.0,1.5954638693695657,1.672150076667563
SVR,B0018,44.0,1.726707440085764,1.6622572229578374
SVR,B0018,45.0,1.7165673917429753,1.7409528982076252
SVR,B0018,46.0,1.6958235570934848,1.7327496776364506
SVR,B0018,47.0,1.6777783190792557,1.7181025127225786
SVR,B0018,48.0,1.6606586897774192,1.7053734854105667
SVR,B0018,49.0,1.6664109274827466,1.6934840010038699
SVR,B0018,50.0,1.6468336174407805,1.6953071712679544
SVR,B0018,51.0,1.6257639928779952,1.6822932709969638
SVR,B0018,52.0,1.6121577411874595,1.668843221992697
SVR,B0018,53.0,1.6057366823755344,1.65992384588637
SVR,B0018,54.0,1.673645314879889,1.6550592660896257
SVR,B0018,55.0,1.6404348572349936,1.69097603110059
SVR,B0018,56.0,1.6132653317422077,1.6708469878161365
SVR,B0018,57.0,1.5920964324686278,1.6546942136837586
SVR,B0018,58.0,1.5866011820698824,1.64229275454108
SVR,B0018,59.0,1.5800766490336253,1.638105509725463
SVR,B0018,60.0,1.5641732953289167,1.633461678432451
SVR,B0018,61.0,1.555618272193922,1.6244182829277336
SVR,B0018,62.0,1.5402045278637397,1.6190453396275661
SVR,B0018,63.0,1.5321613015959863,1.6107159915704348
SVR,B0018,64.0,1.5316232403693415,1.6058307197482724
SVR,B0018,65.0,1.5222595950771978,1.6042155449082935
SVR,B0018,66.0,1.5065267126851283,1.59885547287
SVR,B0018,67.0,1.5014219556532926,1.591026503154495
SVR,B0018,68.0,1.4963534117486457,1.587592533773722
SVR,B0018,69.0,1.5334262000312422,1.5841876845087766
SVR,B0018,70.0,1.523845267514426,1.5979370699014364
SVR,B0018,71.0,1.5011920994261239,1.5924438575853188
SVR,B0018,72.0,1.492417671450291,1.5817556028277857
SVR,B0018,73.0,1.483323851940123,1.5768475814392
SVR,B0018,74.0,1.4807376792294196,1.5718664408991183
SVR,B0018,75.0,1.4735077809902477,1.5693777512047153
SVR,B0018,76.0,1.46801928526661,1.5651258417256053
SVR,B0018,77.0,1.4580923557119019,1.561526711605267
SVR,B0018,78.0,1.4478660988891399,1.5562908052218118
SVR,B0018,79.0,1.4527808777541982,1.5509732021676181
SVR,B0018,80.0,1.4425356364492432,1.5510907587697427
SVR,B0018,81.0,1.4392712877203313,1.545693840436393
SVR,B0018,82.0,1.4286475681888218,1.5427936461030707
SVR,B0018,83.0,1.4249026750004896,1.5372189703401689
SVR,B0018,84.0,1.4698115324524124,1.534060588671438
SVR,B0018,85.0,1.4525819651050202,1.5494553358636267
SVR,B0018,86.0,1.442834198908794,1.5409219428701724
SVR,B0018,87.0,1.428376058807949,1.5353492003748939
SVR,B0018,88.0,1.4154547844370715,1.52790772048817
SVR,B0018,89.0,1.454576670077708,1.5210399927816467
SVR,B0018,90.0,1.4283179548274056,1.5348669613028012
SVR,B0018,91.0,1.4197026883204058,1.5222172532311218
SVR,B0018,92.0,1.4155606630306516,1.5167750506766509
SVR,B0018,93.0,1.405680035419228,1.5130820674662726
SVR,B0018,94.0,1.4084461071166137,1.5069575085103746
SVR,B0018,95.0,1.3968547782872414,1.5059982947796604
SVR,B0018,96.0,1.3935670371440676,1.4989651986386179
SVR,B0018,97.0,1.3893644292809475,1.4953378749421526
SVR,B0018,98.0,1.3785651415666713,1.491253517022424
SVR,B0018,99.0,1.384901110085747,1.4842425766610674
SVR,B0018,100.0,1.3703251814242443,1.4846098360388682
SVR,B0018,101.0,1.3733464385229082,1.4756997389243731
SVR,B0018,102.0,1.3679487285504814,1.4745210918911624
SVR,B0018,103.0,1.3567141087089647,1.4695130135910413
SVR,B0018,104.0,1.4604310209194575,1.4617499794254603
SVR,B0018,105.0,1.4500998937104097,1.5119604839483032
SVR,B0018,106.0,1.4381406901824496,1.504755376690685
SVR,B0018,107.0,1.4283681980964316,1.4964762091227577
SVR,B0018,108.0,1.4147874517552432,1.4891960508998354
SVR,B0018,109.0,1.413889163393182,1.4795947066980768
SVR,B0018,110.0,1.3989331662177225,1.4770100500317402
SVR,B0018,111.0,1.3953322584033976,1.4662461334936627
SVR,B0018,112.0,1.390046129540245,1.461899615083452
SVR,B0018,113.0,1.3860271454209647,1.4564839901727111
SVR,B0018,114.0,1.388215260193751,1.4517397991938474
SVR,B0018,115.0,1.3761826562394497,1.4507413696530527
SVR,B0018,116.0,1.3647168898640165,1.4409238720543822
SVR,B0018,117.0,1.3589854739373584,1.4313280448960655
SVR,B0018,118.0,1.3462308764008801,1.4251838859480706
SVR,B0018,119.0,1.4268427818454643,1.4146188428456095
SVR,B0018,120.0,1.4064481483279663,1.4657176184580454
SVR,B0018,121.0,1.3934907492075153,1.4497930215925972
SVR,B0018,122.0,1.3882493512249316,1.4386905114022777
SVR,B0018,123.0,1.3701878338420928,1.4328586766346478
SVR,B0018,124.0,1.3796951665608619,1.417784242052128
SVR,B0018,125.0,1.3686586323935683,1.4223728165945215
SVR,B0018,126.0,1.3627371779096438,1.4120880235407407
SVR,B0018,127.0,1.3634051133928073,1.4054620947871153
SVR,B0018,128.0,1.3518646035305233,1.4036810756537943
SVR,B0018,129.0,1.3547969729652622,1.3927898699514336
SVR,B0018,130.0,1.341051440640485,1.39269038847977
VotingRegressor,B0018,0.0,1.8431955317089987,1.855746310168763
VotingRegressor,B0018,1.0,1.8396018424355423,1.8477781543208032
VotingRegressor,B0018,2.0,1.8306736044962053,1.8377435539571318
VotingRegressor,B0018,3.0,1.8327002069419656,1.8326319921493002
VotingRegressor,B0018,4.0,1.8285288846046388,1.8337889428725003
VotingRegressor,B0018,5.0,1.8212011895697924,1.831160170089851
VotingRegressor,B0018,6.0,1.8151700106433282,1.8263726111773106
VotingRegressor,B0018,7.0,1.8042980520967649,1.8217843941617775
VotingRegressor,B0018,8.0,1.8231002302844226,1.8158138482005661
VotingRegressor,B0018,9.0,1.8121253520255494,1.8260453823007843
VotingRegressor,B0018,10.0,1.8046916382117766,1.818712176858643
VotingRegressor,B0018,11.0,1.790844349786295,1.813237896148555
VotingRegressor,B0018,12.0,1.783470722841926,1.7985820911105606
VotingRegressor,B0018,13.0,1.7809386125310702,1.7958107997045936
VotingRegressor,B0018,14.0,1.771209039672698,1.7943269013841447
VotingRegressor,B0018,15.0,1.7686303996707076,1.7823103676935539
VotingRegressor,B0018,16.0,1.7536304801917124,1.7807777964214846
VotingRegressor,B0018,17.0,1.7462197416415093,1.772441744281337
VotingRegressor,B0018,18.0,1.7376647337053737,1.7682562748828339
VotingRegressor,B0018,19.0,1.7315166735475835,1.7634462230270067
VotingRegressor,B0018,20.0,1.7085949894470602,1.7515293799773193
VotingRegressor,B0018,21.0,1.711469957068211,1.7324230406116095
VotingRegressor,B0018,22.0,1.7075021373272627,1.7291630799368503
VotingRegressor,B0018,23.0,1.7492382064360228,1.7268528373440017
VotingRegressor,B0018,24.0,1.7327697147429955,1.770827642750404
VotingRegressor,B0018,25.0,1.7222313328292376,1.740064213857309
VotingRegressor,B0018,26.0,1.711846298984729,1.7341676564620419
VotingRegressor,B0018,27.0,1.699267835126687,1.7259826475338624
VotingRegressor,B0018,28.0,1.6940366439243106,1.7270146481409114
VotingRegressor,B0018,29.0,1.6819027078768087,1.70885842789312
VotingRegressor,B0018,30.0,1.6769770618433686,1.7022013173234214
VotingRegressor,B0018,31.0,1.6655229306478936,1.6993686947728168
VotingRegressor,B0018,32.0,1.6571924575832084,1.693122472885726
VotingRegressor,B0018,33.0,1.6482241555294048,1.6858168876558377
VotingRegressor,B0018,34.0,1.6387701497987262,1.669490911193978
VotingRegressor,B0018,35.0,1.6276486907262062,1.6631335416858435
VotingRegressor,B0018,36.0,1.62215370227252,1.6517026110722308
VotingRegressor,B0018,37.0,1.6140066510467586,1.6457273338209983
VotingRegressor,B0018,38.0,1.6760516154424623,1.6283882750311374
VotingRegressor,B0018,39.0,1.649300642552199,1.6943626535468355
VotingRegressor,B0018,40.0,1.63238299185809,1.667187249339829
VotingRegressor,B0018,41.0,1.6164159719025777,1.6540849447402646
VotingRegressor,B0018,42.0,1.6109028378249377,1.6306090737060106
VotingRegressor,B0018,43.0,1.5954638693695657,1.6231930720891454
VotingRegressor,B0018,44.0,1.726707440085764,1.611023045273941
VotingRegressor,B0018,45.0,1.7165673917429753,1.7269850909370295
VotingRegressor,B0018,46.0,1.6958235570934848,1.7230244018024716
VotingRegressor,B0018,47.0,1.6777783190792557,1.6977064080721358
VotingRegressor,B0018,48.0,1.6606586897774192,1.6864847920912756
VotingRegressor,B0018,49.0,1.6664109274827466,1.668251490634835
VotingRegressor,B0018,50.0,1.6468336174407805,1.6707800806616238
VotingRegressor,B0018,51.0,1.6257639928779952,1.6520381267535782
VotingRegressor,B0018,52.0,1.6121577411874595,1.6321433171681186
VotingRegressor,B0018,53.0,1.6057366823755344,1.6165102288843982
VotingRegressor,B0018,54.0,1.673645314879889,1.613008517367755
VotingRegressor,B0018,55.0,1.6404348572349936,1.6721315749109933
VotingRegressor,B0018,56.0,1.6132653317422077,1.6445095584385307
VotingRegressor,B0018,57.0,1.5920964324686278,1.6156772496069038
VotingRegressor,B0018,58.0,1.5866011820698824,1.6014653370489387
VotingRegressor,B0018,59.0,1.5800766490336253,1.5984559875439714
VotingRegressor,B0018,60.0,1.5641732953289167,1.5877665967226826
VotingRegressor,B0018,61.0,1.555618272193922,1.572761059078107
VotingRegressor,B0018,62.0,1.5402045278637397,1.5660287171285303
VotingRegressor,B0018,63.0,1.5321613015959863,1.551780027867085
VotingRegressor,B0018,64.0,1.5316232403693415,1.5461813224028098
VotingRegressor,B0018,65.0,1.5222595950771978,1.5441324855920395
VotingRegressor,B0018,66.0,1.5065267126851283,1.538146015417747
VotingRegressor,B0018,67.0,1.5014219556532926,1.5232347323570885
VotingRegressor,B0018,68.0,1.4963534117486457,1.5192811117252354
VotingRegressor,B0018,69.0,1.5334262000312422,1.5155160549327225
VotingRegressor,B0018,70.0,1.523845267514426,1.5420529871886426
VotingRegressor,B0018,71.0,1.5011920994261239,1.5363547742972783
VotingRegressor,B0018,72.0,1.492417671450291,1.5167396366645225
VotingRegressor,B0018,73.0,1.483323851940123,1.5123220235096095
VotingRegressor,B0018,74.0,1.4807376792294196,1.5022124393102068
VotingRegressor,B0018,75.0,1.4735077809902477,1.500664237307743
VotingRegressor,B0018,76.0,1.46801928526661,1.4961610419855709
VotingRegressor,B0018,77.0,1.4580923557119019,1.487988551652016
VotingRegressor,B0018,78.0,1.4478660988891399,1.4788605767922027
VotingRegressor,B0018,79.0,1.4527808777541982,1.471494471873958
VotingRegressor,B0018,80.0,1.4425356364492432,1.474623349385332
VotingRegressor,B0018,81.0,1.4392712877203313,1.46724302597577
VotingRegressor,B0018,82.0,1.4286475681888218,1.46495088435547
VotingRegressor,B0018,83.0,1.4249026750004896,1.459687046676273
VotingRegressor,B0018,84.0,1.4698115324524124,1.4575582247011154
VotingRegressor,B0018,85.0,1.4525819651050202,1.4803841706925063
VotingRegressor,B0018,86.0,1.442834198908794,1.4755722270369815
VotingRegressor,B0018,87.0,1.428376058807949,1.4706464521165163
VotingRegressor,B0018,88.0,1.4154547844370715,1.4574526009782307
VotingRegressor,B0018,89.0,1.454576670077708,1.4510444557636635
VotingRegressor,B0018,90.0,1.4283179548274056,1.474912664379724
VotingRegressor,B0018,91.0,1.4197026883204058,1.4556985995485139
VotingRegressor,B0018,92.0,1.4155606630306516,1.4497760897147907
VotingRegressor,B0018,93.0,1.405680035419228,1.4457126019986852
VotingRegressor,B0018,94.0,1.4084461071166137,1.428980477773774
VotingRegressor,B0018,95.0,1.3968547782872414,1.4357929716497042
VotingRegressor,B0018,96.0,1.3935670371440676,1.423013722722421
VotingRegressor,B0018,97.0,1.3893644292809475,1.4209673424168567
VotingRegressor,B0018,98.0,1.3785651415666713,1.417632582232215
VotingRegressor,B0018,99.0,1.384901110085747,1.404678210311595
VotingRegressor,B0018,100.0,1.3703251814242443,1.4128554395258612
VotingRegressor,B0018,101.0,1.3733464385229082,1.3956941083513812
VotingRegressor,B0018,102.0,1.3679487285504814,1.3953201182988624
VotingRegressor,B0018,103.0,1.3567141087089647,1.3915218712010362
VotingRegressor,B0018,104.0,1.4604310209194575,1.38558486249557
VotingRegressor,B0018,105.0,1.4500998937104097,1.4662884601267616
VotingRegressor,B0018,106.0,1.4381406901824496,1.4602021175709106
VotingRegressor,B0018,107.0,1.4283681980964316,1.4465185132747012
VotingRegressor,B0018,108.0,1.4147874517552432,1.438175764224636
VotingRegressor,B0018,109.0,1.413889163393182,1.425927118968645
VotingRegressor,B0018,110.0,1.3989331662177225,1.4264537481422483
VotingRegressor,B0018,111.0,1.3953322584033976,1.408761937673448
VotingRegressor,B0018,112.0,1.390046129540245,1.4055948234032691
VotingRegressor,B0018,113.0,1.3860271454209647,1.400940915154373
VotingRegressor,B0018,114.0,1.388215260193751,1.3983892704853758
VotingRegressor,B0018,115.0,1.3761826562394497,1.399831940325068
VotingRegressor,B0018,116.0,1.3647168898640165,1.3862260880664712
VotingRegressor,B0018,117.0,1.3589854739373584,1.3781743290381192
VotingRegressor,B0018,118.0,1.3462308764008801,1.3742448387993402
VotingRegressor,B0018,119.0,1.4268427818454643,1.359030410267047
VotingRegressor,B0018,120.0,1.4064481483279663,1.4316071133193027
VotingRegressor,B0018,121.0,1.3934907492075153,1.4110517339521969
VotingRegressor,B0018,122.0,1.3882493512249316,1.4012683000890072
VotingRegressor,B0018,123.0,1.3701878338420928,1.3967790777094842
VotingRegressor,B0018,124.0,1.3796951665608619,1.3761454093228638
VotingRegressor,B0018,125.0,1.3686586323935683,1.3834350161551874
VotingRegressor,B0018,126.0,1.3627371779096438,1.375323479876783
VotingRegressor,B0018,127.0,1.3634051133928073,1.3717617911841589
VotingRegressor,B0018,128.0,1.3518646035305233,1.3727226274881874
VotingRegressor,B0018,129.0,1.3547969729652622,1.355430402107227
VotingRegressor,B0018,130.0,1.341051440640485,1.3651301339586528
BaggingRegressor,B0018,0.0,1.8431955317089987,1.8544491563230125
BaggingRegressor,B0018,1.0,1.8396018424355423,1.8419653715071285
BaggingRegressor,B0018,2.0,1.8306736044962053,1.828854917452497
BaggingRegressor,B0018,3.0,1.8327002069419656,1.8242297246996366
BaggingRegressor,B0018,4.0,1.8285288846046388,1.8242297246996366
BaggingRegressor,B0018,5.0,1.8212011895697924,1.8242297246996366
BaggingRegressor,B0018,6.0,1.8151700106433282,1.8127183645681755
BaggingRegressor,B0018,7.0,1.8042980520967649,1.81150684757113
BaggingRegressor,B0018,8.0,1.8231002302844226,1.8084299524142387
BaggingRegressor,B0018,9.0,1.8121253520255494,1.8160953154932977
BaggingRegressor,B0018,10.0,1.8046916382117766,1.8084299524142387
BaggingRegressor,B0018,11.0,1.790844349786295,1.8084299524142387
BaggingRegressor,B0018,12.0,1.783470722841926,1.7848293371444484
BaggingRegressor,B0018,13.0,1.7809386125310702,1.7827272554194646
BaggingRegressor,B0018,14.0,1.771209039672698,1.7827272554194646
BaggingRegressor,B0018,15.0,1.7686303996707076,1.7574281710476989
BaggingRegressor,B0018,16.0,1.7536304801917124,1.7574281710476989
BaggingRegressor,B0018,17.0,1.7462197416415093,1.7524104372124825
BaggingRegressor,B0018,18.0,1.7376647337053737,1.7479907689289393
BaggingRegressor,B0018,19.0,1.7315166735475835,1.7535801986851238
BaggingRegressor,B0018,20.0,1.7085949894470602,1.7327188431139673
BaggingRegressor,B0018,21.0,1.711469957068211,1.7345880171951387
BaggingRegressor,B0018,22.0,1.7075021373272627,1.7364364531290204
BaggingRegressor,B0018,23.0,1.7492382064360228,1.7394014447824122
BaggingRegressor,B0018,24.0,1.7327697147429955,1.7479907689289393
BaggingRegressor,B0018,25.0,1.7222313328292376,1.740327106033527
BaggingRegressor,B0018,26.0,1.711846298984729,1.7315533215503514
BaggingRegressor,B0018,27.0,1.699267835126687,1.7364364531290204
BaggingRegressor,B0018,28.0,1.6940366439243106,1.723070599595213
BaggingRegressor,B0018,29.0,1.6819027078768087,1.6905133291308874
BaggingRegressor,B0018,30.0,1.6769770618433686,1.682443142813006
BaggingRegressor,B0018,31.0,1.6655229306478936,1.6807520803669014
BaggingRegressor,B0018,32.0,1.6571924575832084,1.677066059571079
BaggingRegressor,B0018,33.0,1.6482241555294048,1.671600488311964
BaggingRegressor,B0018,34.0,1.6387701497987262,1.6512858320790134
BaggingRegressor,B0018,35.0,1.6276486907262062,1.6471273825016288
BaggingRegressor,B0018,36.0,1.62215370227252,1.628227727680886
BaggingRegressor,B0018,37.0,1.6140066510467586,1.6260039540632492
BaggingRegressor,B0018,38.0,1.6760516154424623,1.604684290155499
BaggingRegressor,B0018,39.0,1.649300642552199,1.6807520803669014
BaggingRegressor,B0018,40.0,1.63238299185809,1.6545263753882387
BaggingRegressor,B0018,41.0,1.6164159719025777,1.638982734038275
BaggingRegressor,B0018,42.0,1.6109028378249377,1.6163394294046476
BaggingRegressor,B0018,43.0,1.5954638693695657,1.6010802647765532
BaggingRegressor,B0018,44.0,1.726707440085764,1.5978177061778078
BaggingRegressor,B0018,45.0,1.7165673917429753,1.7315533215503514
BaggingRegressor,B0018,46.0,1.6958235570934848,1.7411780520766618
BaggingRegressor,B0018,47.0,1.6777783190792557,1.6917428114907014
BaggingRegressor,B0018,48.0,1.6606586897774192,1.6807520803669014
BaggingRegressor,B0018,49.0,1.6664109274827466,1.6727340838842897
BaggingRegressor,B0018,50.0,1.6468336174407805,1.677066059571079
BaggingRegressor,B0018,51.0,1.6257639928779952,1.6496517760374676
BaggingRegressor,B0018,52.0,1.6121577411874595,1.6139945698493314
BaggingRegressor,B0018,53.0,1.6057366823755344,1.6010802647765532
BaggingRegressor,B0018,54.0,1.673645314879889,1.5988148709162457
BaggingRegressor,B0018,55.0,1.6404348572349936,1.669686441343719
BaggingRegressor,B0018,56.0,1.6132653317422077,1.6348175626970363
BaggingRegressor,B0018,57.0,1.5920964324686278,1.6022687879787967
BaggingRegressor,B0018,58.0,1.5866011820698824,1.6050693937206018
BaggingRegressor,B0018,59.0,1.5800766490336253,1.5893695000888397
BaggingRegressor,B0018,60.0,1.5641732953289167,1.5733490111092405
BaggingRegressor,B0018,61.0,1.555618272193922,1.5514765837128026
BaggingRegressor,B0018,62.0,1.5402045278637397,1.5481317163203472
BaggingRegressor,B0018,63.0,1.5321613015959863,1.5285501787643054
BaggingRegressor,B0018,64.0,1.5316232403693415,1.5285501787643054
BaggingRegressor,B0018,65.0,1.5222595950771978,1.527528372709298
BaggingRegressor,B0018,66.0,1.5065267126851283,1.5260024681913125
BaggingRegressor,B0018,67.0,1.5014219556532926,1.498667793993867
BaggingRegressor,B0018,68.0,1.4963534117486457,1.4888044672830199
BaggingRegressor,B0018,69.0,1.5334262000312422,1.487153388498968
BaggingRegressor,B0018,70.0,1.523845267514426,1.5285501787643054
BaggingRegressor,B0018,71.0,1.5011920994261239,1.5260024681913125
BaggingRegressor,B0018,72.0,1.492417671450291,1.4888044672830199
BaggingRegressor,B0018,73.0,1.483323851940123,1.487153388498968
BaggingRegressor,B0018,74.0,1.4807376792294196,1.4824413931206746
BaggingRegressor,B0018,75.0,1.4735077809902477,1.4824492167177354
BaggingRegressor,B0018,76.0,1.46801928526661,1.481433139959237
BaggingRegressor,B0018,77.0,1.4580923557119019,1.4659990235237883
BaggingRegressor,B0018,78.0,1.4478660988891399,1.4659990235237883
BaggingRegressor,B0018,79.0,1.4527808777541982,1.4649961039438375
BaggingRegressor,B0018,80.0,1.4425356364492432,1.4649961039438375
BaggingRegressor,B0018,81.0,1.4392712877203313,1.464173775870063
BaggingRegressor,B0018,82.0,1.4286475681888218,1.4437013805631138
BaggingRegressor,B0018,83.0,1.4249026750004896,1.4353743345545456
BaggingRegressor,B0018,84.0,1.4698115324524124,1.4315443055405443
BaggingRegressor,B0018,85.0,1.4525819651050202,1.468437795117488
BaggingRegressor,B0018,86.0,1.442834198908794,1.4649961039438375
BaggingRegressor,B0018,87.0,1.428376058807949,1.464173775870063
BaggingRegressor,B0018,88.0,1.4154547844370715,1.4315443055405443
BaggingRegressor,B0018,89.0,1.454576670077708,1.4108608402934102
BaggingRegressor,B0018,90.0,1.4283179548274056,1.4659990235237883
BaggingRegressor,B0018,91.0,1.4197026883204058,1.4315443055405443
BaggingRegressor,B0018,92.0,1.4155606630306516,1.4264105868318098
BaggingRegressor,B0018,93.0,1.405680035419228,1.4108608402934102
BaggingRegressor,B0018,94.0,1.4084461071166137,1.4046086701569453
BaggingRegressor,B0018,95.0,1.3968547782872414,1.4090949960226575
BaggingRegressor,B0018,96.0,1.3935670371440676,1.3925536601457644
BaggingRegressor,B0018,97.0,1.3893644292809475,1.391175369948459
BaggingRegressor,B0018,98.0,1.3785651415666713,1.3839579089930067
BaggingRegressor,B0018,99.0,1.384901110085747,1.3754978811665999
BaggingRegressor,B0018,100.0,1.3703251814242443,1.3804938695824363
BaggingRegressor,B0018,101.0,1.3733464385229082,1.3667662527129303
BaggingRegressor,B0018,102.0,1.3679487285504814,1.3716958345427253
BaggingRegressor,B0018,103.0,1.3567141087089647,1.363457092674001
BaggingRegressor,B0018,104.0,1.4604310209194575,1.3585761867982038
BaggingRegressor,B0018,105.0,1.4500998937104097,1.4557751410223907
BaggingRegressor,B0018,106.0,1.4381406901824496,1.45477222144244
BaggingRegressor,B0018,107.0,1.4283681980964316,1.4334774980617164
BaggingRegressor,B0018,108.0,1.4147874517552432,1.4272816903266414
BaggingRegressor,B0018,109.0,1.413889163393182,1.4108608402934102
BaggingRegressor,B0018,110.0,1.3989331662177225,1.4108608402934102
BaggingRegressor,B0018,111.0,1.3953322584033976,1.4018549756839023
BaggingRegressor,B0018,112.0,1.390046129540245,1.3925536601457644
BaggingRegressor,B0018,113.0,1.3860271454209647,1.3839579089930067
BaggingRegressor,B0018,114.0,1.388215260193751,1.3804938695824363
BaggingRegressor,B0018,115.0,1.3761826562394497,1.3839579089930067
BaggingRegressor,B0018,116.0,1.3647168898640165,1.3754978811665999
BaggingRegressor,B0018,117.0,1.3589854739373584,1.36251073379598
BaggingRegressor,B0018,118.0,1.3462308764008801,1.3585761867982038
BaggingRegressor,B0018,119.0,1.4268427818454643,1.3309422881362634
BaggingRegressor,B0018,120.0,1.4064481483279663,1.4272816903266414
BaggingRegressor,B0018,121.0,1.3934907492075153,1.405518873283232
BaggingRegressor,B0018,122.0,1.3882493512249316,1.391175369948459
BaggingRegressor,B0018,123.0,1.3701878338420928,1.3839579089930067
BaggingRegressor,B0018,124.0,1.3796951665608619,1.3667662527129303
BaggingRegressor,B0018,125.0,1.3686586323935683,1.3754978811665999
BaggingRegressor,B0018,126.0,1.3627371779096438,1.363457092674001
BaggingRegressor,B0018,127.0,1.3634051133928073,1.3609829360518113
BaggingRegressor,B0018,128.0,1.3518646035305233,1.3609829360518113
BaggingRegressor,B0018,129.0,1.3547969729652622,1.3529130730247956
BaggingRegressor,B0018,130.0,1.341051440640485,1.3585761867982038
RandomForestRegressor,B0018,0.0,1.8431955317089987,1.8549421894273228
RandomForestRegressor,B0018,1.0,1.8396018424355423,1.8408261621506734
RandomForestRegressor,B0018,2.0,1.8306736044962053,1.8288670810170284
RandomForestRegressor,B0018,3.0,1.8327002069419656,1.8238483071388094
RandomForestRegressor,B0018,4.0,1.8285288846046388,1.8240309014291833
RandomForestRegressor,B0018,5.0,1.8212011895697924,1.8235558072294733
RandomForestRegressor,B0018,6.0,1.8151700106433282,1.8126274135265095
RandomForestRegressor,B0018,7.0,1.8042980520967649,1.8111382139683412
RandomForestRegressor,B0018,8.0,1.8231002302844226,1.8097303227077584
RandomForestRegressor,B0018,9.0,1.8121253520255494,1.8140974864335169
RandomForestRegressor,B0018,10.0,1.8046916382117766,1.809345686002926
RandomForestRegressor,B0018,11.0,1.790844349786295,1.809345686002926
RandomForestRegressor,B0018,12.0,1.783470722841926,1.7849562614050296
RandomForestRegressor,B0018,13.0,1.7809386125310702,1.7801562160481947
RandomForestRegressor,B0018,14.0,1.771209039672698,1.7796557426525512
RandomForestRegressor,B0018,15.0,1.7686303996707076,1.757688807100817
RandomForestRegressor,B0018,16.0,1.7536304801917124,1.757688807100817
RandomForestRegressor,B0018,17.0,1.7462197416415093,1.7517458175799998
RandomForestRegressor,B0018,18.0,1.7376647337053737,1.7495875711950828
RandomForestRegressor,B0018,19.0,1.7315166735475835,1.7524245965799659
RandomForestRegressor,B0018,20.0,1.7085949894470602,1.7285957850741012
RandomForestRegressor,B0018,21.0,1.711469957068211,1.7260936208776472
RandomForestRegressor,B0018,22.0,1.7075021373272627,1.7274753631098703
RandomForestRegressor,B0018,23.0,1.7492382064360228,1.729189706745502
RandomForestRegressor,B0018,24.0,1.7327697147429955,1.7495875711950828
RandomForestRegressor,B0018,25.0,1.7222313328292376,1.7383733980959732
RandomForestRegressor,B0018,26.0,1.711846298984729,1.728363106907129
RandomForestRegressor,B0018,27.0,1.699267835126687,1.7274753631098703
RandomForestRegressor,B0018,28.0,1.6940366439243106,1.7129863499290578
RandomForestRegressor,B0018,29.0,1.6819027078768087,1.6883528999488868
RandomForestRegressor,B0018,30.0,1.6769770618433686,1.6790168429189265
RandomForestRegressor,B0018,31.0,1.6655229306478936,1.6776421162030248
RandomForestRegressor,B0018,32.0,1.6571924575832084,1.6716926950149198
RandomForestRegressor,B0018,33.0,1.6482241555294048,1.6642451743166244
RandomForestRegressor,B0018,34.0,1.6387701497987262,1.6461147306985189
RandomForestRegressor,B0018,35.0,1.6276486907262062,1.6446029272270846
RandomForestRegressor,B0018,36.0,1.62215370227252,1.6206930778383246
RandomForestRegressor,B0018,37.0,1.6140066510467586,1.6195926291027132
RandomForestRegressor,B0018,38.0,1.6760516154424623,1.6098567684895988
RandomForestRegressor,B0018,39.0,1.649300642552199,1.6763985937721815
RandomForestRegressor,B0018,40.0,1.63238299185809,1.647334536764643
RandomForestRegressor,B0018,41.0,1.6164159719025777,1.6352411336680523
RandomForestRegressor,B0018,42.0,1.6109028378249377,1.616235170988653
RandomForestRegressor,B0018,43.0,1.5954638693695657,1.6052568367573699
RandomForestRegressor,B0018,44.0,1.726707440085764,1.5971141986975406
RandomForestRegressor,B0018,45.0,1.7165673917429753,1.7283044046831972
RandomForestRegressor,B0018,46.0,1.6958235570934848,1.733348943885348
RandomForestRegressor,B0018,47.0,1.6777783190792557,1.6909857905258976
RandomForestRegressor,B0018,48.0,1.6606586897774192,1.6780368127566916
RandomForestRegressor,B0018,49.0,1.6664109274827466,1.668030440457023
RandomForestRegressor,B0018,50.0,1.6468336174407805,1.6708559213670464
RandomForestRegressor,B0018,51.0,1.6257639928779952,1.6405315693870797
RandomForestRegressor,B0018,52.0,1.6121577411874595,1.61158278912923
RandomForestRegressor,B0018,53.0,1.6057366823755344,1.60159622580225
RandomForestRegressor,B0018,54.0,1.673645314879889,1.5965652086397342
RandomForestRegressor,B0018,55.0,1.6404348572349936,1.6679067865557173
RandomForestRegressor,B0018,56.0,1.6132653317422077,1.6351236036667642
RandomForestRegressor,B0018,57.0,1.5920964324686278,1.601893356602811
RandomForestRegressor,B0018,58.0,1.5866011820698824,1.6038936684236447
RandomForestRegressor,B0018,59.0,1.5800766490336253,1.5884863219842114
RandomForestRegressor,B0018,60.0,1.5641732953289167,1.5724870897341532
RandomForestRegressor,B0018,61.0,1.555618272193922,1.5573244478148778
RandomForestRegressor,B0018,62.0,1.5402045278637397,1.5477819823012382
RandomForestRegressor,B0018,63.0,1.5321613015959863,1.5298120652739429
RandomForestRegressor,B0018,64.0,1.5316232403693415,1.529173215301667
RandomForestRegressor,B0018,65.0,1.5222595950771978,1.5287319238557817
RandomForestRegressor,B0018,66.0,1.5065267126851283,1.526773633395887
RandomForestRegressor,B0018,67.0,1.5014219556532926,1.4976378902802494
RandomForestRegressor,B0018,68.0,1.4963534117486457,1.4894954316517657
RandomForestRegressor,B0018,69.0,1.5334262000312422,1.4885624527240904
RandomForestRegressor,B0018,70.0,1.523845267514426,1.5295801241528755
RandomForestRegressor,B0018,71.0,1.5011920994261239,1.526773633395887
RandomForestRegressor,B0018,72.0,1.492417671450291,1.4894954316517657
RandomForestRegressor,B0018,73.0,1.483323851940123,1.4885624527240904
RandomForestRegressor,B0018,74.0,1.4807376792294196,1.481849200945343
RandomForestRegressor,B0018,75.0,1.4735077809902477,1.4813913655449078
RandomForestRegressor,B0018,76.0,1.46801928526661,1.4775027356383523
RandomForestRegressor,B0018,77.0,1.4580923557119019,1.462740111355225
RandomForestRegressor,B0018,78.0,1.4478660988891399,1.462370856440938
RandomForestRegressor,B0018,79.0,1.4527808777541982,1.4616781683673614
RandomForestRegressor,B0018,80.0,1.4425356364492432,1.46184578685716
RandomForestRegressor,B0018,81.0,1.4392712877203313,1.4640116171001956
RandomForestRegressor,B0018,82.0,1.4286475681888218,1.4387626169983159
RandomForestRegressor,B0018,83.0,1.4249026750004896,1.4324664922708439
RandomForestRegressor,B0018,84.0,1.4698115324524124,1.4315089850173437
RandomForestRegressor,B0018,85.0,1.4525819651050202,1.4654983749174688
RandomForestRegressor,B0018,86.0,1.442834198908794,1.46184578685716
RandomForestRegressor,B0018,87.0,1.428376058807949,1.4640116171001956
RandomForestRegressor,B0018,88.0,1.4154547844370715,1.4315089850173437
RandomForestRegressor,B0018,89.0,1.454576670077708,1.4136376429382032
RandomForestRegressor,B0018,90.0,1.4283179548274056,1.462370856440938
RandomForestRegressor,B0018,91.0,1.4197026883204058,1.43084329464905
RandomForestRegressor,B0018,92.0,1.4155606630306516,1.4256564656416049
RandomForestRegressor,B0018,93.0,1.405680035419228,1.4129874231581445
RandomForestRegressor,B0018,94.0,1.4084461071166137,1.4023340781857936
RandomForestRegressor,B0018,95.0,1.3968547782872414,1.4112174961413906
RandomForestRegressor,B0018,96.0,1.3935670371440676,1.3911913892320387
RandomForestRegressor,B0018,97.0,1.3893644292809475,1.389412099410989
RandomForestRegressor,B0018,98.0,1.3785651415666713,1.384658270963269
RandomForestRegressor,B0018,99.0,1.384901110085747,1.375019720989279
RandomForestRegressor,B0018,100.0,1.3703251814242443,1.381518514833086
RandomForestRegressor,B0018,101.0,1.3733464385229082,1.367422177320625
RandomForestRegressor,B0018,102.0,1.3679487285504814,1.372907033732205
RandomForestRegressor,B0018,103.0,1.3567141087089647,1.3648990482315937
RandomForestRegressor,B0018,104.0,1.4604310209194575,1.357409027577886
RandomForestRegressor,B0018,105.0,1.4500998937104097,1.4553200667930282
RandomForestRegressor,B0018,106.0,1.4381406901824496,1.4546273787194517
RandomForestRegressor,B0018,107.0,1.4283681980964316,1.4317118273504061
RandomForestRegressor,B0018,108.0,1.4147874517552432,1.427016256258838
RandomForestRegressor,B0018,109.0,1.413889163393182,1.4129874231581445
RandomForestRegressor,B0018,110.0,1.3989331662177225,1.4122429887923926
RandomForestRegressor,B0018,111.0,1.3953322584033976,1.3979248620515592
RandomForestRegressor,B0018,112.0,1.390046129540245,1.390528613611719
RandomForestRegressor,B0018,113.0,1.3860271454209647,1.384658270963269
RandomForestRegressor,B0018,114.0,1.388215260193751,1.3821248445712724
RandomForestRegressor,B0018,115.0,1.3761826562394497,1.3841038656011322
RandomForestRegressor,B0018,116.0,1.3647168898640165,1.375019720989279
RandomForestRegressor,B0018,117.0,1.3589854739373584,1.3627524668085913
RandomForestRegressor,B0018,118.0,1.3462308764008801,1.357409027577886
RandomForestRegressor,B0018,119.0,1.4268427818454643,1.3310107040910861
RandomForestRegressor,B0018,120.0,1.4064481483279663,1.427016256258838
RandomForestRegressor,B0018,121.0,1.3934907492075153,1.4046067025007838
RandomForestRegressor,B0018,122.0,1.3882493512249316,1.389412099410989
RandomForestRegressor,B0018,123.0,1.3701878338420928,1.3841038656011322
RandomForestRegressor,B0018,124.0,1.3796951665608619,1.367422177320625
RandomForestRegressor,B0018,125.0,1.3686586323935683,1.375019720989279
RandomForestRegressor,B0018,126.0,1.3627371779096438,1.3648990482315937
RandomForestRegressor,B0018,127.0,1.3634051133928073,1.3611592960925814
RandomForestRegressor,B0018,128.0,1.3518646035305233,1.3611592960925814
RandomForestRegressor,B0018,129.0,1.3547969729652622,1.3526126877588545
RandomForestRegressor,B0018,130.0,1.341051440640485,1.357409027577886
SimpleAveraging,B0018,0.0,1.8431955317089987,1.855746310168763
SimpleAveraging,B0018,1.0,1.8396018424355423,1.8477781543208032
SimpleAveraging,B0018,2.0,1.8306736044962053,1.8377435539571318
SimpleAveraging,B0018,3.0,1.8327002069419656,1.8326319921493002
SimpleAveraging,B0018,4.0,1.8285288846046388,1.8337889428725003
SimpleAveraging,B0018,5.0,1.8212011895697924,1.831160170089851
SimpleAveraging,B0018,6.0,1.8151700106433282,1.8263726111773106
SimpleAveraging,B0018,7.0,1.8042980520967649,1.8217843941617775
SimpleAveraging,B0018,8.0,1.8231002302844226,1.8158138482005661
SimpleAveraging,B0018,9.0,1.8121253520255494,1.8260453823007843
SimpleAveraging,B0018,10.0,1.8046916382117766,1.818712176858643
SimpleAveraging,B0018,11.0,1.790844349786295,1.813237896148555
SimpleAveraging,B0018,12.0,1.783470722841926,1.7985820911105606
SimpleAveraging,B0018,13.0,1.7809386125310702,1.7958107997045936
SimpleAveraging,B0018,14.0,1.771209039672698,1.7943269013841447
SimpleAveraging,B0018,15.0,1.7686303996707076,1.7823103676935539
SimpleAveraging,B0018,16.0,1.7536304801917124,1.7807777964214846
SimpleAveraging,B0018,17.0,1.7462197416415093,1.772441744281337
SimpleAveraging,B0018,18.0,1.7376647337053737,1.7682562748828339
SimpleAveraging,B0018,19.0,1.7315166735475835,1.7634462230270067
SimpleAveraging,B0018,20.0,1.7085949894470602,1.7515293799773193
SimpleAveraging,B0018,21.0,1.711469957068211,1.7324230406116095
SimpleAveraging,B0018,22.0,1.7075021373272627,1.7291630799368503
SimpleAveraging,B0018,23.0,1.7492382064360228,1.7268528373440017
SimpleAveraging,B0018,24.0,1.7327697147429955,1.770827642750404
SimpleAveraging,B0018,25.0,1.7222313328292376,1.740064213857309
SimpleAveraging,B0018,26.0,1.711846298984729,1.7341676564620419
SimpleAveraging,B0018,27.0,1.699267835126687,1.7259826475338624
SimpleAveraging,B0018,28.0,1.6940366439243106,1.7270146481409114
SimpleAveraging,B0018,29.0,1.6819027078768087,1.70885842789312
SimpleAveraging,B0018,30.0,1.6769770618433686,1.7022013173234214
SimpleAveraging,B0018,31.0,1.6655229306478936,1.6993686947728168
SimpleAveraging,B0018,32.0,1.6571924575832084,1.693122472885726
SimpleAveraging,B0018,33.0,1.6482241555294048,1.6858168876558377
SimpleAveraging,B0018,34.0,1.6387701497987262,1.669490911193978
SimpleAveraging,B0018,35.0,1.6276486907262062,1.6631335416858435
SimpleAveraging,B0018,36.0,1.62215370227252,1.6517026110722308
SimpleAveraging,B0018,37.0,1.6140066510467586,1.6457273338209983
SimpleAveraging,B0018,38.0,1.6760516154424623,1.6283882750311374
SimpleAveraging,B0018,39.0,1.649300642552199,1.6943626535468355
SimpleAveraging,B0018,40.0,1.63238299185809,1.667187249339829
SimpleAveraging,B0018,41.0,1.6164159719025777,1.6540849447402646
SimpleAveraging,B0018,42.0,1.6109028378249377,1.6306090737060106
SimpleAveraging,B0018,43.0,1.5954638693695657,1.6231930720891454
SimpleAveraging,B0018,44.0,1.726707440085764,1.611023045273941
SimpleAveraging,B0018,45.0,1.7165673917429753,1.7269850909370295
SimpleAveraging,B0018,46.0,1.6958235570934848,1.7230244018024716
SimpleAveraging,B0018,47.0,1.6777783190792557,1.6977064080721358
SimpleAveraging,B0018,48.0,1.6606586897774192,1.6864847920912756
SimpleAveraging,B0018,49.0,1.6664109274827466,1.668251490634835
SimpleAveraging,B0018,50.0,1.6468336174407805,1.6707800806616238
SimpleAveraging,B0018,51.0,1.6257639928779952,1.6520381267535782
SimpleAveraging,B0018,52.0,1.6121577411874595,1.6321433171681186
SimpleAveraging,B0018,53.0,1.6057366823755344,1.6165102288843982
SimpleAveraging,B0018,54.0,1.673645314879889,1.613008517367755
SimpleAveraging,B0018,55.0,1.6404348572349936,1.6721315749109933
SimpleAveraging,B0018,56.0,1.6132653317422077,1.6445095584385307
SimpleAveraging,B0018,57.0,1.5920964324686278,1.6156772496069038
SimpleAveraging,B0018,58.0,1.5866011820698824,1.6014653370489387
SimpleAveraging,B0018,59.0,1.5800766490336253,1.5984559875439714
SimpleAveraging,B0018,60.0,1.5641732953289167,1.5877665967226826
SimpleAveraging,B0018,61.0,1.555618272193922,1.572761059078107
SimpleAveraging,B0018,62.0,1.5402045278637397,1.5660287171285303
SimpleAveraging,B0018,63.0,1.5321613015959863,1.551780027867085
SimpleAveraging,B0018,64.0,1.5316232403693415,1.5461813224028098
SimpleAveraging,B0018,65.0,1.5222595950771978,1.5441324855920395
SimpleAveraging,B0018,66.0,1.5065267126851283,1.538146015417747
SimpleAveraging,B0018,67.0,1.5014219556532926,1.5232347323570885
SimpleAveraging,B0018,68.0,1.4963534117486457,1.5192811117252354
SimpleAveraging,B0018,69.0,1.5334262000312422,1.5155160549327225
SimpleAveraging,B0018,70.0,1.523845267514426,1.5420529871886426
SimpleAveraging,B0018,71.0,1.5011920994261239,1.5363547742972783
SimpleAveraging,B0018,72.0,1.492417671450291,1.5167396366645225
SimpleAveraging,B0018,73.0,1.483323851940123,1.5123220235096095
SimpleAveraging,B0018,74.0,1.4807376792294196,1.5022124393102068
SimpleAveraging,B0018,75.0,1.4735077809902477,1.500664237307743
SimpleAveraging,B0018,76.0,1.46801928526661,1.4961610419855709
SimpleAveraging,B0018,77.0,1.4580923557119019,1.487988551652016
SimpleAveraging,B0018,78.0,1.4478660988891399,1.4788605767922027
SimpleAveraging,B0018,79.0,1.4527808777541982,1.471494471873958
SimpleAveraging,B0018,80.0,1.4425356364492432,1.474623349385332
SimpleAveraging,B0018,81.0,1.4392712877203313,1.46724302597577
SimpleAveraging,B0018,82.0,1.4286475681888218,1.46495088435547
SimpleAveraging,B0018,83.0,1.4249026750004896,1.459687046676273
SimpleAveraging,B0018,84.0,1.4698115324524124,1.4575582247011154
SimpleAveraging,B0018,85.0,1.4525819651050202,1.4803841706925063
SimpleAveraging,B0018,86.0,1.442834198908794,1.4755722270369815
SimpleAveraging,B0018,87.0,1.428376058807949,1.4706464521165163
SimpleAveraging,B0018,88.0,1.4154547844370715,1.4574526009782307
SimpleAveraging,B0018,89.0,1.454576670077708,1.4510444557636635
SimpleAveraging,B0018,90.0,1.4283179548274056,1.474912664379724
SimpleAveraging,B0018,91.0,1.4197026883204058,1.4556985995485139
SimpleAveraging,B0018,92.0,1.4155606630306516,1.4497760897147907
SimpleAveraging,B0018,93.0,1.405680035419228,1.4457126019986852
SimpleAveraging,B0018,94.0,1.4084461071166137,1.428980477773774
SimpleAveraging,B0018,95.0,1.3968547782872414,1.4357929716497042
SimpleAveraging,B0018,96.0,1.3935670371440676,1.423013722722421
SimpleAveraging,B0018,97.0,1.3893644292809475,1.4209673424168567
SimpleAveraging,B0018,98.0,1.3785651415666713,1.417632582232215
SimpleAveraging,B0018,99.0,1.384901110085747,1.404678210311595
SimpleAveraging,B0018,100.0,1.3703251814242443,1.4128554395258612
SimpleAveraging,B0018,101.0,1.3733464385229082,1.3956941083513812
SimpleAveraging,B0018,102.0,1.3679487285504814,1.3953201182988624
SimpleAveraging,B0018,103.0,1.3567141087089647,1.3915218712010362
SimpleAveraging,B0018,104.0,1.4604310209194575,1.38558486249557
SimpleAveraging,B0018,105.0,1.4500998937104097,1.4662884601267616
SimpleAveraging,B0018,106.0,1.4381406901824496,1.4602021175709106
SimpleAveraging,B0018,107.0,1.4283681980964316,1.4465185132747012
SimpleAveraging,B0018,108.0,1.4147874517552432,1.438175764224636
SimpleAveraging,B0018,109.0,1.413889163393182,1.425927118968645
SimpleAveraging,B0018,110.0,1.3989331662177225,1.4264537481422483
SimpleAveraging,B0018,111.0,1.3953322584033976,1.408761937673448
SimpleAveraging,B0018,112.0,1.390046129540245,1.4055948234032691
SimpleAveraging,B0018,113.0,1.3860271454209647,1.400940915154373
SimpleAveraging,B0018,114.0,1.388215260193751,1.3983892704853758
SimpleAveraging,B0018,115.0,1.3761826562394497,1.399831940325068
SimpleAveraging,B0018,116.0,1.3647168898640165,1.3862260880664712
SimpleAveraging,B0018,117.0,1.3589854739373584,1.3781743290381192
SimpleAveraging,B0018,118.0,1.3462308764008801,1.3742448387993402
SimpleAveraging,B0018,119.0,1.4268427818454643,1.359030410267047
SimpleAveraging,B0018,120.0,1.4064481483279663,1.4316071133193027
SimpleAveraging,B0018,121.0,1.3934907492075153,1.4110517339521969
SimpleAveraging,B0018,122.0,1.3882493512249316,1.4012683000890072
SimpleAveraging,B0018,123.0,1.3701878338420928,1.3967790777094842
SimpleAveraging,B0018,124.0,1.3796951665608619,1.3761454093228638
SimpleAveraging,B0018,125.0,1.3686586323935683,1.3834350161551874
SimpleAveraging,B0018,126.0,1.3627371779096438,1.375323479876783
SimpleAveraging,B0018,127.0,1.3634051133928073,1.3717617911841589
SimpleAveraging,B0018,128.0,1.3518646035305233,1.3727226274881874
SimpleAveraging,B0018,129.0,1.3547969729652622,1.355430402107227
SimpleAveraging,B0018,130.0,1.341051440640485,1.3651301339586528
WeightedAveraging,B0018,0.0,1.8431955317089987,1.8559848462401467
WeightedAveraging,B0018,1.0,1.8396018424355423,1.8473152458450992
WeightedAveraging,B0018,2.0,1.8306736044962053,1.8389730307144267
WeightedAveraging,B0018,3.0,1.8327002069419656,1.8330835674600772
WeightedAveraging,B0018,4.0,1.8285288846046388,1.83442245323143
WeightedAveraging,B0018,5.0,1.8212011895697924,1.8314831841504449
WeightedAveraging,B0018,6.0,1.8151700106433282,1.826186793764146
WeightedAveraging,B0018,7.0,1.8042980520967649,1.821333440498338
WeightedAveraging,B0018,8.0,1.8231002302844226,1.814309359590036
WeightedAveraging,B0018,9.0,1.8121253520255494,1.826331941708604
WeightedAveraging,B0018,10.0,1.8046916382117766,1.8182611543676979
WeightedAveraging,B0018,11.0,1.790844349786295,1.8123984321450601
WeightedAveraging,B0018,12.0,1.783470722841926,1.7981490322110947
WeightedAveraging,B0018,13.0,1.7809386125310702,1.7943160879783424
WeightedAveraging,B0018,14.0,1.771209039672698,1.7925747838455224
WeightedAveraging,B0018,15.0,1.7686303996707076,1.781251884840107
WeightedAveraging,B0018,16.0,1.7536304801917124,1.779457423508548
WeightedAveraging,B0018,17.0,1.7462197416415093,1.7696623943447636
WeightedAveraging,B0018,18.0,1.7376647337053737,1.7647493467753121
WeightedAveraging,B0018,19.0,1.7315166735475835,1.7591014390619342
WeightedAveraging,B0018,20.0,1.7085949894470602,1.7486834210366005
WeightedAveraging,B0018,21.0,1.711469957068211,1.7289875951860743
WeightedAveraging,B0018,22.0,1.7075021373272627,1.727154276005176
WeightedAveraging,B0018,23.0,1.7492382064360228,1.7244482627039524
WeightedAveraging,B0018,24.0,1.7327697147429955,1.767019424894188
WeightedAveraging,B0018,25.0,1.7222313328292376,1.7400680208188661
WeightedAveraging,B0018,26.0,1.711846298984729,1.7331424621097333
WeightedAveraging,B0018,27.0,1.699267835126687,1.7245403490473146
WeightedAveraging,B0018,28.0,1.6940366439243106,1.7223527109877934
WeightedAveraging,B0018,29.0,1.6819027078768087,1.7074647155526919
WeightedAveraging,B0018,30.0,1.6769770618433686,1.6996248339179811
WeightedAveraging,B0018,31.0,1.6655229306478936,1.6963041312177096
WeightedAveraging,B0018,32.0,1.6571924575832084,1.688940653700473
WeightedAveraging,B0018,33.0,1.6482241555294048,1.681499008626428
WeightedAveraging,B0018,34.0,1.6387701497987262,1.667153185728744
WeightedAveraging,B0018,35.0,1.6276486907262062,1.660180744826331
WeightedAveraging,B0018,36.0,1.62215370227252,1.6490366819069955
WeightedAveraging,B0018,37.0,1.6140066510467586,1.6432505331624732
WeightedAveraging,B0018,38.0,1.6760516154424623,1.6283526984858105
WeightedAveraging,B0018,39.0,1.649300642552199,1.691676179611348
WeightedAveraging,B0018,40.0,1.63238299185809,1.6651824344635906
WeightedAveraging,B0018,41.0,1.6164159719025777,1.651481831095755
WeightedAveraging,B0018,42.0,1.6109028378249377,1.630233467963642
WeightedAveraging,B0018,43.0,1.5954638693695657,1.6233638329743587
WeightedAveraging,B0018,44.0,1.726707440085764,1.6107390904187748
WeightedAveraging,B0018,45.0,1.7165673917429753,1.726915561094168
WeightedAveraging,B0018,46.0,1.6958235570934848,1.7215536584947553
WeightedAveraging,B0018,47.0,1.6777783190792557,1.6978077240598977
WeightedAveraging,B0018,48.0,1.6606586897774192,1.6852501283026742
WeightedAveraging,B0018,49.0,1.6664109274827466,1.667654154599875
WeightedAveraging,B0018,50.0,1.6468336174407805,1.6707237336201572
WeightedAveraging,B0018,51.0,1.6257639928779952,1.6522163373017151
WeightedAveraging,B0018,52.0,1.6121577411874595,1.6325348514914946
WeightedAveraging,B0018,53.0,1.6057366823755344,1.6177147387854203
WeightedAveraging,B0018,54.0,1.673645314879889,1.6135808283794533
WeightedAveraging,B0018,55.0,1.6404348572349936,1.6727814443059765
WeightedAveraging,B0018,56.0,1.6132653317422077,1.644630485105614
WeightedAveraging,B0018,57.0,1.5920964324686278,1.6169349962986825
WeightedAveraging,B0018,58.0,1.5866011820698824,1.6015489777729708
WeightedAveraging,B0018,59.0,1.5800766490336253,1.5979966531325425
WeightedAveraging,B0018,60.0,1.5641732953289167,1.5884630762472143
WeightedAveraging,B0018,61.0,1.555618272193922,1.5736646642583025
WeightedAveraging,B0018,62.0,1.5402045278637397,1.5666710459864637
WeightedAveraging,B0018,63.0,1.5321613015959863,1.5525703437727272
WeightedAveraging,B0018,64.0,1.5316232403693415,1.5465499841439707
WeightedAveraging,B0018,65.0,1.5222595950771978,1.544802134684777
WeightedAveraging,B0018,66.0,1.5065267126851283,1.538212703689375
WeightedAveraging,B0018,67.0,1.5014219556532926,1.523578561893339
WeightedAveraging,B0018,68.0,1.4963534117486457,1.5194309644054291
WeightedAveraging,B0018,69.0,1.5334262000312422,1.515433225802351
WeightedAveraging,B0018,70.0,1.523845267514426,1.5431423385514222
WeightedAveraging,B0018,71.0,1.5011920994261239,1.5367205618761703
WeightedAveraging,B0018,72.0,1.492417671450291,1.517081695258482
WeightedAveraging,B0018,73.0,1.483323851940123,1.5118050798842702
WeightedAveraging,B0018,74.0,1.4807376792294196,1.5021942682628961
WeightedAveraging,B0018,75.0,1.4735077809902477,1.5003834502445368
WeightedAveraging,B0018,76.0,1.46801928526661,1.495373158503858
WeightedAveraging,B0018,77.0,1.4580923557119019,1.4879791859253217
WeightedAveraging,B0018,78.0,1.4478660988891399,1.4789312629126476
WeightedAveraging,B0018,79.0,1.4527808777541982,1.4711429628589894
WeightedAveraging,B0018,80.0,1.4425356364492432,1.4744160584851067
WeightedAveraging,B0018,81.0,1.4392712877203313,1.4666094695823824
WeightedAveraging,B0018,82.0,1.4286475681888218,1.4640894047030553
WeightedAveraging,B0018,83.0,1.4249026750004896,1.4577883413922046
WeightedAveraging,B0018,84.0,1.4698115324524124,1.4552852330066939
WeightedAveraging,B0018,85.0,1.4525819651050202,1.4818037590106947
WeightedAveraging,B0018,86.0,1.442834198908794,1.47442041791605
WeightedAveraging,B0018,87.0,1.428376058807949,1.4685418363902323
WeightedAveraging,B0018,88.0,1.4154547844370715,1.4554608467622512
WeightedAveraging,B0018,89.0,1.454576670077708,1.4477940516293681
WeightedAveraging,B0018,90.0,1.4283179548274056,1.473900459752656
WeightedAveraging,B0018,91.0,1.4197026883204058,1.4537693638928313
WeightedAveraging,B0018,92.0,1.4155606630306516,1.4473680449695143
WeightedAveraging,B0018,93.0,1.405680035419228,1.4433106608739925
WeightedAveraging,B0018,94.0,1.4084461071166137,1.4285241178052193
WeightedAveraging,B0018,95.0,1.3968547782872414,1.43409192867168
WeightedAveraging,B0018,96.0,1.3935670371440676,1.421894881370797
WeightedAveraging,B0018,97.0,1.3893644292809475,1.4195182721736648
WeightedAveraging,B0018,98.0,1.3785651415666713,1.4159761878353143
WeightedAveraging,B0018,99.0,1.384901110085747,1.4038015702376412
WeightedAveraging,B0018,100.0,1.3703251814242443,1.4111473459172492
WeightedAveraging,B0018,101.0,1.3733464385229082,1.3949946119182546
WeightedAveraging,B0018,102.0,1.3679487285504814,1.3952107745904623
WeightedAveraging,B0018,103.0,1.3567141087089647,1.39104453578089
WeightedAveraging,B0018,104.0,1.4604310209194575,1.384011426607336
WeightedAveraging,B0018,105.0,1.4500998937104097,1.467014100660975
WeightedAveraging,B0018,106.0,1.4381406901824496,1.4600710336357727
WeightedAveraging,B0018,107.0,1.4283681980964316,1.4470625092088047
WeightedAveraging,B0018,108.0,1.4147874517552432,1.4385310604392691
WeightedAveraging,B0018,109.0,1.413889163393182,1.4262200976984478
WeightedAveraging,B0018,110.0,1.3989331662177225,1.426285940658923
WeightedAveraging,B0018,111.0,1.3953322584033976,1.4095693988592346
WeightedAveraging,B0018,112.0,1.390046129540245,1.4062559172752358
WeightedAveraging,B0018,113.0,1.3860271454209647,1.4014490622818931
WeightedAveraging,B0018,114.0,1.388215260193751,1.3984967159945902
WeightedAveraging,B0018,115.0,1.3761826562394497,1.3999237981345978
WeightedAveraging,B0018,116.0,1.3647168898640165,1.3868825234657574
WeightedAveraging,B0018,117.0,1.3589854739373584,1.3781271589212876
WeightedAveraging,B0018,118.0,1.3462308764008801,1.3737413626448631
WeightedAveraging,B0018,119.0,1.4268427818454643,1.3593171158421444
WeightedAveraging,B0018,120.0,1.4064481483279663,1.4318155939701842
WeightedAveraging,B0018,121.0,1.3934907492075153,1.411645056449884
WeightedAveraging,B0018,122.0,1.3882493512249316,1.4012280927413971
WeightedAveraging,B0018,123.0,1.3701878338420928,1.3965325634347505
WeightedAveraging,B0018,124.0,1.3796951665608619,1.3767955201976745
WeightedAveraging,B0018,125.0,1.3686586323935683,1.3842979182285882
WeightedAveraging,B0018,126.0,1.3627371779096438,1.3755460060030325
WeightedAveraging,B0018,127.0,1.3634051133928073,1.3713753428876847
WeightedAveraging,B0018,128.0,1.3518646035305233,1.3721089092271959
WeightedAveraging,B0018,129.0,1.3547969729652622,1.3563440193506038
WeightedAveraging,B0018,130.0,1.341051440640485,1.3641522988297845
