battery_id,operation_index,operation_type,discharge_cycle_index,ambient_temperature,timestamp,capacity,target_next_capacity,life_region,actual_next_capacity,predicted_next_capacity,residual,absolute_error
B0005,1,discharge,0.0,24.0,2008-04-02 15:25:41,1.8564874208181574,1.846327249719927,early,1.846327249719927,1.8524251665657065,-0.0060979168457795385,0.0060979168457795385
B0005,3,discharge,1.0,24.0,2008-04-02 19:43:48,1.846327249719927,1.8353491942234077,early,1.8353491942234077,1.8425065316145186,-0.007157337391110907,0.007157337391110907
B0005,5,discharge,2.0,24.0,2008-04-03 00:01:06,1.8353491942234077,1.8352625275821128,early,1.8352625275821128,1.831799283102525,0.0034632444795879014,0.0034632444795879014
B0005,7,discharge,3.0,24.0,2008-04-03 04:16:37,1.8352625275821128,1.8346455082120419,early,1.8346455082120419,1.831593637219469,0.0030518709925728693,0.0030518709925728693
B0005,9,discharge,4.0,24.0,2008-04-03 08:33:25,1.8346455082120419,1.8356616600675495,early,1.8356616600675495,1.8308766191244013,0.004785040943148244,0.004785040943148244
B0005,11,discharge,5.0,24.0,2008-04-03 12:55:10,1.8356616600675495,1.8351461429226603,early,1.8351461429226603,1.831734323543057,0.0034118193796033314,0.0034118193796033314
B0005,13,discharge,6.0,24.0,2008-04-03 17:17:16,1.8351461429226603,1.8257567905665537,early,1.8257567905665537,1.8311151750630565,-0.005358384496502833,0.005358384496502833
B0005,15,discharge,7.0,24.0,2008-04-03 21:28:14,1.8257567905665537,1.8247738529891333,early,1.8247738529891333,1.8219397724246915,0.0028340805644417877,0.0028340805644417877
B0005,17,discharge,8.0,24.0,2008-04-04 01:38:15,1.8247738529891333,1.824613268496936,early,1.824613268496936,1.8208699317778483,0.0037433367190877753,0.0037433367190877753
B0005,19,discharge,9.0,24.0,2008-04-04 05:48:08,1.824613268496936,1.8246195526864504,early,1.8246195526864504,1.8205930134512427,0.004026539235207682,0.004026539235207682
B0005,21,discharge,10.0,24.0,2008-04-04 09:57:19,1.8246195526864504,1.8142019357673917,early,1.8142019357673917,1.820476991830268,-0.00627505606287615,0.00627505606287615
B0005,24,discharge,11.0,24.0,2008-04-04 17:56:27,1.8142019357673917,1.8137521577549054,early,1.8137521577549054,1.8103101246522486,0.003442033102656783,0.003442033102656783
B0005,26,discharge,12.0,24.0,2008-04-04 22:01:54,1.8137521577549054,1.8134404914735822,early,1.8134404914735822,1.8097543626011823,0.003686128872399941,0.003686128872399941
B0005,28,discharge,13.0,24.0,2008-04-05 02:20:26,1.8134404914735822,1.8025980036306504,early,1.8025980036306504,1.8093317694726796,-0.006733765842029227,0.006733765842029227
B0005,30,discharge,14.0,24.0,2008-04-05 06:25:01,1.8025980036306504,1.80210690024615,early,1.80210690024615,1.7987552368543371,0.00335166339181292,0.00335166339181292
B0005,32,discharge,15.0,24.0,2008-04-05 10:30:32,1.80210690024615,1.802579500826209,early,1.802579500826209,1.7981596284034085,0.004419872422800619,0.004419872422800619
B0005,34,discharge,16.0,24.0,2008-04-05 14:34:41,1.802579500826209,1.8030683142834096,early,1.8030683142834096,1.798493234419272,0.004575079864137743,0.004575079864137743
B0005,36,discharge,17.0,24.0,2008-04-05 18:39:25,1.8030683142834096,1.8027776247196041,early,1.8027776247196041,1.798842473078086,0.003935151641518031,0.003935151641518031
B0005,38,discharge,18.0,24.0,2008-04-05 22:46:35,1.8027776247196041,1.8470259949329193,early,1.8470259949329193,1.7984401059423156,0.048585888990603676,0.048585888990603676
B0005,41,discharge,19.0,24.0,2008-04-18 21:10:19,1.8470259949329193,1.847417311283644,early,1.847417311283644,1.8409828134396538,0.0064344978439903056,0.0064344978439903056
B0005,45,discharge,20.0,24.0,2008-04-19 02:29:09,1.847417311283644,1.8361774213478947,early,1.8361774213478947,1.8412380442650054,-0.005060622917110624,0.005060622917110624
B0005,49,discharge,21.0,24.0,2008-04-19 07:47:15,1.8361774213478947,1.8257807475776242,early,1.8257807475776242,1.83027833196975,-0.004497584392125775,0.004497584392125775
B0005,53,discharge,22.0,24.0,2008-04-19 13:01:42,1.8257807475776242,1.8251136435078368,early,1.8251136435078368,1.8201316584171072,0.004981985090729557,0.004981985090729557
B0005,57,discharge,23.0,24.0,2008-04-19 18:27:29,1.8251136435078368,1.8255815042203762,early,1.8255815042203762,1.8193663480774775,0.006215156142898692,0.006215156142898692
B0005,61,discharge,24.0,24.0,2008-04-19 23:41:55,1.8255815042203762,1.8140311275083907,early,1.8140311275083907,1.8196953838584642,-0.005664256350073504,0.005664256350073504
B0005,65,discharge,25.0,24.0,2008-04-20 04:54:41,1.8140311275083907,1.8147691941158939,early,1.8147691941158939,1.808436296636015,0.006332897479878863,0.006332897479878863
B0005,69,discharge,26.0,24.0,2008-04-20 10:16:28,1.8147691941158939,1.813969388710352,early,1.813969388710352,1.8090258680543407,0.004943520656011335,0.004943520656011335
B0005,73,discharge,27.0,24.0,2008-04-20 15:37:05,1.813969388710352,1.802765665167823,early,1.802765665167823,1.8081326055577416,-0.005366940389918584,0.005366940389918584
B0005,77,discharge,28.0,24.0,2008-04-20 20:50:38,1.802765665167823,1.804077040117352,early,1.804077040117352,1.7972077653155523,0.006869274801799774,0.006869274801799774
B0005,81,discharge,29.0,24.0,2008-04-21 02:15:02,1.804077040117352,1.8518025516704486,early,1.8518025516704486,1.7983501272431364,0.05345242442731224,0.05345242442731224
B0005,85,discharge,30.0,24.0,2008-04-22 15:33:49,1.8518025516704486,1.8307038456739428,early,1.8307038456739428,1.8442455344852386,-0.013541688811295804,0.013541688811295804
B0005,89,discharge,31.0,24.0,2008-04-22 20:26:18,1.8307038456739428,1.8199041089501267,early,1.8199041089501267,1.8237798381471686,-0.0038757291970419327,0.0038757291970419327
B0005,93,discharge,32.0,24.0,2008-04-23 01:18:11,1.8199041089501267,1.8093079637028517,early,1.8093079637028517,1.8132445266504722,-0.003936562947620459,0.003936562947620459
B0005,97,discharge,33.0,24.0,2008-04-23 06:18:19,1.8093079637028517,1.80460990458052,early,1.80460990458052,1.8029055204013154,0.0017043841792045988,0.0017043841792045988
B0005,101,discharge,34.0,24.0,2008-04-23 11:08:00,1.80460990458052,1.7993770651972192,early,1.7993770651972192,1.7982535167538234,0.0011235484433957943,0.0011235484433957943
B0005,105,discharge,35.0,24.0,2008-04-23 16:06:25,1.7993770651972192,1.7884432335370462,early,1.7884432335370462,1.7930858718167633,-0.004642638279717115,0.004642638279717115
B0005,109,discharge,36.0,24.0,2008-04-23 21:02:58,1.7884432335370462,1.7829230484252723,early,1.7829230484252723,1.7824212644373385,0.0005017839879337682,0.0005017839879337682
B0005,113,discharge,37.0,24.0,2008-04-24 01:51:33,1.7829230484252723,1.7730337158018288,early,1.7730337158018288,1.7769765574379777,-0.003942841636148886,0.003942841636148886
B0005,117,discharge,38.0,24.0,2008-04-24 06:50:00,1.7730337158018288,1.773037755078937,early,1.773037755078937,1.7673190680648834,0.005718687014053536,0.005718687014053536
B0005,121,discharge,39.0,24.0,2008-04-24 11:49:24,1.773037755078937,1.7678721106662054,early,1.7678721106662054,1.7672008818734997,0.0006712287927057581,0.0006712287927057581
B0005,125,discharge,40.0,24.0,2008-04-24 16:45:56,1.7678721106662054,1.7623150704093087,early,1.7623150704093087,1.7620980271013085,0.00021704330800020877,0.00021704330800020877
B0005,129,discharge,41.0,24.0,2008-04-24 21:38:11,1.7623150704093087,1.7676172924938447,early,1.7676172924938447,1.756617783946361,0.01099950854748366,0.01099950854748366
B0005,133,discharge,42.0,24.0,2008-04-25 12:03:44,1.7676172924938447,1.762668359743147,early,1.762668359743147,1.7616081666655794,0.0010601930775675505,0.0010601930775675505
B0005,135,discharge,43.0,24.0,2008-04-25 20:03:55,1.762668359743147,1.7517304870664143,early,1.7517304870664143,1.7567142677749554,-0.004983780708541108,0.004983780708541108
B0005,139,discharge,44.0,24.0,2008-04-26 01:04:35,1.7517304870664143,1.7418496047960008,early,1.7418496047960008,1.746045764000802,-0.004196159204801209,0.004196159204801209
B0005,143,discharge,45.0,24.0,2008-04-26 05:57:35,1.7418496047960008,1.7360913511847138,early,1.7360913511847138,1.7363964225554673,-0.0003050713707535291,0.0003050713707535291
B0005,147,discharge,46.0,24.0,2008-04-26 10:58:25,1.7360913511847138,1.7936240148573608,early,1.7936240148573608,1.73072216716576,0.06290184769160079,0.06290184769160079
B0005,149,discharge,47.0,24.0,2008-04-29 12:15:56,1.7936240148573608,1.7831890223273275,early,1.7831890223273275,1.7860737434832745,-0.0028847211559470676,0.0028847211559470676
B0005,153,discharge,48.0,24.0,2008-04-29 17:05:27,1.7831890223273275,1.7673642076278957,early,1.7673642076278957,1.775890122540945,-0.008525914913049215,0.008525914913049215
B0005,157,discharge,49.0,24.0,2008-04-29 22:00:04,1.7673642076278957,1.7570177850353066,early,1.7570177850353066,1.7605095729592979,-0.0034917879239912963,0.0034917879239912963
B0005,161,discharge,50.0,24.0,2008-04-30 02:43:55,1.7570177850353066,1.7468706179837907,early,1.7468706179837907,1.7504113521711886,-0.003540734187397865,0.003540734187397865
B0005,165,discharge,51.0,24.0,2008-04-30 07:41:42,1.7468706179837907,1.7417172507457144,early,1.7417172507457144,1.7405052558716805,0.0012119948740338948,0.0012119948740338948
B0005,169,discharge,52.0,24.0,2008-04-30 12:28:49,1.7417172507457144,1.7364225056478186,early,1.7364225056478186,1.735414238892754,0.0010082667550646018,0.0010082667550646018
B0005,173,discharge,53.0,24.0,2008-04-30 17:20:16,1.7364225056478186,1.7263217239235826,early,1.7263217239235826,1.73018690375238,-0.003865179828797416,0.003865179828797416
B0005,177,discharge,54.0,24.0,2008-04-30 22:14:54,1.7263217239235826,1.7158065389330133,early,1.7158065389330133,1.7203255327199045,-0.0045189937868912455,0.0045189937868912455
B0005,181,discharge,55.0,24.0,2008-05-01 03:15:33,1.7158065389330133,1.710533351135192,middle,1.710533351135192,1.710064589283118,0.0004687618520737846,0.0004687618520737846
B0005,185,discharge,56.0,24.0,2008-05-01 08:16:03,1.710533351135192,1.706014499648521,middle,1.706014499648521,1.7048580399398674,0.0011564597086535233,0.0011564597086535233
B0005,189,discharge,57.0,24.0,2008-05-01 13:14:24,1.706014499648521,1.7003110272642588,middle,1.7003110272642588,1.7003788303595782,-6.780309531939643e-05,6.780309531939643e-05
B0005,193,discharge,58.0,24.0,2008-05-01 18:11:10,1.7003110272642588,1.6945798601797895,middle,1.6945798601797895,1.6947573956601782,-0.00017753548038879075,0.00017753548038879075
B0005,197,discharge,59.0,24.0,2008-05-01 23:10:15,1.6945798601797895,1.6849029086609286,middle,1.6849029086609286,1.6891092574117297,-0.004206348750801059,0.004206348750801059
B0005,201,discharge,60.0,24.0,2008-05-02 03:53:34,1.6849029086609286,1.6744741591159717,middle,1.6744741591159717,1.67965654834681,-0.005182389230838247,0.005182389230838247
B0005,205,discharge,61.0,24.0,2008-05-02 08:44:40,1.6744741591159717,1.6745692479879102,middle,1.6745692479879102,1.6694789469626252,0.00509030102528496,0.00509030102528496
B0005,209,discharge,62.0,24.0,2008-05-02 13:43:05,1.6745692479879102,1.663716375981405,middle,1.663716375981405,1.669448551839685,-0.005732175858280009,0.005732175858280009
B0005,213,discharge,63.0,24.0,2008-05-02 19:07:48,1.663716375981405,1.659013868748246,middle,1.659013868748246,1.6588620066911752,0.00015186205707085065,0.00015186205707085065
B0005,215,discharge,64.0,24.0,2008-05-02 23:24:17,1.659013868748246,1.6538540573335014,middle,1.6538540573335014,1.6542057141239705,-0.0003516567904691126,0.0003516567904691126
B0005,219,discharge,65.0,24.0,2008-05-03 04:13:08,1.6538540573335014,1.642653782130131,middle,1.642653782130131,1.6491084835956482,-0.0064547014655171875,0.0064547014655171875
B0005,223,discharge,66.0,24.0,2008-05-03 09:10:19,1.642653782130131,1.6378578430223698,middle,1.6378578430223698,1.6381869682818089,-0.000329125259439067,0.000329125259439067
B0005,227,discharge,67.0,24.0,2008-05-03 14:04:34,1.6378578430223698,1.6327350407099108,middle,1.6327350407099108,1.6334405876245552,-0.0007055469146444171,0.0007055469146444171
B0005,231,discharge,68.0,24.0,2008-05-03 18:58:13,1.6327350407099108,1.6277528915533617,middle,1.6277528915533617,1.6283790416990898,-0.0006261501457280882,0.0006261501457280882
B0005,235,discharge,69.0,24.0,2008-05-03 23:42:30,1.6277528915533617,1.622125485521159,middle,1.622125485521159,1.6234531151672116,-0.0013276296460524861,0.0013276296460524861
B0005,239,discharge,70.0,24.0,2008-05-04 04:41:40,1.622125485521159,1.6113256603765849,middle,1.6113256603765849,1.6179050245209332,-0.006579364144348343,0.006579364144348343
B0005,243,discharge,71.0,24.0,2008-05-04 09:40:11,1.6113256603765849,1.6065631397488385,middle,1.6065631397488385,1.607369627767923,-0.0008064880190845614,0.0008064880190845614
B0005,247,discharge,72.0,24.0,2008-05-04 14:38:13,1.6065631397488385,1.6015142233917594,middle,1.6015142233917594,1.6026554695941602,-0.0011412462024007475,0.0011412462024007475
B0005,251,discharge,73.0,24.0,2008-05-04 19:37:07,1.6015142233917594,1.590369231400328,middle,1.590369231400328,1.5976651653582141,-0.0072959339578861915,0.0072959339578861915
B0005,255,discharge,74.0,24.0,2008-05-05 00:35:53,1.590369231400328,1.5857889968242211,middle,1.5857889968242211,1.5867969547543204,-0.0010079579300992236,0.0010079579300992236
B0005,259,discharge,75.0,24.0,2008-05-05 05:28:13,1.5857889968242211,1.5849430707374117,middle,1.5849430707374117,1.5822585588919176,0.0026845118454941197,0.0026845118454941197
B0005,263,discharge,76.0,24.0,2008-05-05 11:41:31,1.5849430707374117,1.5955263892495937,middle,1.5955263892495937,1.58132082630302,0.014205562946573602,0.014205562946573602
B0005,265,discharge,77.0,24.0,2008-05-05 20:40:08,1.5955263892495937,1.5747301747801037,middle,1.5747301747801037,1.591403303048579,-0.016673128268475335,0.016673128268475335
B0005,269,discharge,78.0,24.0,2008-05-06 01:38:46,1.5747301747801037,1.5649019950937946,middle,1.5649019950937946,1.5712292725262802,-0.006327277432485623,0.006327277432485623
B0005,273,discharge,79.0,24.0,2008-05-06 06:37:06,1.5649019950937946,1.5597659473370362,middle,1.5597659473370362,1.5616307475197984,-0.0018648001827621385,0.0018648001827621385
B0005,277,discharge,80.0,24.0,2008-05-06 11:25:21,1.5597659473370362,1.5594815668184234,middle,1.5594815668184234,1.5565564301843204,0.002925136634102987,0.002925136634102987
B0005,281,discharge,81.0,24.0,2008-05-06 16:23:36,1.5594815668184234,1.55468935359061,middle,1.55468935359061,1.5561601463026198,-0.001470792712009894,0.001470792712009894
B0005,285,discharge,82.0,24.0,2008-05-06 21:21:49,1.55468935359061,1.5488741079890418,middle,1.5488741079890418,1.5514173581817428,-0.002543250192700963,0.002543250192700963
B0005,289,discharge,83.0,24.0,2008-05-07 02:17:25,1.5488741079890418,1.538236598942558,middle,1.538236598942558,1.545688150458323,-0.0074515515157651535,0.0074515515157651535
B0005,293,discharge,84.0,24.0,2008-05-07 07:04:02,1.538236598942558,1.527914258251028,middle,1.527914258251028,1.5353092607573595,-0.007395002506331627,0.007395002506331627
B0005,297,discharge,85.0,24.0,2008-05-07 12:01:49,1.527914258251028,1.5285252629756445,middle,1.5285252629756445,1.5252342600157323,0.003291002959912248,0.003291002959912248
B0005,301,discharge,86.0,24.0,2008-05-07 16:59:29,1.5285252629756445,1.522647325284378,middle,1.522647325284378,1.5257013169025233,-0.0030539916181453464,0.0030539916181453464
B0005,305,discharge,87.0,24.0,2008-05-07 21:56:09,1.522647325284378,1.5174859938489869,middle,1.5174859938489869,1.5199116607438543,-0.002425666894867451,0.002425666894867451
B0005,309,discharge,88.0,24.0,2008-05-08 02:53:49,1.5174859938489869,1.605818899130659,middle,1.605818899130659,1.5148129645941104,0.0910059345365486,0.0910059345365486
B0005,312,discharge,89.0,24.0,2008-05-09 12:25:07,1.605818899130659,1.5638491446744425,middle,1.5638491446744425,1.5998624887631607,-0.03601334408871826,0.03601334408871826
B0005,315,discharge,90.0,24.0,2008-05-09 20:28:09,1.5638491446744425,1.5480915247767786,middle,1.5480915247767786,1.5592726870160687,-0.01118116223929011,0.01118116223929011
B0005,319,discharge,91.0,24.0,2008-05-10 01:21:56,1.5480915247767786,1.5323755631868592,middle,1.5323755631868592,1.5439569274365301,-0.011581364249670933,0.011581364249670933
B0005,323,discharge,92.0,24.0,2008-05-10 06:18:12,1.5323755631868592,1.5269528268489705,middle,1.5269528268489705,1.5286813352773219,-0.0017285084283513719,0.0017285084283513719
B0005,327,discharge,93.0,24.0,2008-05-10 11:16:04,1.5269528268489705,1.5169573017136326,middle,1.5169573017136326,1.523330589508583,-0.0063732877949502775,0.0063732877949502775
B0005,331,discharge,94.0,24.0,2008-05-10 16:11:56,1.5169573017136326,1.5118975960142693,middle,1.5118975960142693,1.5135707080919296,-0.0016731120776602992,0.0016731120776602992
B0005,335,discharge,95.0,24.0,2008-05-10 21:07:54,1.5118975960142693,1.5065638960681105,middle,1.5065638960681105,1.508570000647834,-0.0020061045797235,0.0020061045797235
B0005,339,discharge,96.0,24.0,2008-05-11 02:05:21,1.5065638960681105,1.5015453526671363,middle,1.5015453526671363,1.5033051047939123,-0.0017597521267760374,0.0017597521267760374
B0005,343,discharge,97.0,24.0,2008-05-11 06:55:27,1.5015453526671363,1.4908444050400238,middle,1.4908444050400238,1.4983440865122113,-0.007499681472187492,0.007499681472187492
B0005,347,discharge,98.0,24.0,2008-05-11 11:52:47,1.4908444050400238,1.485868384561201,middle,1.485868384561201,1.4879040286008423,-0.0020356440396411823,0.0020356440396411823
B0005,351,discharge,99.0,24.0,2008-05-11 16:49:58,1.485868384561201,1.480413677976106,middle,1.480413677976106,1.482984011410645,-0.0025703334345390516,0.0025703334345390516
B0005,355,discharge,100.0,24.0,2008-05-11 21:47:12,1.480413677976106,1.4752095869031632,middle,1.4752095869031632,1.4776024395611762,-0.002392852658013034,0.002392852658013034
B0005,359,discharge,101.0,24.0,2008-05-12 02:36:58,1.4752095869031632,1.4859035988304024,middle,1.4859035988304024,1.4724625140762122,0.013441084754190147,0.013441084754190147
B0005,363,discharge,102.0,24.0,2008-05-12 12:56:34,1.4859035988304024,1.4960918298136696,middle,1.4960918298136696,1.482651722688021,0.013440107125648693,0.013440107125648693
B0005,366,discharge,103.0,24.0,2008-05-12 18:59:59,1.4960918298136696,1.4808005946928984,middle,1.4808005946928984,1.4923532514858513,-0.01155265679295292,0.01155265679295292
B0005,370,discharge,104.0,24.0,2008-05-12 23:53:17,1.4808005946928984,1.4697543268466824,middle,1.4697543268466824,1.477487185482056,-0.007732858635373541,0.007732858635373541
B0005,374,discharge,105.0,24.0,2008-05-13 04:35:25,1.4697543268466824,1.4539012274845928,middle,1.4539012274845928,1.466714165836516,-0.012812938351923098,0.012812938351923098
B0005,378,discharge,106.0,24.0,2008-05-13 09:24:04,1.4539012274845928,1.4541462067235693,middle,1.4541462067235693,1.4513063438572276,0.002839862866341747,0.002839862866341747
B0005,382,discharge,107.0,24.0,2008-05-13 14:20:24,1.4541462067235693,1.455023751906683,middle,1.455023751906683,1.4514204747532795,0.0036032771534035835,0.0036032771534035835
B0005,386,discharge,108.0,24.0,2008-05-13 19:04:20,1.455023751906683,1.449042163761236,middle,1.449042163761236,1.4521445330213343,-0.0031023692600982145,0.0031023692600982145
B0005,390,discharge,109.0,24.0,2008-05-13 23:59:26,1.449042163761236,1.4386709371480566,middle,1.4386709371480566,1.4462549359004442,-0.007583998752387577,0.007583998752387577
B0005,394,discharge,110.0,24.0,2008-05-14 04:55:57,1.4386709371480566,1.433445432156979,middle,1.433445432156979,1.4361327987898804,-0.002687366632901478,0.002687366632901478
B0005,398,discharge,111.0,24.0,2008-05-14 09:52:22,1.433445432156979,1.4333958900838095,late,1.4333958900838095,1.4309722257583113,0.0024236643254982315,0.0024236643254982315
B0005,402,discharge,112.0,24.0,2008-05-14 14:35:22,1.4333958900838095,1.42806487344776,late,1.42806487344776,1.4308023758116053,-0.002737502363845401,0.002737502363845401
B0005,406,discharge,113.0,24.0,2008-05-14 19:31:39,1.42806487344776,1.4229203181741186,late,1.4229203181741186,1.425540067236209,-0.002619749062090504,0.002619749062090504
B0005,410,discharge,114.0,24.0,2008-05-15 00:27:55,1.4229203181741186,1.417429032731308,late,1.417429032731308,1.4204575468549256,-0.0030285141236177093,0.0030285141236177093
B0005,414,discharge,115.0,24.0,2008-05-15 05:24:04,1.417429032731308,1.412409228794446,late,1.412409228794446,1.415040705249372,-0.0026314764549260072,0.0026314764549260072
B0005,418,discharge,116.0,24.0,2008-05-15 10:20:03,1.412409228794446,1.412578792940193,late,1.412578792940193,1.4100784715444439,0.002500321395749072,0.002500321395749072
B0005,422,discharge,117.0,24.0,2008-05-15 15:10:59,1.412578792940193,1.4075983731469897,late,1.4075983731469897,1.4101198863386424,-0.0025215131916527245,0.0025215131916527245
B0005,426,discharge,118.0,24.0,2008-05-15 19:56:47,1.4075983731469897,1.4333920485221476,late,1.4333920485221476,1.4051956272788286,0.028196421243319003,0.028196421243319003
B0005,430,discharge,119.0,24.0,2008-05-16 16:54:59,1.4333920485221476,1.4382550176792908,late,1.4382550176792908,1.4299441053711937,0.008310912308097107,0.008310912308097107
B0005,432,discharge,120.0,24.0,2008-05-16 21:37:39,1.4382550176792908,1.4173547174485526,late,1.4173547174485526,1.4345109553565802,-0.01715623790802767,0.01715623790802767
B0005,436,discharge,121.0,24.0,2008-05-17 02:32:13,1.4173547174485526,1.406981663677643,late,1.406981663677643,1.4142365641439703,-0.007254900466327152,0.007254900466327152
B0005,440,discharge,122.0,24.0,2008-05-17 07:25:19,1.406981663677643,1.4012037783587625,late,1.4012037783587625,1.40411266526687,-0.002908886908107533,0.002908886908107533
B0005,444,discharge,123.0,24.0,2008-05-17 12:21:15,1.4012037783587625,1.3967008232726328,late,1.3967008232726328,1.3984194807584969,-0.0017186574858640835,0.0017186574858640835
B0005,448,discharge,124.0,24.0,2008-05-17 17:15:37,1.3967008232726328,1.391284788852726,late,1.391284788852726,1.393955598670774,-0.0026708098180479034,0.0026708098180479034
B0005,452,discharge,125.0,24.0,2008-05-17 22:10:51,1.391284788852726,1.3862287677978349,late,1.3862287677978349,1.388611314968575,-0.002382547170740157,0.002382547170740157
B0005,456,discharge,126.0,24.0,2008-05-18 03:05:19,1.3862287677978349,1.3804366761974138,late,1.3804366761974138,1.3836141603011356,-0.0031774841037217616,0.0031774841037217616
B0005,460,discharge,127.0,24.0,2008-05-18 08:00:50,1.3804366761974138,1.3752364150256224,late,1.3752364150256224,1.377907277932411,-0.0026708629067886402,0.0026708629067886402
B0005,464,discharge,128.0,24.0,2008-05-18 12:44:48,1.3752364150256224,1.3705128024895008,late,1.3705128024895008,1.3727710452822668,-0.0022582427927659854,0.0022582427927659854
B0005,468,discharge,129.0,24.0,2008-05-18 17:36:29,1.3705128024895008,1.3705085566270399,late,1.3705085566270399,1.3680944027387623,0.0024141538882775926,0.0024141538882775926
B0005,472,discharge,130.0,24.0,2008-05-18 22:31:45,1.3705085566270399,1.3647355108681518,late,1.3647355108681518,1.3679682279203416,-0.0032327170521897486,0.0032327170521897486
B0005,476,discharge,131.0,24.0,2008-05-19 03:27:07,1.3647355108681518,1.375392016895762,late,1.375392016895762,1.3622797097714767,0.01311230712428535,0.01311230712428535
B0005,480,discharge,132.0,24.0,2008-05-19 15:34:33,1.375392016895762,1.3861115151535393,late,1.3861115151535393,1.372432754762706,0.013678760390833267,0.013678760390833267
B0005,482,discharge,133.0,24.0,2008-05-19 20:59:48,1.3861115151535393,1.3698500035838939,late,1.3698500035838939,1.3826465375880828,-0.012796534004188898,0.012796534004188898
B0005,484,discharge,134.0,24.0,2008-05-20 01:16:42,1.3698500035838939,1.3647827949260758,late,1.3647827949260758,1.366844919852388,-0.002062124926312192,0.002062124926312192
B0005,488,discharge,135.0,24.0,2008-05-20 06:12:06,1.3647827949260758,1.3543220466259964,late,1.3543220466259964,1.3618369779692985,-0.007514931343302056,0.007514931343302056
B0005,492,discharge,136.0,24.0,2008-05-20 11:07:23,1.3543220466259964,1.3546417018378962,late,1.3546417018378962,1.3516285230167226,0.003013178821173579,0.003013178821173579
B0005,496,discharge,137.0,24.0,2008-05-20 15:57:27,1.3546417018378962,1.3547039213192407,late,1.3547039213192407,1.3518146573463123,0.0028892639729283243,0.0028892639729283243
B0005,500,discharge,138.0,24.0,2008-05-20 20:50:39,1.3547039213192407,1.349314997503458,late,1.349314997503458,1.3517525691782277,-0.0024375716747697673,0.0024375716747697673
B0005,504,discharge,139.0,24.0,2008-05-21 01:39:38,1.349314997503458,1.3441891937970554,late,1.3441891937970554,1.3464344258329042,-0.00224523203584881,0.00224523203584881
B0005,508,discharge,140.0,24.0,2008-05-21 06:24:27,1.3441891937970554,1.3389913790695755,late,1.3389913790695755,1.341369985928815,-0.002378606859239518,0.002378606859239518
B0005,512,discharge,141.0,24.0,2008-05-21 11:18:06,1.3389913790695755,1.3389145230206971,late,1.3389145230206971,1.336236112168465,0.0026784108522321937,0.0026784108522321937
B0005,516,discharge,142.0,24.0,2008-05-21 16:10:21,1.3389145230206971,1.3340066759761655,late,1.3340066759761655,1.3360399257716582,-0.0020332497954926865,0.0020332497954926865
B0005,520,discharge,143.0,24.0,2008-05-21 21:02:09,1.3340066759761655,1.3286444309174914,late,1.3286444309174914,1.3311856421923247,-0.0025412112748333104,0.0025412112748333104
B0005,524,discharge,144.0,24.0,2008-05-22 01:42:59,1.3286444309174914,1.3231708992276219,late,1.3231708992276219,1.3258932228120082,-0.002722323584386288,0.002722323584386288
B0005,528,discharge,145.0,24.0,2008-05-22 06:32:40,1.3231708992276219,1.3181691588445197,late,1.3181691588445197,1.320493499579606,-0.002324340735086361,0.002324340735086361
B0005,532,discharge,146.0,24.0,2008-05-22 11:23:22,1.3181691588445197,1.3184664436640334,late,1.3184664436640334,1.3155486829613479,0.002917760702685568,0.002917760702685568
B0005,536,discharge,147.0,24.0,2008-05-22 16:17:58,1.3184664436640334,1.318293040102702,late,1.318293040102702,1.3157132475008386,0.002579792601863362,0.002579792601863362
B0005,540,discharge,148.0,24.0,2008-05-22 20:59:50,1.318293040102702,1.323872422244268,late,1.323872422244268,1.3154239688800675,0.008448453364200414,0.008448453364200414
B0005,544,discharge,149.0,24.0,2008-05-23 12:13:16,1.323872422244268,1.3601216766554785,late,1.3601216766554785,1.320681592519818,0.03944008413566036,0.03944008413566036
B0005,547,discharge,150.0,24.0,2008-05-23 20:14:29,1.3601216766554785,1.3395306867947354,late,1.3395306867947354,1.3555114603919083,-0.01598077359717287,0.01598077359717287
B0005,551,discharge,151.0,24.0,2008-05-24 01:09:21,1.3395306867947354,1.3290286565120697,late,1.3290286565120697,1.3355353098020395,-0.006506653289969799,0.006506653289969799
B0005,555,discharge,152.0,24.0,2008-05-24 06:00:20,1.3290286565120697,1.3236741274998955,late,1.3236741274998955,1.3252870502861873,-0.0016129227862917705,0.0016129227862917705
B0005,559,discharge,153.0,24.0,2008-05-24 10:42:50,1.3236741274998955,1.318633896753293,late,1.318633896753293,1.3200020708068132,-0.001368174053520299,0.001368174053520299
B0005,563,discharge,154.0,24.0,2008-05-24 15:31:10,1.318633896753293,1.3134751321324272,late,1.3134751321324272,1.3150201413365674,-0.0015450092041402463,0.0015450092041402463
B0005,567,discharge,155.0,24.0,2008-05-24 20:21:13,1.3134751321324272,1.3132020634442203,late,1.3132020634442203,1.3099239201389645,0.0032781433052557762,0.0032781433052557762
B0005,571,discharge,156.0,24.0,2008-05-25 01:06:49,1.3132020634442203,1.3077959946944353,late,1.3077959946944353,1.3095385432544808,-0.0017425485600455204,0.0017425485600455204
B0005,575,discharge,157.0,24.0,2008-05-25 05:57:17,1.3077959946944353,1.3030329186405918,late,1.3030329186405918,1.3042038685662418,-0.0011709499256500333,0.0011709499256500333
B0005,579,discharge,158.0,24.0,2008-05-25 10:51:37,1.3030329186405918,1.3033573559038205,late,1.3033573559038205,1.2994891748442363,0.003868181059584197,0.003868181059584197
B0005,583,discharge,159.0,24.0,2008-05-25 15:37:08,1.3033573559038205,1.3034100438655642,late,1.3034100438655642,1.2996799200828177,0.0037301237827465084,0.0037301237827465084
B0005,587,discharge,160.0,24.0,2008-05-25 20:23:04,1.3034100438655642,1.2978870806495706,late,1.2978870806495706,1.2996086415137085,-0.0017215608641378832,0.0017215608641378832
B0005,591,discharge,161.0,24.0,2008-05-26 01:13:02,1.2978870806495706,1.2980735056918902,late,1.2980735056918902,1.2941612558342483,0.003912249857641825,0.003912249857641825
B0005,595,discharge,162.0,24.0,2008-05-26 06:01:08,1.2980735056918902,1.293463613844243,late,1.293463613844243,1.2942189280992,-0.0007553142549570069,0.0007553142549570069
B0005,599,discharge,163.0,24.0,2008-05-26 10:44:38,1.293463613844243,1.288003392619118,late,1.288003392619118,1.2896519363538557,-0.001648543734737773,0.001648543734737773
B0005,603,discharge,164.0,24.0,2008-05-26 15:30:43,1.288003392619118,1.2874525221379407,late,1.2874525221379407,1.2842650472249284,0.0031874749130123003,0.0031874749130123003
B0005,607,discharge,165.0,24.0,2008-05-26 20:21:04,1.2874525221379407,1.3090153642307354,late,1.3090153642307354,1.2836118106507244,0.025403553580011007,0.025403553580011007
B0005,611,discharge,166.0,24.0,2008-05-27 15:52:41,1.3090153642307354,1.3250793286429356,late,1.3250793286429356,1.3042808705429623,0.020798458099973383,0.020798458099973383
B0006,1,discharge,0.0,24.0,2008-04-02 15:25:41,2.035337591005598,2.0251402460314116,early,2.0251402460314116,2.0252919214459655,-0.00015167541455385347,0.00015167541455385347
B0006,3,discharge,1.0,24.0,2008-04-02 19:43:48,2.0251402460314116,2.013326371345464,early,2.013326371345464,2.0153363650641,-0.0020099937186359718,0.0020099937186359718
B0006,5,discharge,2.0,24.0,2008-04-03 00:01:06,2.013326371345464,2.0132846655407413,early,2.0132846655407413,2.0038190716005704,0.00946559394017088,0.00946559394017088
B0006,7,discharge,3.0,24.0,2008-04-03 04:16:37,2.0132846655407413,2.000528337624771,early,2.000528337624771,2.0036749267650253,-0.003146589140254452,0.003146589140254452
B0006,9,discharge,4.0,24.0,2008-04-03 08:33:25,2.000528337624771,2.0138990759931645,early,2.0138990759931645,1.9912471247309753,0.02265195126218922,0.02265195126218922
B0006,11,discharge,5.0,24.0,2008-04-03 12:55:10,2.0138990759931645,2.013101105626967,early,2.013101105626967,2.004060806323548,0.009040299303419097,0.009040299303419097
B0006,13,discharge,6.0,24.0,2008-04-03 17:17:16,2.013101105626967,1.9687898262728398,early,1.9687898262728398,2.003186030680162,-0.03439620440732205,0.03439620440732205
B0006,15,discharge,7.0,24.0,2008-04-03 21:28:14,1.9687898262728398,1.9681661764334244,early,1.9681661764334244,1.96027283922672,0.007893337206704487,0.007893337206704487
B0006,17,discharge,8.0,24.0,2008-04-04 01:38:15,1.9681661764334244,1.9572307917560536,early,1.9572307917560536,1.959566475477523,-0.002335683721469417,0.002335683721469417
B0006,19,discharge,9.0,24.0,2008-04-04 05:48:08,1.9572307917560536,1.9455991514129352,early,1.9455991514129352,1.9488978954105267,-0.003298743997591558,0.003298743997591558
B0006,21,discharge,10.0,24.0,2008-04-04 09:57:19,1.9455991514129352,1.9347505044841131,early,1.9347505044841131,1.9375566594166982,-0.00280615493258507,0.00280615493258507
B0006,24,discharge,11.0,24.0,2008-04-04 17:56:27,1.9347505044841131,1.9232799539368028,early,1.9232799539368028,1.9269718771031874,-0.0036919231663845586,0.0036919231663845586
B0006,26,discharge,12.0,24.0,2008-04-04 22:01:54,1.9232799539368028,1.911889930948487,early,1.911889930948487,1.9157862707311104,-0.0038963397826234925,0.0038963397826234925
B0006,28,discharge,13.0,24.0,2008-04-05 02:20:26,1.911889930948487,1.9010667141979305,early,1.9010667141979305,1.9046784624187052,-0.003611748220774702,0.003611748220774702
B0006,30,discharge,14.0,24.0,2008-04-05 06:25:01,1.9010667141979305,1.8891989948061458,early,1.8891989948061458,1.8941182483219752,-0.004919253515829336,0.004919253515829336
B0006,32,discharge,15.0,24.0,2008-04-05 10:30:32,1.8891989948061458,1.878278372248849,early,1.878278372248849,1.882548935230755,-0.004270562981905979,0.004270562981905979
B0006,34,discharge,16.0,24.0,2008-04-05 14:34:41,1.878278372248849,1.8675697161520206,early,1.8675697161520206,1.8718946169185262,-0.004324900766505602,0.004324900766505602
B0006,36,discharge,17.0,24.0,2008-04-05 18:39:25,1.8675697161520206,1.8675892574453767,early,1.8675892574453767,1.861445080416971,0.00614417702840564,0.00614417702840564
B0006,38,discharge,18.0,24.0,2008-04-05 22:46:35,1.8675892574453767,1.979626548250818,early,1.979626548250818,1.8613601066956458,0.11826644155517219,0.11826644155517219
B0006,41,discharge,19.0,24.0,2008-04-18 21:10:19,1.979626548250818,1.9575499080884022,early,1.9575499080884022,1.9694960162310267,-0.011946108142624423,0.011946108142624423
B0006,45,discharge,20.0,24.0,2008-04-19 02:29:09,1.9575499080884022,1.9458150170787551,early,1.9458150170787551,1.9480638159839079,-0.002248798905152727,0.002248798905152727
B0006,49,discharge,21.0,24.0,2008-04-19 07:47:15,1.9458150170787551,1.9242461121680094,early,1.9242461121680094,1.9366228290276002,-0.012376716859590742,0.012376716859590742
B0006,53,discharge,22.0,24.0,2008-04-19 13:01:42,1.9242461121680094,1.9459811331421641,early,1.9459811331421641,1.9156811542341314,0.03029997890803271,0.03029997890803271
B0006,57,discharge,23.0,24.0,2008-04-19 18:27:29,1.9459811331421641,1.901407930553079,early,1.901407930553079,1.9365756092340156,-0.03516767868093651,0.03516767868093651
B0006,61,discharge,24.0,24.0,2008-04-19 23:41:55,1.901407930553079,1.878674213680085,early,1.878674213680085,1.8934093724912686,-0.014735158811183702,0.014735158811183702
B0006,65,discharge,25.0,24.0,2008-04-20 04:54:41,1.878674213680085,1.8683061328264219,early,1.8683061328264219,1.8713423672931848,-0.0030362344667629326,0.0030362344667629326
B0006,69,discharge,26.0,24.0,2008-04-20 10:16:28,1.8683061328264219,1.8560244070082998,early,1.8560244070082998,1.8612218621620267,-0.0051974551537268265,0.0051974551537268265
B0006,73,discharge,27.0,24.0,2008-04-20 15:37:05,1.8560244070082998,1.8451997961855777,early,1.8451997961855777,1.8492525754833409,-0.004052779297763154,0.004052779297763154
B0006,77,discharge,28.0,24.0,2008-04-20 20:50:38,1.8451997961855777,1.857228890885317,early,1.857228890885317,1.8386910145668276,0.018537876318489355,0.018537876318489355
B0006,81,discharge,29.0,24.0,2008-04-21 02:15:02,1.857228890885317,1.9247760889090635,early,1.9247760889090635,1.8502085277979574,0.07456756111110607,0.07456756111110607
B0006,85,discharge,30.0,24.0,2008-04-22 15:33:49,1.9247760889090635,1.8822317526092551,early,1.8822317526092551,1.9153623460310278,-0.033130593421772714,0.033130593421772714
B0006,89,discharge,31.0,24.0,2008-04-22 20:26:18,1.8822317526092551,1.855276687885587,early,1.855276687885587,1.874156206708481,-0.018879518822893848,0.018879518822893848
B0006,93,discharge,32.0,24.0,2008-04-23 01:18:11,1.855276687885587,1.8392508917181876,early,1.8392508917181876,1.848010937173508,-0.008760045455320498,0.008760045455320498
B0006,97,discharge,33.0,24.0,2008-04-23 06:18:19,1.8392508917181876,1.8185396073994429,early,1.8185396073994429,1.8324244862334536,-0.013884878834010683,0.013884878834010683
B0006,101,discharge,34.0,24.0,2008-04-23 11:08:00,1.8185396073994429,1.8134770059567056,early,1.8134770059567056,1.8123113627934067,0.001165643163298924,0.001165643163298924
B0006,105,discharge,35.0,24.0,2008-04-23 16:06:25,1.8134770059567056,1.7971018450305436,early,1.7971018450305436,1.8073165066817254,-0.010214661651181789,0.010214661651181789
B0006,109,discharge,36.0,24.0,2008-04-23 21:02:58,1.7971018450305436,1.7810046294120476,early,1.7810046294120476,1.7913925327782414,-0.010387903366193774,0.010387903366193774
B0006,113,discharge,37.0,24.0,2008-04-24 01:51:33,1.7810046294120476,1.7710130422682329,early,1.7710130422682329,1.7757370831650925,-0.004724040896859627,0.004724040896859627
B0006,117,discharge,38.0,24.0,2008-04-24 06:50:00,1.7710130422682329,1.7604712448170943,early,1.7604712448170943,1.765980310406686,-0.005509065589591744,0.005509065589591744
B0006,121,discharge,39.0,24.0,2008-04-24 11:49:24,1.7604712448170943,1.7502913788006587,early,1.7502913788006587,1.7556919768403285,-0.005400598039669857,0.005400598039669857
B0006,125,discharge,40.0,24.0,2008-04-24 16:45:56,1.7502913788006587,1.7394925037732578,early,1.7394925037732578,1.7457533069630964,-0.006260803189838571,0.006260803189838571
B0006,129,discharge,41.0,24.0,2008-04-24 21:38:11,1.7394925037732578,1.7546766553637203,early,1.7546766553637203,1.735216609521462,0.019460045842258245,0.019460045842258245
B0006,133,discharge,42.0,24.0,2008-04-25 12:03:44,1.7546766553637203,1.7659390941842175,early,1.7659390941842175,1.7497822382961237,0.01615685588809379,0.01615685588809379
B0006,135,discharge,43.0,24.0,2008-04-25 20:03:55,1.7659390941842175,1.7337887419624838,early,1.7337887419624838,1.7605590816176464,-0.026770339655162623,0.026770339655162623
B0006,139,discharge,44.0,24.0,2008-04-26 01:04:35,1.7337887419624838,1.713325912040734,early,1.713325912040734,1.729394619996936,-0.016068707956201855,0.016068707956201855
B0006,143,discharge,45.0,24.0,2008-04-26 05:57:35,1.713325912040734,1.7024077813673466,early,1.7024077813673466,1.709521529537456,-0.007113748170109346,0.007113748170109346
B0006,147,discharge,46.0,24.0,2008-04-26 10:58:25,1.7024077813673466,1.82371946178183,early,1.82371946178183,1.6988696186461834,0.12484984313564662,0.12484984313564662
B0006,149,discharge,47.0,24.0,2008-04-29 12:15:56,1.82371946178183,1.8081284050314708,early,1.8081284050314708,1.8159655603151243,-0.007837155283653585,0.007837155283653585
B0006,153,discharge,48.0,24.0,2008-04-29 17:05:27,1.8081284050314708,1.7757610945034283,early,1.7757610945034283,1.800799113203959,-0.025038018700530573,0.025038018700530573
B0006,157,discharge,49.0,24.0,2008-04-29 22:00:04,1.7757610945034283,1.7447409841836798,early,1.7447409841836798,1.769425047126447,-0.02468406294276715,0.02468406294276715
B0006,161,discharge,50.0,24.0,2008-04-30 02:43:55,1.7447409841836798,1.729207034132373,early,1.729207034132373,1.7393525176098839,-0.010145483477510764,0.010145483477510764
B0006,165,discharge,51.0,24.0,2008-04-30 07:41:42,1.729207034132373,1.7081086552553244,early,1.7081086552553244,1.7242412415536472,-0.016132586298322815,0.016132586298322815
B0006,169,discharge,52.0,24.0,2008-04-30 12:28:49,1.7081086552553244,1.6975954237461768,early,1.6975954237461768,1.7037541442104822,-0.006158720464305434,0.006158720464305434
B0006,173,discharge,53.0,24.0,2008-04-30 17:20:16,1.6975954237461768,1.6820634524029463,early,1.6820634524029463,1.6934934083372295,-0.011429955934283198,0.011429955934283198
B0006,177,discharge,54.0,24.0,2008-04-30 22:14:54,1.6820634524029463,1.6714768322295086,early,1.6714768322295086,1.6783840439203237,-0.006907211690815096,0.006907211690815096
B0006,181,discharge,55.0,24.0,2008-05-01 03:15:33,1.6714768322295086,1.6607591387047655,middle,1.6607591387047655,1.668052406907697,-0.007293268202931413,0.007293268202931413
B0006,185,discharge,56.0,24.0,2008-05-01 08:16:03,1.6607591387047655,1.651121015038069,middle,1.651121015038069,1.657594139303834,-0.006473124265764962,0.006473124265764962
B0006,189,discharge,57.0,24.0,2008-05-01 13:14:24,1.651121015038069,1.6401349256190927,middle,1.6401349256190927,1.6481788493002532,-0.00804392368116047,0.00804392368116047
B0006,193,discharge,58.0,24.0,2008-05-01 18:11:10,1.6401349256190927,1.6291999416165441,middle,1.6291999416165441,1.637461283140019,-0.008261341523474908,0.008261341523474908
B0006,197,discharge,59.0,24.0,2008-05-01 23:10:15,1.6291999416165441,1.6088496302961666,middle,1.6088496302961666,1.6267930901668837,-0.017943459870717104,0.017943459870717104
B0006,201,discharge,60.0,24.0,2008-05-02 03:53:34,1.6088496302961666,1.6035244898969248,middle,1.6035244898969248,1.6070287044660367,-0.0035042145691119853,0.0035042145691119853
B0006,205,discharge,61.0,24.0,2008-05-02 08:44:40,1.6035244898969248,1.5989712144027983,middle,1.5989712144027983,1.601780208213521,-0.0028089938107227486,0.0028089938107227486
B0006,209,discharge,62.0,24.0,2008-05-02 13:43:05,1.5989712144027983,1.5876273123575604,middle,1.5876273123575604,1.5972774143354083,-0.00965010197784788,0.00965010197784788
B0006,213,discharge,63.0,24.0,2008-05-02 19:07:48,1.5876273123575604,1.5829719744686166,middle,1.5829719744686166,1.5862141636865723,-0.0032421892179557155,0.0032421892179557155
B0006,215,discharge,64.0,24.0,2008-05-02 23:24:17,1.5829719744686166,1.567137636713563,middle,1.567137636713563,1.5816127668409607,-0.014475130127397762,0.014475130127397762
B0006,219,discharge,65.0,24.0,2008-05-03 04:13:08,1.567137636713563,1.5613446139713882,middle,1.5613446139713882,1.566211284788259,-0.004866670816870755,0.004866670816870755
B0006,223,discharge,66.0,24.0,2008-05-03 09:10:19,1.5613446139713882,1.5511711892790419,middle,1.5511711892790419,1.5605107651677237,-0.00933957588868184,0.00933957588868184
B0006,227,discharge,67.0,24.0,2008-05-03 14:04:34,1.5511711892790419,1.5406741606295171,middle,1.5406741606295171,1.5505783182844841,-0.009904157654966994,0.009904157654966994
B0006,231,discharge,68.0,24.0,2008-05-03 18:58:13,1.5406741606295171,1.5253138744624433,middle,1.5253138744624433,1.540333236071364,-0.0150193616089207,0.0150193616089207
B0006,235,discharge,69.0,24.0,2008-05-03 23:42:30,1.5253138744624433,1.5301570318067428,middle,1.5301570318067428,1.5253897375238108,0.004767294282931989,0.004767294282931989
B0006,239,discharge,70.0,24.0,2008-05-04 04:41:40,1.5301570318067428,1.5246566834474087,middle,1.5246566834474087,1.5299648823265413,-0.005308198879132586,0.005308198879132586
B0006,243,discharge,71.0,24.0,2008-05-04 09:40:11,1.5246566834474087,1.5145492986655427,middle,1.5145492986655427,1.5245471168262734,-0.009997818160730754,0.009997818160730754
B0006,247,discharge,72.0,24.0,2008-05-04 14:38:13,1.5145492986655427,1.509391504602082,middle,1.509391504602082,1.5146784714162247,-0.005286966814142646,0.005286966814142646
B0006,251,discharge,73.0,24.0,2008-05-04 19:37:07,1.509391504602082,1.5039974333050705,middle,1.5039974333050705,1.509591649258635,-0.005594215953564463,0.005594215953564463
B0006,255,discharge,74.0,24.0,2008-05-05 00:35:53,1.5039974333050705,1.4935201918040188,middle,1.4935201918040188,1.5042765585362892,-0.010756366732270317,0.010756366732270317
B0006,259,discharge,75.0,24.0,2008-05-05 05:28:13,1.4935201918040188,1.4876323024497422,middle,1.4876323024497422,1.4940505927818928,-0.006418290332150578,0.006418290332150578
B0006,263,discharge,76.0,24.0,2008-05-05 11:41:31,1.4876323024497422,1.5302876214401704,middle,1.5302876214401704,1.4882584220739363,0.04202919936623406,0.04202919936623406
B0006,265,discharge,77.0,24.0,2008-05-05 20:40:08,1.5302876214401704,1.5040760088360112,middle,1.5040760088360112,1.5293640769879053,-0.025288068151894105,0.025288068151894105
B0006,269,discharge,78.0,24.0,2008-05-06 01:38:46,1.5040760088360112,1.4887593608730894,middle,1.4887593608730894,1.5039370600993458,-0.015177699226256447,0.015177699226256447
B0006,273,discharge,79.0,24.0,2008-05-06 06:37:06,1.4887593608730894,1.4782779285546637,middle,1.4782779285546637,1.4890357206294178,-0.010757792074754136,0.010757792074754136
B0006,277,discharge,80.0,24.0,2008-05-06 11:25:21,1.4782779285546637,1.478459982215684,middle,1.478459982215684,1.478805706106324,-0.00034572389063991515,0.00034572389063991515
B0006,281,discharge,81.0,24.0,2008-05-06 16:23:36,1.478459982215684,1.473214844899973,middle,1.473214844899973,1.4788777363602201,-0.0056628914602472324,0.0056628914602472324
B0006,285,discharge,82.0,24.0,2008-05-06 21:21:49,1.473214844899973,1.4675164935067897,middle,1.4675164935067897,1.473706531469124,-0.006190037962334305,0.006190037962334305
B0006,289,discharge,83.0,24.0,2008-05-07 02:17:25,1.4675164935067897,1.4516292657521335,middle,1.4516292657521335,1.4680974742913855,-0.016468208539252016,0.016468208539252016
B0006,293,discharge,84.0,24.0,2008-05-07 07:04:02,1.4516292657521335,1.4519237720967177,middle,1.4519237720967177,1.4526448949572495,-0.0007211228605317199,0.0007211228605317199
B0006,297,discharge,85.0,24.0,2008-05-07 12:01:49,1.4519237720967177,1.4471484694777745,middle,1.4471484694777745,1.4528255662862688,-0.005677096808494264,0.005677096808494264
B0006,301,discharge,86.0,24.0,2008-05-07 16:59:29,1.4471484694777745,1.4468538105659885,middle,1.4468538105659885,1.4481082709415647,-0.001254460375576194,0.001254460375576194
B0006,305,discharge,87.0,24.0,2008-05-07 21:56:09,1.4468538105659885,1.4416741930284678,middle,1.4416741930284678,1.4477197469001513,-0.0060455538716834845,0.0060455538716834845
B0006,309,discharge,88.0,24.0,2008-05-08 02:53:49,1.4416741930284678,1.5935866593100128,middle,1.5935866593100128,1.4426118409799544,0.15097481833005832,0.15097481833005832
B0006,312,discharge,89.0,24.0,2008-05-09 12:25:07,1.5935866593100128,1.5463902376915637,middle,1.5463902376915637,1.5892713481490706,-0.042881110457506866,0.042881110457506866
B0006,315,discharge,90.0,24.0,2008-05-09 20:28:09,1.5463902376915637,1.51470559175661,middle,1.51470559175661,1.543570806962875,-0.02886521520626517,0.02886521520626517
B0006,319,discharge,91.0,24.0,2008-05-10 01:21:56,1.51470559175661,1.4989786083335404,middle,1.4989786083335404,1.512856266411933,-0.013877658078392585,0.013877658078392585
B0006,323,discharge,92.0,24.0,2008-05-10 06:18:12,1.4989786083335404,1.4831110745410492,middle,1.4831110745410492,1.4975584998925224,-0.014447425351473253,0.014447425351473253
B0006,327,discharge,93.0,24.0,2008-05-10 11:16:04,1.4831110745410492,1.4729664825468278,middle,1.4729664825468278,1.482124946989373,-0.009158464442545089,0.009158464442545089
B0006,331,discharge,94.0,24.0,2008-05-10 16:11:56,1.4729664825468278,1.4627604396099307,middle,1.4627604396099307,1.4722203555136142,-0.009459915903683447,0.009459915903683447
B0006,335,discharge,95.0,24.0,2008-05-10 21:07:54,1.4627604396099307,1.4518364681062514,middle,1.4518364681062514,1.4622563959883967,-0.010419927882145297,0.010419927882145297
B0006,339,discharge,96.0,24.0,2008-05-11 02:05:21,1.4518364681062514,1.4468670644030392,middle,1.4468670644030392,1.4515988422430595,-0.004731777840020213,0.004731777840020213
B0006,343,discharge,97.0,24.0,2008-05-11 06:55:27,1.4468670644030392,1.441380399427779,middle,1.441380399427779,1.4466940249130256,-0.005313625485246609,0.005313625485246609
B0006,347,discharge,98.0,24.0,2008-05-11 11:52:47,1.441380399427779,1.431210744960774,middle,1.431210744960774,1.4412894789955188,-0.010078734034744796,0.010078734034744796
B0006,351,discharge,99.0,24.0,2008-05-11 16:49:58,1.431210744960774,1.4260247179525716,middle,1.4260247179525716,1.4313606745450038,-0.005335956592432245,0.005335956592432245
B0006,355,discharge,100.0,24.0,2008-05-11 21:47:12,1.4260247179525716,1.420487649966195,middle,1.420487649966195,1.4262465764045433,-0.005758926438348411,0.005758926438348411
B0006,359,discharge,101.0,24.0,2008-05-12 02:36:58,1.420487649966195,1.4207006230355006,middle,1.4207006230355006,1.4207933358970672,-9.271286156664615e-05,9.271286156664615e-05
B0006,363,discharge,102.0,24.0,2008-05-12 12:56:34,1.4207006230355006,1.452255804330839,middle,1.452255804330839,1.4208952375391048,0.031360566791734046,0.031360566791734046
B0006,366,discharge,103.0,24.0,2008-05-12 18:59:59,1.452255804330839,1.431557632772571,middle,1.431557632772571,1.451276996366373,-0.019719363593801997,0.019719363593801997
B0006,370,discharge,104.0,24.0,2008-05-12 23:53:17,1.431557632772571,1.415015751158943,middle,1.415015751158943,1.4311765412269026,-0.016160790067959674,0.016160790067959674
B0006,374,discharge,105.0,24.0,2008-05-13 04:35:25,1.415015751158943,1.4097311506517451,middle,1.4097311506517451,1.4150914976703204,-0.00536034701857524,0.00536034701857524
B0006,378,discharge,106.0,24.0,2008-05-13 09:24:04,1.4097311506517451,1.404917318129309,middle,1.404917318129309,1.409882167201292,-0.004964849071982913,0.004964849071982913
B0006,382,discharge,107.0,24.0,2008-05-13 14:20:24,1.404917318129309,1.395164296571563,middle,1.395164296571563,1.4051276479326475,-0.009963351361084616,0.009963351361084616
B0006,386,discharge,108.0,24.0,2008-05-13 19:04:20,1.395164296571563,1.3945343832614077,middle,1.3945343832614077,1.3956013545273032,-0.0010669712658955,0.0010669712658955
B0006,390,discharge,109.0,24.0,2008-05-13 23:59:26,1.3945343832614077,1.3893171179312644,middle,1.3893171179312644,1.3948889396090847,-0.005571821677820221,0.005571821677820221
B0006,394,discharge,110.0,24.0,2008-05-14 04:55:57,1.3893171179312644,1.3838379472327809,middle,1.3838379472327809,1.389744661976476,-0.005906714743695085,0.005906714743695085
B0006,398,discharge,111.0,24.0,2008-05-14 09:52:22,1.3838379472327809,1.3736814238195123,late,1.3736814238195123,1.3843473563155866,-0.010665932496074282,0.010665932496074282
B0006,402,discharge,112.0,24.0,2008-05-14 14:35:22,1.3736814238195123,1.3786059891863676,late,1.3786059891863676,1.3744312378388535,0.004174751347514105,0.004174751347514105
B0006,406,discharge,113.0,24.0,2008-05-14 19:31:39,1.3786059891863676,1.3737600299108574,late,1.3737600299108574,1.3790850313213114,-0.005325001410454,0.005325001410454
B0006,410,discharge,114.0,24.0,2008-05-15 00:27:55,1.3737600299108574,1.3682580583942712,late,1.3682580583942712,1.374299474242954,-0.006041415848682785,0.006041415848682785
B0006,414,discharge,115.0,24.0,2008-05-15 05:24:04,1.3682580583942712,1.3633024037317505,late,1.3633024037317505,1.3688801406027058,-0.005577736870955308,0.005577736870955308
B0006,418,discharge,116.0,24.0,2008-05-15 10:20:03,1.3633024037317505,1.3580966140172601,late,1.3580966140172601,1.3639886062866053,-0.005891992269345225,0.005891992269345225
B0006,422,discharge,117.0,24.0,2008-05-15 15:10:59,1.3580966140172601,1.353269090999531,late,1.353269090999531,1.3588554153011332,-0.005586324301602108,0.005586324301602108
B0006,426,discharge,118.0,24.0,2008-05-15 19:56:47,1.353269090999531,1.3841605738237488,late,1.3841605738237488,1.3540876695795445,0.03007290424420428,0.03007290424420428
B0006,430,discharge,119.0,24.0,2008-05-16 16:54:59,1.3841605738237488,1.4051467790651473,late,1.4051467790651473,1.3838282261413355,0.021318552923811795,0.021318552923811795
B0006,432,discharge,120.0,24.0,2008-05-16 21:37:39,1.4051467790651473,1.378719022627353,late,1.378719022627353,1.4039992466824096,-0.0252802240550567,0.0252802240550567
B0006,436,discharge,121.0,24.0,2008-05-17 02:32:13,1.378719022627353,1.3682657783199066,late,1.3682657783199066,1.3783634122029915,-0.010097633883084933,0.010097633883084933
B0006,440,discharge,122.0,24.0,2008-05-17 07:25:19,1.3682657783199066,1.3573151296618016,late,1.3573151296618016,1.3681606302520457,-0.01084550059024414,0.01084550059024414
B0006,444,discharge,123.0,24.0,2008-05-17 12:21:15,1.3573151296618016,1.3524934638801596,late,1.3524934638801596,1.357477303580299,-0.004983839700139381,0.004983839700139381
B0006,448,discharge,124.0,24.0,2008-05-17 17:15:37,1.3524934638801596,1.3474099151661236,late,1.3474099151661236,1.352715216562492,-0.005305301396368423,0.005305301396368423
B0006,452,discharge,125.0,24.0,2008-05-17 22:10:51,1.3474099151661236,1.3370075130842318,late,1.3370075130842318,1.3477001231918797,-0.010692610107647882,0.010692610107647882
B0006,456,discharge,126.0,24.0,2008-05-18 03:05:19,1.3370075130842318,1.3312352966718526,late,1.3312352966718526,1.3375464601580715,-0.0063111634862189625,0.0063111634862189625
B0006,460,discharge,127.0,24.0,2008-05-18 08:00:50,1.3312352966718526,1.3259303781727643,late,1.3259303781727643,1.3318660416322077,-0.005935663459443408,0.005935663459443408
B0006,464,discharge,128.0,24.0,2008-05-18 12:44:48,1.3259303781727643,1.321578743867529,late,1.321578743867529,1.3266370818540922,-0.005058337986563188,0.005058337986563188
B0006,468,discharge,129.0,24.0,2008-05-18 17:36:29,1.321578743867529,1.321225074066109,late,1.321225074066109,1.322329094492427,-0.0011040204263181863,0.0011040204263181863
B0006,472,discharge,130.0,24.0,2008-05-18 22:31:45,1.321225074066109,1.3156485301862682,late,1.3156485301862682,1.321883559748462,-0.0062350295621937946,0.0062350295621937946
B0006,476,discharge,131.0,24.0,2008-05-19 03:27:07,1.3156485301862682,1.3209025697502388,late,1.3209025697502388,1.3163921813916124,0.004510388358626383,0.004510388358626383
B0006,480,discharge,132.0,24.0,2008-05-19 15:34:33,1.3209025697502388,1.3474328767273906,late,1.3474328767273906,1.3213642814708144,0.026068595256576232,0.026068595256576232
B0006,482,discharge,133.0,24.0,2008-05-19 20:59:48,1.3474328767273906,1.3260128072353616,late,1.3260128072353616,1.3468914852000138,-0.020878677964652148,0.020878677964652148
B0006,484,discharge,134.0,24.0,2008-05-20 01:16:42,1.3260128072353616,1.3101186784831063,late,1.3101186784831063,1.3260936010160116,-0.015974922532905333,0.015974922532905333
B0006,488,discharge,135.0,24.0,2008-05-20 06:12:06,1.3101186784831063,1.30521620229393,late,1.30521620229393,1.3106343545951078,-0.005418152301177814,0.005418152301177814
B0006,492,discharge,136.0,24.0,2008-05-20 11:07:23,1.30521620229393,1.3004061951355774,late,1.3004061951355774,1.3057941962563024,-0.005388001120725017,0.005388001120725017
B0006,496,discharge,137.0,24.0,2008-05-20 15:57:27,1.3004061951355774,1.300235735841116,late,1.300235735841116,1.3010433726901847,-0.0008076368490685937,0.0008076368490685937
B0006,500,discharge,138.0,24.0,2008-05-20 20:50:39,1.300235735841116,1.2895066722480755,late,1.2895066722480755,1.3007748384927522,-0.011268166244676747,0.011268166244676747
B0006,504,discharge,139.0,24.0,2008-05-21 01:39:38,1.2895066722480755,1.279253057384795,late,1.279253057384795,1.290305586211557,-0.01105252882676222,0.01105252882676222
B0006,508,discharge,140.0,24.0,2008-05-21 06:24:27,1.279253057384795,1.2792078171714618,late,1.2792078171714618,1.280295667220863,-0.0010878500494011512,0.0010878500494011512
B0006,512,discharge,141.0,24.0,2008-05-21 11:18:06,1.2792078171714618,1.274036760902923,late,1.274036760902923,1.2801481077762649,-0.006111346873341805,0.006111346873341805
B0006,516,discharge,142.0,24.0,2008-05-21 16:10:21,1.274036760902923,1.2741273923001468,late,1.2741273923001468,1.2750484729389548,-0.000921080638808025,0.000921080638808025
B0006,520,discharge,143.0,24.0,2008-05-21 21:02:09,1.2741273923001468,1.2637639426440779,late,1.2637639426440779,1.275032179706792,-0.011268237062714181,0.011268237062714181
B0006,524,discharge,144.0,24.0,2008-05-22 01:42:59,1.2637639426440779,1.2581373688955233,late,1.2581373688955233,1.2649161487977667,-0.006778779902243404,0.006778779902243404
B0006,528,discharge,145.0,24.0,2008-05-22 06:32:40,1.2581373688955233,1.253259864055301,late,1.253259864055301,1.2593764363456064,-0.006116572290305378,0.006116572290305378
B0006,532,discharge,146.0,24.0,2008-05-22 11:23:22,1.253259864055301,1.2532313315493426,late,1.2532313315493426,1.2545604029463904,-0.001329071397047743,0.001329071397047743
B0006,536,discharge,147.0,24.0,2008-05-22 16:17:58,1.2532313315493426,1.2480874960313577,late,1.2480874960313577,1.2544289848977508,-0.006341488866393075,0.006341488866393075
B0006,540,discharge,148.0,24.0,2008-05-22 20:59:50,1.2480874960313577,1.2534354284944844,late,1.2534354284944844,1.2493556481576682,0.004079780336816219,0.004079780336816219
B0006,544,discharge,149.0,24.0,2008-05-23 12:13:16,1.2534354284944844,1.2898048773266901,late,1.2898048773266901,1.2544184586155598,0.03538641871113035,0.03538641871113035
B0006,547,discharge,150.0,24.0,2008-05-23 20:14:29,1.2898048773266901,1.2635402021758835,late,1.2635402021758835,1.2894513043227485,-0.025911102146864984,0.025911102146864984
B0006,551,discharge,151.0,24.0,2008-05-24 01:09:21,1.2635402021758835,1.2479761706842853,late,1.2479761706842853,1.2639730234542297,-0.015996852769944336,0.015996852769944336
B0006,555,discharge,152.0,24.0,2008-05-24 06:00:20,1.2479761706842853,1.2321202877943334,late,1.2321202877943334,1.2488326855747363,-0.0167123977804029,0.0167123977804029
B0006,559,discharge,153.0,24.0,2008-05-24 10:42:50,1.2321202877943334,1.2271137666213534,late,1.2271137666213534,1.2334103886642218,-0.006296622042868405,0.006296622042868405
B0006,563,discharge,154.0,24.0,2008-05-24 15:31:10,1.2271137666213534,1.2217397581377356,late,1.2217397581377356,1.228469711969221,-0.006729953831485336,0.006729953831485336
B0006,567,discharge,155.0,24.0,2008-05-24 20:21:13,1.2217397581377356,1.211102678915174,late,1.211102678915174,1.2231740040267964,-0.012071325111622455,0.012071325111622455
B0006,571,discharge,156.0,24.0,2008-05-25 01:06:49,1.211102678915174,1.2056159765131735,late,1.2056159765131735,1.2127936182856134,-0.007177641772439847,0.007177641772439847
B0006,575,discharge,157.0,24.0,2008-05-25 05:57:17,1.2056159765131735,1.2008936262717274,late,1.2008936262717274,1.2073890362099542,-0.006495409938226837,0.006495409938226837
B0006,579,discharge,158.0,24.0,2008-05-25 10:51:37,1.2008936262717274,1.1905903985558335,late,1.1905903985558335,1.202722898410266,-0.012132499854432544,0.012132499854432544
B0006,583,discharge,159.0,24.0,2008-05-25 15:37:08,1.1905903985558335,1.185179251041941,late,1.185179251041941,1.1926650482055092,-0.007485797163568231,0.007485797163568231
B0006,587,discharge,160.0,24.0,2008-05-25 20:23:04,1.185179251041941,1.1796706818144624,late,1.1796706818144624,1.1873334600684091,-0.007662778253946678,0.007662778253946678
B0006,591,discharge,161.0,24.0,2008-05-26 01:13:02,1.1796706818144624,1.1745952836753915,late,1.1745952836753915,1.1819077523481307,-0.00731246867273927,0.00731246867273927
B0006,595,discharge,162.0,24.0,2008-05-26 06:01:08,1.1745952836753915,1.15381833159625,late,1.15381833159625,1.1769005332869522,-0.023082201690702187,0.023082201690702187
B0006,599,discharge,163.0,24.0,2008-05-26 10:44:38,1.15381833159625,1.1644009557372264,late,1.1644009557372264,1.1567239679096892,0.007676987827537118,0.007676987827537118
B0006,603,discharge,164.0,24.0,2008-05-26 15:30:43,1.1644009557372264,1.1587974947916069,late,1.1587974947916069,1.1668440390197627,-0.008046544228155872,0.008046544228155872
B0006,607,discharge,165.0,24.0,2008-05-26 20:21:04,1.1587974947916069,1.1749748834769171,late,1.1749748834769171,1.1613266559569988,0.013648227519918343,0.013648227519918343
B0006,611,discharge,166.0,24.0,2008-05-27 15:52:41,1.1749748834769171,1.1856752327929356,late,1.1856752327929356,1.1768518558367393,0.008823376956196283,0.008823376956196283
B0007,1,discharge,0.0,24.0,2008-04-02 15:25:41,1.89105229539079,1.880637027686859,early,1.880637027686859,1.8855153064111883,-0.004878278724329332,0.004878278724329332
B0007,3,discharge,1.0,24.0,2008-04-02 19:43:48,1.880637027686859,1.8806626717011388,early,1.8806626717011388,1.8755874037080118,0.005075267993126964,0.005075267993126964
B0007,5,discharge,2.0,24.0,2008-04-03 00:01:06,1.8806626717011388,1.8807709009833444,early,1.8807709009833444,1.8753085368618923,0.005462364121452179,0.005462364121452179
B0007,7,discharge,3.0,24.0,2008-04-03 04:16:37,1.8807709009833444,1.8794508728285058,early,1.8794508728285058,1.8751059917233963,0.004344881105109444,0.004344881105109444
B0007,9,discharge,4.0,24.0,2008-04-03 08:33:25,1.8794508728285058,1.8807003517117404,early,1.8807003517117404,1.8735835132692003,0.007116838442540185,0.007116838442540185
B0007,11,discharge,5.0,24.0,2008-04-03 12:55:10,1.8807003517117404,1.8799352523566075,early,1.8799352523566075,1.8744356613049575,0.005499591051649988,0.005499591051649988
B0007,13,discharge,6.0,24.0,2008-04-03 17:17:16,1.8799352523566075,1.8815088124038797,early,1.8815088124038797,1.8734260238775788,0.008082788526300844,0.008082788526300844
B0007,15,discharge,7.0,24.0,2008-04-03 21:28:14,1.8815088124038797,1.8696907870385844,early,1.8696907870385844,1.8745776736098154,-0.004886886571231042,0.004886886571231042
B0007,17,discharge,8.0,24.0,2008-04-04 01:38:15,1.8696907870385844,1.870052380139199,early,1.870052380139199,1.8633534033729822,0.006698976766216891,0.006698976766216891
B0007,19,discharge,9.0,24.0,2008-04-04 05:48:08,1.870052380139199,1.8700442394188577,early,1.8700442394188577,1.8633850060402228,0.006659233378634832,0.006659233378634832
B0007,21,discharge,10.0,24.0,2008-04-04 09:57:19,1.8700442394188577,1.8596518987766364,early,1.8596518987766364,1.8630749168138572,-0.003423018037220782,0.003423018037220782
B0007,24,discharge,11.0,24.0,2008-04-04 17:56:27,1.8596518987766364,1.8590746560862206,early,1.8590746560862206,1.8531682023025269,0.005906453783693699,0.005906453783693699
B0007,26,discharge,12.0,24.0,2008-04-04 22:01:54,1.8590746560862206,1.8590084577709232,early,1.8590084577709232,1.8523321738226004,0.006676283948322759,0.006676283948322759
B0007,28,discharge,13.0,24.0,2008-04-05 02:20:26,1.8590084577709232,1.8593622586957048,early,1.8593622586957048,1.8519684302956694,0.00739382840003544,0.00739382840003544
B0007,30,discharge,14.0,24.0,2008-04-05 06:25:01,1.8593622586957048,1.8587355450601035,early,1.8587355450601035,1.8519928317733927,0.006742713286710833,0.006742713286710833
B0007,32,discharge,15.0,24.0,2008-04-05 10:30:32,1.8587355450601035,1.847817291322145,early,1.847817291322145,1.851111084400628,-0.003293793078483098,0.003293793078483098
B0007,34,discharge,16.0,24.0,2008-04-05 14:34:41,1.847817291322145,1.8485252916137047,early,1.8485252916137047,1.840718343912312,0.007806947701392675,0.007806947701392675
B0007,36,discharge,17.0,24.0,2008-04-05 18:39:25,1.8485252916137047,1.848378951850034,early,1.848378951850034,1.841070081017692,0.007308870832341885,0.007308870832341885
B0007,38,discharge,18.0,24.0,2008-04-05 22:46:35,1.848378951850034,1.8807805437609766,early,1.8807805437609766,1.8406322742547274,0.04014826950624917,0.04014826950624917
B0007,41,discharge,19.0,24.0,2008-04-18 21:10:19,1.8807805437609766,1.8814721597443598,early,1.8814721597443598,1.870273848323382,0.011198311420977713,0.011198311420977713
B0007,45,discharge,20.0,24.0,2008-04-19 02:29:09,1.8814721597443598,1.8810954313244785,early,1.8810954313244785,1.8706104437647622,0.010484987559716386,0.010484987559716386
B0007,49,discharge,21.0,24.0,2008-04-19 07:47:15,1.8810954313244785,1.8710089649779995,early,1.8710089649779995,1.8699597218402837,0.0010492431377158162,0.0010492431377158162
B0007,53,discharge,22.0,24.0,2008-04-19 13:01:42,1.8710089649779995,1.8701995151941375,early,1.8701995151941375,1.8603356830307527,0.009863832163384822,0.009863832163384822
B0007,57,discharge,23.0,24.0,2008-04-19 18:27:29,1.8701995151941375,1.8706715362800985,early,1.8706715362800985,1.8592850588688212,0.011386477411277296,0.011386477411277296
B0007,61,discharge,24.0,24.0,2008-04-19 23:41:55,1.8706715362800985,1.8596124644020169,early,1.8596124644020169,1.8594187142704386,0.00019375013157829635,0.00019375013157829635
B0007,65,discharge,25.0,24.0,2008-04-20 04:54:41,1.8596124644020169,1.860033909718346,early,1.860033909718346,1.8488958357903416,0.011138073928004477,0.011138073928004477
B0007,69,discharge,26.0,24.0,2008-04-20 10:16:28,1.860033909718346,1.8591653109160768,early,1.8591653109160768,1.8489827512684878,0.010182559647589073,0.010182559647589073
B0007,73,discharge,27.0,24.0,2008-04-20 15:37:05,1.8591653109160768,1.8481398178778288,early,1.8481398178778288,1.847877464159974,0.0002623537178547686,0.0002623537178547686
B0007,77,discharge,28.0,24.0,2008-04-20 20:50:38,1.8481398178778288,1.849201702126164,early,1.849201702126164,1.837385617781128,0.011816084345035893,0.011816084345035893
B0007,81,discharge,29.0,24.0,2008-04-21 02:15:02,1.849201702126164,1.8834677437950846,early,1.8834677437950846,1.8380643990259777,0.0454033447691069,0.0454033447691069
B0007,85,discharge,30.0,24.0,2008-04-22 15:33:49,1.8834677437950846,1.8628211117905844,early,1.8628211117905844,1.8694290163550245,-0.006607904564440048,0.006607904564440048
B0007,89,discharge,31.0,24.0,2008-04-22 20:26:18,1.8628211117905844,1.852085039652352,early,1.852085039652352,1.8500457323913577,0.0020393072609943275,0.0020393072609943275
B0007,93,discharge,32.0,24.0,2008-04-23 01:18:11,1.852085039652352,1.8469504648208708,early,1.8469504648208708,1.8398213562026067,0.007129108618264102,0.007129108618264102
B0007,97,discharge,33.0,24.0,2008-04-23 06:18:19,1.8469504648208708,1.836828431169018,early,1.836828431169018,1.834773639852074,0.0020547913169439713,0.0020547913169439713
B0007,101,discharge,34.0,24.0,2008-04-23 11:08:00,1.836828431169018,1.8371619619672275,early,1.8371619619672275,1.8251167312880472,0.012045230679180285,0.012045230679180285
B0007,105,discharge,35.0,24.0,2008-04-23 16:06:25,1.8371619619672275,1.8316722583718854,early,1.8316722583718854,1.8251223999976558,0.006549858374229611,0.006549858374229611
B0007,109,discharge,36.0,24.0,2008-04-23 21:02:58,1.8316722583718854,1.8211470951317783,early,1.8211470951317783,1.8197464891111625,0.0014006060206157578,0.0014006060206157578
B0007,113,discharge,37.0,24.0,2008-04-24 01:51:33,1.8211470951317783,1.816506091511515,early,1.816506091511515,1.8097170257399418,0.006789065771573233,0.006789065771573233
B0007,117,discharge,38.0,24.0,2008-04-24 06:50:00,1.816506091511515,1.8113815601504555,early,1.8113815601504555,1.8051254464053696,0.006256113745085834,0.006256113745085834
B0007,121,discharge,39.0,24.0,2008-04-24 11:49:24,1.8113815601504555,1.8116056333939583,early,1.8116056333939583,1.8000870117927585,0.011518621601199763,0.011518621601199763
B0007,125,discharge,40.0,24.0,2008-04-24 16:45:56,1.8116056333939583,1.8060548955557403,early,1.8060548955557403,1.7999915245977207,0.006063370958019565,0.006063370958019565
B0007,129,discharge,41.0,24.0,2008-04-24 21:38:11,1.8060548955557403,1.8132041826994056,early,1.8132041826994056,1.794559208522302,0.018644974177103535,0.018644974177103535
B0007,133,discharge,42.0,24.0,2008-04-25 12:03:44,1.8132041826994056,1.8062641938283535,early,1.8062641938283535,1.8008637023867635,0.0054004914415899385,0.0054004914415899385
B0007,135,discharge,43.0,24.0,2008-04-25 20:03:55,1.8062641938283535,1.7958310249900458,early,1.7958310249900458,1.794147501015496,0.0016835239745498498,0.0016835239745498498
B0007,139,discharge,44.0,24.0,2008-04-26 01:04:35,1.7958310249900458,1.7858852600390451,early,1.7858852600390451,1.7842030548636107,0.0016822051754343814,0.0016822051754343814
B0007,143,discharge,45.0,24.0,2008-04-26 05:57:35,1.7858852600390451,1.7803268604502753,early,1.7803268604502753,1.774709046155545,0.0056178142947302945,0.0056178142947302945
B0007,147,discharge,46.0,24.0,2008-04-26 10:58:25,1.7803268604502753,1.8150756899575577,early,1.8150756899575577,1.7692696494239732,0.0458060405335845,0.0458060405335845
B0007,149,discharge,47.0,24.0,2008-04-29 12:15:56,1.8150756899575577,1.8157025154845838,early,1.8157025154845838,1.8010804382454555,0.01462207723912834,0.01462207723912834
B0007,153,discharge,48.0,24.0,2008-04-29 17:05:27,1.8157025154845838,1.8002432178056673,early,1.8002432178056673,1.8013571571690123,-0.001113939363345029,0.001113939363345029
B0007,157,discharge,49.0,24.0,2008-04-29 22:00:04,1.8002432178056673,1.7904476205609308,early,1.7904476205609308,1.7867677816551988,0.0036798389057319802,0.0036798389057319802
B0007,161,discharge,50.0,24.0,2008-04-30 02:43:55,1.7904476205609308,1.780343032300132,early,1.780343032300132,1.777412551400722,0.0029304808994099485,0.0029304808994099485
B0007,165,discharge,51.0,24.0,2008-04-30 07:41:42,1.780343032300132,1.775328769596812,early,1.775328769596812,1.7677717651072749,0.007557004489537222,0.007557004489537222
B0007,169,discharge,52.0,24.0,2008-04-30 12:28:49,1.775328769596812,1.7702629734732853,early,1.7702629734732853,1.7628352359854058,0.007427737487879504,0.007427737487879504
B0007,173,discharge,53.0,24.0,2008-04-30 17:20:16,1.7702629734732853,1.760081061854204,early,1.760081061854204,1.7578510819211148,0.0022299799330891545,0.0022299799330891545
B0007,177,discharge,54.0,24.0,2008-04-30 22:14:54,1.760081061854204,1.749647593537689,early,1.749647593537689,1.7481388367477544,0.0015087567899345622,0.0015087567899345622
B0007,181,discharge,55.0,24.0,2008-05-01 03:15:33,1.749647593537689,1.749650075059311,middle,1.749650075059311,1.7381941138311539,0.011455961228157063,0.011455961228157063
B0007,185,discharge,56.0,24.0,2008-05-01 08:16:03,1.749650075059311,1.745028739214683,middle,1.745028739214683,1.73789384121816,0.007134897996523115,0.007134897996523115
B0007,189,discharge,57.0,24.0,2008-05-01 13:14:24,1.745028739214683,1.7396457455286727,middle,1.7396457455286727,1.733320437985202,0.006325307543470604,0.006325307543470604
B0007,193,discharge,58.0,24.0,2008-05-01 18:11:10,1.7396457455286727,1.7285642277717963,middle,1.7285642277717963,1.7280431437491732,0.0005210840226230751,0.0005210840226230751
B0007,197,discharge,59.0,24.0,2008-05-01 23:10:15,1.7285642277717963,1.723900324588418,middle,1.723900324588418,1.7174995217655222,0.006400802822895679,0.006400802822895679
B0007,201,discharge,60.0,24.0,2008-05-02 03:53:34,1.723900324588418,1.7139788776485192,middle,1.7139788776485192,1.7128867796521074,0.001092097996411745,0.001092097996411745
B0007,205,discharge,61.0,24.0,2008-05-02 08:44:40,1.7139788776485192,1.7139701997004613,middle,1.7139701997004613,1.7034152445907336,0.010554955109727704,0.010554955109727704
B0007,209,discharge,62.0,24.0,2008-05-02 13:43:05,1.7139701997004613,1.7036521173638766,middle,1.7036521173638766,1.7031046588819112,0.0005474584819653572,0.0005474584819653572
B0007,213,discharge,63.0,24.0,2008-05-02 19:07:48,1.7036521173638766,1.7040137474382486,middle,1.7040137474382486,1.6932665706623369,0.010747176775911749,0.010747176775911749
B0007,215,discharge,64.0,24.0,2008-05-02 23:24:17,1.7040137474382486,1.6935716157343033,middle,1.6935716157343033,1.6932982074991136,0.00027340823518962054,0.00027340823518962054
B0007,219,discharge,65.0,24.0,2008-05-03 04:13:08,1.6935716157343033,1.6876577363877656,middle,1.6876577363877656,1.6833454782571828,0.00431225813058278,0.00431225813058278
B0007,223,discharge,66.0,24.0,2008-05-03 09:10:19,1.6876577363877656,1.6830744356583152,middle,1.6830744356583152,1.677577562616369,0.0054968730419462375,0.0054968730419462375
B0007,227,discharge,67.0,24.0,2008-05-03 14:04:34,1.6830744356583152,1.6779270142025482,middle,1.6779270142025482,1.6730393097802423,0.004887704422305905,0.004887704422305905
B0007,231,discharge,68.0,24.0,2008-05-03 18:58:13,1.6779270142025482,1.6732060275966172,middle,1.6732060275966172,1.6679797211390783,0.005226306457538854,0.005226306457538854
B0007,235,discharge,69.0,24.0,2008-05-03 23:42:30,1.6732060275966172,1.6674367208253988,middle,1.6674367208253988,1.6633142250128037,0.004122495812595162,0.004122495812595162
B0007,239,discharge,70.0,24.0,2008-05-04 04:41:40,1.6674367208253988,1.6622662630667526,middle,1.6622662630667526,1.657679917049255,0.004586346017497522,0.004586346017497522
B0007,243,discharge,71.0,24.0,2008-05-04 09:40:11,1.6622662630667526,1.6574243065763063,middle,1.6574243065763063,1.6525990392603143,0.004825267315992088,0.004825267315992088
B0007,247,discharge,72.0,24.0,2008-05-04 14:38:13,1.6574243065763063,1.652538684928734,middle,1.652538684928734,1.6478217480356023,0.004716936893131685,0.004716936893131685
B0007,251,discharge,73.0,24.0,2008-05-04 19:37:07,1.652538684928734,1.6472174627573322,middle,1.6472174627573322,1.6430041033745062,0.004213359382825965,0.004213359382825965
B0007,255,discharge,74.0,24.0,2008-05-05 00:35:53,1.6472174627573322,1.6364136810898071,middle,1.6364136810898071,1.637783895681826,-0.0013702145920189146,0.0013702145920189146
B0007,259,discharge,75.0,24.0,2008-05-05 05:28:13,1.6364136810898071,1.6362554312048496,middle,1.6362554312048496,1.6274969452951846,0.008758485909664993,0.008758485909664993
B0007,263,discharge,76.0,24.0,2008-05-05 11:41:31,1.6362554312048496,1.641119179218384,middle,1.641119179218384,1.627048131716871,0.01407104750151289,0.01407104750151289
B0007,265,discharge,77.0,24.0,2008-05-05 20:40:08,1.641119179218384,1.6315700789656966,middle,1.6315700789656966,1.6312404298637042,0.00032964910199240194,0.00032964910199240194
B0007,269,discharge,78.0,24.0,2008-05-06 01:38:46,1.6315700789656966,1.621213282987236,middle,1.621213282987236,1.6221130013931266,-0.0008997184058905372,0.0008997184058905372
B0007,273,discharge,79.0,24.0,2008-05-06 06:37:06,1.621213282987236,1.6164273214762122,middle,1.6164273214762122,1.6122391357118997,0.004188185764312458,0.004188185764312458
B0007,277,discharge,80.0,24.0,2008-05-06 11:25:21,1.6164273214762122,1.615823510161921,middle,1.615823510161921,1.6075135926083137,0.008309917553607216,0.008309917553607216
B0007,281,discharge,81.0,24.0,2008-05-06 16:23:36,1.615823510161921,1.61672418029789,middle,1.61672418029789,1.6066530105633956,0.0100711697344944,0.0100711697344944
B0007,285,discharge,82.0,24.0,2008-05-06 21:21:49,1.61672418029789,1.6108655863730026,middle,1.6108655863730026,1.6071828047472618,0.003682781625740761,0.003682781625740761
B0007,289,discharge,83.0,24.0,2008-05-07 02:17:25,1.6108655863730026,1.6006603374309376,middle,1.6006603374309376,1.601465981485186,-0.0008056440542483223,0.0008056440542483223
B0007,293,discharge,84.0,24.0,2008-05-07 07:04:02,1.6006603374309376,1.5959174487005663,middle,1.5959174487005663,1.5917321689743789,0.00418527972618743,0.00418527972618743
B0007,297,discharge,85.0,24.0,2008-05-07 12:01:49,1.5959174487005663,1.5962179519462243,middle,1.5962179519462243,1.5870464318586412,0.00917152008758304,0.00917152008758304
B0007,301,discharge,86.0,24.0,2008-05-07 16:59:29,1.5962179519462243,1.5958065114633972,middle,1.5958065114633972,1.5870215779426937,0.00878493352070353,0.00878493352070353
B0007,305,discharge,87.0,24.0,2008-05-07 21:56:09,1.5958065114633972,1.5906507821480704,middle,1.5906507821480704,1.5863387766415216,0.004312005506548866,0.004312005506548866
B0007,309,discharge,88.0,24.0,2008-05-08 02:53:49,1.5906507821480704,1.6888211161855506,middle,1.6888211161855506,1.5812715102384005,0.10754960594715013,0.10754960594715013
B0007,312,discharge,89.0,24.0,2008-05-09 12:25:07,1.6888211161855506,1.6259938279733204,middle,1.6259938279733204,1.671693691229113,-0.04569986325579256,0.04569986325579256
B0007,315,discharge,90.0,24.0,2008-05-09 20:28:09,1.6259938279733204,1.6157433862812898,middle,1.6157433862812898,1.6133288819727187,0.0024145043085710416,0.0024145043085710416
B0007,319,discharge,91.0,24.0,2008-05-10 01:21:56,1.6157433862812898,1.6056626764846538,middle,1.6056626764846538,1.6035533042907595,0.0021093721938942878,0.0021093721938942878
B0007,323,discharge,92.0,24.0,2008-05-10 06:18:12,1.6056626764846538,1.5949746921524348,middle,1.5949746921524348,1.5939345854338673,0.0010401067185674684,0.0010401067185674684
B0007,327,discharge,93.0,24.0,2008-05-10 11:16:04,1.5949746921524348,1.5904102438871945,middle,1.5904102438871945,1.583754649900974,0.006655593986220509,0.006655593986220509
B0007,331,discharge,94.0,24.0,2008-05-10 16:11:56,1.5904102438871945,1.5853517062988178,middle,1.5853517062988178,1.579233819691153,0.006117886607664769,0.006117886607664769
B0007,335,discharge,95.0,24.0,2008-05-10 21:07:54,1.5853517062988178,1.5799737147242376,middle,1.5799737147242376,1.5742563736489028,0.005717341075334836,0.005717341075334836
B0007,339,discharge,96.0,24.0,2008-05-11 02:05:21,1.5799737147242376,1.5752185465278068,middle,1.5752185465278068,1.5689837021463913,0.0062348443814155274,0.0062348443814155274
B0007,343,discharge,97.0,24.0,2008-05-11 06:55:27,1.5752185465278068,1.569798484648868,middle,1.569798484648868,1.5642866168829526,0.00551186776591539,0.00551186776591539
B0007,347,discharge,98.0,24.0,2008-05-11 11:52:47,1.569798484648868,1.5702565375950357,middle,1.5702565375950357,1.5589750658375208,0.011281471757514927,0.011281471757514927
B0007,351,discharge,99.0,24.0,2008-05-11 16:49:58,1.5702565375950357,1.565249873909438,middle,1.565249873909438,1.559095812492722,0.006154061416715928,0.006154061416715928
B0007,355,discharge,100.0,24.0,2008-05-11 21:47:12,1.565249873909438,1.559633933561147,middle,1.559633933561147,1.5541663060520574,0.00546762750908969,0.00546762750908969
B0007,359,discharge,101.0,24.0,2008-05-12 02:36:58,1.559633933561147,1.5649820533392105,middle,1.5649820533392105,1.5486737326567186,0.016308320682491884,0.016308320682491884
B0007,363,discharge,102.0,24.0,2008-05-12 12:56:34,1.5649820533392105,1.57497949984227,middle,1.57497949984227,1.5533136660915636,0.021665833750706298,0.021665833750706298
B0007,366,discharge,103.0,24.0,2008-05-12 18:59:59,1.57497949984227,1.5652811168780458,middle,1.5652811168780458,1.562250304784668,0.003030812093377744,0.003030812093377744
B0007,370,discharge,104.0,24.0,2008-05-12 23:53:17,1.5652811168780458,1.559755497470126,middle,1.559755497470126,1.5529849157340825,0.006770581736043502,0.006770581736043502
B0007,374,discharge,105.0,24.0,2008-05-13 04:35:25,1.559755497470126,1.549897685670499,middle,1.549897685670499,1.5475758130179145,0.0023218726525844335,0.0023218726525844335
B0007,378,discharge,106.0,24.0,2008-05-13 09:24:04,1.549897685670499,1.5438771531345021,middle,1.5438771531345021,1.538163086781557,0.005714066352945135,0.005714066352945135
B0007,382,discharge,107.0,24.0,2008-05-13 14:20:24,1.5438771531345021,1.5450187488690073,middle,1.5450187488690073,1.5322966069083146,0.012722141960692657,0.012722141960692657
B0007,386,discharge,108.0,24.0,2008-05-13 19:04:20,1.5450187488690073,1.5445940154102908,middle,1.5445940154102908,1.5330490540368564,0.011544961373434415,0.011544961373434415
B0007,390,discharge,109.0,24.0,2008-05-13 23:59:26,1.5445940154102908,1.5343086721758876,middle,1.5343086721758876,1.5323539679463414,0.0019547042295462447,0.0019547042295462447
B0007,394,discharge,110.0,24.0,2008-05-14 04:55:57,1.5343086721758876,1.5287603942958483,middle,1.5287603942958483,1.5225461357790548,0.006214258516793469,0.006214258516793469
B0007,398,discharge,111.0,24.0,2008-05-14 09:52:22,1.5287603942958483,1.5289260249179843,late,1.5289260249179843,1.5171160930898417,0.011809931828142606,0.011809931828142606
B0007,402,discharge,112.0,24.0,2008-05-14 14:35:22,1.5289260249179843,1.529091650133123,late,1.529091650133123,1.5169665957695995,0.012125054363523624,0.012125054363523624
B0007,406,discharge,113.0,24.0,2008-05-14 19:31:39,1.529091650133123,1.5239059324661248,late,1.5239059324661248,1.5168170934524456,0.007088839013679182,0.007088839013679182
B0007,410,discharge,114.0,24.0,2008-05-15 00:27:55,1.5239059324661248,1.5186675419100615,late,1.5186675419100615,1.5117221131208496,0.006945428789211894,0.006945428789211894
B0007,414,discharge,115.0,24.0,2008-05-15 05:24:04,1.5186675419100615,1.5136482266426952,late,1.5136482266426952,1.5065784547993422,0.007069771843353001,0.007069771843353001
B0007,418,discharge,116.0,24.0,2008-05-15 10:20:03,1.5136482266426952,1.5136050185229033,late,1.5136050185229033,1.5016372563178453,0.011967762205058019,0.011967762205058019
B0007,422,discharge,117.0,24.0,2008-05-15 15:10:59,1.5136050185229033,1.5139470614867965,late,1.5139470614867965,1.5012947593282648,0.012652302158531636,0.012652302158531636
B0007,426,discharge,118.0,24.0,2008-05-15 19:56:47,1.5139470614867965,1.5339599193158786,late,1.5339599193158786,1.5013082946106517,0.03265162470522687,0.03265162470522687
B0007,430,discharge,119.0,24.0,2008-05-16 16:54:59,1.5339599193158786,1.5391372798653098,late,1.5391372798653098,1.5195007402309817,0.0196365396343281,0.0196365396343281
B0007,432,discharge,120.0,24.0,2008-05-16 21:37:39,1.5391372798653098,1.5236247972838737,late,1.5236247972838737,1.5239828654241268,-0.0003580681402530761,0.0003580681402530761
B0007,436,discharge,121.0,24.0,2008-05-17 02:32:13,1.5236247972838737,1.5135813035589147,late,1.5135813035589147,1.5093443387398677,0.004236964819047007,0.004236964819047007
B0007,440,discharge,122.0,24.0,2008-05-17 07:25:19,1.5135813035589147,1.5077850749847914,late,1.5077850749847914,1.4997600133554772,0.008025061629314267,0.008025061629314267
B0007,444,discharge,123.0,24.0,2008-05-17 12:21:15,1.5077850749847914,1.5031960676037333,late,1.5031960676037333,1.4941008254342605,0.009095242169472773,0.009095242169472773
B0007,448,discharge,124.0,24.0,2008-05-17 17:15:37,1.5031960676037333,1.4978220596995881,late,1.4978220596995881,1.4895572987592707,0.008264760940317473,0.008264760940317473
B0007,452,discharge,125.0,24.0,2008-05-17 22:10:51,1.4978220596995881,1.492848534633516,late,1.492848534633516,1.484288308791467,0.008560225842049185,0.008560225842049185
B0007,456,discharge,126.0,24.0,2008-05-18 03:05:19,1.492848534633516,1.492414389867026,late,1.492414389867026,1.4793894276196182,0.013024962247407679,0.013024962247407679
B0007,460,discharge,127.0,24.0,2008-05-18 08:00:50,1.492414389867026,1.487482776538081,late,1.487482776538081,1.4786856440083673,0.008797132529713592,0.008797132529713592
B0007,464,discharge,128.0,24.0,2008-05-18 12:44:48,1.487482776538081,1.482535148640411,late,1.482535148640411,1.47382549583851,0.008709652801901058,0.008709652801901058
B0007,468,discharge,129.0,24.0,2008-05-18 17:36:29,1.482535148640411,1.4827874322228984,late,1.4827874322228984,1.4689505477017502,0.013836884521148285,0.013836884521148285
B0007,472,discharge,130.0,24.0,2008-05-18 22:31:45,1.4827874322228984,1.476971179775059,late,1.476971179775059,1.468881131273303,0.008090048501756097,0.008090048501756097
B0007,476,discharge,131.0,24.0,2008-05-19 03:27:07,1.476971179775059,1.4819015554137276,late,1.4819015554137276,1.463203438160136,0.018698117253591606,0.018698117253591606
B0007,480,discharge,132.0,24.0,2008-05-19 15:34:33,1.4819015554137276,1.4981366198874824,late,1.4981366198874824,1.4674573106561584,0.030679309231324003,0.030679309231324003
B0007,482,discharge,133.0,24.0,2008-05-19 20:59:48,1.4981366198874824,1.4820775214392872,late,1.4820775214392872,1.482158484198924,-8.096275963676014e-05,8.096275963676014e-05
B0007,484,discharge,134.0,24.0,2008-05-20 01:16:42,1.4820775214392872,1.4771155312812152,late,1.4771155312812152,1.4670147989384081,0.010100732342807062,0.010100732342807062
B0007,488,discharge,135.0,24.0,2008-05-20 06:12:06,1.4771155312812152,1.4720772783056488,late,1.4720772783056488,1.4621265778261314,0.009950700479517405,0.009950700479517405
B0007,492,discharge,136.0,24.0,2008-05-20 11:07:23,1.4720772783056488,1.472248013656454,late,1.472248013656454,1.457167877939546,0.015080135716907916,0.015080135716907916
B0007,496,discharge,137.0,24.0,2008-05-20 15:57:27,1.472248013656454,1.4670106672274665,late,1.4670106672274665,1.4570230981872039,0.009987569040262656,0.009987569040262656
B0007,500,discharge,138.0,24.0,2008-05-20 20:50:39,1.4670106672274665,1.4617672495335379,late,1.4617672495335379,1.4518804048024632,0.009886844731074707,0.009886844731074707
B0007,504,discharge,139.0,24.0,2008-05-21 01:39:38,1.4617672495335379,1.4566952670489708,late,1.4566952670489708,1.4467321006190972,0.009963166429873604,0.009963166429873604
B0007,508,discharge,140.0,24.0,2008-05-21 06:24:27,1.4566952670489708,1.451354972758956,late,1.451354972758956,1.4417422293893791,0.00961274336957696,0.00961274336957696
B0007,512,discharge,141.0,24.0,2008-05-21 11:18:06,1.451354972758956,1.451615926257375,late,1.451615926257375,1.4365043960753612,0.015111530182013722,0.015111530182013722
B0007,516,discharge,142.0,24.0,2008-05-21 16:10:21,1.451615926257375,1.4468161332173683,late,1.4468161332173683,1.4364429920056008,0.010373141211767578,0.010373141211767578
B0007,520,discharge,143.0,24.0,2008-05-21 21:02:09,1.4468161332173683,1.4467570607768785,late,1.4467570607768785,1.43170466640536,0.015052394371518396,0.015052394371518396
B0007,524,discharge,144.0,24.0,2008-05-22 01:42:59,1.4467570607768785,1.4413797481446793,late,1.4413797481446793,1.4313475083015594,0.01003223984311985,0.01003223984311985
B0007,528,discharge,145.0,24.0,2008-05-22 06:32:40,1.4413797481446793,1.4362456252208178,late,1.4362456252208178,1.4260754642480251,0.010170160972792663,0.010170160972792663
B0007,532,discharge,146.0,24.0,2008-05-22 11:23:22,1.4362456252208178,1.4368154153924828,late,1.4368154153924828,1.4210281655308319,0.01578724986165092,0.01578724986165092
B0007,536,discharge,147.0,24.0,2008-05-22 16:17:58,1.4368154153924828,1.4362945145860047,late,1.4362945145860047,1.4212521748631337,0.015042339722870945,0.015042339722870945
B0007,540,discharge,148.0,24.0,2008-05-22 20:59:50,1.4362945145860047,1.4418575315878015,late,1.4418575315878015,1.420468215098377,0.021389316489424548,0.021389316489424548
B0007,544,discharge,149.0,24.0,2008-05-23 12:13:16,1.4418575315878015,1.4672063484781797,late,1.4672063484781797,1.4253067471875684,0.04189960129061121,0.04189960129061121
B0007,547,discharge,150.0,24.0,2008-05-23 20:14:29,1.4672063484781797,1.4518640367848885,late,1.4518640367848885,1.4484304537651604,0.0034335830197280703,0.0034335830197280703
B0007,551,discharge,151.0,24.0,2008-05-24 01:09:21,1.4518640367848885,1.4471379752748499,late,1.4471379752748499,1.4339491916039482,0.013188783670901705,0.013188783670901705
B0007,555,discharge,152.0,24.0,2008-05-24 06:00:20,1.4471379752748499,1.441790586562399,late,1.441790586562399,1.429279005472334,0.012511581090064894,0.012511581090064894
B0007,559,discharge,153.0,24.0,2008-05-24 10:42:50,1.441790586562399,1.431630947911111,late,1.431630947911111,1.4240346158020978,0.007596332109013115,0.007596332109013115
B0007,563,discharge,154.0,24.0,2008-05-24 15:31:10,1.431630947911111,1.4318084249673686,late,1.4318084249673686,1.4143429543354749,0.017465470631893742,0.017465470631893742
B0007,567,discharge,155.0,24.0,2008-05-24 20:21:13,1.4318084249673686,1.4262562585106868,late,1.4262562585106868,1.4142044049736775,0.012051853537009327,0.012051853537009327
B0007,571,discharge,156.0,24.0,2008-05-25 01:06:49,1.4262562585106868,1.4260877528924913,late,1.4260877528924913,1.408770768631298,0.017316984261193324,0.017316984261193324
B0007,575,discharge,157.0,24.0,2008-05-25 05:57:17,1.4260877528924913,1.4212633510031694,late,1.4212633510031694,1.4083124771510134,0.012950873852155986,0.012950873852155986
B0007,579,discharge,158.0,24.0,2008-05-25 10:51:37,1.4212633510031694,1.4163272748795108,late,1.4163272748795108,1.4035514091240715,0.01277586575543932,0.01277586575543932
B0007,583,discharge,159.0,24.0,2008-05-25 15:37:08,1.4163272748795108,1.4165781829175994,late,1.4165781829175994,1.3986871366337166,0.017891046283882828,0.017891046283882828
B0007,587,discharge,160.0,24.0,2008-05-25 20:23:04,1.4165781829175994,1.4108401729425177,late,1.4108401729425177,1.3986164489870478,0.01222372395546989,0.01222372395546989
B0007,591,discharge,161.0,24.0,2008-05-26 01:13:02,1.4108401729425177,1.4109949628347804,late,1.4109949628347804,1.3930110641593598,0.017983898675420606,0.017983898675420606
B0007,595,discharge,162.0,24.0,2008-05-26 06:01:08,1.4109949628347804,1.4061714290398801,late,1.4061714290398801,1.3928515483087356,0.01331988073114454,0.01331988073114454
B0007,599,discharge,163.0,24.0,2008-05-26 10:44:38,1.4061714290398801,1.4063358479692922,late,1.4063358479692922,1.3880912825368483,0.018244565432443904,0.018244565432443904
B0007,603,discharge,164.0,24.0,2008-05-26 15:30:43,1.4063358479692922,1.4004552399066514,late,1.4004552399066514,1.3879406654229658,0.012514574483685648,0.012514574483685648
B0007,607,discharge,165.0,24.0,2008-05-26 20:21:04,1.4004552399066514,1.4217865046055154,late,1.4217865046055154,1.382203497653602,0.03958300695191341,0.03958300695191341
B0007,611,discharge,166.0,24.0,2008-05-27 15:52:41,1.4217865046055154,1.4324552720625434,late,1.4324552720625434,1.4016143574798987,0.030840914582644707,0.030840914582644707
B0018,2,discharge,0.0,24.0,2008-07-07 15:15:28,1.8550045207910817,1.8431955317089987,early,1.8431955317089987,1.853481599262266,-0.01028606755326722,0.01028606755326722
B0018,6,discharge,1.0,24.0,2008-07-07 21:53:06,1.8431955317089987,1.8396018424355423,early,1.8396018424355423,1.8420388742828167,-0.0024370318472743957,0.0024370318472743957
B0018,10,discharge,2.0,24.0,2008-07-08 02:56:08,1.8396018424355423,1.8306736044962053,early,1.8306736044962053,1.8384373086831975,-0.007763704186992237,0.007763704186992237
B0018,14,discharge,3.0,24.0,2008-07-08 07:58:55,1.8306736044962053,1.8327002069419656,early,1.8327002069419656,1.8297441399427283,0.002956066999237228,0.002956066999237228
B0018,17,discharge,4.0,24.0,2008-07-08 18:57:48,1.8327002069419656,1.8285288846046388,early,1.8285288846046388,1.8315069072534242,-0.002978022648785439,0.002978022648785439
B0018,19,discharge,5.0,24.0,2008-07-08 22:57:17,1.8285288846046388,1.8212011895697924,early,1.8212011895697924,1.827354015101838,-0.006152825532045547,0.006152825532045547
B0018,21,discharge,6.0,24.0,2008-07-09 02:56:41,1.8212011895697924,1.8151700106433282,early,1.8151700106433282,1.8201884974880127,-0.005018486844684533,0.005018486844684533
B0018,23,discharge,7.0,24.0,2008-07-09 06:55:54,1.8151700106433282,1.8042980520967649,early,1.8042980520967649,1.8142604501651276,-0.009962398068362743,0.009962398068362743
B0018,26,discharge,8.0,24.0,2008-07-09 11:26:41,1.8042980520967649,1.8231002302844226,early,1.8231002302844226,1.803712081562674,0.019388148721748655,0.019388148721748655
B0018,29,discharge,9.0,24.0,2008-07-10 16:34:39,1.8231002302844226,1.8121253520255494,early,1.8121253520255494,1.8214864328867142,-0.009361080861164828,0.009361080861164828
B0018,31,discharge,10.0,24.0,2008-07-10 20:33:58,1.8121253520255494,1.8046916382117766,early,1.8046916382117766,1.8108398317320291,-0.006148193520252532,0.006148193520252532
B0018,33,discharge,11.0,24.0,2008-07-11 00:30:25,1.8046916382117766,1.790844349786295,early,1.790844349786295,1.803573123636763,-0.012728773850468,0.012728773850468
B0018,35,discharge,12.0,24.0,2008-07-11 04:28:49,1.790844349786295,1.783470722841926,early,1.783470722841926,1.7901849273552668,-0.006714204513340816,0.006714204513340816
B0018,38,discharge,13.0,24.0,2008-07-11 08:59:08,1.783470722841926,1.7809386125310702,early,1.7809386125310702,1.7829755696587206,-0.002036957127650396,0.002036957127650396
B0018,41,discharge,14.0,24.0,2008-07-11 14:27:05,1.7809386125310702,1.771209039672698,early,1.771209039672698,1.7803872366901599,-0.009178197017461809,0.009178197017461809
B0018,43,discharge,15.0,24.0,2008-07-11 18:25:27,1.771209039672698,1.7686303996707076,early,1.7686303996707076,1.7709292273518853,-0.0022988276811777286,0.0022988276811777286
B0018,45,discharge,16.0,24.0,2008-07-11 22:22:05,1.7686303996707076,1.7536304801917124,early,1.7536304801917124,1.768296483743107,-0.01466600355139458,0.01466600355139458
B0018,47,discharge,17.0,24.0,2008-07-12 02:18:11,1.7536304801917124,1.7462197416415093,early,1.7462197416415093,1.7538081494255953,-0.007588407784085982,0.007588407784085982
B0018,50,discharge,18.0,24.0,2008-07-12 06:45:43,1.7462197416415093,1.7376647337053737,early,1.7376647337053737,1.746563370256557,-0.008898636551183392,0.008898636551183392
B0018,53,discharge,19.0,24.0,2008-07-12 11:15:36,1.7376647337053737,1.7315166735475835,early,1.7315166735475835,1.7382264339127875,-0.006709760365203987,0.006709760365203987
B0018,55,discharge,20.0,24.0,2008-07-12 15:13:28,1.7315166735475835,1.7085949894470602,early,1.7085949894470602,1.7321868283528707,-0.023591838905810514,0.023591838905810514
B0018,57,discharge,21.0,24.0,2008-07-12 18:52:45,1.7085949894470602,1.711469957068211,early,1.711469957068211,1.710137501690116,0.001332455378095121,0.001332455378095121
B0018,59,discharge,22.0,24.0,2008-07-12 22:50:29,1.711469957068211,1.7075021373272627,early,1.7075021373272627,1.7127099980073601,-0.005207860680097376,0.005207860680097376
B0018,62,discharge,23.0,24.0,2008-07-13 03:19:05,1.7075021373272627,1.7492382064360228,early,1.7492382064360228,1.7087513405556125,0.04048686588041028,0.04048686588041028
B0018,65,discharge,24.0,24.0,2008-07-14 13:08:20,1.7492382064360228,1.7327697147429955,early,1.7327697147429955,1.7484151296483361,-0.01564541490534066,0.01564541490534066
B0018,67,discharge,25.0,24.0,2008-07-14 17:03:45,1.7327697147429955,1.7222313328292376,early,1.7222313328292376,1.7325251046975838,-0.010293771868346235,0.010293771868346235
B0018,69,discharge,26.0,24.0,2008-07-14 20:57:32,1.7222313328292376,1.711846298984729,early,1.711846298984729,1.7222951210115842,-0.010448822026855265,0.010448822026855265
B0018,71,discharge,27.0,24.0,2008-07-15 00:49:58,1.711846298984729,1.699267835126687,early,1.699267835126687,1.712211501631159,-0.012943666504471985,0.012943666504471985
B0018,74,discharge,28.0,24.0,2008-07-15 05:14:47,1.699267835126687,1.6940366439243106,early,1.6940366439243106,1.7000343452252729,-0.0059977013009622215,0.0059977013009622215
B0018,77,discharge,29.0,24.0,2008-07-15 09:43:28,1.6940366439243106,1.6819027078768087,early,1.6819027078768087,1.6948698526590742,-0.01296714478226546,0.01296714478226546
B0018,79,discharge,30.0,24.0,2008-07-15 13:36:47,1.6819027078768087,1.6769770618433686,early,1.6769770618433686,1.6831169794190384,-0.006139917575669784,0.006139917575669784
B0018,81,discharge,31.0,24.0,2008-07-15 17:29:47,1.6769770618433686,1.6655229306478936,early,1.6655229306478936,1.6782441169117754,-0.012721186263881856,0.012721186263881856
B0018,83,discharge,32.0,24.0,2008-07-15 21:21:30,1.6655229306478936,1.6571924575832084,early,1.6571924575832084,1.667140088913678,-0.009947631330469608,0.009947631330469608
B0018,86,discharge,33.0,24.0,2008-07-16 01:45:13,1.6571924575832084,1.6482241555294048,early,1.6482241555294048,1.659017461694881,-0.010793306165476135,0.010793306165476135
B0018,89,discharge,34.0,24.0,2008-07-16 06:12:34,1.6482241555294048,1.6387701497987262,early,1.6387701497987262,1.6502860534361636,-0.011515903637437486,0.011515903637437486
B0018,91,discharge,35.0,24.0,2008-07-16 10:05:40,1.6387701497987262,1.6276486907262062,early,1.6276486907262062,1.6410910613727812,-0.013442370646574942,0.013442370646574942
B0018,93,discharge,36.0,24.0,2008-07-16 13:57:42,1.6276486907262062,1.62215370227252,early,1.62215370227252,1.630304554974392,-0.00815085270187188,0.00815085270187188
B0018,95,discharge,37.0,24.0,2008-07-16 17:51:36,1.62215370227252,1.6140066510467586,early,1.6140066510467586,1.6248882789870562,-0.010881627940297678,0.010881627940297678
B0018,98,discharge,38.0,24.0,2008-07-16 22:13:57,1.6140066510467586,1.6760516154424623,early,1.6760516154424623,1.6169407202266535,0.05911089521580881,0.05911089521580881
B0018,101,discharge,39.0,24.0,2008-07-18 17:28:12,1.6760516154424623,1.649300642552199,early,1.649300642552199,1.6759884987638032,-0.02668785621160419,0.02668785621160419
B0018,103,discharge,40.0,24.0,2008-07-18 21:19:44,1.649300642552199,1.63238299185809,early,1.63238299185809,1.6502842764294112,-0.01790128457132112,0.01790128457132112
B0018,105,discharge,41.0,24.0,2008-07-19 01:10:07,1.63238299185809,1.6164159719025777,early,1.6164159719025777,1.6339655480355213,-0.017549576132943612,0.017549576132943612
B0018,107,discharge,42.0,24.0,2008-07-19 05:01:04,1.6164159719025777,1.6109028378249377,early,1.6109028378249377,1.6185541568425055,-0.00765131901756777,0.00765131901756777
B0018,110,discharge,43.0,24.0,2008-07-19 09:25:29,1.6109028378249377,1.5954638693695657,middle,1.5954638693695657,1.6131205616175541,-0.01765669224798838,0.01765669224798838
B0018,113,discharge,44.0,24.0,2008-07-19 13:53:00,1.5954638693695657,1.726707440085764,middle,1.726707440085764,1.598213173451794,0.12849426663397012,0.12849426663397012
B0018,116,discharge,45.0,24.0,2008-07-29 18:34:27,1.726707440085764,1.7165673917429753,middle,1.7165673917429753,1.7233081217406037,-0.006740729997628314,0.006740729997628314
B0018,118,discharge,46.0,24.0,2008-07-29 22:21:53,1.7165673917429753,1.6958235570934848,middle,1.6958235570934848,1.713458330754696,-0.017634773661211245,0.017634773661211245
B0018,120,discharge,47.0,24.0,2008-07-30 02:09:48,1.6958235570934848,1.6777783190792557,middle,1.6777783190792557,1.6934876701234465,-0.0157093510441908,0.0157093510441908
B0018,122,discharge,48.0,24.0,2008-07-30 05:57:02,1.6777783190792557,1.6606586897774192,middle,1.6606586897774192,1.6760927068875298,-0.01543401711011061,0.01543401711011061
B0018,124,discharge,49.0,24.0,2008-07-30 09:52:21,1.6606586897774192,1.6664109274827466,middle,1.6664109274827466,1.659581198377101,0.00682972910564561,0.00682972910564561
B0018,127,discharge,50.0,24.0,2008-07-30 19:28:07,1.6664109274827466,1.6468336174407805,middle,1.6468336174407805,1.664899928408805,-0.01806631096802458,0.01806631096802458
B0018,129,discharge,51.0,24.0,2008-07-30 23:16:54,1.6468336174407805,1.6257639928779952,middle,1.6257639928779952,1.6460426666286223,-0.020278673750627085,0.020278673750627085
B0018,131,discharge,52.0,24.0,2008-07-31 02:46:18,1.6257639928779952,1.6121577411874595,middle,1.6121577411874595,1.625761053178365,-0.013603311990905587,0.013603311990905587
B0018,133,discharge,53.0,24.0,2008-07-31 06:15:17,1.6121577411874595,1.6057366823755344,middle,1.6057366823755344,1.6126029163589863,-0.006866233983451986,0.006866233983451986
B0018,135,discharge,54.0,24.0,2008-07-31 10:10:14,1.6057366823755344,1.673645314879889,middle,1.673645314879889,1.606302745024549,0.06734256985534004,0.06734256985534004
B0018,140,discharge,55.0,24.0,2008-08-01 17:46:33,1.673645314879889,1.6404348572349936,middle,1.6404348572349936,1.6709471490362897,-0.03051229180129611,0.03051229180129611
B0018,142,discharge,56.0,24.0,2008-08-01 21:32:12,1.6404348572349936,1.6132653317422077,middle,1.6132653317422077,1.6390776192082541,-0.02581228746604647,0.02581228746604647
B0018,144,discharge,57.0,24.0,2008-08-02 01:17:09,1.6132653317422077,1.5920964324686278,middle,1.5920964324686278,1.6129739059554935,-0.02087747348686575,0.02087747348686575
B0018,146,discharge,58.0,24.0,2008-08-02 05:03:55,1.5920964324686278,1.5866011820698824,middle,1.5866011820698824,1.592597538954196,-0.005996356884313547,0.005996356884313547
B0018,149,discharge,59.0,24.0,2008-08-02 09:26:51,1.5866011820698824,1.5800766490336253,middle,1.5800766490336253,1.587181012951279,-0.007104363917653567,0.007104363917653567
B0018,152,discharge,60.0,24.0,2008-08-02 13:55:03,1.5800766490336253,1.5641732953289167,middle,1.5641732953289167,1.5807820798061238,-0.01660878447720715,0.01660878447720715
B0018,154,discharge,61.0,24.0,2008-08-02 17:41:59,1.5641732953289167,1.555618272193922,middle,1.555618272193922,1.5654314553813693,-0.009813183187447283,0.009813183187447283
B0018,156,discharge,62.0,24.0,2008-08-02 21:29:24,1.555618272193922,1.5402045278637397,middle,1.5402045278637397,1.557094504530926,-0.01688997666718617,0.01688997666718617
B0018,158,discharge,63.0,24.0,2008-08-03 01:16:07,1.5402045278637397,1.5321613015959863,middle,1.5321613015959863,1.5422111917355643,-0.010049890139578022,0.010049890139578022
B0018,161,discharge,64.0,24.0,2008-08-03 05:39:11,1.5321613015959863,1.5316232403693415,middle,1.5316232403693415,1.5343627295464748,-0.002739489177133292,0.002739489177133292
B0018,164,discharge,65.0,24.0,2008-08-03 10:08:42,1.5316232403693415,1.5222595950771978,middle,1.5222595950771978,1.5336776328620099,-0.011418037784812096,0.011418037784812096
B0018,166,discharge,66.0,24.0,2008-08-03 13:54:25,1.5222595950771978,1.5065267126851283,middle,1.5065267126851283,1.5245688860503759,-0.018042173365247605,0.018042173365247605
B0018,168,discharge,67.0,24.0,2008-08-03 17:42:28,1.5065267126851283,1.5014219556532926,middle,1.5014219556532926,1.5093809693494087,-0.007959013696116068,0.007959013696116068
B0018,170,discharge,68.0,24.0,2008-08-03 21:26:49,1.5014219556532926,1.4963534117486457,middle,1.4963534117486457,1.5043371529003766,-0.00798374115173095,0.00798374115173095
B0018,173,discharge,69.0,24.0,2008-08-04 01:48:42,1.4963534117486457,1.5334262000312422,middle,1.5334262000312422,1.4993279003636233,0.0340982996676189,0.0340982996676189
B0018,176,discharge,70.0,24.0,2008-08-04 17:08:25,1.5334262000312422,1.523845267514426,middle,1.523845267514426,1.534540783336955,-0.010695515822529034,0.010695515822529034
B0018,178,discharge,71.0,24.0,2008-08-04 20:55:13,1.523845267514426,1.5011920994261239,middle,1.5011920994261239,1.5252246449754634,-0.024032545549339535,0.024032545549339535
B0018,180,discharge,72.0,24.0,2008-08-05 00:41:24,1.5011920994261239,1.492417671450291,middle,1.492417671450291,1.503431605593381,-0.011013934143089932,0.011013934143089932
B0018,182,discharge,73.0,24.0,2008-08-05 04:27:50,1.492417671450291,1.483323851940123,middle,1.483323851940123,1.494885242017195,-0.01156139007707191,0.01156139007707191
B0018,184,discharge,74.0,24.0,2008-08-05 08:23:48,1.483323851940123,1.4807376792294196,middle,1.4807376792294196,1.4860340326065744,-0.005296353377154839,0.005296353377154839
B0018,187,discharge,75.0,24.0,2008-08-05 12:50:42,1.4807376792294196,1.4735077809902477,middle,1.4735077809902477,1.4833940993430108,-0.009886318352763102,0.009886318352763102
B0018,189,discharge,76.0,24.0,2008-08-05 16:36:12,1.4735077809902477,1.46801928526661,middle,1.46801928526661,1.4763219246721802,-0.008302639405570078,0.008302639405570078
B0018,191,discharge,77.0,24.0,2008-08-05 20:21:46,1.46801928526661,1.4580923557119019,middle,1.4580923557119019,1.4709118457235777,-0.012819490011675816,0.012819490011675816
B0018,193,discharge,78.0,24.0,2008-08-06 00:06:53,1.4580923557119019,1.4478660988891399,middle,1.4478660988891399,1.461265467689492,-0.013399368800352196,0.013399368800352196
B0018,196,discharge,79.0,24.0,2008-08-06 04:27:52,1.4478660988891399,1.4527808777541982,middle,1.4527808777541982,1.4513333943222826,0.001447483431915586,0.001447483431915586
B0018,199,discharge,80.0,24.0,2008-08-06 08:55:24,1.4527808777541982,1.4425356364492432,middle,1.4425356364492432,1.4558528049872483,-0.01331716853800513,0.01331716853800513
B0018,201,discharge,81.0,24.0,2008-08-06 12:40:42,1.4425356364492432,1.4392712877203313,middle,1.4392712877203313,1.4459026117273888,-0.00663132400705746,0.00663132400705746
B0018,203,discharge,82.0,24.0,2008-08-06 16:25:32,1.4392712877203313,1.4286475681888218,middle,1.4286475681888218,1.4426153878755053,-0.01396781968668348,0.01396781968668348
B0018,205,discharge,83.0,24.0,2008-08-06 20:09:11,1.4286475681888218,1.4249026750004896,middle,1.4249026750004896,1.4323039530096981,-0.007401278009208534,0.007401278009208534
B0018,208,discharge,84.0,24.0,2008-08-07 00:27:39,1.4249026750004896,1.4698115324524124,middle,1.4698115324524124,1.428558069609997,0.04125346284241527,0.04125346284241527
B0018,211,discharge,85.0,24.0,2008-08-07 19:05:53,1.4698115324524124,1.4525819651050202,middle,1.4525819651050202,1.4712501522107782,-0.018668187105757905,0.018668187105757905
B0018,213,discharge,86.0,24.0,2008-08-07 22:50:51,1.4525819651050202,1.442834198908794,middle,1.442834198908794,1.4546337124431596,-0.011799513534365591,0.011799513534365591
B0018,215,discharge,87.0,24.0,2008-08-08 02:32:53,1.442834198908794,1.428376058807949,late,1.428376058807949,1.4451583383263515,-0.0167822795184025,0.0167822795184025
B0018,217,discharge,88.0,24.0,2008-08-08 06:16:47,1.428376058807949,1.4154547844370715,late,1.4154547844370715,1.4311871097203466,-0.01573232528327506,0.01573232528327506
B0018,219,discharge,89.0,24.0,2008-08-08 10:14:50,1.4154547844370715,1.454576670077708,late,1.454576670077708,1.418682755046492,0.035893915031216084,0.035893915031216084
B0018,222,discharge,90.0,24.0,2008-08-08 20:10:08,1.454576670077708,1.4283179548274056,late,1.4283179548274056,1.4558514155743216,-0.027533460746915983,0.027533460746915983
B0018,224,discharge,91.0,24.0,2008-08-08 23:54:01,1.4283179548274056,1.4197026883204058,late,1.4197026883204058,1.4306170325276961,-0.010914344207290316,0.010914344207290316
B0018,226,discharge,92.0,24.0,2008-08-09 03:37:06,1.4197026883204058,1.4155606630306516,late,1.4155606630306516,1.4222225819033583,-0.006661918872706618,0.006661918872706618
B0018,228,discharge,93.0,24.0,2008-08-09 07:19:59,1.4155606630306516,1.405680035419228,late,1.405680035419228,1.4180976525558968,-0.01241761713666878,0.01241761713666878
B0018,231,discharge,94.0,24.0,2008-08-09 11:36:57,1.405680035419228,1.4084461071166137,late,1.4084461071166137,1.4084954677862507,-4.93606696370108e-05,4.93606696370108e-05
B0018,234,discharge,95.0,24.0,2008-08-09 15:59:02,1.4084461071166137,1.3968547782872414,late,1.3968547782872414,1.4109640275078807,-0.014109249220639386,0.014109249220639386
B0018,236,discharge,96.0,24.0,2008-08-09 19:41:13,1.3968547782872414,1.3935670371440676,late,1.3935670371440676,1.399729050117919,-0.006162012973851327,0.006162012973851327
B0018,238,discharge,97.0,24.0,2008-08-09 23:22:00,1.3935670371440676,1.3893644292809475,late,1.3893644292809475,1.3964194991869536,-0.007055069906006128,0.007055069906006128
B0018,240,discharge,98.0,24.0,2008-08-10 03:01:08,1.3893644292809475,1.3785651415666713,late,1.3785651415666713,1.3922367463121144,-0.013671604745443044,0.013671604745443044
B0018,243,discharge,99.0,24.0,2008-08-10 07:19:08,1.3785651415666713,1.384901110085747,late,1.384901110085747,1.3817577389735831,0.003143371112163784,0.003143371112163784
B0018,246,discharge,100.0,24.0,2008-08-10 11:39:39,1.384901110085747,1.3703251814242443,late,1.3703251814242443,1.387633615603968,-0.01730843417972361,0.01730843417972361
B0018,248,discharge,101.0,24.0,2008-08-10 15:21:25,1.3703251814242443,1.3733464385229082,late,1.3733464385229082,1.3735499627531087,-0.00020352423020053578,0.00020352423020053578
B0018,250,discharge,102.0,24.0,2008-08-10 19:01:07,1.3733464385229082,1.3679487285504814,late,1.3679487285504814,1.376262086245927,-0.0083133576954455,0.0083133576954455
B0018,252,discharge,103.0,24.0,2008-08-10 22:40:10,1.3679487285504814,1.3567141087089647,late,1.3567141087089647,1.370938658492198,-0.014224549783233398,0.014224549783233398
B0018,255,discharge,104.0,24.0,2008-08-11 02:53:19,1.3567141087089647,1.4604310209194575,late,1.4604310209194575,1.3600441448821528,0.10038687603730478,0.10038687603730478
B0018,258,discharge,105.0,24.0,2008-08-14 13:04:49,1.4604310209194575,1.4500998937104097,late,1.4500998937104097,1.4588660512168814,-0.008766157506471695,0.008766157506471695
B0018,260,discharge,106.0,24.0,2008-08-14 16:49:56,1.4500998937104097,1.4381406901824496,late,1.4381406901824496,1.4488338834608794,-0.010693193278429769,0.010693193278429769
B0018,262,discharge,107.0,24.0,2008-08-14 20:29:23,1.4381406901824496,1.4283681980964316,late,1.4283681980964316,1.4372477850880403,-0.008879586991608734,0.008879586991608734
B0018,264,discharge,108.0,24.0,2008-08-15 00:08:59,1.4283681980964316,1.4147874517552432,late,1.4147874517552432,1.4277488111456407,-0.012961359390397442,0.012961359390397442
B0018,266,discharge,109.0,24.0,2008-08-15 03:59:10,1.4147874517552432,1.413889163393182,late,1.413889163393182,1.4146150181133335,-0.0007258547201514087,0.0007258547201514087
B0018,269,discharge,110.0,24.0,2008-08-15 08:19:52,1.413889163393182,1.3989331662177225,late,1.3989331662177225,1.413586099724544,-0.014652933506821508,0.014652933506821508
B0018,271,discharge,111.0,24.0,2008-08-15 12:00:03,1.3989331662177225,1.3953322584033976,late,1.3953322584033976,1.3991396874050572,-0.0038074290016596457,0.0038074290016596457
B0018,273,discharge,112.0,24.0,2008-08-15 15:37:16,1.3953322584033976,1.390046129540245,late,1.390046129540245,1.3955312320106947,-0.005485102470449643,0.005485102470449643
B0018,275,discharge,113.0,24.0,2008-08-15 19:13:34,1.390046129540245,1.3860271454209647,late,1.3860271454209647,1.3903143037496173,-0.004287158328652563,0.004287158328652563
B0018,278,discharge,114.0,24.0,2008-08-15 23:27:04,1.3860271454209647,1.388215260193751,late,1.388215260193751,1.3863068120429531,0.0019084481507978257,0.0019084481507978257
B0018,281,discharge,115.0,24.0,2008-08-16 03:52:55,1.388215260193751,1.3761826562394497,late,1.3761826562394497,1.3882237361011225,-0.012041079861672799,0.012041079861672799
B0018,283,discharge,116.0,24.0,2008-08-16 07:37:37,1.3761826562394497,1.3647168898640165,late,1.3647168898640165,1.3765675800974124,-0.01185069023339591,0.01185069023339591
B0018,285,discharge,117.0,24.0,2008-08-16 11:21:22,1.3647168898640165,1.3589854739373584,late,1.3589854739373584,1.365452446807653,-0.006466972870294629,0.006466972870294629
B0018,287,discharge,118.0,24.0,2008-08-16 15:02:56,1.3589854739373584,1.3462308764008801,late,1.3462308764008801,1.359810510705589,-0.013579634304708765,0.013579634304708765
B0018,290,discharge,119.0,24.0,2008-08-16 19:15:49,1.3462308764008801,1.4268427818454643,late,1.4268427818454643,1.347465242085061,0.07937753976040329,0.07937753976040329
B0018,293,discharge,120.0,24.0,2008-08-18 14:27:16,1.4268427818454643,1.4064481483279663,late,1.4064481483279663,1.4242343877483763,-0.01778623942041002,0.01778623942041002
B0018,295,discharge,121.0,24.0,2008-08-18 18:08:54,1.4064481483279663,1.3934907492075153,late,1.3934907492075153,1.4045970249632618,-0.01110627575574652,0.01110627575574652
B0018,297,discharge,122.0,24.0,2008-08-18 21:48:48,1.3934907492075153,1.3882493512249316,late,1.3882493512249316,1.3920581907298586,-0.003808839504926942,0.003808839504926942
B0018,299,discharge,123.0,24.0,2008-08-19 01:25:43,1.3882493512249316,1.3701878338420928,late,1.3701878338420928,1.3868839562196986,-0.01669612237760587,0.01669612237760587
B0018,301,discharge,124.0,24.0,2008-08-19 05:17:05,1.3701878338420928,1.3796951665608619,late,1.3796951665608619,1.3694734550086811,0.010221711552180768,0.010221711552180768
B0018,304,discharge,125.0,24.0,2008-08-19 09:39:42,1.3796951665608619,1.3686586323935683,late,1.3686586323935683,1.3783762658618648,-0.00971763346829646,0.00971763346829646
B0018,306,discharge,126.0,24.0,2008-08-19 13:17:33,1.3686586323935683,1.3627371779096438,late,1.3627371779096438,1.3676708167264737,-0.004933638816829955,0.004933638816829955
B0018,308,discharge,127.0,24.0,2008-08-19 16:54:51,1.3627371779096438,1.3634051133928073,late,1.3634051133928073,1.3618474967856513,0.0015576166071560316,0.0015576166071560316
B0018,310,discharge,128.0,24.0,2008-08-19 20:32:20,1.3634051133928073,1.3518646035305233,late,1.3518646035305233,1.3623134734196827,-0.010448869889159385,0.010448869889159385
B0018,313,discharge,129.0,24.0,2008-08-20 00:43:05,1.3518646035305233,1.3547969729652622,late,1.3547969729652622,1.3511270006040808,0.003669972361181495,0.003669972361181495
B0018,316,discharge,130.0,24.0,2008-08-20 05:02:00,1.3547969729652622,1.341051440640485,late,1.341051440640485,1.3537542845467945,-0.012702843906309491,0.012702843906309491
