model,battery_id,discharge_cycle_index,actual_next_capacity,predicted_next_capacity
LinearRegression,B0005,0.0,1.846327249719927,1.8520024460076336
LinearRegression,B0005,1.0,1.8353491942234077,1.8420112286769514
LinearRegression,B0005,2.0,1.8352625275821128,1.8312218718070397
LinearRegression,B0005,3.0,1.8346455082120419,1.8310609706219005
LinearRegression,B0005,4.0,1.8356616600675495,1.8303825201553958
LinearRegression,B0005,5.0,1.8351461429226603,1.831297813905303
LinearRegression,B0005,6.0,1.8257567905665537,1.8307184152600666
LinearRegression,B0005,7.0,1.8247738529891333,1.8214794080423973
LinearRegression,B0005,8.0,1.824613268496936,1.8204438731394847
LinearRegression,B0005,9.0,1.8246195526864504,1.8202108385824616
LinearRegression,B0005,10.0,1.8142019357673917,1.8201406442666894
LinearRegression,B0005,11.0,1.8137521577549054,1.8098981962128853
LinearRegression,B0005,12.0,1.8134404914735822,1.8093829496665947
LinearRegression,B0005,13.0,1.8025980036306504,1.8090024806435134
LinearRegression,B0005,14.0,1.80210690024615,1.7983454186367815
LinearRegression,B0005,15.0,1.802579500826209,1.797789844370037
LinearRegression,B0005,16.0,1.8030683142834096,1.798174708923053
LinearRegression,B0005,17.0,1.8027776247196041,1.7985753949519625
LinearRegression,B0005,18.0,1.8470259949329193,1.7982153962394645
LinearRegression,B0005,19.0,1.847417311283644,1.8413192228824895
LinearRegression,B0005,20.0,1.8361774213478947,1.8416247655197395
LinearRegression,B0005,21.0,1.8257807475776242,1.8305798952556136
LinearRegression,B0005,22.0,1.8251136435078368,1.8203578847540585
LinearRegression,B0005,23.0,1.8255815042203762,1.8196305587016668
LinearRegression,B0005,24.0,1.8140311275083907,1.8200107978141118
LinearRegression,B0005,25.0,1.8147691941158939,1.808662936353381
LinearRegression,B0005,26.0,1.813969388710352,1.8093068582172696
LinearRegression,B0005,27.0,1.802765665167823,1.8084500344226595
LinearRegression,B0005,28.0,1.804077040117352,1.7974404574450675
LinearRegression,B0005,29.0,1.8518025516704486,1.7986438471957362
LinearRegression,B0005,30.0,1.8307038456739428,1.845140872183877
LinearRegression,B0005,31.0,1.8199041089501267,1.82447519129597
LinearRegression,B0005,32.0,1.8093079637028517,1.8138598483372894
LinearRegression,B0005,33.0,1.80460990458052,1.8034431818757002
LinearRegression,B0005,34.0,1.7993770651972192,1.7987822135933988
LinearRegression,B0005,35.0,1.7884432335370462,1.7935993753842814
LinearRegression,B0005,36.0,1.7829230484252723,1.7828531747262235
LinearRegression,B0005,37.0,1.7730337158018288,1.777389927711408
LinearRegression,B0005,38.0,1.773037755078937,1.7676630104406421
LinearRegression,B0005,39.0,1.7678721106662054,1.76759062540775
LinearRegression,B0005,40.0,1.7623150704093087,1.7624733599898008
LinearRegression,B0005,41.0,1.7676172924938447,1.7569741475639715
LinearRegression,B0005,42.0,1.762668359743147,1.76207203988754
LinearRegression,B0005,43.0,1.7517304870664143,1.757166254412775
LinearRegression,B0005,44.0,1.7418496047960008,1.7464161102938784
LinearRegression,B0005,45.0,1.7360913511847138,1.7366974393729484
LinearRegression,B0005,46.0,1.7936240148573608,1.731001871161025
LinearRegression,B0005,47.0,1.7831890223273275,1.7870692900706415
LinearRegression,B0005,48.0,1.7673642076278957,1.776809885877111
LinearRegression,B0005,49.0,1.7570177850353066,1.7612907772659225
LinearRegression,B0005,50.0,1.7468706179837907,1.7511178048092113
LinearRegression,B0005,51.0,1.7417172507457144,1.7411392775895944
LinearRegression,B0005,52.0,1.7364225056478186,1.7360339929583468
LinearRegression,B0005,53.0,1.7263217239235826,1.7307907435240906
LinearRegression,B0005,54.0,1.7158065389330133,1.7208574818258846
LinearRegression,B0005,55.0,1.710533351135192,1.7105198211285795
LinearRegression,B0005,56.0,1.706014499648521,1.7052976085713982
LinearRegression,B0005,57.0,1.7003110272642588,1.7008115216049065
LinearRegression,B0005,58.0,1.6945798601797895,1.695169412125522
LinearRegression,B0005,59.0,1.6849029086609286,1.6895002765342466
LinearRegression,B0005,60.0,1.6744741591159717,1.6799806131948518
LinearRegression,B0005,61.0,1.6745692479879102,1.6697273012721152
LinearRegression,B0005,62.0,1.663716375981405,1.6697437677710742
LinearRegression,B0005,63.0,1.659013868748246,1.6590765722888206
LinearRegression,B0005,64.0,1.6538540573335014,1.6544112632792314
LinearRegression,B0005,65.0,1.642653782130131,1.6492996900426409
LinearRegression,B0005,66.0,1.6378578430223698,1.6382934781565375
LinearRegression,B0005,67.0,1.6327350407099108,1.6335369928468493
LinearRegression,B0005,68.0,1.6277528915533617,1.6284615352616976
LinearRegression,B0005,69.0,1.622125485521159,1.6235233352709977
LinearRegression,B0005,70.0,1.6113256603765849,1.6179554557968696
LinearRegression,B0005,71.0,1.6065631397488385,1.6073400265520301
LinearRegression,B0005,72.0,1.6015142233917594,1.6026161529540908
LinearRegression,B0005,73.0,1.590369231400328,1.5976127976153027
LinearRegression,B0005,74.0,1.5857889968242211,1.586660534328043
LinearRegression,B0005,75.0,1.5849430707374117,1.5821145461446784
LinearRegression,B0005,76.0,1.5955263892495937,1.5812127150857496
LinearRegression,B0005,77.0,1.5747301747801037,1.5914642108748047
LinearRegression,B0005,78.0,1.5649019950937946,1.5710937189506415
LinearRegression,B0005,79.0,1.5597659473370362,1.561426478300641
LinearRegression,B0005,80.0,1.5594815668184234,1.5563380950345103
LinearRegression,B0005,81.0,1.55468935359061,1.5559842530581396
LinearRegression,B0005,82.0,1.5488741079890418,1.551231403680511
LinearRegression,B0005,83.0,1.538236598942558,1.5454802193436707
LinearRegression,B0005,84.0,1.527914258251028,1.5350231876621185
LinearRegression,B0005,85.0,1.5285252629756445,1.524873715736112
LinearRegression,B0005,86.0,1.522647325284378,1.5253936431664685
LinearRegression,B0005,87.0,1.5174859938489869,1.5195812802135673
LinearRegression,B0005,88.0,1.605818899130659,1.5144682236517282
LinearRegression,B0005,89.0,1.5638491446744425,1.600592323795785
LinearRegression,B0005,90.0,1.5480915247767786,1.559559450385652
LinearRegression,B0005,91.0,1.5323755631868592,1.5441059144009055
LinearRegression,B0005,92.0,1.5269528268489705,1.5286930310348148
LinearRegression,B0005,93.0,1.5169573017136326,1.5233248802458843
LinearRegression,B0005,94.0,1.5118975960142693,1.513494334097137
LinearRegression,B0005,95.0,1.5065638960681105,1.5084804498856896
LinearRegression,B0005,96.0,1.5015453526671363,1.503199186027013
LinearRegression,B0005,97.0,1.4908444050400238,1.4982254703992175
LinearRegression,B0005,98.0,1.485868384561201,1.487706531631996
LinearRegression,B0005,99.0,1.480413677976106,1.4827743123642771
LinearRegression,B0005,100.0,1.4752095869031632,1.477374963134066
LinearRegression,B0005,101.0,1.4859035988304024,1.4722201792113867
LinearRegression,B0005,102.0,1.4960918298136696,1.4825796961235669
LinearRegression,B0005,103.0,1.4808005946928984,1.4924456423423609
LinearRegression,B0005,104.0,1.4697543268466824,1.477447231961809
LinearRegression,B0005,105.0,1.4539012274845928,1.4665913094825391
LinearRegression,B0005,106.0,1.4541462067235693,1.4510445990395169
LinearRegression,B0005,107.0,1.455023751906683,1.451207337345021
LinearRegression,B0005,108.0,1.449042163761236,1.4519873705790534
LinearRegression,B0005,109.0,1.4386709371480566,1.4460738594371005
LinearRegression,B0005,110.0,1.433445432156979,1.4358766817631157
LinearRegression,B0005,111.0,1.4333958900838095,1.4307010008838628
LinearRegression,B0005,112.0,1.42806487344776,1.430576328028497
LinearRegression,B0005,113.0,1.4229203181741186,1.4252976827011175
LinearRegression,B0005,114.0,1.417429032731308,1.420200997301312
LinearRegression,B0005,115.0,1.412409228794446,1.4147659522775342
LinearRegression,B0005,116.0,1.412578792940193,1.4097910065449284
LinearRegression,B0005,117.0,1.4075983731469897,1.4098801503817187
LinearRegression,B0005,118.0,1.4333920485221476,1.4049436380051452
LinearRegression,B0005,119.0,1.4382550176792908,1.4300382916335397
LinearRegression,B0005,120.0,1.4173547174485526,1.4347075352020906
LinearRegression,B0005,121.0,1.406981663677643,1.414235470290722
LinearRegression,B0005,122.0,1.4012037783587625,1.4040365095691187
LinearRegression,B0005,123.0,1.3967008232726328,1.398321783586139
LinearRegression,B0005,124.0,1.391284788852726,1.3938512092591226
LinearRegression,B0005,125.0,1.3862287677978349,1.388489598594617
LinearRegression,B0005,126.0,1.3804366761974138,1.3834793100752352
LinearRegression,B0005,127.0,1.3752364150256224,1.3777507207699735
LinearRegression,B0005,128.0,1.3705128024895008,1.3725996742893418
LinearRegression,B0005,129.0,1.3705085566270399,1.3679137694879546
LinearRegression,B0005,130.0,1.3647355108681518,1.3678332993302065
LinearRegression,B0005,131.0,1.375392016895762,1.3621232960735565
LinearRegression,B0005,132.0,1.3861115151535393,1.372446212530329
LinearRegression,B0005,133.0,1.3698500035838939,1.3828306004978252
LinearRegression,B0005,134.0,1.3647827949260758,1.3668853374820478
LinearRegression,B0005,135.0,1.3543220466259964,1.3618641314439264
LinearRegression,B0005,136.0,1.3546417018378962,1.3515795932602133
LinearRegression,B0005,137.0,1.3547039213192407,1.3518152047575098
LinearRegression,B0005,138.0,1.349314997503458,1.351799595378364
LinearRegression,B0005,139.0,1.3441891937970554,1.346464440830553
LinearRegression,B0005,140.0,1.3389913790695755,1.3413860543092528
LinearRegression,B0005,141.0,1.3389145230206971,1.336237395212388
LinearRegression,B0005,142.0,1.3340066759761655,1.3360860677784137
LinearRegression,B0005,143.0,1.3286444309174914,1.331220376144119
LinearRegression,B0005,144.0,1.3231708992276219,1.3259112562913709
LinearRegression,B0005,145.0,1.3181691588445197,1.320493536420416
LinearRegression,B0005,146.0,1.3184664436640334,1.3155362181624324
LinearRegression,B0005,147.0,1.318293040102702,1.3157499993195134
LinearRegression,B0005,148.0,1.323872422244268,1.315504455163391
LinearRegression,B0005,149.0,1.3601216766554785,1.3208728165173915
LinearRegression,B0005,150.0,1.3395306867947354,1.356170637062374
LinearRegression,B0005,151.0,1.3290286565120697,1.336000415341441
LinearRegression,B0005,152.0,1.3236741274998955,1.3256755917792211
LinearRegression,B0005,153.0,1.318633896753293,1.3203740016969527
LinearRegression,B0005,154.0,1.3134751321324272,1.3153791222860072
LinearRegression,B0005,155.0,1.3132020634442203,1.3102685705722457
LinearRegression,B0005,156.0,1.3077959946944353,1.3099257673430706
LinearRegression,B0005,157.0,1.3030329186405918,1.3045738817636452
LinearRegression,B0005,158.0,1.3033573559038205,1.299849466148362
LinearRegression,B0005,159.0,1.3034100438655642,1.300089744251663
LinearRegression,B0005,160.0,1.2978870806495706,1.3000648334569649
LinearRegression,B0005,161.0,1.2980735056918902,1.294598875405203
LinearRegression,B0005,162.0,1.293463613844243,1.294704473093234
LinearRegression,B0005,163.0,1.288003392619118,1.2901295436058273
LinearRegression,B0005,164.0,1.2874525221379407,1.2847248128666136
LinearRegression,B0005,165.0,1.3090153642307354,1.284110914363458
LinearRegression,B0005,166.0,1.3250793286429356,1.3050768728686688
Ridge,B0005,0.0,1.846327249719927,1.8524251665657065
Ridge,B0005,1.0,1.8353491942234077,1.8425065316145186
Ridge,B0005,2.0,1.8352625275821128,1.831799283102525
Ridge,B0005,3.0,1.8346455082120419,1.831593637219469
Ridge,B0005,4.0,1.8356616600675495,1.8308766191244013
Ridge,B0005,5.0,1.8351461429226603,1.831734323543057
Ridge,B0005,6.0,1.8257567905665537,1.8311151750630565
Ridge,B0005,7.0,1.8247738529891333,1.8219397724246915
Ridge,B0005,8.0,1.824613268496936,1.8208699317778483
Ridge,B0005,9.0,1.8246195526864504,1.8205930134512427
Ridge,B0005,10.0,1.8142019357673917,1.820476991830268
Ridge,B0005,11.0,1.8137521577549054,1.8103101246522486
Ridge,B0005,12.0,1.8134404914735822,1.8097543626011823
Ridge,B0005,13.0,1.8025980036306504,1.8093317694726796
Ridge,B0005,14.0,1.80210690024615,1.7987552368543371
Ridge,B0005,15.0,1.802579500826209,1.7981596284034085
Ridge,B0005,16.0,1.8030683142834096,1.798493234419272
Ridge,B0005,17.0,1.8027776247196041,1.798842473078086
Ridge,B0005,18.0,1.8470259949329193,1.7984401059423156
Ridge,B0005,19.0,1.847417311283644,1.8409828134396538
Ridge,B0005,20.0,1.8361774213478947,1.8412380442650054
Ridge,B0005,21.0,1.8257807475776242,1.83027833196975
Ridge,B0005,22.0,1.8251136435078368,1.8201316584171072
Ridge,B0005,23.0,1.8255815042203762,1.8193663480774775
Ridge,B0005,24.0,1.8140311275083907,1.8196953838584642
Ridge,B0005,25.0,1.8147691941158939,1.808436296636015
Ridge,B0005,26.0,1.813969388710352,1.8090258680543407
Ridge,B0005,27.0,1.802765665167823,1.8081326055577416
Ridge,B0005,28.0,1.804077040117352,1.7972077653155523
Ridge,B0005,29.0,1.8518025516704486,1.7983501272431364
Ridge,B0005,30.0,1.8307038456739428,1.8442455344852386
Ridge,B0005,31.0,1.8199041089501267,1.8237798381471686
Ridge,B0005,32.0,1.8093079637028517,1.8132445266504722
Ridge,B0005,33.0,1.80460990458052,1.8029055204013154
Ridge,B0005,34.0,1.7993770651972192,1.7982535167538234
Ridge,B0005,35.0,1.7884432335370462,1.7930858718167633
Ridge,B0005,36.0,1.7829230484252723,1.7824212644373385
Ridge,B0005,37.0,1.7730337158018288,1.7769765574379777
Ridge,B0005,38.0,1.773037755078937,1.7673190680648834
Ridge,B0005,39.0,1.7678721106662054,1.7672008818734997
Ridge,B0005,40.0,1.7623150704093087,1.7620980271013085
Ridge,B0005,41.0,1.7676172924938447,1.756617783946361
Ridge,B0005,42.0,1.762668359743147,1.7616081666655794
Ridge,B0005,43.0,1.7517304870664143,1.7567142677749554
Ridge,B0005,44.0,1.7418496047960008,1.746045764000802
Ridge,B0005,45.0,1.7360913511847138,1.7363964225554673
Ridge,B0005,46.0,1.7936240148573608,1.73072216716576
Ridge,B0005,47.0,1.7831890223273275,1.7860737434832745
Ridge,B0005,48.0,1.7673642076278957,1.775890122540945
Ridge,B0005,49.0,1.7570177850353066,1.7605095729592979
Ridge,B0005,50.0,1.7468706179837907,1.7504113521711886
Ridge,B0005,51.0,1.7417172507457144,1.7405052558716805
Ridge,B0005,52.0,1.7364225056478186,1.735414238892754
Ridge,B0005,53.0,1.7263217239235826,1.73018690375238
Ridge,B0005,54.0,1.7158065389330133,1.7203255327199045
Ridge,B0005,55.0,1.710533351135192,1.710064589283118
Ridge,B0005,56.0,1.706014499648521,1.7048580399398674
Ridge,B0005,57.0,1.7003110272642588,1.7003788303595782
Ridge,B0005,58.0,1.6945798601797895,1.6947573956601782
Ridge,B0005,59.0,1.6849029086609286,1.6891092574117297
Ridge,B0005,60.0,1.6744741591159717,1.67965654834681
Ridge,B0005,61.0,1.6745692479879102,1.6694789469626252
Ridge,B0005,62.0,1.663716375981405,1.669448551839685
Ridge,B0005,63.0,1.659013868748246,1.6588620066911752
Ridge,B0005,64.0,1.6538540573335014,1.6542057141239705
Ridge,B0005,65.0,1.642653782130131,1.6491084835956482
Ridge,B0005,66.0,1.6378578430223698,1.6381869682818089
Ridge,B0005,67.0,1.6327350407099108,1.6334405876245552
Ridge,B0005,68.0,1.6277528915533617,1.6283790416990898
Ridge,B0005,69.0,1.622125485521159,1.6234531151672116
Ridge,B0005,70.0,1.6113256603765849,1.6179050245209332
Ridge,B0005,71.0,1.6065631397488385,1.607369627767923
Ridge,B0005,72.0,1.6015142233917594,1.6026554695941602
Ridge,B0005,73.0,1.590369231400328,1.5976651653582141
Ridge,B0005,74.0,1.5857889968242211,1.5867969547543204
Ridge,B0005,75.0,1.5849430707374117,1.5822585588919176
Ridge,B0005,76.0,1.5955263892495937,1.58132082630302
Ridge,B0005,77.0,1.5747301747801037,1.591403303048579
Ridge,B0005,78.0,1.5649019950937946,1.5712292725262802
Ridge,B0005,79.0,1.5597659473370362,1.5616307475197984
Ridge,B0005,80.0,1.5594815668184234,1.5565564301843204
Ridge,B0005,81.0,1.55468935359061,1.5561601463026198
Ridge,B0005,82.0,1.5488741079890418,1.5514173581817428
Ridge,B0005,83.0,1.538236598942558,1.545688150458323
Ridge,B0005,84.0,1.527914258251028,1.5353092607573595
Ridge,B0005,85.0,1.5285252629756445,1.5252342600157323
Ridge,B0005,86.0,1.522647325284378,1.5257013169025233
Ridge,B0005,87.0,1.5174859938489869,1.5199116607438543
Ridge,B0005,88.0,1.605818899130659,1.5148129645941104
Ridge,B0005,89.0,1.5638491446744425,1.5998624887631607
Ridge,B0005,90.0,1.5480915247767786,1.5592726870160687
Ridge,B0005,91.0,1.5323755631868592,1.5439569274365301
Ridge,B0005,92.0,1.5269528268489705,1.5286813352773219
Ridge,B0005,93.0,1.5169573017136326,1.523330589508583
Ridge,B0005,94.0,1.5118975960142693,1.5135707080919296
Ridge,B0005,95.0,1.5065638960681105,1.508570000647834
Ridge,B0005,96.0,1.5015453526671363,1.5033051047939123
Ridge,B0005,97.0,1.4908444050400238,1.4983440865122113
Ridge,B0005,98.0,1.485868384561201,1.4879040286008423
Ridge,B0005,99.0,1.480413677976106,1.482984011410645
Ridge,B0005,100.0,1.4752095869031632,1.4776024395611762
Ridge,B0005,101.0,1.4859035988304024,1.4724625140762122
Ridge,B0005,102.0,1.4960918298136696,1.482651722688021
Ridge,B0005,103.0,1.4808005946928984,1.4923532514858513
Ridge,B0005,104.0,1.4697543268466824,1.477487185482056
Ridge,B0005,105.0,1.4539012274845928,1.466714165836516
Ridge,B0005,106.0,1.4541462067235693,1.4513063438572276
Ridge,B0005,107.0,1.455023751906683,1.4514204747532795
Ridge,B0005,108.0,1.449042163761236,1.4521445330213343
Ridge,B0005,109.0,1.4386709371480566,1.4462549359004442
Ridge,B0005,110.0,1.433445432156979,1.4361327987898804
Ridge,B0005,111.0,1.4333958900838095,1.4309722257583113
Ridge,B0005,112.0,1.42806487344776,1.4308023758116053
Ridge,B0005,113.0,1.4229203181741186,1.425540067236209
Ridge,B0005,114.0,1.417429032731308,1.4204575468549256
Ridge,B0005,115.0,1.412409228794446,1.415040705249372
Ridge,B0005,116.0,1.412578792940193,1.4100784715444439
Ridge,B0005,117.0,1.4075983731469897,1.4101198863386424
Ridge,B0005,118.0,1.4333920485221476,1.4051956272788286
Ridge,B0005,119.0,1.4382550176792908,1.4299441053711937
Ridge,B0005,120.0,1.4173547174485526,1.4345109553565802
Ridge,B0005,121.0,1.406981663677643,1.4142365641439703
Ridge,B0005,122.0,1.4012037783587625,1.40411266526687
Ridge,B0005,123.0,1.3967008232726328,1.3984194807584969
Ridge,B0005,124.0,1.391284788852726,1.393955598670774
Ridge,B0005,125.0,1.3862287677978349,1.388611314968575
Ridge,B0005,126.0,1.3804366761974138,1.3836141603011356
Ridge,B0005,127.0,1.3752364150256224,1.377907277932411
Ridge,B0005,128.0,1.3705128024895008,1.3727710452822668
Ridge,B0005,129.0,1.3705085566270399,1.3680944027387623
Ridge,B0005,130.0,1.3647355108681518,1.3679682279203416
Ridge,B0005,131.0,1.375392016895762,1.3622797097714767
Ridge,B0005,132.0,1.3861115151535393,1.372432754762706
Ridge,B0005,133.0,1.3698500035838939,1.3826465375880828
Ridge,B0005,134.0,1.3647827949260758,1.366844919852388
Ridge,B0005,135.0,1.3543220466259964,1.3618369779692985
Ridge,B0005,136.0,1.3546417018378962,1.3516285230167226
Ridge,B0005,137.0,1.3547039213192407,1.3518146573463123
Ridge,B0005,138.0,1.349314997503458,1.3517525691782277
Ridge,B0005,139.0,1.3441891937970554,1.3464344258329042
Ridge,B0005,140.0,1.3389913790695755,1.341369985928815
Ridge,B0005,141.0,1.3389145230206971,1.336236112168465
Ridge,B0005,142.0,1.3340066759761655,1.3360399257716582
Ridge,B0005,143.0,1.3286444309174914,1.3311856421923247
Ridge,B0005,144.0,1.3231708992276219,1.3258932228120082
Ridge,B0005,145.0,1.3181691588445197,1.320493499579606
Ridge,B0005,146.0,1.3184664436640334,1.3155486829613479
Ridge,B0005,147.0,1.318293040102702,1.3157132475008386
Ridge,B0005,148.0,1.323872422244268,1.3154239688800675
Ridge,B0005,149.0,1.3601216766554785,1.320681592519818
Ridge,B0005,150.0,1.3395306867947354,1.3555114603919083
Ridge,B0005,151.0,1.3290286565120697,1.3355353098020395
Ridge,B0005,152.0,1.3236741274998955,1.3252870502861873
Ridge,B0005,153.0,1.318633896753293,1.3200020708068132
Ridge,B0005,154.0,1.3134751321324272,1.3150201413365674
Ridge,B0005,155.0,1.3132020634442203,1.3099239201389645
Ridge,B0005,156.0,1.3077959946944353,1.3095385432544808
Ridge,B0005,157.0,1.3030329186405918,1.3042038685662418
Ridge,B0005,158.0,1.3033573559038205,1.2994891748442363
Ridge,B0005,159.0,1.3034100438655642,1.2996799200828177
Ridge,B0005,160.0,1.2978870806495706,1.2996086415137085
Ridge,B0005,161.0,1.2980735056918902,1.2941612558342483
Ridge,B0005,162.0,1.293463613844243,1.2942189280992
Ridge,B0005,163.0,1.288003392619118,1.2896519363538557
Ridge,B0005,164.0,1.2874525221379407,1.2842650472249284
Ridge,B0005,165.0,1.3090153642307354,1.2836118106507244
Ridge,B0005,166.0,1.3250793286429356,1.3042808705429623
Lasso,B0005,0.0,1.846327249719927,1.8504569212441058
Lasso,B0005,1.0,1.8353491942234077,1.8405056578538275
Lasso,B0005,2.0,1.8352625275821128,1.8297587121039878
Lasso,B0005,3.0,1.8346455082120419,1.8296075009119335
Lasso,B0005,4.0,1.8356616600675495,1.8289403337834227
Lasso,B0005,5.0,1.8351461429226603,1.8298620043158995
Lasso,B0005,6.0,1.8257567905665537,1.829293584064334
Lasso,B0005,7.0,1.8247738529891333,1.8200922150073016
Lasso,B0005,8.0,1.824613268496936,1.8190690627747352
Lasso,B0005,9.0,1.8246195526864504,1.818845940283061
Lasso,B0005,10.0,1.8142019357673917,1.8187851567071052
Lasso,B0005,11.0,1.8137521577549054,1.8085834360411968
Lasso,B0005,12.0,1.8134404914735822,1.8080789703877325
Lasso,B0005,13.0,1.8025980036306504,1.8077088673267871
Lasso,B0005,14.0,1.80210690024615,1.7970938091526396
Lasso,B0005,15.0,1.802579500826209,1.79654913993302
Lasso,B0005,16.0,1.8030683142834096,1.7969420142660633
Lasso,B0005,17.0,1.8027776247196041,1.7973506613664634
Lasso,B0005,18.0,1.8470259949329193,1.7970009655955035
Lasso,B0005,19.0,1.847417311283644,1.8399812859615876
Lasso,B0005,20.0,1.8361774213478947,1.840295082582026
Lasso,B0005,21.0,1.8257807475776242,1.829293410070242
Lasso,B0005,22.0,1.8251136435078368,1.8191120640368357
Lasso,B0005,23.0,1.8255815042203762,1.8183961717924872
Lasso,B0005,24.0,1.8140311275083907,1.818784434924999
Lasso,B0005,25.0,1.8147691941158939,1.8074807040156653
Lasso,B0005,26.0,1.813969388710352,1.8081318381168883
Lasso,B0005,27.0,1.802765665167823,1.8072868468064973
Lasso,B0005,28.0,1.804077040117352,1.796320358926129
Lasso,B0005,29.0,1.8518025516704486,1.7975292385171713
Lasso,B0005,30.0,1.8307038456739428,1.8438923108119547
Lasso,B0005,31.0,1.8199041089501267,1.8232994466328478
Lasso,B0005,32.0,1.8093079637028517,1.812725979069064
Lasso,B0005,33.0,1.80460990458052,1.8023505763501162
Lasso,B0005,34.0,1.7993770651972192,1.7977131521212923
Lasso,B0005,35.0,1.7884432335370462,1.7925554646122486
Lasso,B0005,36.0,1.7829230484252723,1.7818515422120735
Lasso,B0005,37.0,1.7730337158018288,1.7764143091734663
Lasso,B0005,38.0,1.773037755078937,1.7667265321599048
Lasso,B0005,39.0,1.7678721106662054,1.7666635646112454
Lasso,B0005,40.0,1.7623150704093087,1.7615712480187333
Lasso,B0005,41.0,1.7676172924938447,1.7560981602934558
Lasso,B0005,42.0,1.762668359743147,1.7611895527086499
Lasso,B0005,43.0,1.7517304870664143,1.7563080649899396
Lasso,B0005,44.0,1.7418496047960008,1.7456002112693998
Lasso,B0005,45.0,1.7360913511847138,1.7359206552181796
Lasso,B0005,46.0,1.7936240148573608,1.7302518162144434
Lasso,B0005,47.0,1.7831890223273275,1.7861558186888273
Lasso,B0005,48.0,1.7673642076278957,1.7759371940849442
Lasso,B0005,49.0,1.7570177850353066,1.7604750577692174
Lasso,B0005,50.0,1.7468706179837907,1.7503425988104537
Lasso,B0005,51.0,1.7417172507457144,1.740403986463031
Lasso,B0005,52.0,1.7364225056478186,1.7353236137727608
Lasso,B0005,53.0,1.7263217239235826,1.730105701022641
Lasso,B0005,54.0,1.7158065389330133,1.7202122148406471
Lasso,B0005,55.0,1.710533351135192,1.709915574656137
Lasso,B0005,56.0,1.706014499648521,1.7047186340182432
Lasso,B0005,57.0,1.7003110272642588,1.700255552709632
Lasso,B0005,58.0,1.6945798601797895,1.6946400078585533
Lasso,B0005,59.0,1.6849029086609286,1.688997520099095
Lasso,B0005,60.0,1.6744741591159717,1.679516358957867
Lasso,B0005,61.0,1.6745692479879102,1.6693038078689044
Lasso,B0005,62.0,1.663716375981405,1.669329418310733
Lasso,B0005,63.0,1.659013868748246,1.6587042578583278
Lasso,B0005,64.0,1.6538540573335014,1.6540625062657273
Lasso,B0005,65.0,1.642653782130131,1.64897586433043
Lasso,B0005,66.0,1.6378578430223698,1.6380127311816643
Lasso,B0005,67.0,1.6327350407099108,1.6332800839874395
Lasso,B0005,68.0,1.6277528915533617,1.6282294465167015
Lasso,B0005,69.0,1.622125485521159,1.6233156440744934
Lasso,B0005,70.0,1.6113256603765849,1.617774100701639
Lasso,B0005,71.0,1.6065631397488385,1.6072005471173398
Lasso,B0005,72.0,1.6015142233917594,1.6025004112353332
Lasso,B0005,73.0,1.590369231400328,1.5975216540345185
Lasso,B0005,74.0,1.5857889968242211,1.5866123033965964
Lasso,B0005,75.0,1.5849430707374117,1.582089505285046
Lasso,B0005,76.0,1.5955263892495937,1.581199645271239
Lasso,B0005,77.0,1.5747301747801037,1.5914287750921232
Lasso,B0005,78.0,1.5649019950937946,1.5711301910979258
Lasso,B0005,79.0,1.5597659473370362,1.5615019069826455
Lasso,B0005,80.0,1.5594815668184234,1.5564383836243718
Lasso,B0005,81.0,1.55468935359061,1.556094825635201
Lasso,B0005,82.0,1.5488741079890418,1.5513658031793307
Lasso,B0005,83.0,1.538236598942558,1.545641519272381
Lasso,B0005,84.0,1.527914258251028,1.535225875603216
Lasso,B0005,85.0,1.5285252629756445,1.52511684482562
Lasso,B0005,86.0,1.522647325284378,1.5256443662268124
Lasso,B0005,87.0,1.5174859938489869,1.51985909205038
Lasso,B0005,88.0,1.605818899130659,1.51477097135645
Lasso,B0005,89.0,1.5638491446744425,1.6006391215389875
Lasso,B0005,90.0,1.5480915247767786,1.5597417679727728
Lasso,B0005,91.0,1.5323755631868592,1.5443450024093588
Lasso,B0005,92.0,1.5269528268489705,1.528988764310059
Lasso,B0005,93.0,1.5169573017136326,1.5236463347308449
Lasso,B0005,94.0,1.5118975960142693,1.5138552478747083
Lasso,B0005,95.0,1.5065638960681105,1.5088659942157818
Lasso,B0005,96.0,1.5015453526671363,1.503610184073748
Lasso,B0005,97.0,1.4908444050400238,1.4986609753340985
Lasso,B0005,98.0,1.485868384561201,1.4881836151685344
Lasso,B0005,99.0,1.480413677976106,1.4832757750368493
Lasso,B0005,100.0,1.4752095869031632,1.477902243064942
Lasso,B0005,101.0,1.4859035988304024,1.4727725234734508
Lasso,B0005,102.0,1.4960918298136696,1.483109341859938
Lasso,B0005,103.0,1.4808005946928984,1.4929541090766476
Lasso,B0005,104.0,1.4697543268466824,1.4780110679521856
Lasso,B0005,105.0,1.4539012274845928,1.4671977615241483
Lasso,B0005,106.0,1.4541462067235693,1.451708108352531
Lasso,B0005,107.0,1.455023751906683,1.4518795402835207
Lasso,B0005,108.0,1.449042163761236,1.4526663667177706
Lasso,B0005,109.0,1.4386709371480566,1.446780255750559
Lasso,B0005,110.0,1.433445432156979,1.4366236660935314
Lasso,B0005,111.0,1.4333958900838095,1.4314731138795516
Lasso,B0005,112.0,1.42806487344776,1.431358019483496
Lasso,B0005,113.0,1.4229203181741186,1.4261048198112591
Lasso,B0005,114.0,1.417429032731308,1.4210330198785432
Lasso,B0005,115.0,1.412409228794446,1.41562390200736
Lasso,B0005,116.0,1.412578792940193,1.4106734669499428
Lasso,B0005,117.0,1.4075983731469897,1.410771530982666
Lasso,B0005,118.0,1.4333920485221476,1.4058594109590374
Lasso,B0005,119.0,1.4382550176792908,1.4308860019661478
Lasso,B0005,120.0,1.4173547174485526,1.4355500652790345
Lasso,B0005,121.0,1.406981663677643,1.4151502210037021
Lasso,B0005,122.0,1.4012037783587625,1.4049918537884072
Lasso,B0005,123.0,1.3967008232726328,1.399303915993383
Lasso,B0005,124.0,1.391284788852726,1.3948562995665053
Lasso,B0005,125.0,1.3862287677978349,1.3895203899770654
Lasso,B0005,126.0,1.3804366761974138,1.3845347209403838
Lasso,B0005,127.0,1.3752364150256224,1.3788329625031757
Lasso,B0005,128.0,1.3705128024895008,1.3737069688475154
Lasso,B0005,129.0,1.3705085566270399,1.3690446848700257
Lasso,B0005,130.0,1.3647355108681518,1.368973657087652
Lasso,B0005,131.0,1.375392016895762,1.363290427479411
Lasso,B0005,132.0,1.3861115151535393,1.3735907580899036
Lasso,B0005,133.0,1.3698500035838939,1.3839523709628259
Lasso,B0005,134.0,1.3647827949260758,1.3680653922160275
Lasso,B0005,135.0,1.3543220466259964,1.3630688392716528
Lasso,B0005,136.0,1.3546417018378962,1.3528251580559485
Lasso,B0005,137.0,1.3547039213192407,1.3530692388288315
Lasso,B0005,138.0,1.349314997503458,1.3530628721424496
Lasso,B0005,139.0,1.3441891937970554,1.347753337220999
Lasso,B0005,140.0,1.3389913790695755,1.342699779831236
Lasso,B0005,141.0,1.3389145230206971,1.337576166209461
Lasso,B0005,142.0,1.3340066759761655,1.3374344992944938
Lasso,B0005,143.0,1.3286444309174914,1.3325929819819864
Lasso,B0005,144.0,1.3231708992276219,1.3273094016042963
Lasso,B0005,145.0,1.3181691588445197,1.3219175555481284
Lasso,B0005,146.0,1.3184664436640334,1.3169846936967873
Lasso,B0005,147.0,1.318293040102702,1.3172070113370866
Lasso,B0005,148.0,1.323872422244268,1.3169714177587926
Lasso,B0005,149.0,1.3601216766554785,1.322332446529216
Lasso,B0005,150.0,1.3395306867947354,1.3575307926344666
Lasso,B0005,151.0,1.3290286565120697,1.3374318622848056
Lasso,B0005,152.0,1.3236741274998955,1.3271480197145378
Lasso,B0005,153.0,1.318633896753293,1.3218719459259185
Lasso,B0005,154.0,1.3134751321324272,1.3169016385586656
Lasso,B0005,155.0,1.3132020634442203,1.3118160150013018
Lasso,B0005,156.0,1.3077959946944353,1.3114834617750621
Lasso,B0005,157.0,1.3030329186405918,1.306157247330723
Lasso,B0005,158.0,1.3033573559038205,1.3014565711000456
Lasso,B0005,159.0,1.3034100438655642,1.3017053041121605
Lasso,B0005,160.0,1.2978870806495706,1.3016896646458822
Lasso,B0005,161.0,1.2980735056918902,1.2962497289166193
Lasso,B0005,162.0,1.293463613844243,1.2963641961451944
Lasso,B0005,163.0,1.288003392619118,1.2918125458292902
Lasso,B0005,164.0,1.2874525221379407,1.286433648916078
Lasso,B0005,165.0,1.3090153642307354,1.285830835019035
Lasso,B0005,166.0,1.3250793286429356,1.306741441644901
ElasticNet,B0005,0.0,1.846327249719927,1.8513500697344085
ElasticNet,B0005,1.0,1.8353491942234077,1.8413969516306894
ElasticNet,B0005,2.0,1.8352625275821128,1.8306493242669146
ElasticNet,B0005,3.0,1.8346455082120419,1.8304818098365145
ElasticNet,B0005,4.0,1.8356616600675495,1.829799100159708
ElasticNet,B0005,5.0,1.8351461429226603,1.8307028856705996
ElasticNet,B0005,6.0,1.8257567905665537,1.8301187772851146
ElasticNet,B0005,7.0,1.8247738529891333,1.8209144479218617
ElasticNet,B0005,8.0,1.824613268496936,1.819876277981025
ElasticNet,B0005,9.0,1.8246195526864504,1.8196369582720937
ElasticNet,B0005,10.0,1.8142019357673917,1.8195597381375164
ElasticNet,B0005,11.0,1.8137521577549054,1.8093565320151985
ElasticNet,B0005,12.0,1.8134404914735822,1.8088362839375414
ElasticNet,B0005,13.0,1.8025980036306504,1.808450200357411
ElasticNet,B0005,14.0,1.80210690024615,1.797834266123331
ElasticNet,B0005,15.0,1.802579500826209,1.7972738737528997
ElasticNet,B0005,16.0,1.8030683142834096,1.7976496426852107
ElasticNet,B0005,17.0,1.8027776247196041,1.798041161130592
ElasticNet,B0005,18.0,1.8470259949329193,1.797675454753338
ElasticNet,B0005,19.0,1.847417311283644,1.8405758817087694
ElasticNet,B0005,20.0,1.8361774213478947,1.840872689515232
ElasticNet,B0005,21.0,1.8257807475776242,1.8298707109411825
ElasticNet,B0005,22.0,1.8251136435078368,1.819687849412406
ElasticNet,B0005,23.0,1.8255815042203762,1.8189564864567314
ElasticNet,B0005,24.0,1.8140311275083907,1.8193276509869487
ElasticNet,B0005,25.0,1.8147691941158939,1.8080240593495365
ElasticNet,B0005,26.0,1.813969388710352,1.8086577072895356
ElasticNet,B0005,27.0,1.802765665167823,1.807797435602628
ElasticNet,B0005,28.0,1.804077040117352,1.7968305897861863
ElasticNet,B0005,29.0,1.8518025516704486,1.798021160914303
ElasticNet,B0005,30.0,1.8307038456739428,1.8442993525009683
ElasticNet,B0005,31.0,1.8199041089501267,1.8237203228548566
ElasticNet,B0005,32.0,1.8093079637028517,1.8131459179127967
ElasticNet,B0005,33.0,1.80460990458052,1.802769285802348
ElasticNet,B0005,34.0,1.7993770651972192,1.7981221725000298
ElasticNet,B0005,35.0,1.7884432335370462,1.792955562957994
ElasticNet,B0005,36.0,1.7829230484252723,1.7822508955132075
ElasticNet,B0005,37.0,1.7730337158018288,1.7768051525843667
ElasticNet,B0005,38.0,1.773037755078937,1.7671151323911196
ElasticNet,B0005,39.0,1.7678721106662054,1.7670357315037382
ElasticNet,B0005,40.0,1.7623150704093087,1.7619343964998377
ElasticNet,B0005,41.0,1.7676172924938447,1.7564528517460176
ElasticNet,B0005,42.0,1.762668359743147,1.7615202115876285
ElasticNet,B0005,43.0,1.7517304870664143,1.7566293946258964
ElasticNet,B0005,44.0,1.7418496047960008,1.7459208016568142
ElasticNet,B0005,45.0,1.7360913511847138,1.7362389903054853
ElasticNet,B0005,46.0,1.7936240148573608,1.7305619828754675
ElasticNet,B0005,47.0,1.7831890223273275,1.786367038148563
ElasticNet,B0005,48.0,1.7673642076278957,1.7761469530102776
ElasticNet,B0005,49.0,1.7570177850353066,1.7606910868342334
ElasticNet,B0005,50.0,1.7468706179837907,1.750557040304349
ElasticNet,B0005,51.0,1.7417172507457144,1.7406165545916554
ElasticNet,B0005,52.0,1.7364225056478186,1.7355271458807267
ElasticNet,B0005,53.0,1.7263217239235826,1.73030039988958
ElasticNet,B0005,54.0,1.7158065389330133,1.7204049738113918
ElasticNet,B0005,55.0,1.710533351135192,1.7101069881133013
ElasticNet,B0005,56.0,1.706014499648521,1.7049011833145369
ElasticNet,B0005,57.0,1.7003110272642588,1.7004281558931855
ElasticNet,B0005,58.0,1.6945798601797895,1.6948043640425814
ElasticNet,B0005,59.0,1.6849029086609286,1.6891536690063744
ElasticNet,B0005,60.0,1.6744741591159717,1.6796699600651877
ElasticNet,B0005,61.0,1.6745692479879102,1.669455939487449
ElasticNet,B0005,62.0,1.663716375981405,1.6694649859972406
ElasticNet,B0005,63.0,1.659013868748246,1.6588389643790094
ElasticNet,B0005,64.0,1.6538540573335014,1.654187530092883
ElasticNet,B0005,65.0,1.642653782130131,1.6490918613798715
ElasticNet,B0005,66.0,1.6378578430223698,1.6381283653490464
ElasticNet,B0005,67.0,1.6327350407099108,1.633386169471537
ElasticNet,B0005,68.0,1.6277528915533617,1.6283264521405718
ElasticNet,B0005,69.0,1.622125485521159,1.623403368097954
ElasticNet,B0005,70.0,1.6113256603765849,1.6178534686228696
ElasticNet,B0005,71.0,1.6065631397488385,1.607278977787117
ElasticNet,B0005,72.0,1.6015142233917594,1.6025692452893767
ElasticNet,B0005,73.0,1.590369231400328,1.597581302252994
ElasticNet,B0005,74.0,1.5857889968242211,1.5866715094397665
ElasticNet,B0005,75.0,1.5849430707374117,1.5821388532578353
ElasticNet,B0005,76.0,1.5955263892495937,1.5812337790188509
ElasticNet,B0005,77.0,1.5747301747801037,1.5914313015384505
ElasticNet,B0005,78.0,1.5649019950937946,1.5711461182107247
ElasticNet,B0005,79.0,1.5597659473370362,1.5615155032035093
ElasticNet,B0005,80.0,1.5594815668184234,1.5564429189830773
ElasticNet,B0005,81.0,1.55468935359061,1.5560833413384878
ElasticNet,B0005,82.0,1.5488741079890418,1.5513447648552678
ElasticNet,B0005,83.0,1.538236598942558,1.5456123942661995
ElasticNet,B0005,84.0,1.527914258251028,1.5351955805340312
ElasticNet,B0005,85.0,1.5285252629756445,1.5250849276444112
ElasticNet,B0005,86.0,1.522647325284378,1.5255951451304677
ElasticNet,B0005,87.0,1.5174859938489869,1.5198018741917878
ElasticNet,B0005,88.0,1.605818899130659,1.5147047289003241
ElasticNet,B0005,89.0,1.5638491446744425,1.6004297547970374
ElasticNet,B0005,90.0,1.5480915247767786,1.5595761713105538
ElasticNet,B0005,91.0,1.5323755631868592,1.5441855795086679
ElasticNet,B0005,92.0,1.5269528268489705,1.5288354554199826
ElasticNet,B0005,93.0,1.5169573017136326,1.5234843761788153
ElasticNet,B0005,94.0,1.5118975960142693,1.5136911984559405
ElasticNet,B0005,95.0,1.5065638960681105,1.508692774436704
ElasticNet,B0005,96.0,1.5015453526671363,1.5034281869269592
ElasticNet,B0005,97.0,1.4908444050400238,1.498469748787517
ElasticNet,B0005,98.0,1.485868384561201,1.4879913095495196
ElasticNet,B0005,99.0,1.480413677976106,1.4830741790270028
ElasticNet,B0005,100.0,1.4752095869031632,1.4776920432483778
ElasticNet,B0005,101.0,1.4859035988304024,1.4725533603899148
ElasticNet,B0005,102.0,1.4960918298136696,1.4828584127064812
ElasticNet,B0005,103.0,1.4808005946928984,1.4926721392997715
ElasticNet,B0005,104.0,1.4697543268466824,1.4777346029966398
ElasticNet,B0005,105.0,1.4539012274845928,1.4669207127923003
ElasticNet,B0005,106.0,1.4541462067235693,1.4514373703293306
ElasticNet,B0005,107.0,1.455023751906683,1.45159202333908
ElasticNet,B0005,108.0,1.449042163761236,1.4523611635566356
ElasticNet,B0005,109.0,1.4386709371480566,1.4464672044940257
ElasticNet,B0005,110.0,1.433445432156979,1.4363090628425244
ElasticNet,B0005,111.0,1.4333958900838095,1.4311495780757628
ElasticNet,B0005,112.0,1.42806487344776,1.4310181271932343
ElasticNet,B0005,113.0,1.4229203181741186,1.425756146304589
ElasticNet,B0005,114.0,1.417429032731308,1.4206752977121284
ElasticNet,B0005,115.0,1.412409228794446,1.4152576284996368
ElasticNet,B0005,116.0,1.412578792940193,1.4102979658504256
ElasticNet,B0005,117.0,1.4075983731469897,1.4103793591305063
ElasticNet,B0005,118.0,1.4333920485221476,1.4054579550260253
ElasticNet,B0005,119.0,1.4382550176792908,1.4304311223698407
ElasticNet,B0005,120.0,1.4173547174485526,1.4350717831338675
ElasticNet,B0005,121.0,1.406981663677643,1.414685488816221
ElasticNet,B0005,122.0,1.4012037783587625,1.4045255722271623
ElasticNet,B0005,123.0,1.3967008232726328,1.398829494163805
ElasticNet,B0005,124.0,1.391284788852726,1.394371908823826
ElasticNet,B0005,125.0,1.3862287677978349,1.3890273399598074
ElasticNet,B0005,126.0,1.3804366761974138,1.3840324952778948
ElasticNet,B0005,127.0,1.3752364150256224,1.3783226169485605
ElasticNet,B0005,128.0,1.3705128024895008,1.3731876545326642
ElasticNet,B0005,129.0,1.3705085566270399,1.3685157181331888
ElasticNet,B0005,130.0,1.3647355108681518,1.3684282688955487
ElasticNet,B0005,131.0,1.375392016895762,1.362736892077547
ElasticNet,B0005,132.0,1.3861115151535393,1.3730055104131933
ElasticNet,B0005,133.0,1.3698500035838939,1.3833353206609043
ElasticNet,B0005,134.0,1.3647827949260758,1.3674552384123344
ElasticNet,B0005,135.0,1.3543220466259964,1.3624495258692155
ElasticNet,B0005,136.0,1.3546417018378962,1.3522044210608593
ElasticNet,B0005,137.0,1.3547039213192407,1.352431615804031
ElasticNet,B0005,138.0,1.349314997503458,1.3524087323304976
ElasticNet,B0005,139.0,1.3441891937970554,1.3470904992494666
ElasticNet,B0005,140.0,1.3389913790695755,1.3420278663044043
ElasticNet,B0005,141.0,1.3389145230206971,1.3368952804134349
ElasticNet,B0005,142.0,1.3340066759761655,1.3367372961886943
ElasticNet,B0005,143.0,1.3286444309174914,1.3318863907035392
ElasticNet,B0005,144.0,1.3231708992276219,1.3265940739006692
ElasticNet,B0005,145.0,1.3181691588445197,1.3211936510388131
ElasticNet,B0005,146.0,1.3184664436640334,1.3162515356869482
ElasticNet,B0005,147.0,1.318293040102702,1.3164569993836068
ElasticNet,B0005,148.0,1.323872422244268,1.3162052269745708
ElasticNet,B0005,149.0,1.3601216766554785,1.3215418256380596
ElasticNet,B0005,150.0,1.3395306867947354,1.3566717515418447
ElasticNet,B0005,151.0,1.3290286565120697,1.3365859275030132
ElasticNet,B0005,152.0,1.3236741274998955,1.3263007205512403
ElasticNet,B0005,153.0,1.318633896753293,1.321015899270241
ElasticNet,B0005,154.0,1.3134751321324272,1.316036393609565
ElasticNet,B0005,155.0,1.3132020634442203,1.3109417417730607
ElasticNet,B0005,156.0,1.3077959946944353,1.310593152666735
ElasticNet,B0005,157.0,1.3030329186405918,1.30525826465396
ElasticNet,B0005,158.0,1.3033573559038205,1.300547992604202
ElasticNet,B0005,159.0,1.3034100438655642,1.3007798327276634
ElasticNet,B0005,160.0,1.2978870806495706,1.3007476901453843
ElasticNet,B0005,161.0,1.2980735056918902,1.2952992485105495
ElasticNet,B0005,162.0,1.293463613844243,1.2953970208027348
ElasticNet,B0005,163.0,1.288003392619118,1.290835554954161
ElasticNet,B0005,164.0,1.2874525221379407,1.2854480621439324
ElasticNet,B0005,165.0,1.3090153642307354,1.2848296108206028
ElasticNet,B0005,166.0,1.3250793286429356,1.3056928621082842
KNeighborsRegressor,B0005,0.0,1.846327249719927,1.854980910265046
KNeighborsRegressor,B0005,1.0,1.8353491942234077,1.8349400140374705
KNeighborsRegressor,B0005,2.0,1.8352625275821128,1.830541145609629
KNeighborsRegressor,B0005,3.0,1.8346455082120419,1.8305411456096288
KNeighborsRegressor,B0005,4.0,1.8356616600675495,1.8305411456096288
KNeighborsRegressor,B0005,5.0,1.8351461429226603,1.825654779251186
KNeighborsRegressor,B0005,6.0,1.8257567905665537,1.821945128757055
KNeighborsRegressor,B0005,7.0,1.8247738529891333,1.8162646977880148
KNeighborsRegressor,B0005,8.0,1.824613268496936,1.811497248509442
KNeighborsRegressor,B0005,9.0,1.8246195526864504,1.8114972485094423
KNeighborsRegressor,B0005,10.0,1.8142019357673917,1.8054258805527426
KNeighborsRegressor,B0005,11.0,1.8137521577549054,1.8070119244809617
KNeighborsRegressor,B0005,12.0,1.8134404914735822,1.8070119244809617
KNeighborsRegressor,B0005,13.0,1.8025980036306504,1.802846458629994
KNeighborsRegressor,B0005,14.0,1.80210690024615,1.7862308726087535
KNeighborsRegressor,B0005,15.0,1.802579500826209,1.786230872608753
KNeighborsRegressor,B0005,16.0,1.8030683142834096,1.786230872608753
KNeighborsRegressor,B0005,17.0,1.8027776247196041,1.786230872608753
KNeighborsRegressor,B0005,18.0,1.8470259949329193,1.7790186249005395
KNeighborsRegressor,B0005,19.0,1.847417311283644,1.8810257253595357
KNeighborsRegressor,B0005,20.0,1.8361774213478947,1.884980118584182
KNeighborsRegressor,B0005,21.0,1.8257807475776242,1.8589895175656757
KNeighborsRegressor,B0005,22.0,1.8251136435078368,1.8568230760472393
KNeighborsRegressor,B0005,23.0,1.8255815042203762,1.8561579769616139
KNeighborsRegressor,B0005,24.0,1.8140311275083907,1.859026408542098
KNeighborsRegressor,B0005,25.0,1.8147691941158939,1.8497150277897696
KNeighborsRegressor,B0005,26.0,1.813969388710352,1.844382990032543
KNeighborsRegressor,B0005,27.0,1.802765665167823,1.840095437558763
KNeighborsRegressor,B0005,28.0,1.804077040117352,1.813470395736811
KNeighborsRegressor,B0005,29.0,1.8518025516704486,1.8053258358620508
KNeighborsRegressor,B0005,30.0,1.8307038456739428,1.868729378273874
KNeighborsRegressor,B0005,31.0,1.8199041089501267,1.8275358529728556
KNeighborsRegressor,B0005,32.0,1.8093079637028517,1.8174855030971397
KNeighborsRegressor,B0005,33.0,1.80460990458052,1.8038942264122533
KNeighborsRegressor,B0005,34.0,1.7993770651972192,1.8038942264122533
KNeighborsRegressor,B0005,35.0,1.7884432335370462,1.7948404312122974
KNeighborsRegressor,B0005,36.0,1.7829230484252723,1.7842392789843753
KNeighborsRegressor,B0005,37.0,1.7730337158018288,1.7751968955994877
KNeighborsRegressor,B0005,38.0,1.773037755078937,1.7510113823243454
KNeighborsRegressor,B0005,39.0,1.7678721106662054,1.7563007004065376
KNeighborsRegressor,B0005,40.0,1.7623150704093087,1.7499965927075423
KNeighborsRegressor,B0005,41.0,1.7676172924938447,1.7499965927075425
KNeighborsRegressor,B0005,42.0,1.762668359743147,1.7499965927075423
KNeighborsRegressor,B0005,43.0,1.7517304870664143,1.760917481735635
KNeighborsRegressor,B0005,44.0,1.7418496047960008,1.741444581464883
KNeighborsRegressor,B0005,45.0,1.7360913511847138,1.7359432174928038
KNeighborsRegressor,B0005,46.0,1.7936240148573608,1.7219201100746573
KNeighborsRegressor,B0005,47.0,1.7831890223273275,1.790415692661588
KNeighborsRegressor,B0005,48.0,1.7673642076278957,1.7791630672976915
KNeighborsRegressor,B0005,49.0,1.7570177850353066,1.7730978958131078
KNeighborsRegressor,B0005,50.0,1.7468706179837907,1.750787929436246
KNeighborsRegressor,B0005,51.0,1.7417172507457144,1.7363284194398758
KNeighborsRegressor,B0005,52.0,1.7364225056478186,1.7363284194398763
KNeighborsRegressor,B0005,53.0,1.7263217239235826,1.7343280498380729
KNeighborsRegressor,B0005,54.0,1.7158065389330133,1.7195628753780778
KNeighborsRegressor,B0005,55.0,1.710533351135192,1.7051293467282769
KNeighborsRegressor,B0005,56.0,1.706014499648521,1.7063016556173043
KNeighborsRegressor,B0005,57.0,1.7003110272642588,1.7022520141723958
KNeighborsRegressor,B0005,58.0,1.6945798601797895,1.7035356789108107
KNeighborsRegressor,B0005,59.0,1.6849029086609286,1.6973369024932796
KNeighborsRegressor,B0005,60.0,1.6744741591159717,1.6772874191000153
KNeighborsRegressor,B0005,61.0,1.6745692479879102,1.664609436604782
KNeighborsRegressor,B0005,62.0,1.663716375981405,1.685175792256699
KNeighborsRegressor,B0005,63.0,1.659013868748246,1.6683558247803945
KNeighborsRegressor,B0005,64.0,1.6538540573335014,1.6727820922699266
KNeighborsRegressor,B0005,65.0,1.642653782130131,1.6676520664535246
KNeighborsRegressor,B0005,66.0,1.6378578430223698,1.657376687630905
KNeighborsRegressor,B0005,67.0,1.6327350407099108,1.6511720796837863
KNeighborsRegressor,B0005,68.0,1.6277528915533617,1.6459699133114056
KNeighborsRegressor,B0005,69.0,1.622125485521159,1.6427088878398215
KNeighborsRegressor,B0005,70.0,1.6113256603765849,1.638515166647214
KNeighborsRegressor,B0005,71.0,1.6065631397488385,1.630285779195298
KNeighborsRegressor,B0005,72.0,1.6015142233917594,1.6261677450097207
KNeighborsRegressor,B0005,73.0,1.590369231400328,1.6261677450097207
KNeighborsRegressor,B0005,74.0,1.5857889968242211,1.6053956470045176
KNeighborsRegressor,B0005,75.0,1.5849430707374117,1.6091105596135056
KNeighborsRegressor,B0005,76.0,1.5955263892495937,1.6091105596135056
KNeighborsRegressor,B0005,77.0,1.5747301747801037,1.6121001871479925
KNeighborsRegressor,B0005,78.0,1.5649019950937946,1.6008851519406093
KNeighborsRegressor,B0005,79.0,1.5597659473370362,1.576533740618854
KNeighborsRegressor,B0005,80.0,1.5594815668184234,1.561344702540562
KNeighborsRegressor,B0005,81.0,1.55468935359061,1.561344702540562
KNeighborsRegressor,B0005,82.0,1.5488741079890418,1.5799254360375588
KNeighborsRegressor,B0005,83.0,1.538236598942558,1.5605598554115871
KNeighborsRegressor,B0005,84.0,1.527914258251028,1.49792612886806
KNeighborsRegressor,B0005,85.0,1.5285252629756445,1.49792612886806
KNeighborsRegressor,B0005,86.0,1.522647325284378,1.49792612886806
KNeighborsRegressor,B0005,87.0,1.5174859938489869,1.49792612886806
KNeighborsRegressor,B0005,88.0,1.605818899130659,1.4917042236102234
KNeighborsRegressor,B0005,89.0,1.5638491446744425,1.605299900932455
KNeighborsRegressor,B0005,90.0,1.5480915247767786,1.5810218413771537
KNeighborsRegressor,B0005,91.0,1.5323755631868592,1.545791553772372
KNeighborsRegressor,B0005,92.0,1.5269528268489705,1.526406773113089
KNeighborsRegressor,B0005,93.0,1.5169573017136326,1.5069487621034476
KNeighborsRegressor,B0005,94.0,1.5118975960142693,1.4865044393575917
KNeighborsRegressor,B0005,95.0,1.5065638960681105,1.4865044393575917
KNeighborsRegressor,B0005,96.0,1.5015453526671363,1.4739306146275202
KNeighborsRegressor,B0005,97.0,1.4908444050400238,1.47393061462752
KNeighborsRegressor,B0005,98.0,1.485868384561201,1.47393061462752
KNeighborsRegressor,B0005,99.0,1.480413677976106,1.4641548717028938
KNeighborsRegressor,B0005,100.0,1.4752095869031632,1.4538441833491982
KNeighborsRegressor,B0005,101.0,1.4859035988304024,1.4486242997204406
KNeighborsRegressor,B0005,102.0,1.4960918298136696,1.4538441833491982
KNeighborsRegressor,B0005,103.0,1.4808005946928984,1.4692620947115447
KNeighborsRegressor,B0005,104.0,1.4697543268466824,1.4468790248763226
KNeighborsRegressor,B0005,105.0,1.4539012274845928,1.432636433184161
KNeighborsRegressor,B0005,106.0,1.4541462067235693,1.432636433184161
KNeighborsRegressor,B0005,107.0,1.455023751906683,1.432636433184161
KNeighborsRegressor,B0005,108.0,1.449042163761236,1.432590773303421
KNeighborsRegressor,B0005,109.0,1.4386709371480566,1.432590773303421
KNeighborsRegressor,B0005,110.0,1.433445432156979,1.4188237339290057
KNeighborsRegressor,B0005,111.0,1.4333958900838095,1.4188237339290057
KNeighborsRegressor,B0005,112.0,1.42806487344776,1.4188237339290057
KNeighborsRegressor,B0005,113.0,1.4229203181741186,1.4102620475731953
KNeighborsRegressor,B0005,114.0,1.417429032731308,1.4058780376195024
KNeighborsRegressor,B0005,115.0,1.412409228794446,1.3938957450233367
KNeighborsRegressor,B0005,116.0,1.412578792940193,1.3889773411885058
KNeighborsRegressor,B0005,117.0,1.4075983731469897,1.3889773411885058
KNeighborsRegressor,B0005,118.0,1.4333920485221476,1.388617985525443
KNeighborsRegressor,B0005,119.0,1.4382550176792908,1.3931680875210977
KNeighborsRegressor,B0005,120.0,1.4173547174485526,1.3931680875210977
KNeighborsRegressor,B0005,121.0,1.406981663677643,1.3874190210459718
KNeighborsRegressor,B0005,122.0,1.4012037783587625,1.3874190210459718
KNeighborsRegressor,B0005,123.0,1.3967008232726328,1.379861117859092
KNeighborsRegressor,B0005,124.0,1.391284788852726,1.3798611178590923
KNeighborsRegressor,B0005,125.0,1.3862287677978349,1.3750113524682723
KNeighborsRegressor,B0005,126.0,1.3804366761974138,1.3739056323862198
KNeighborsRegressor,B0005,127.0,1.3752364150256224,1.3652721387574809
KNeighborsRegressor,B0005,128.0,1.3705128024895008,1.3652721387574809
KNeighborsRegressor,B0005,129.0,1.3705085566270399,1.3547710616877444
KNeighborsRegressor,B0005,130.0,1.3647355108681518,1.3547710616877444
KNeighborsRegressor,B0005,131.0,1.375392016895762,1.347426187552888
KNeighborsRegressor,B0005,132.0,1.3861115151535393,1.3547710616877444
KNeighborsRegressor,B0005,133.0,1.3698500035838939,1.3575433935734056
KNeighborsRegressor,B0005,134.0,1.3647827949260758,1.347426187552888
KNeighborsRegressor,B0005,135.0,1.3543220466259964,1.347426187552888
KNeighborsRegressor,B0005,136.0,1.3546417018378962,1.3367689005709478
KNeighborsRegressor,B0005,137.0,1.3547039213192407,1.3367689005709478
KNeighborsRegressor,B0005,138.0,1.349314997503458,1.3358825552103213
KNeighborsRegressor,B0005,139.0,1.3441891937970554,1.3259664010760548
KNeighborsRegressor,B0005,140.0,1.3389913790695755,1.3178373519750732
KNeighborsRegressor,B0005,141.0,1.3389145230206971,1.30625211107921
KNeighborsRegressor,B0005,142.0,1.3340066759761655,1.30625211107921
KNeighborsRegressor,B0005,143.0,1.3286444309174914,1.301096696800361
KNeighborsRegressor,B0005,144.0,1.3231708992276219,1.301096696800361
KNeighborsRegressor,B0005,145.0,1.3181691588445197,1.2865883725570897
KNeighborsRegressor,B0005,146.0,1.3184664436640334,1.2813144857105587
KNeighborsRegressor,B0005,147.0,1.318293040102702,1.2813144857105587
KNeighborsRegressor,B0005,148.0,1.323872422244268,1.2740201270711509
KNeighborsRegressor,B0005,149.0,1.3601216766554785,1.2740201270711509
KNeighborsRegressor,B0005,150.0,1.3395306867947354,1.3867056751400533
KNeighborsRegressor,B0005,151.0,1.3290286565120697,1.2865883725570897
KNeighborsRegressor,B0005,152.0,1.3236741274998955,1.2688080090274234
KNeighborsRegressor,B0005,153.0,1.318633896753293,1.2646888937414633
KNeighborsRegressor,B0005,154.0,1.3134751321324272,1.2678425170262166
KNeighborsRegressor,B0005,155.0,1.3132020634442203,1.259441096125054
KNeighborsRegressor,B0005,156.0,1.3077959946944353,1.259441096125054
KNeighborsRegressor,B0005,157.0,1.3030329186405918,1.259441096125054
KNeighborsRegressor,B0005,158.0,1.3033573559038205,1.25630580680251
KNeighborsRegressor,B0005,159.0,1.3034100438655642,1.25630580680251
KNeighborsRegressor,B0005,160.0,1.2978870806495706,1.25630580680251
KNeighborsRegressor,B0005,161.0,1.2980735056918902,1.252111060920509
KNeighborsRegressor,B0005,162.0,1.293463613844243,1.252111060920509
KNeighborsRegressor,B0005,163.0,1.288003392619118,1.252111060920509
KNeighborsRegressor,B0005,164.0,1.2874525221379407,1.2521110609205093
KNeighborsRegressor,B0005,165.0,1.3090153642307354,1.2384980370827183
KNeighborsRegressor,B0005,166.0,1.3250793286429356,1.2910456085173414
DecisionTreeRegressor,B0005,0.0,1.846327249719927,1.8566731117308293
DecisionTreeRegressor,B0005,1.0,1.8353491942234077,1.8566731117308293
DecisionTreeRegressor,B0005,2.0,1.8352625275821128,1.8156534193276976
DecisionTreeRegressor,B0005,3.0,1.8346455082120419,1.8156534193276976
DecisionTreeRegressor,B0005,4.0,1.8356616600675495,1.8156534193276976
DecisionTreeRegressor,B0005,5.0,1.8351461429226603,1.8156534193276976
DecisionTreeRegressor,B0005,6.0,1.8257567905665537,1.8156534193276976
DecisionTreeRegressor,B0005,7.0,1.8247738529891333,1.8156534193276976
DecisionTreeRegressor,B0005,8.0,1.824613268496936,1.8156534193276976
DecisionTreeRegressor,B0005,9.0,1.8246195526864504,1.8156534193276976
DecisionTreeRegressor,B0005,10.0,1.8142019357673917,1.8156534193276976
DecisionTreeRegressor,B0005,11.0,1.8137521577549054,1.8156534193276976
DecisionTreeRegressor,B0005,12.0,1.8134404914735822,1.8156534193276976
DecisionTreeRegressor,B0005,13.0,1.8025980036306504,1.8156534193276976
DecisionTreeRegressor,B0005,14.0,1.80210690024615,1.7883615101183954
DecisionTreeRegressor,B0005,15.0,1.802579500826209,1.7883615101183954
DecisionTreeRegressor,B0005,16.0,1.8030683142834096,1.7883615101183954
DecisionTreeRegressor,B0005,17.0,1.8027776247196041,1.7883615101183954
DecisionTreeRegressor,B0005,18.0,1.8470259949329193,1.7883615101183954
DecisionTreeRegressor,B0005,19.0,1.847417311283644,1.8566731117308293
DecisionTreeRegressor,B0005,20.0,1.8361774213478947,1.8566731117308293
DecisionTreeRegressor,B0005,21.0,1.8257807475776242,1.8156534193276976
DecisionTreeRegressor,B0005,22.0,1.8251136435078368,1.8156534193276976
DecisionTreeRegressor,B0005,23.0,1.8255815042203762,1.8156534193276976
DecisionTreeRegressor,B0005,24.0,1.8140311275083907,1.8156534193276976
DecisionTreeRegressor,B0005,25.0,1.8147691941158939,1.8156534193276976
DecisionTreeRegressor,B0005,26.0,1.813969388710352,1.8156534193276976
DecisionTreeRegressor,B0005,27.0,1.802765665167823,1.8156534193276976
DecisionTreeRegressor,B0005,28.0,1.804077040117352,1.7883615101183954
DecisionTreeRegressor,B0005,29.0,1.8518025516704486,1.7883615101183954
DecisionTreeRegressor,B0005,30.0,1.8307038456739428,1.8566731117308293
DecisionTreeRegressor,B0005,31.0,1.8199041089501267,1.8156534193276976
DecisionTreeRegressor,B0005,32.0,1.8093079637028517,1.8156534193276976
DecisionTreeRegressor,B0005,33.0,1.80460990458052,1.7883615101183954
DecisionTreeRegressor,B0005,34.0,1.7993770651972192,1.7883615101183954
DecisionTreeRegressor,B0005,35.0,1.7884432335370462,1.7883615101183954
DecisionTreeRegressor,B0005,36.0,1.7829230484252723,1.7883615101183954
DecisionTreeRegressor,B0005,37.0,1.7730337158018288,1.7883615101183954
DecisionTreeRegressor,B0005,38.0,1.773037755078937,1.7557483952675732
DecisionTreeRegressor,B0005,39.0,1.7678721106662054,1.7557483952675732
DecisionTreeRegressor,B0005,40.0,1.7623150704093087,1.7557483952675732
DecisionTreeRegressor,B0005,41.0,1.7676172924938447,1.7557483952675732
DecisionTreeRegressor,B0005,42.0,1.762668359743147,1.7557483952675732
DecisionTreeRegressor,B0005,43.0,1.7517304870664143,1.7557483952675732
DecisionTreeRegressor,B0005,44.0,1.7418496047960008,1.739494167680116
DecisionTreeRegressor,B0005,45.0,1.7360913511847138,1.739494167680116
DecisionTreeRegressor,B0005,46.0,1.7936240148573608,1.739494167680116
DecisionTreeRegressor,B0005,47.0,1.7831890223273275,1.7883615101183954
DecisionTreeRegressor,B0005,48.0,1.7673642076278957,1.7883615101183954
DecisionTreeRegressor,B0005,49.0,1.7570177850353066,1.7557483952675732
DecisionTreeRegressor,B0005,50.0,1.7468706179837907,1.7557483952675732
DecisionTreeRegressor,B0005,51.0,1.7417172507457144,1.739494167680116
DecisionTreeRegressor,B0005,52.0,1.7364225056478186,1.739494167680116
DecisionTreeRegressor,B0005,53.0,1.7263217239235826,1.739494167680116
DecisionTreeRegressor,B0005,54.0,1.7158065389330133,1.7160392911360454
DecisionTreeRegressor,B0005,55.0,1.710533351135192,1.7160392911360454
DecisionTreeRegressor,B0005,56.0,1.706014499648521,1.7160392911360454
DecisionTreeRegressor,B0005,57.0,1.7003110272642588,1.7160392911360454
DecisionTreeRegressor,B0005,58.0,1.6945798601797895,1.6846877719342175
DecisionTreeRegressor,B0005,59.0,1.6849029086609286,1.6846877719342175
DecisionTreeRegressor,B0005,60.0,1.6744741591159717,1.6598161032045455
DecisionTreeRegressor,B0005,61.0,1.6745692479879102,1.6598161032045455
DecisionTreeRegressor,B0005,62.0,1.663716375981405,1.6598161032045455
DecisionTreeRegressor,B0005,63.0,1.659013868748246,1.6598161032045455
DecisionTreeRegressor,B0005,64.0,1.6538540573335014,1.6598161032045455
DecisionTreeRegressor,B0005,65.0,1.642653782130131,1.6598161032045455
DecisionTreeRegressor,B0005,66.0,1.6378578430223698,1.6095643989641992
DecisionTreeRegressor,B0005,67.0,1.6327350407099108,1.6095643989641992
DecisionTreeRegressor,B0005,68.0,1.6277528915533617,1.6095643989641992
DecisionTreeRegressor,B0005,69.0,1.622125485521159,1.6095643989641992
DecisionTreeRegressor,B0005,70.0,1.6113256603765849,1.6095643989641992
DecisionTreeRegressor,B0005,71.0,1.6065631397488385,1.6095643989641992
DecisionTreeRegressor,B0005,72.0,1.6015142233917594,1.6095643989641992
DecisionTreeRegressor,B0005,73.0,1.590369231400328,1.6095643989641992
DecisionTreeRegressor,B0005,74.0,1.5857889968242211,1.5707468720647937
DecisionTreeRegressor,B0005,75.0,1.5849430707374117,1.5707468720647937
DecisionTreeRegressor,B0005,76.0,1.5955263892495937,1.5707468720647937
DecisionTreeRegressor,B0005,77.0,1.5747301747801037,1.6095643989641992
DecisionTreeRegressor,B0005,78.0,1.5649019950937946,1.5707468720647937
DecisionTreeRegressor,B0005,79.0,1.5597659473370362,1.5707468720647937
DecisionTreeRegressor,B0005,80.0,1.5594815668184234,1.549489291730062
DecisionTreeRegressor,B0005,81.0,1.55468935359061,1.549489291730062
DecisionTreeRegressor,B0005,82.0,1.5488741079890418,1.549489291730062
DecisionTreeRegressor,B0005,83.0,1.538236598942558,1.549489291730062
DecisionTreeRegressor,B0005,84.0,1.527914258251028,1.5269691475429614
DecisionTreeRegressor,B0005,85.0,1.5285252629756445,1.5269691475429614
DecisionTreeRegressor,B0005,86.0,1.522647325284378,1.5269691475429614
DecisionTreeRegressor,B0005,87.0,1.5174859938489869,1.5014637815404102
DecisionTreeRegressor,B0005,88.0,1.605818899130659,1.5014637815404102
DecisionTreeRegressor,B0005,89.0,1.5638491446744425,1.6095643989641992
DecisionTreeRegressor,B0005,90.0,1.5480915247767786,1.549489291730062
DecisionTreeRegressor,B0005,91.0,1.5323755631868592,1.5269691475429614
DecisionTreeRegressor,B0005,92.0,1.5269528268489705,1.5269691475429614
DecisionTreeRegressor,B0005,93.0,1.5169573017136326,1.5269691475429614
DecisionTreeRegressor,B0005,94.0,1.5118975960142693,1.5014637815404102
DecisionTreeRegressor,B0005,95.0,1.5065638960681105,1.5014637815404102
DecisionTreeRegressor,B0005,96.0,1.5015453526671363,1.5014637815404102
DecisionTreeRegressor,B0005,97.0,1.4908444050400238,1.5014637815404102
DecisionTreeRegressor,B0005,98.0,1.485868384561201,1.5014637815404102
DecisionTreeRegressor,B0005,99.0,1.480413677976106,1.4566479747167878
DecisionTreeRegressor,B0005,100.0,1.4752095869031632,1.4566479747167878
DecisionTreeRegressor,B0005,101.0,1.4859035988304024,1.4566479747167878
DecisionTreeRegressor,B0005,102.0,1.4960918298136696,1.4566479747167878
DecisionTreeRegressor,B0005,103.0,1.4808005946928984,1.5014637815404102
DecisionTreeRegressor,B0005,104.0,1.4697543268466824,1.4566479747167878
DecisionTreeRegressor,B0005,105.0,1.4539012274845928,1.4566479747167878
DecisionTreeRegressor,B0005,106.0,1.4541462067235693,1.4566479747167878
DecisionTreeRegressor,B0005,107.0,1.455023751906683,1.4566479747167878
DecisionTreeRegressor,B0005,108.0,1.449042163761236,1.4566479747167878
DecisionTreeRegressor,B0005,109.0,1.4386709371480566,1.4566479747167878
DecisionTreeRegressor,B0005,110.0,1.433445432156979,1.4269815683956635
DecisionTreeRegressor,B0005,111.0,1.4333958900838095,1.4269815683956635
DecisionTreeRegressor,B0005,112.0,1.42806487344776,1.4269815683956635
DecisionTreeRegressor,B0005,113.0,1.4229203181741186,1.4269815683956635
DecisionTreeRegressor,B0005,114.0,1.417429032731308,1.4269815683956635
DecisionTreeRegressor,B0005,115.0,1.412409228794446,1.4269815683956635
DecisionTreeRegressor,B0005,116.0,1.412578792940193,1.407439531711103
DecisionTreeRegressor,B0005,117.0,1.4075983731469897,1.407439531711103
DecisionTreeRegressor,B0005,118.0,1.4333920485221476,1.3913109216549178
DecisionTreeRegressor,B0005,119.0,1.4382550176792908,1.4269815683956635
DecisionTreeRegressor,B0005,120.0,1.4173547174485526,1.4269815683956635
DecisionTreeRegressor,B0005,121.0,1.406981663677643,1.4269815683956635
DecisionTreeRegressor,B0005,122.0,1.4012037783587625,1.3913109216549178
DecisionTreeRegressor,B0005,123.0,1.3967008232726328,1.3913109216549178
DecisionTreeRegressor,B0005,124.0,1.391284788852726,1.3913109216549178
DecisionTreeRegressor,B0005,125.0,1.3862287677978349,1.3913109216549178
DecisionTreeRegressor,B0005,126.0,1.3804366761974138,1.3913109216549178
DecisionTreeRegressor,B0005,127.0,1.3752364150256224,1.366798844248644
DecisionTreeRegressor,B0005,128.0,1.3705128024895008,1.366798844248644
DecisionTreeRegressor,B0005,129.0,1.3705085566270399,1.366798844248644
DecisionTreeRegressor,B0005,130.0,1.3647355108681518,1.366798844248644
DecisionTreeRegressor,B0005,131.0,1.375392016895762,1.366798844248644
DecisionTreeRegressor,B0005,132.0,1.3861115151535393,1.366798844248644
DecisionTreeRegressor,B0005,133.0,1.3698500035838939,1.3913109216549178
DecisionTreeRegressor,B0005,134.0,1.3647827949260758,1.366798844248644
DecisionTreeRegressor,B0005,135.0,1.3543220466259964,1.366798844248644
DecisionTreeRegressor,B0005,136.0,1.3546417018378962,1.366798844248644
DecisionTreeRegressor,B0005,137.0,1.3547039213192407,1.366798844248644
DecisionTreeRegressor,B0005,138.0,1.349314997503458,1.366798844248644
DecisionTreeRegressor,B0005,139.0,1.3441891937970554,1.366798844248644
DecisionTreeRegressor,B0005,140.0,1.3389913790695755,1.366798844248644
DecisionTreeRegressor,B0005,141.0,1.3389145230206971,1.3039942029384324
DecisionTreeRegressor,B0005,142.0,1.3340066759761655,1.3039942029384324
DecisionTreeRegressor,B0005,143.0,1.3286444309174914,1.3039942029384324
DecisionTreeRegressor,B0005,144.0,1.3231708992276219,1.3039942029384324
DecisionTreeRegressor,B0005,145.0,1.3181691588445197,1.3039942029384324
DecisionTreeRegressor,B0005,146.0,1.3184664436640334,1.3039942029384324
DecisionTreeRegressor,B0005,147.0,1.318293040102702,1.3039942029384324
DecisionTreeRegressor,B0005,148.0,1.323872422244268,1.3039942029384324
DecisionTreeRegressor,B0005,149.0,1.3601216766554785,1.3039942029384324
DecisionTreeRegressor,B0005,150.0,1.3395306867947354,1.366798844248644
DecisionTreeRegressor,B0005,151.0,1.3290286565120697,1.3039942029384324
DecisionTreeRegressor,B0005,152.0,1.3236741274998955,1.3039942029384324
DecisionTreeRegressor,B0005,153.0,1.318633896753293,1.3039942029384324
DecisionTreeRegressor,B0005,154.0,1.3134751321324272,1.3039942029384324
DecisionTreeRegressor,B0005,155.0,1.3132020634442203,1.3039942029384324
DecisionTreeRegressor,B0005,156.0,1.3077959946944353,1.3039942029384324
DecisionTreeRegressor,B0005,157.0,1.3030329186405918,1.3039942029384324
DecisionTreeRegressor,B0005,158.0,1.3033573559038205,1.3039942029384324
DecisionTreeRegressor,B0005,159.0,1.3034100438655642,1.3039942029384324
DecisionTreeRegressor,B0005,160.0,1.2978870806495706,1.3039942029384324
DecisionTreeRegressor,B0005,161.0,1.2980735056918902,1.1721390143658414
DecisionTreeRegressor,B0005,162.0,1.293463613844243,1.1721390143658414
DecisionTreeRegressor,B0005,163.0,1.288003392619118,1.1721390143658414
DecisionTreeRegressor,B0005,164.0,1.2874525221379407,1.1721390143658414
DecisionTreeRegressor,B0005,165.0,1.3090153642307354,1.1721390143658414
DecisionTreeRegressor,B0005,166.0,1.3250793286429356,1.3039942029384324
SVR,B0005,0.0,1.846327249719927,1.8716281374517096
SVR,B0005,1.0,1.8353491942234077,1.8650115272034204
SVR,B0005,2.0,1.8352625275821128,1.857413231270065
SVR,B0005,3.0,1.8346455082120419,1.8581725457428169
SVR,B0005,4.0,1.8356616600675495,1.8584083158025198
SVR,B0005,5.0,1.8351461429226603,1.8598152398997423
SVR,B0005,6.0,1.8257567905665537,1.8599149969026951
SVR,B0005,7.0,1.8247738529891333,1.852938435819086
SVR,B0005,8.0,1.824613268496936,1.8524775538494236
SVR,B0005,9.0,1.8246195526864504,1.852564844301958
SVR,B0005,10.0,1.8142019357673917,1.8526773818684141
SVR,B0005,11.0,1.8137521577549054,1.8444541851476388
SVR,B0005,12.0,1.8134404914735822,1.84404164060123
SVR,B0005,13.0,1.8025980036306504,1.8436391520598707
SVR,B0005,14.0,1.80210690024615,1.834789221999261
SVR,B0005,15.0,1.802579500826209,1.8340997067823284
SVR,B0005,16.0,1.8030683142834096,1.8340778597159437
SVR,B0005,17.0,1.8027776247196041,1.8339647783325044
SVR,B0005,18.0,1.8470259949329193,1.8331432668840666
SVR,B0005,19.0,1.847417311283644,1.8646452042746202
SVR,B0005,20.0,1.8361774213478947,1.8637904549598674
SVR,B0005,21.0,1.8257807475776242,1.8549897268386477
SVR,B0005,22.0,1.8251136435078368,1.8465454098145448
SVR,B0005,23.0,1.8255815042203762,1.8448273562510662
SVR,B0005,24.0,1.8140311275083907,1.8438060951022925
SVR,B0005,25.0,1.8147691941158939,1.8343672322347189
SVR,B0005,26.0,1.813969388710352,1.8334456611435759
SVR,B0005,27.0,1.802765665167823,1.8313676378769608
SVR,B0005,28.0,1.804077040117352,1.8220552892781474
SVR,B0005,29.0,1.8518025516704486,1.8213642105626655
SVR,B0005,30.0,1.8307038456739428,1.8495485831304355
SVR,B0005,31.0,1.8199041089501267,1.8349857675687606
SVR,B0005,32.0,1.8093079637028517,1.8262437057937224
SVR,B0005,33.0,1.80460990458052,1.8175170468124957
SVR,B0005,34.0,1.7993770651972192,1.8125009624737047
SVR,B0005,35.0,1.7884432335370462,1.8071271815122107
SVR,B0005,36.0,1.7829230484252723,1.7980968379557236
SVR,B0005,37.0,1.7730337158018288,1.79253406019219
SVR,B0005,38.0,1.773037755078937,1.7841679026762776
SVR,B0005,39.0,1.7678721106662054,1.782158078653846
SVR,B0005,40.0,1.7623150704093087,1.7768395184638759
SVR,B0005,41.0,1.7676172924938447,1.7712880058577745
SVR,B0005,42.0,1.762668359743147,1.7724834188517111
SVR,B0005,43.0,1.7517304870664143,1.7673081455247064
SVR,B0005,44.0,1.7418496047960008,1.7585041439297604
SVR,B0005,45.0,1.7360913511847138,1.7503829814473217
SVR,B0005,46.0,1.7936240148573608,1.7448244562809736
SVR,B0005,47.0,1.7831890223273275,1.7753441700241739
SVR,B0005,48.0,1.7673642076278957,1.7672420267193358
SVR,B0005,49.0,1.7570177850353066,1.7562172218580943
SVR,B0005,50.0,1.7468706179837907,1.74814466505656
SVR,B0005,51.0,1.7417172507457144,1.7402081705213934
SVR,B0005,52.0,1.7364225056478186,1.7350670447987038
SVR,B0005,53.0,1.7263217239235826,1.7298830689750926
SVR,B0005,54.0,1.7158065389330133,1.7221076059614828
SVR,B0005,55.0,1.710533351135192,1.714147133074959
SVR,B0005,56.0,1.706014499648521,1.7091161013285625
SVR,B0005,57.0,1.7003110272642588,1.7045331785130877
SVR,B0005,58.0,1.6945798601797895,1.6993419666170555
SVR,B0005,59.0,1.6849029086609286,1.694175980731391
SVR,B0005,60.0,1.6744741591159717,1.686927844531854
SVR,B0005,61.0,1.6745692479879102,1.6793234851006758
SVR,B0005,62.0,1.663716375981405,1.67741834023873
SVR,B0005,63.0,1.659013868748246,1.6696906611250633
SVR,B0005,64.0,1.6538540573335014,1.6652890133005467
SVR,B0005,65.0,1.642653782130131,1.6606786648583411
SVR,B0005,66.0,1.6378578430223698,1.652919465362957
SVR,B0005,67.0,1.6327350407099108,1.6485863028289696
SVR,B0005,68.0,1.6277528915533617,1.644114384135494
SVR,B0005,69.0,1.622125485521159,1.6397492595025054
SVR,B0005,70.0,1.6113256603765849,1.635082347375264
SVR,B0005,71.0,1.6065631397488385,1.627778833337349
SVR,B0005,72.0,1.6015142233917594,1.623638115199969
SVR,B0005,73.0,1.590369231400328,1.619380025139746
SVR,B0005,74.0,1.5857889968242211,1.6120418749583074
SVR,B0005,75.0,1.5849430707374117,1.6080945636805968
SVR,B0005,76.0,1.5955263892495937,1.6060618436189709
SVR,B0005,77.0,1.5747301747801037,1.609791810740036
SVR,B0005,78.0,1.5649019950937946,1.5977485421078976
SVR,B0005,79.0,1.5597659473370362,1.591267549821938
SVR,B0005,80.0,1.5594815668184234,1.5871644753700394
SVR,B0005,81.0,1.55468935359061,1.5854947919727795
SVR,B0005,82.0,1.5488741079890418,1.581596056728276
SVR,B0005,83.0,1.538236598942558,1.5772073711905936
SVR,B0005,84.0,1.527914258251028,1.5704532512560805
SVR,B0005,85.0,1.5285252629756445,1.5638823188025195
SVR,B0005,86.0,1.522647325284378,1.5626981779275302
SVR,B0005,87.0,1.5174859938489869,1.5583277032459057
SVR,B0005,88.0,1.605818899130659,1.5543127747144054
SVR,B0005,89.0,1.5638491446744425,1.5961821699560155
SVR,B0005,90.0,1.5480915247767786,1.57446012970244
SVR,B0005,91.0,1.5323755631868592,1.5652448017370824
SVR,B0005,92.0,1.5269528268489705,1.5559901958202467
SVR,B0005,93.0,1.5169573017136326,1.5518735993423083
SVR,B0005,94.0,1.5118975960142693,1.545430448284635
SVR,B0005,95.0,1.5065638960681105,1.5414643874137641
SVR,B0005,96.0,1.5015453526671363,1.5373414779259347
SVR,B0005,97.0,1.4908444050400238,1.533359016152674
SVR,B0005,98.0,1.485868384561201,1.5263973397940156
SVR,B0005,99.0,1.480413677976106,1.5223601840095051
SVR,B0005,100.0,1.4752095869031632,1.5180357185898559
SVR,B0005,101.0,1.4859035988304024,1.5138017481058392
SVR,B0005,102.0,1.4960918298136696,1.5181059353170054
SVR,B0005,103.0,1.4808005946928984,1.5222694724494656
SVR,B0005,104.0,1.4697543268466824,1.5125179769140489
SVR,B0005,105.0,1.4539012274845928,1.5049503917999187
SVR,B0005,106.0,1.4541462067235693,1.4945301154124477
SVR,B0005,107.0,1.455023751906683,1.493116824353712
SVR,B0005,108.0,1.449042163761236,1.4920906455658378
SVR,B0005,109.0,1.4386709371480566,1.4870515195708098
SVR,B0005,110.0,1.433445432156979,1.479309385892064
SVR,B0005,111.0,1.4333958900838095,1.4745221854709836
SVR,B0005,112.0,1.42806487344776,1.4728332836586542
SVR,B0005,113.0,1.4229203181741186,1.4678679016591716
SVR,B0005,114.0,1.417429032731308,1.4629382278939884
SVR,B0005,115.0,1.412409228794446,1.4577066856149583
SVR,B0005,116.0,1.412578792940193,1.4526945893668435
SVR,B0005,117.0,1.4075983731469897,1.4510227758290997
SVR,B0005,118.0,1.4333920485221476,1.445925935202987
SVR,B0005,119.0,1.4382550176792908,1.4617739696222127
SVR,B0005,120.0,1.4173547174485526,1.463662994234035
SVR,B0005,121.0,1.406981663677643,1.4475043506358087
SVR,B0005,122.0,1.4012037783587625,1.4384761764799174
SVR,B0005,123.0,1.3967008232726328,1.4326002610527733
SVR,B0005,124.0,1.391284788852726,1.4275721080307442
SVR,B0005,125.0,1.3862287677978349,1.421807167476627
SVR,B0005,126.0,1.3804366761974138,1.4162405123945438
SVR,B0005,127.0,1.3752364150256224,1.4100569987315592
SVR,B0005,128.0,1.3705128024895008,1.4042601701491817
SVR,B0005,129.0,1.3705085566270399,1.3987795654558621
SVR,B0005,130.0,1.3647355108681518,1.3969259555171274
SVR,B0005,131.0,1.375392016895762,1.3905777247047488
SVR,B0005,132.0,1.3861115151535393,1.3973069922143455
SVR,B0005,133.0,1.3698500035838939,1.404502884404932
SVR,B0005,134.0,1.3647827949260758,1.3894837702472937
SVR,B0005,135.0,1.3543220466259964,1.3836709373741243
SVR,B0005,136.0,1.3546417018378962,1.3733827389594815
SVR,B0005,137.0,1.3547039213192407,1.3720085487116236
SVR,B0005,138.0,1.349314997503458,1.370490564053263
SVR,B0005,139.0,1.3441891937970554,1.364413340257226
SVR,B0005,140.0,1.3389913790695755,1.358581969760146
SVR,B0005,141.0,1.3389145230206971,1.352726342906055
SVR,B0005,142.0,1.3340066759761655,1.3512333514638073
SVR,B0005,143.0,1.3286444309174914,1.345708161494376
SVR,B0005,144.0,1.3231708992276219,1.3398676396596836
SVR,B0005,145.0,1.3181691588445197,1.334020624742291
SVR,B0005,146.0,1.3184664436640334,1.3286636759964556
SVR,B0005,147.0,1.318293040102702,1.3277546667669768
SVR,B0005,148.0,1.323872422244268,1.3265560505785028
SVR,B0005,149.0,1.3601216766554785,1.330352121978966
SVR,B0005,150.0,1.3395306867947354,1.362705945515785
SVR,B0005,151.0,1.3290286565120697,1.342861311347723
SVR,B0005,152.0,1.3236741274998955,1.33278535431435
SVR,B0005,153.0,1.318633896753293,1.3275314165609051
SVR,B0005,154.0,1.3134751321324272,1.3226975821635958
SVR,B0005,155.0,1.3132020634442203,1.3179152006166117
SVR,B0005,156.0,1.3077959946944353,1.3174544446310086
SVR,B0005,157.0,1.3030329186405918,1.3127340250439707
SVR,B0005,158.0,1.3033573559038205,1.308742726310197
SVR,B0005,159.0,1.3034100438655642,1.3090979955123336
SVR,B0005,160.0,1.2978870806495706,1.3093481662216115
SVR,B0005,161.0,1.2980735056918902,1.3051419369585553
SVR,B0005,162.0,1.293463613844243,1.3057294829031802
SVR,B0005,163.0,1.288003392619118,1.3025960939130725
SVR,B0005,164.0,1.2874525221379407,1.299028297023601
SVR,B0005,165.0,1.3090153642307354,1.2994047631175336
SVR,B0005,166.0,1.3250793286429356,1.317830440891869
LinearRegression,B0006,0.0,2.0251402460314116,2.0275333464326875
LinearRegression,B0006,1.0,2.013326371345464,2.0174896260600796
LinearRegression,B0006,2.0,2.0132846655407413,2.0058630863116615
LinearRegression,B0006,3.0,2.000528337624771,2.0057632242759658
LinearRegression,B0006,4.0,2.0138990759931645,1.99321388476555
LinearRegression,B0006,5.0,2.013101105626967,2.006246770219567
LinearRegression,B0006,6.0,1.9687898262728398,2.0054064144011514
LinearRegression,B0006,7.0,1.9681661764334244,1.9619601552884094
LinearRegression,B0006,8.0,1.9572307917560536,1.9612904848000463
LinearRegression,B0006,9.0,1.9455991514129352,1.950524115450548
LinearRegression,B0006,10.0,1.9347505044841131,1.9390760098173025
LinearRegression,B0006,11.0,1.9232799539368028,1.9283945694289102
LinearRegression,B0006,12.0,1.911889930948487,1.9171041943020668
LinearRegression,B0006,13.0,1.9010667141979305,1.9058926674510923
LinearRegression,B0006,14.0,1.8891989948061458,1.8952361269322144
LinearRegression,B0006,15.0,1.878278372248849,1.883556865329652
LinearRegression,B0006,16.0,1.8675697161520206,1.87280495025805
LinearRegression,B0006,17.0,1.8675892574453767,1.8622605813999258
LinearRegression,B0006,18.0,1.979626548250818,1.8622206892446755
LinearRegression,B0006,19.0,1.9575499080884022,1.9718625821332578
LinearRegression,B0006,20.0,1.9458150170787551,1.9501872917015939
LinearRegression,B0006,21.0,1.9242461121680094,1.9386380885417407
LinearRegression,B0006,22.0,1.9459811331421641,1.9174599452941206
LinearRegression,B0006,23.0,1.901407930553079,1.9386826886126893
LinearRegression,B0006,24.0,1.878674213680085,1.8949799682866149
LinearRegression,B0006,25.0,1.8683061328264219,1.8726613035072168
LinearRegression,B0006,26.0,1.8560244070082998,1.8624504076993444
LinearRegression,B0006,27.0,1.8451997961855777,1.8503657731620633
LinearRegression,B0006,28.0,1.857228890885317,1.8397078676423326
LinearRegression,B0006,29.0,1.9247760889090635,1.851427087421832
LinearRegression,B0006,30.0,1.8822317526092551,1.917506662603473
LinearRegression,B0006,31.0,1.855276687885587,1.8757904995613324
LinearRegression,B0006,32.0,1.8392508917181876,1.8493385168964247
LinearRegression,B0006,33.0,1.8185396073994429,1.8335878890587323
LinearRegression,B0006,34.0,1.8134770059567056,1.8132494819942682
LinearRegression,B0006,35.0,1.7971018450305436,1.8082334276721272
LinearRegression,B0006,36.0,1.7810046294120476,1.7921407205609323
LinearRegression,B0006,37.0,1.7710130422682329,1.7763201626191518
LinearRegression,B0006,38.0,1.7604712448170943,1.7664779093017224
LinearRegression,B0006,39.0,1.7502913788006587,1.7560969194990514
LinearRegression,B0006,40.0,1.7394925037732578,1.7460703135863855
LinearRegression,B0006,41.0,1.7546766553637203,1.7354376071800333
LinearRegression,B0006,42.0,1.7659390941842175,1.7502460898057925
LinearRegression,B0006,43.0,1.7337887419624838,1.761214641180366
LinearRegression,B0006,44.0,1.713325912040734,1.7296757110532412
LinearRegression,B0006,45.0,1.7024077813673466,1.709580577236839
LinearRegression,B0006,46.0,1.82371946178183,1.6988311020845934
LinearRegression,B0006,47.0,1.8081284050314708,1.8175539809056949
LinearRegression,B0006,48.0,1.7757610945034283,1.8022290266375716
LinearRegression,B0006,49.0,1.7447409841836798,1.7704776625486895
LinearRegression,B0006,50.0,1.729207034132373,1.7400454048005496
LinearRegression,B0006,51.0,1.7081086552553244,1.724776366355743
LinearRegression,B0006,52.0,1.6975954237461768,1.704058937017394
LinearRegression,B0006,53.0,1.6820634524029463,1.6937059174562488
LinearRegression,B0006,54.0,1.6714768322295086,1.6784388164564885
LinearRegression,B0006,55.0,1.6607591387047655,1.6680139386430897
LinearRegression,B0006,56.0,1.651121015038069,1.6574607208192418
LinearRegression,B0006,57.0,1.6401349256190927,1.6479645600209623
LinearRegression,B0006,58.0,1.6291999416165441,1.6371485433022412
LinearRegression,B0006,59.0,1.6088496302961666,1.6263825662720843
LinearRegression,B0006,60.0,1.6035244898969248,1.6063976046480617
LinearRegression,B0006,61.0,1.5989712144027983,1.6011244862310035
LinearRegression,B0006,62.0,1.5876273123575604,1.5966071366182155
LinearRegression,B0006,63.0,1.5829719744686166,1.5854407689262735
LinearRegression,B0006,64.0,1.567137636713563,1.58082348527894
LinearRegression,B0006,65.0,1.5613446139713882,1.5652603232716116
LinearRegression,B0006,66.0,1.5511711892790419,1.559529079505786
LinearRegression,B0006,67.0,1.5406741606295171,1.5495087805929233
LinearRegression,B0006,68.0,1.5253138744624433,1.5391716260047312
LinearRegression,B0006,69.0,1.5301570318067428,1.524072629940737
LinearRegression,B0006,70.0,1.5246566834474087,1.5287557644588305
LinearRegression,B0006,71.0,1.5145492986655427,1.5233110917845187
LinearRegression,B0006,72.0,1.509391504602082,1.5133554556174904
LinearRegression,B0006,73.0,1.5039974333050705,1.5082461937759213
LinearRegression,B0006,74.0,1.4935201918040188,1.5029055819130033
LinearRegression,B0006,75.0,1.4876323024497422,1.492587801841572
LinearRegression,B0006,76.0,1.5302876214401704,1.4867636697665123
LinearRegression,B0006,77.0,1.5040760088360112,1.528470449231748
LinearRegression,B0006,78.0,1.4887593608730894,1.5027464150921188
LinearRegression,B0006,79.0,1.4782779285546637,1.4876901472220794
LinearRegression,B0006,80.0,1.478459982215684,1.4773682637265713
LinearRegression,B0006,81.0,1.473214844899973,1.4774874949839474
LinearRegression,B0006,82.0,1.4675164935067897,1.4722927113044544
LinearRegression,B0006,83.0,1.4516292657521335,1.466654164656676
LinearRegression,B0006,84.0,1.4519237720967177,1.4510392155924512
LinearRegression,B0006,85.0,1.4471484694777745,1.4512685544990167
LinearRegression,B0006,86.0,1.4468538105659885,1.446533807808675
LinearRegression,B0006,87.0,1.4416741930284678,1.4461862676287924
LinearRegression,B0006,88.0,1.5935866593100128,1.4410556374094332
LinearRegression,B0006,89.0,1.5463902376915637,1.58974116797334
LinearRegression,B0006,90.0,1.51470559175661,1.5434699319704661
LinearRegression,B0006,91.0,1.4989786083335404,1.512386996514388
LinearRegression,B0006,92.0,1.4831110745410492,1.4969289501232494
LinearRegression,B0006,93.0,1.4729664825468278,1.4813332843327403
LinearRegression,B0006,94.0,1.4627604396099307,1.471341216854733
LinearRegression,B0006,95.0,1.4518364681062514,1.4612889799025608
LinearRegression,B0006,96.0,1.4468670644030392,1.450533785721899
LinearRegression,B0006,97.0,1.441380399427779,1.445608985638284
LinearRegression,B0006,98.0,1.431210744960774,1.4401777110013119
LinearRegression,B0006,99.0,1.4260247179525716,1.430161103691318
LinearRegression,B0006,100.0,1.420487649966195,1.4250241976613072
LinearRegression,B0006,101.0,1.4207006230355006,1.4195435710934587
LinearRegression,B0006,102.0,1.452255804330839,1.4196930769805967
LinearRegression,B0006,103.0,1.431557632772571,1.450531195702934
LinearRegression,B0006,104.0,1.415015751158943,1.430205627951724
LinearRegression,B0006,105.0,1.4097311506517451,1.413949676866385
LinearRegression,B0006,106.0,1.404917318129309,1.4087162529418897
LinearRegression,B0006,107.0,1.395164296571563,1.4039437798321985
LinearRegression,B0006,108.0,1.3945343832614077,1.3943351171684286
LinearRegression,B0006,109.0,1.3893171179312644,1.3936593138247433
LinearRegression,B0006,110.0,1.3838379472327809,1.3884918209017876
LinearRegression,B0006,111.0,1.3736814238195123,1.3830678842595352
LinearRegression,B0006,112.0,1.3786059891863676,1.373064134174576
LinearRegression,B0006,113.0,1.3737600299108574,1.3778269790713347
LinearRegression,B0006,114.0,1.3682580583942712,1.3730230491644824
LinearRegression,B0006,115.0,1.3633024037317505,1.367576787181462
LinearRegression,B0006,116.0,1.3580966140172601,1.3626654494226327
LinearRegression,B0006,117.0,1.353269090999531,1.3575091928083405
LinearRegression,B0006,118.0,1.3841605738237488,1.3527233146983846
LinearRegression,B0006,119.0,1.4051467790651473,1.3829115753994672
LinearRegression,B0006,120.0,1.378719022627353,1.4034011184297306
LinearRegression,B0006,121.0,1.3682657783199066,1.3774654478163944
LinearRegression,B0006,122.0,1.3573151296618016,1.3671711645125926
LinearRegression,B0006,123.0,1.3524934638801596,1.3563898494900997
LinearRegression,B0006,124.0,1.3474099151661236,1.3516097064722363
LinearRegression,B0006,125.0,1.3370075130842318,1.3465731417031541
LinearRegression,B0006,126.0,1.3312352966718526,1.3363286403854995
LinearRegression,B0006,127.0,1.3259303781727643,1.3306177690642385
LinearRegression,B0006,128.0,1.321578743867529,1.3253644508495188
LinearRegression,B0006,129.0,1.321225074066109,1.321044537496897
LinearRegression,B0006,130.0,1.3156485301862682,1.320639217012194
LinearRegression,B0006,131.0,1.3209025697502388,1.3151199377622467
LinearRegression,B0006,132.0,1.3474328767273906,1.3202053861591014
LinearRegression,B0006,133.0,1.3260128072353616,1.346123416884312
LinearRegression,B0006,134.0,1.3101186784831063,1.3250910053129101
LinearRegression,B0006,135.0,1.30521620229393,1.3094692991611827
LinearRegression,B0006,136.0,1.3004061951355774,1.3046100309172985
LinearRegression,B0006,137.0,1.300235735841116,1.2998413033993816
LinearRegression,B0006,138.0,1.2895066722480755,1.2996153728375217
LinearRegression,B0006,139.0,1.279253057384795,1.2890510220513323
LinearRegression,B0006,140.0,1.2792078171714618,1.2789522052149322
LinearRegression,B0006,141.0,1.274036760902923,1.2788488824754891
LinearRegression,B0006,142.0,1.2741273923001468,1.2737266349925112
LinearRegression,B0006,143.0,1.2637639426440779,1.2737563504621694
LinearRegression,B0006,144.0,1.2581373688955233,1.2635499892751159
LinearRegression,B0006,145.0,1.253259864055301,1.2579817234553619
LinearRegression,B0006,146.0,1.2532313315493426,1.253146905819887
LinearRegression,B0006,147.0,1.2480874960313577,1.2530599423732955
LinearRegression,B0006,148.0,1.2534354284944844,1.2479643479923839
LinearRegression,B0006,149.0,1.2898048773266901,1.2531417312908701
LinearRegression,B0006,150.0,1.2635402021758835,1.2886937231219089
LinearRegression,B0006,151.0,1.2479761706842853,1.2629177329765517
LinearRegression,B0006,152.0,1.2321202877943334,1.247619240395394
LinearRegression,B0006,153.0,1.2271137666213534,1.2320349825450858
LinearRegression,B0006,154.0,1.2217397581377356,1.2270738390216307
LinearRegression,B0006,155.0,1.211102678915174,1.22175287159181
LinearRegression,B0006,156.0,1.2056159765131735,1.2112785869781175
LinearRegression,B0006,157.0,1.2008936262717274,1.2058472756948841
LinearRegression,B0006,158.0,1.1905903985558335,1.2011643771385343
LinearRegression,B0006,159.0,1.185179251041941,1.1910169820521743
LinearRegression,B0006,160.0,1.1796706818144624,1.185659650071619
LinearRegression,B0006,161.0,1.1745952836753915,1.1802069279632075
LinearRegression,B0006,162.0,1.15381833159625,1.1751783438009056
LinearRegression,B0006,163.0,1.1644009557372264,1.1547756383800514
LinearRegression,B0006,164.0,1.1587974947916069,1.1650785516046565
LinearRegression,B0006,165.0,1.1749748834769171,1.1595329166045207
LinearRegression,B0006,166.0,1.1856752327929356,1.1753139238347214
Ridge,B0006,0.0,2.0251402460314116,2.0252919214459655
Ridge,B0006,1.0,2.013326371345464,2.0153363650641
Ridge,B0006,2.0,2.0132846655407413,2.0038190716005704
Ridge,B0006,3.0,2.000528337624771,2.0036749267650253
Ridge,B0006,4.0,2.0138990759931645,1.9912471247309753
Ridge,B0006,5.0,2.013101105626967,2.004060806323548
Ridge,B0006,6.0,1.9687898262728398,2.003186030680162
Ridge,B0006,7.0,1.9681661764334244,1.96027283922672
Ridge,B0006,8.0,1.9572307917560536,1.959566475477523
Ridge,B0006,9.0,1.9455991514129352,1.9488978954105267
Ridge,B0006,10.0,1.9347505044841131,1.9375566594166982
Ridge,B0006,11.0,1.9232799539368028,1.9269718771031874
Ridge,B0006,12.0,1.911889930948487,1.9157862707311104
Ridge,B0006,13.0,1.9010667141979305,1.9046784624187052
Ridge,B0006,14.0,1.8891989948061458,1.8941182483219752
Ridge,B0006,15.0,1.878278372248849,1.882548935230755
Ridge,B0006,16.0,1.8675697161520206,1.8718946169185262
Ridge,B0006,17.0,1.8675892574453767,1.861445080416971
Ridge,B0006,18.0,1.979626548250818,1.8613601066956458
Ridge,B0006,19.0,1.9575499080884022,1.9694960162310267
Ridge,B0006,20.0,1.9458150170787551,1.9480638159839079
Ridge,B0006,21.0,1.9242461121680094,1.9366228290276002
Ridge,B0006,22.0,1.9459811331421641,1.9156811542341314
Ridge,B0006,23.0,1.901407930553079,1.9365756092340156
Ridge,B0006,24.0,1.878674213680085,1.8934093724912686
Ridge,B0006,25.0,1.8683061328264219,1.8713423672931848
Ridge,B0006,26.0,1.8560244070082998,1.8612218621620267
Ridge,B0006,27.0,1.8451997961855777,1.8492525754833409
Ridge,B0006,28.0,1.857228890885317,1.8386910145668276
Ridge,B0006,29.0,1.9247760889090635,1.8502085277979574
Ridge,B0006,30.0,1.8822317526092551,1.9153623460310278
Ridge,B0006,31.0,1.855276687885587,1.874156206708481
Ridge,B0006,32.0,1.8392508917181876,1.848010937173508
Ridge,B0006,33.0,1.8185396073994429,1.8324244862334536
Ridge,B0006,34.0,1.8134770059567056,1.8123113627934067
Ridge,B0006,35.0,1.7971018450305436,1.8073165066817254
Ridge,B0006,36.0,1.7810046294120476,1.7913925327782414
Ridge,B0006,37.0,1.7710130422682329,1.7757370831650925
Ridge,B0006,38.0,1.7604712448170943,1.765980310406686
Ridge,B0006,39.0,1.7502913788006587,1.7556919768403285
Ridge,B0006,40.0,1.7394925037732578,1.7457533069630964
Ridge,B0006,41.0,1.7546766553637203,1.735216609521462
Ridge,B0006,42.0,1.7659390941842175,1.7497822382961237
Ridge,B0006,43.0,1.7337887419624838,1.7605590816176464
Ridge,B0006,44.0,1.713325912040734,1.729394619996936
Ridge,B0006,45.0,1.7024077813673466,1.709521529537456
Ridge,B0006,46.0,1.82371946178183,1.6988696186461834
Ridge,B0006,47.0,1.8081284050314708,1.8159655603151243
Ridge,B0006,48.0,1.7757610945034283,1.800799113203959
Ridge,B0006,49.0,1.7447409841836798,1.769425047126447
Ridge,B0006,50.0,1.729207034132373,1.7393525176098839
Ridge,B0006,51.0,1.7081086552553244,1.7242412415536472
Ridge,B0006,52.0,1.6975954237461768,1.7037541442104822
Ridge,B0006,53.0,1.6820634524029463,1.6934934083372295
Ridge,B0006,54.0,1.6714768322295086,1.6783840439203237
Ridge,B0006,55.0,1.6607591387047655,1.668052406907697
Ridge,B0006,56.0,1.651121015038069,1.657594139303834
Ridge,B0006,57.0,1.6401349256190927,1.6481788493002532
Ridge,B0006,58.0,1.6291999416165441,1.637461283140019
Ridge,B0006,59.0,1.6088496302961666,1.6267930901668837
Ridge,B0006,60.0,1.6035244898969248,1.6070287044660367
Ridge,B0006,61.0,1.5989712144027983,1.601780208213521
Ridge,B0006,62.0,1.5876273123575604,1.5972774143354083
Ridge,B0006,63.0,1.5829719744686166,1.5862141636865723
Ridge,B0006,64.0,1.567137636713563,1.5816127668409607
Ridge,B0006,65.0,1.5613446139713882,1.566211284788259
Ridge,B0006,66.0,1.5511711892790419,1.5605107651677237
Ridge,B0006,67.0,1.5406741606295171,1.5505783182844841
Ridge,B0006,68.0,1.5253138744624433,1.540333236071364
Ridge,B0006,69.0,1.5301570318067428,1.5253897375238108
Ridge,B0006,70.0,1.5246566834474087,1.5299648823265413
Ridge,B0006,71.0,1.5145492986655427,1.5245471168262734
Ridge,B0006,72.0,1.509391504602082,1.5146784714162247
Ridge,B0006,73.0,1.5039974333050705,1.509591649258635
Ridge,B0006,74.0,1.4935201918040188,1.5042765585362892
Ridge,B0006,75.0,1.4876323024497422,1.4940505927818928
Ridge,B0006,76.0,1.5302876214401704,1.4882584220739363
Ridge,B0006,77.0,1.5040760088360112,1.5293640769879053
Ridge,B0006,78.0,1.4887593608730894,1.5039370600993458
Ridge,B0006,79.0,1.4782779285546637,1.4890357206294178
Ridge,B0006,80.0,1.478459982215684,1.478805706106324
Ridge,B0006,81.0,1.473214844899973,1.4788777363602201
Ridge,B0006,82.0,1.4675164935067897,1.473706531469124
Ridge,B0006,83.0,1.4516292657521335,1.4680974742913855
Ridge,B0006,84.0,1.4519237720967177,1.4526448949572495
Ridge,B0006,85.0,1.4471484694777745,1.4528255662862688
Ridge,B0006,86.0,1.4468538105659885,1.4481082709415647
Ridge,B0006,87.0,1.4416741930284678,1.4477197469001513
Ridge,B0006,88.0,1.5935866593100128,1.4426118409799544
Ridge,B0006,89.0,1.5463902376915637,1.5892713481490706
Ridge,B0006,90.0,1.51470559175661,1.543570806962875
Ridge,B0006,91.0,1.4989786083335404,1.512856266411933
Ridge,B0006,92.0,1.4831110745410492,1.4975584998925224
Ridge,B0006,93.0,1.4729664825468278,1.482124946989373
Ridge,B0006,94.0,1.4627604396099307,1.4722203555136142
Ridge,B0006,95.0,1.4518364681062514,1.4622563959883967
Ridge,B0006,96.0,1.4468670644030392,1.4515988422430595
Ridge,B0006,97.0,1.441380399427779,1.4466940249130256
Ridge,B0006,98.0,1.431210744960774,1.4412894789955188
Ridge,B0006,99.0,1.4260247179525716,1.4313606745450038
Ridge,B0006,100.0,1.420487649966195,1.4262465764045433
Ridge,B0006,101.0,1.4207006230355006,1.4207933358970672
Ridge,B0006,102.0,1.452255804330839,1.4208952375391048
Ridge,B0006,103.0,1.431557632772571,1.451276996366373
Ridge,B0006,104.0,1.415015751158943,1.4311765412269026
Ridge,B0006,105.0,1.4097311506517451,1.4150914976703204
Ridge,B0006,106.0,1.404917318129309,1.409882167201292
Ridge,B0006,107.0,1.395164296571563,1.4051276479326475
Ridge,B0006,108.0,1.3945343832614077,1.3956013545273032
Ridge,B0006,109.0,1.3893171179312644,1.3948889396090847
Ridge,B0006,110.0,1.3838379472327809,1.389744661976476
Ridge,B0006,111.0,1.3736814238195123,1.3843473563155866
Ridge,B0006,112.0,1.3786059891863676,1.3744312378388535
Ridge,B0006,113.0,1.3737600299108574,1.3790850313213114
Ridge,B0006,114.0,1.3682580583942712,1.374299474242954
Ridge,B0006,115.0,1.3633024037317505,1.3688801406027058
Ridge,B0006,116.0,1.3580966140172601,1.3639886062866053
Ridge,B0006,117.0,1.353269090999531,1.3588554153011332
Ridge,B0006,118.0,1.3841605738237488,1.3540876695795445
Ridge,B0006,119.0,1.4051467790651473,1.3838282261413355
Ridge,B0006,120.0,1.378719022627353,1.4039992466824096
Ridge,B0006,121.0,1.3682657783199066,1.3783634122029915
Ridge,B0006,122.0,1.3573151296618016,1.3681606302520457
Ridge,B0006,123.0,1.3524934638801596,1.357477303580299
Ridge,B0006,124.0,1.3474099151661236,1.352715216562492
Ridge,B0006,125.0,1.3370075130842318,1.3477001231918797
Ridge,B0006,126.0,1.3312352966718526,1.3375464601580715
Ridge,B0006,127.0,1.3259303781727643,1.3318660416322077
Ridge,B0006,128.0,1.321578743867529,1.3266370818540922
Ridge,B0006,129.0,1.321225074066109,1.322329094492427
Ridge,B0006,130.0,1.3156485301862682,1.321883559748462
Ridge,B0006,131.0,1.3209025697502388,1.3163921813916124
Ridge,B0006,132.0,1.3474328767273906,1.3213642814708144
Ridge,B0006,133.0,1.3260128072353616,1.3468914852000138
Ridge,B0006,134.0,1.3101186784831063,1.3260936010160116
Ridge,B0006,135.0,1.30521620229393,1.3106343545951078
Ridge,B0006,136.0,1.3004061951355774,1.3057941962563024
Ridge,B0006,137.0,1.300235735841116,1.3010433726901847
Ridge,B0006,138.0,1.2895066722480755,1.3007748384927522
Ridge,B0006,139.0,1.279253057384795,1.290305586211557
Ridge,B0006,140.0,1.2792078171714618,1.280295667220863
Ridge,B0006,141.0,1.274036760902923,1.2801481077762649
Ridge,B0006,142.0,1.2741273923001468,1.2750484729389548
Ridge,B0006,143.0,1.2637639426440779,1.275032179706792
Ridge,B0006,144.0,1.2581373688955233,1.2649161487977667
Ridge,B0006,145.0,1.253259864055301,1.2593764363456064
Ridge,B0006,146.0,1.2532313315493426,1.2545604029463904
Ridge,B0006,147.0,1.2480874960313577,1.2544289848977508
Ridge,B0006,148.0,1.2534354284944844,1.2493556481576682
Ridge,B0006,149.0,1.2898048773266901,1.2544184586155598
Ridge,B0006,150.0,1.2635402021758835,1.2894513043227485
Ridge,B0006,151.0,1.2479761706842853,1.2639730234542297
Ridge,B0006,152.0,1.2321202877943334,1.2488326855747363
Ridge,B0006,153.0,1.2271137666213534,1.2334103886642218
Ridge,B0006,154.0,1.2217397581377356,1.228469711969221
Ridge,B0006,155.0,1.211102678915174,1.2231740040267964
Ridge,B0006,156.0,1.2056159765131735,1.2127936182856134
Ridge,B0006,157.0,1.2008936262717274,1.2073890362099542
Ridge,B0006,158.0,1.1905903985558335,1.202722898410266
Ridge,B0006,159.0,1.185179251041941,1.1926650482055092
Ridge,B0006,160.0,1.1796706818144624,1.1873334600684091
Ridge,B0006,161.0,1.1745952836753915,1.1819077523481307
Ridge,B0006,162.0,1.15381833159625,1.1769005332869522
Ridge,B0006,163.0,1.1644009557372264,1.1567239679096892
Ridge,B0006,164.0,1.1587974947916069,1.1668440390197627
Ridge,B0006,165.0,1.1749748834769171,1.1613266559569988
Ridge,B0006,166.0,1.1856752327929356,1.1768518558367393
Lasso,B0006,0.0,2.0251402460314116,2.0252857368978954
Lasso,B0006,1.0,2.013326371345464,2.0152864250241165
Lasso,B0006,2.0,2.0132846655407413,2.003709818588552
Lasso,B0006,3.0,2.000528337624771,2.003619656121004
Lasso,B0006,4.0,2.0138990759931645,1.9911234709460959
Lasso,B0006,5.0,2.013101105626967,2.0041202162542566
Lasso,B0006,6.0,1.9687898262728398,2.0032921446895813
Lasso,B0006,7.0,1.9681661764334244,1.9600068852782382
Lasso,B0006,8.0,1.9572307917560536,1.959348903268305
Lasso,B0006,9.0,1.9455991514129352,1.9486294648161246
Lasso,B0006,10.0,1.9347505044841131,1.9372306696733705
Lasso,B0006,11.0,1.9232799539368028,1.92659586373867
Lasso,B0006,12.0,1.911889930948487,1.9153542485456803
Lasso,B0006,13.0,1.9010667141979305,1.9041912064094997
Lasso,B0006,14.0,1.8891989948061458,1.8935812134315868
Lasso,B0006,15.0,1.878278372248849,1.881952069166943
Lasso,B0006,16.0,1.8675697161520206,1.8712470345401568
Lasso,B0006,17.0,1.8675892574453767,1.8607488216890213
Lasso,B0006,18.0,1.979626548250818,1.8607184197776958
Lasso,B0006,19.0,1.9575499080884022,1.969986959818012
Lasso,B0006,20.0,1.9458150170787551,1.9483966777554897
Lasso,B0006,21.0,1.9242461121680094,1.9368971379659583
Lasso,B0006,22.0,1.9459811331421641,1.9158022678005755
Lasso,B0006,23.0,1.901407930553079,1.9369602843624099
Lasso,B0006,24.0,1.878674213680085,1.893419458912844
Lasso,B0006,25.0,1.8683061328264219,1.8711880481938354
Lasso,B0006,26.0,1.8560244070082998,1.8610221444088524
Lasso,B0006,27.0,1.8451997961855777,1.8489890421593629
Lasso,B0006,28.0,1.857228890885317,1.838377688945118
Lasso,B0006,29.0,1.9247760889090635,1.8500653539146825
Lasso,B0006,30.0,1.8822317526092551,1.9159236300499471
Lasso,B0006,31.0,1.855276687885587,1.8743624278274607
Lasso,B0006,32.0,1.8392508917181876,1.84801212652461
Lasso,B0006,33.0,1.8185396073994429,1.8323258270849343
Lasso,B0006,34.0,1.8134770059567056,1.8120677620125831
Lasso,B0006,35.0,1.7971018450305436,1.8070785671749428
Lasso,B0006,36.0,1.7810046294120476,1.791051382485793
Lasso,B0006,37.0,1.7710130422682329,1.775295397032306
Lasso,B0006,38.0,1.7604712448170943,1.765496848995114
Lasso,B0006,39.0,1.7502913788006587,1.7551614449265935
Lasso,B0006,40.0,1.7394925037732578,1.745179187774918
Lasso,B0006,41.0,1.7546766553637203,1.734592945716817
Lasso,B0006,42.0,1.7659390941842175,1.7493590904938705
Lasso,B0006,43.0,1.7337887419624838,1.760298707258511
Lasso,B0006,44.0,1.713325912040734,1.7288792144289025
Lasso,B0006,45.0,1.7024077813673466,1.7088635734619548
Lasso,B0006,46.0,1.82371946178183,1.6981609702380132
Lasso,B0006,47.0,1.8081284050314708,1.8164787991270241
Lasso,B0006,48.0,1.7757610945034283,1.8012166874478965
Lasso,B0006,49.0,1.7447409841836798,1.7695855021549913
Lasso,B0006,50.0,1.729207034132373,1.7392688188763197
Lasso,B0006,51.0,1.7081086552553244,1.724062427846928
Lasso,B0006,52.0,1.6975954237461768,1.7034266634738666
Lasso,B0006,53.0,1.6820634524029463,1.6931191320170447
Lasso,B0006,54.0,1.6714768322295086,1.6779146716700681
Lasso,B0006,55.0,1.6607591387047655,1.6675355327814498
Lasso,B0006,56.0,1.651121015038069,1.6570285018518103
Lasso,B0006,57.0,1.6401349256190927,1.6475748383015485
Lasso,B0006,58.0,1.6291999416165441,1.6368059257737546
Lasso,B0006,59.0,1.6088496302961666,1.6260868782715294
Lasso,B0006,60.0,1.6035244898969248,1.6061810249421071
Lasso,B0006,61.0,1.5989712144027983,1.6009356632890113
Lasso,B0006,62.0,1.5876273123575604,1.5964434324372943
Lasso,B0006,63.0,1.5829719744686166,1.585325391832587
Lasso,B0006,64.0,1.567137636713563,1.5807335757649985
Lasso,B0006,65.0,1.5613446139713882,1.5652340878082198
Lasso,B0006,66.0,1.5511711892790419,1.5595321998879637
Lasso,B0006,67.0,1.5406741606295171,1.5495562277215764
Lasso,B0006,68.0,1.5253138744624433,1.5392645058611898
Lasso,B0006,69.0,1.5301570318067428,1.5242275636815075
Lasso,B0006,70.0,1.5246566834474087,1.5289037027696708
Lasso,B0006,71.0,1.5145492986655427,1.5234873856676123
Lasso,B0006,72.0,1.509391504602082,1.5135758505424397
Lasso,B0006,73.0,1.5039974333050705,1.5084937735252166
Lasso,B0006,74.0,1.4935201918040188,1.5031811540114082
Lasso,B0006,75.0,1.4876323024497422,1.4929087390412397
Lasso,B0006,76.0,1.5302876214401704,1.4871142870373948
Lasso,B0006,77.0,1.5040760088360112,1.5286848404378222
Lasso,B0006,78.0,1.4887593608730894,1.5030599467637447
Lasso,B0006,79.0,1.4782779285546637,1.488065583635715
Lasso,B0006,80.0,1.478459982215684,1.4777890795644275
Lasso,B0006,81.0,1.473214844899973,1.4779172456471668
Lasso,B0006,82.0,1.4675164935067897,1.4727499453050759
Lasso,B0006,83.0,1.4516292657521335,1.4671404309445726
Lasso,B0006,84.0,1.4519237720967177,1.451589336693063
Lasso,B0006,85.0,1.4471484694777745,1.451827226095425
Lasso,B0006,86.0,1.4468538105659885,1.447118356988318
Lasso,B0006,87.0,1.4416741930284678,1.4467813808944847
Lasso,B0006,88.0,1.5935866593100128,1.4416780100855644
Lasso,B0006,89.0,1.5463902376915637,1.589853906403414
Lasso,B0006,90.0,1.51470559175661,1.5437535306534205
Lasso,B0006,91.0,1.4989786083335404,1.512788440850359
Lasso,B0006,92.0,1.4831110745410492,1.4973937016048413
Lasso,B0006,93.0,1.4729664825468278,1.4818618233189877
Lasso,B0006,94.0,1.4627604396099307,1.4719139840459359
Lasso,B0006,95.0,1.4518364681062514,1.4619061853196218
Lasso,B0006,96.0,1.4468670644030392,1.4511978830294714
Lasso,B0006,97.0,1.441380399427779,1.4462996239084185
Lasso,B0006,98.0,1.431210744960774,1.4408966580779943
Lasso,B0006,99.0,1.4260247179525716,1.4309243646289758
Lasso,B0006,100.0,1.420487649966195,1.4258147399150536
Lasso,B0006,101.0,1.4207006230355006,1.4203625944161375
Lasso,B0006,102.0,1.452255804330839,1.4205209294553687
Lasso,B0006,103.0,1.431557632772571,1.45126075905644
Lasso,B0006,104.0,1.415015751158943,1.4310154884818573
Lasso,B0006,105.0,1.4097311506517451,1.4148256296199015
Lasso,B0006,106.0,1.404917318129309,1.4096198239061681
Lasso,B0006,107.0,1.395164296571563,1.404873360063373
Lasso,B0006,108.0,1.3945343832614077,1.395307587334174
Lasso,B0006,109.0,1.3893171179312644,1.3946434938755838
Lasso,B0006,110.0,1.3838379472327809,1.3895033890319382
Lasso,B0006,111.0,1.3736814238195123,1.3841077355830425
Lasso,B0006,112.0,1.3786059891863676,1.3741482544810524
Lasso,B0006,113.0,1.3737600299108574,1.3789038257196602
Lasso,B0006,114.0,1.3682580583942712,1.3741260148793166
Lasso,B0006,115.0,1.3633024037317505,1.3687081140160147
Lasso,B0006,116.0,1.3580966140172601,1.3638232702296473
Lasso,B0006,117.0,1.353269090999531,1.35869436247445
Lasso,B0006,118.0,1.3841605738237488,1.3539345404213996
Lasso,B0006,119.0,1.4051467790651473,1.3840267803236563
Lasso,B0006,120.0,1.378719022627353,1.4044541558249133
Lasso,B0006,121.0,1.3682657783199066,1.3786183643919663
Lasso,B0006,122.0,1.3573151296618016,1.3683693641742127
Lasso,B0006,123.0,1.3524934638801596,1.3576350322167485
Lasso,B0006,124.0,1.3474099151661236,1.3528809252375134
Lasso,B0006,125.0,1.3370075130842318,1.3478712915444266
Lasso,B0006,126.0,1.3312352966718526,1.3376718995493322
Lasso,B0006,127.0,1.3259303781727643,1.3319903129638417
Lasso,B0006,128.0,1.321578743867529,1.3267646824006905
Lasso,B0006,129.0,1.321225074066109,1.3224691986599955
Lasso,B0006,130.0,1.3156485301862682,1.322074643942875
Lasso,B0006,131.0,1.3209025697502388,1.3165839806786317
Lasso,B0006,132.0,1.3474328767273906,1.321661029373285
Lasso,B0006,133.0,1.3260128072353616,1.3474979444915178
Lasso,B0006,134.0,1.3101186784831063,1.3265482973275033
Lasso,B0006,135.0,1.30521620229393,1.3109904695740329
Lasso,B0006,136.0,1.3004061951355774,1.306157513554528
Lasso,B0006,137.0,1.300235735841116,1.3014147822295592
Lasso,B0006,138.0,1.2895066722480755,1.3011989912766837
Lasso,B0006,139.0,1.279253057384795,1.2906808662441875
Lasso,B0006,140.0,1.2792078171714618,1.2806266502202313
Lasso,B0006,141.0,1.274036760902923,1.2805330391284857
Lasso,B0006,142.0,1.2741273923001468,1.2754380217960954
Lasso,B0006,143.0,1.2637639426440779,1.275476984545012
Lasso,B0006,144.0,1.2581373688955233,1.2653155995528025
Lasso,B0006,145.0,1.253259864055301,1.259776120705848
Lasso,B0006,146.0,1.2532313315493426,1.2549675299501668
Lasso,B0006,147.0,1.2480874960313577,1.254890221049337
Lasso,B0006,148.0,1.2534354284944844,1.2498217637866467
Lasso,B0006,149.0,1.2898048773266901,1.254990426485145
Lasso,B0006,150.0,1.2635402021758835,1.2904276754714805
Lasso,B0006,151.0,1.2479761706842853,1.2647510071435548
Lasso,B0006,152.0,1.2321202877943334,1.2495152647871586
Lasso,B0006,153.0,1.2271137666213534,1.2339947546222134
Lasso,B0006,154.0,1.2217397581377356,1.2290602789177063
Lasso,B0006,155.0,1.211102678915174,1.2237672352683129
Lasso,B0006,156.0,1.2056159765131735,1.213338862033306
Lasso,B0006,157.0,1.2008936262717274,1.2079358596845344
Lasso,B0006,158.0,1.1905903985558335,1.2032786577360648
Lasso,B0006,159.0,1.185179251041941,1.193176033024008
Lasso,B0006,160.0,1.1796706818144624,1.1878467517539533
Lasso,B0006,161.0,1.1745952836753915,1.1824224133142585
Lasso,B0006,162.0,1.15381833159625,1.17742073237173
Lasso,B0006,163.0,1.1644009557372264,1.1570985933757107
Lasso,B0006,164.0,1.1587974947916069,1.1673748953931933
Lasso,B0006,165.0,1.1749748834769171,1.1618579683732249
Lasso,B0006,166.0,1.1856752327929356,1.1775932431680374
ElasticNet,B0006,0.0,2.0251402460314116,2.0258480934949894
ElasticNet,B0006,1.0,2.013326371345464,2.0158490613234856
ElasticNet,B0006,2.0,2.0132846655407413,2.0042753949931216
ElasticNet,B0006,3.0,2.000528337624771,2.0041687985900105
ElasticNet,B0006,4.0,2.0138990759931645,1.9916771045622126
ElasticNet,B0006,5.0,2.013101105626967,2.0046353424118433
ElasticNet,B0006,6.0,1.9687898262728398,2.00379208153361
ElasticNet,B0006,7.0,1.9681661764334244,1.9605632448141637
ElasticNet,B0006,8.0,1.9572307917560536,1.9598897866027567
ElasticNet,B0006,9.0,1.9455991514129352,1.9491718424813065
ElasticNet,B0006,10.0,1.9347505044841131,1.9377756875316792
ElasticNet,B0006,11.0,1.9232799539368028,1.9271422331791046
ElasticNet,B0006,12.0,1.911889930948487,1.9159029930657947
ElasticNet,B0006,13.0,1.9010667141979305,1.904742193481106
ElasticNet,B0006,14.0,1.8891989948061458,1.8941335102336163
ElasticNet,B0006,15.0,1.878278372248849,1.8825073946890698
ElasticNet,B0006,16.0,1.8675697161520206,1.8718038300982625
ElasticNet,B0006,17.0,1.8675892574453767,1.8613067384394142
ElasticNet,B0006,18.0,1.979626548250818,1.8612598017951456
ElasticNet,B0006,19.0,1.9575499080884022,1.9703274539499842
ElasticNet,B0006,20.0,1.9458150170787551,1.9487570019335656
ElasticNet,B0006,21.0,1.9242461121680094,1.9372602722618915
ElasticNet,B0006,22.0,1.9459811331421641,1.916184396537588
ElasticNet,B0006,23.0,1.901407930553079,1.937290140127179
ElasticNet,B0006,24.0,1.878674213680085,1.8938061684295366
ElasticNet,B0006,25.0,1.8683061328264219,1.8715956691402837
ElasticNet,B0006,26.0,1.8560244070082998,1.8614303260460603
ElasticNet,B0006,27.0,1.8451997961855777,1.8494009338675272
ElasticNet,B0006,28.0,1.857228890885317,1.8387908926779992
ElasticNet,B0006,29.0,1.9247760889090635,1.850442258198398
ElasticNet,B0006,30.0,1.8822317526092551,1.9161728659950565
ElasticNet,B0006,31.0,1.855276687885587,1.8746651785188617
ElasticNet,B0006,32.0,1.8392508917181876,1.8483427359267792
ElasticNet,B0006,33.0,1.8185396073994429,1.8326663083598742
ElasticNet,B0006,34.0,1.8134770059567056,1.8124258262999628
ElasticNet,B0006,35.0,1.7971018450305436,1.807428460663123
ElasticNet,B0006,36.0,1.7810046294120476,1.791411722813613
ElasticNet,B0006,37.0,1.7710130422682329,1.775665726771421
ElasticNet,B0006,38.0,1.7604712448170943,1.765867119810663
ElasticNet,B0006,39.0,1.7502913788006587,1.7555325623269014
ElasticNet,B0006,40.0,1.7394925037732578,1.7455505561115157
ElasticNet,B0006,41.0,1.7546766553637203,1.7349655837234599
ElasticNet,B0006,42.0,1.7659390941842175,1.7496902366181237
ElasticNet,B0006,43.0,1.7337887419624838,1.7605948156571096
ElasticNet,B0006,44.0,1.713325912040734,1.7292117316799454
ElasticNet,B0006,45.0,1.7024077813673466,1.709213264831744
ElasticNet,B0006,46.0,1.82371946178183,1.6985121275427641
ElasticNet,B0006,47.0,1.8081284050314708,1.8166138052244607
ElasticNet,B0006,48.0,1.7757610945034283,1.8013608499459364
ElasticNet,B0006,49.0,1.7447409841836798,1.7697664305644942
ElasticNet,B0006,50.0,1.729207034132373,1.7394842960432493
ElasticNet,B0006,51.0,1.7081086552553244,1.724286967431141
ElasticNet,B0006,52.0,1.6975954237461768,1.7036694231311857
ElasticNet,B0006,53.0,1.6820634524029463,1.6933626912467383
ElasticNet,B0006,54.0,1.6714768322295086,1.6781672900605875
ElasticNet,B0006,55.0,1.6607591387047655,1.6677890715236996
ElasticNet,B0006,56.0,1.651121015038069,1.6572831766596896
ElasticNet,B0006,57.0,1.6401349256190927,1.64782887247353
ElasticNet,B0006,58.0,1.6291999416165441,1.6370615377237678
ElasticNet,B0006,59.0,1.6088496302961666,1.6263439838928622
ElasticNet,B0006,60.0,1.6035244898969248,1.606455119504757
ElasticNet,B0006,61.0,1.5989712144027983,1.6012020191258114
ElasticNet,B0006,62.0,1.5876273123575604,1.5967007792519818
ElasticNet,B0006,63.0,1.5829719744686166,1.5855849052952484
ElasticNet,B0006,64.0,1.567137636713563,1.5809842481746805
ElasticNet,B0006,65.0,1.5613446139713882,1.565494316998091
ElasticNet,B0006,66.0,1.5511711892790419,1.559785460369106
ElasticNet,B0006,67.0,1.5406741606295171,1.5498097285382029
ElasticNet,B0006,68.0,1.5253138744624433,1.539518779584343
ElasticNet,B0006,69.0,1.5301570318067428,1.5244906140146979
ElasticNet,B0006,70.0,1.5246566834474087,1.5291422799063306
ElasticNet,B0006,71.0,1.5145492986655427,1.523718512426831
ElasticNet,B0006,72.0,1.509391504602082,1.5138071089519947
ElasticNet,B0006,73.0,1.5039974333050705,1.5087170177987774
ElasticNet,B0006,74.0,1.4935201918040188,1.5033967730021083
ElasticNet,B0006,75.0,1.4876323024497422,1.4931250983737776
ElasticNet,B0006,76.0,1.5302876214401704,1.487323833787881
ElasticNet,B0006,77.0,1.5040760088360112,1.528807684646572
ElasticNet,B0006,78.0,1.4887593608730894,1.503209426147326
ElasticNet,B0006,79.0,1.4782779285546637,1.488223767811782
ElasticNet,B0006,80.0,1.478459982215684,1.4779480109793677
ElasticNet,B0006,81.0,1.473214844899973,1.4780593748745199
ElasticNet,B0006,82.0,1.4675164935067897,1.4728842041415466
ElasticNet,B0006,83.0,1.4516292657521335,1.4672675652669913
ElasticNet,B0006,84.0,1.4519237720967177,1.4517261148393603
ElasticNet,B0006,85.0,1.4471484694777745,1.4519470169851902
ElasticNet,B0006,86.0,1.4468538105659885,1.4472295042569947
ElasticNet,B0006,87.0,1.4416741930284678,1.4468765105250412
ElasticNet,B0006,88.0,1.5935866593100128,1.441765161496098
ElasticNet,B0006,89.0,1.5463902376915637,1.5896745453793348
ElasticNet,B0006,90.0,1.51470559175661,1.543635340542607
ElasticNet,B0006,91.0,1.4989786083335404,1.5127058931561124
ElasticNet,B0006,92.0,1.4831110745410492,1.4973205340124487
ElasticNet,B0006,93.0,1.4729664825468278,1.4817982671391456
ElasticNet,B0006,94.0,1.4627604396099307,1.47185062075018
ElasticNet,B0006,95.0,1.4518364681062514,1.461843116040809
ElasticNet,B0006,96.0,1.4468670644030392,1.4511362892981639
ElasticNet,B0006,97.0,1.441380399427779,1.4462297059977802
ElasticNet,B0006,98.0,1.431210744960774,1.440819267270493
ElasticNet,B0006,99.0,1.4260247179525716,1.4308472079521122
ElasticNet,B0006,100.0,1.420487649966195,1.42572961556655
ElasticNet,B0006,101.0,1.4207006230355006,1.4202700801214998
ElasticNet,B0006,102.0,1.452255804330839,1.4204115620875437
ElasticNet,B0006,103.0,1.431557632772571,1.451082957192671
ElasticNet,B0006,104.0,1.415015751158943,1.4308552480502097
ElasticNet,B0006,105.0,1.4097311506517451,1.4146761104083774
ElasticNet,B0006,106.0,1.404917318129309,1.4094624992502884
ElasticNet,B0006,107.0,1.395164296571563,1.4047074551969736
ElasticNet,B0006,108.0,1.3945343832614077,1.3951412309250202
ElasticNet,B0006,109.0,1.3893171179312644,1.3944616715730602
ElasticNet,B0006,110.0,1.3838379472327809,1.3893136504682264
ElasticNet,B0006,111.0,1.3736814238195123,1.3839105117887653
ElasticNet,B0006,112.0,1.3786059891863676,1.3739512432069882
ElasticNet,B0006,113.0,1.3737600299108574,1.3786822072718552
ElasticNet,B0006,114.0,1.3682580583942712,1.373895869093579
ElasticNet,B0006,115.0,1.3633024037317505,1.368470520524146
ElasticNet,B0006,116.0,1.3580966140172601,1.3635773299309717
ElasticNet,B0006,117.0,1.353269090999531,1.358440487028598
ElasticNet,B0006,118.0,1.3841605738237488,1.353672107296153
ElasticNet,B0006,119.0,1.4051467790651473,1.3836970049838768
ElasticNet,B0006,120.0,1.378719022627353,1.40407333987599
ElasticNet,B0006,121.0,1.3682657783199066,1.3782645393364756
ElasticNet,B0006,122.0,1.3573151296618016,1.368016239967191
ElasticNet,B0006,123.0,1.3524934638801596,1.3572834274611454
ElasticNet,B0006,124.0,1.3474099151661236,1.3525207531629724
ElasticNet,B0006,125.0,1.3370075130842318,1.3475029831446468
ElasticNet,B0006,126.0,1.3312352966718526,1.3373042083244553
ElasticNet,B0006,127.0,1.3259303781727643,1.3316156187882295
ElasticNet,B0006,128.0,1.321578743867529,1.3263822162190473
ElasticNet,B0006,129.0,1.321225074066109,1.3220773916053588
ElasticNet,B0006,130.0,1.3156485301862682,1.3216669163672587
ElasticNet,B0006,131.0,1.3209025697502388,1.316168928124312
ElasticNet,B0006,132.0,1.3474328767273906,1.3212208274132373
ElasticNet,B0006,133.0,1.3260128072353616,1.3469975777198013
ElasticNet,B0006,134.0,1.3101186784831063,1.3260666800510539
ElasticNet,B0006,135.0,1.30521620229393,1.310518507478775
ElasticNet,B0006,136.0,1.3004061951355774,1.3056771171340187
ElasticNet,B0006,137.0,1.300235735841116,1.3009257993029388
ElasticNet,B0006,138.0,1.2895066722480755,1.300693786310488
ElasticNet,B0006,139.0,1.279253057384795,1.2901768160559055
ElasticNet,B0006,140.0,1.2792078171714618,1.280122972340365
ElasticNet,B0006,141.0,1.274036760902923,1.280012933129807
ElasticNet,B0006,142.0,1.2741273923001468,1.27490992348769
ElasticNet,B0006,143.0,1.2637639426440779,1.2749322345071619
ElasticNet,B0006,144.0,1.2581373688955233,1.264771402583921
ElasticNet,B0006,145.0,1.253259864055301,1.2592246810948937
ElasticNet,B0006,146.0,1.2532313315493426,1.2544076149173762
ElasticNet,B0006,147.0,1.2480874960313577,1.2543138504010332
ElasticNet,B0006,148.0,1.2534354284944844,1.24923735603008
ElasticNet,B0006,149.0,1.2898048773266901,1.2543807147986608
ElasticNet,B0006,150.0,1.2635402021758835,1.2897416062107774
ElasticNet,B0006,151.0,1.2479761706842853,1.264091660385342
ElasticNet,B0006,152.0,1.2321202877943334,1.2488650299527437
ElasticNet,B0006,153.0,1.2271137666213534,1.2333541120258824
ElasticNet,B0006,154.0,1.2217397581377356,1.2284113732281012
ElasticNet,B0006,155.0,1.211102678915174,1.2231106712774822
ElasticNet,B0006,156.0,1.2056159765131735,1.2126833014371596
ElasticNet,B0006,157.0,1.2008936262717274,1.2072728262531198
ElasticNet,B0006,158.0,1.1905903985558335,1.2026068935372143
ElasticNet,B0006,159.0,1.185179251041941,1.1925047227838999
ElasticNet,B0006,160.0,1.1796706818144624,1.1871678443341593
ElasticNet,B0006,161.0,1.1745952836753915,1.1817360690465128
ElasticNet,B0006,162.0,1.15381833159625,1.176726238364941
ElasticNet,B0006,163.0,1.1644009557372264,1.156421790454044
ElasticNet,B0006,164.0,1.1587974947916069,1.1666641735505243
ElasticNet,B0006,165.0,1.1749748834769171,1.1611399658505994
ElasticNet,B0006,166.0,1.1856752327929356,1.1768321141435942
KNeighborsRegressor,B0006,0.0,2.0251402460314116,1.880291345111291
KNeighborsRegressor,B0006,1.0,2.013326371345464,1.880291345111291
KNeighborsRegressor,B0006,2.0,2.0132846655407413,1.880291345111291
KNeighborsRegressor,B0006,3.0,2.000528337624771,1.8780969681787805
KNeighborsRegressor,B0006,4.0,2.0138990759931645,1.8780969681787802
KNeighborsRegressor,B0006,5.0,2.013101105626967,1.8780969681787802
KNeighborsRegressor,B0006,6.0,1.9687898262728398,1.878244550462887
KNeighborsRegressor,B0006,7.0,1.9681661764334244,1.878244550462887
KNeighborsRegressor,B0006,8.0,1.9572307917560536,1.878244550462887
KNeighborsRegressor,B0006,9.0,1.9455991514129352,1.878244550462887
KNeighborsRegressor,B0006,10.0,1.9347505044841131,1.878494446239534
KNeighborsRegressor,B0006,11.0,1.9232799539368028,1.878494446239534
KNeighborsRegressor,B0006,12.0,1.911889930948487,1.8787404885735817
KNeighborsRegressor,B0006,13.0,1.9010667141979305,1.8769552310978603
KNeighborsRegressor,B0006,14.0,1.8891989948061458,1.8725838483724118
KNeighborsRegressor,B0006,15.0,1.878278372248849,1.8726545388484663
KNeighborsRegressor,B0006,16.0,1.8675697161520206,1.8680258784858172
KNeighborsRegressor,B0006,17.0,1.8675892574453767,1.8656965372293584
KNeighborsRegressor,B0006,18.0,1.979626548250818,1.8678639885290447
KNeighborsRegressor,B0006,19.0,1.9575499080884022,1.8732176909752014
KNeighborsRegressor,B0006,20.0,1.9458150170787551,1.8733194366063117
KNeighborsRegressor,B0006,21.0,1.9242461121680094,1.8733194366063117
KNeighborsRegressor,B0006,22.0,1.9459811331421641,1.8733194366063117
KNeighborsRegressor,B0006,23.0,1.901407930553079,1.8733194366063117
KNeighborsRegressor,B0006,24.0,1.878674213680085,1.8712020264478877
KNeighborsRegressor,B0006,25.0,1.8683061328264219,1.870517582435746
KNeighborsRegressor,B0006,26.0,1.8560244070082998,1.8595246078388736
KNeighborsRegressor,B0006,27.0,1.8451997961855777,1.8600016968867004
KNeighborsRegressor,B0006,28.0,1.857228890885317,1.8516927148587783
KNeighborsRegressor,B0006,29.0,1.9247760889090635,1.8527196298250743
KNeighborsRegressor,B0006,30.0,1.8822317526092551,1.8712020264478877
KNeighborsRegressor,B0006,31.0,1.855276687885587,1.8563647489277717
KNeighborsRegressor,B0006,32.0,1.8392508917181876,1.8500071050222537
KNeighborsRegressor,B0006,33.0,1.8185396073994429,1.8345034450558255
KNeighborsRegressor,B0006,34.0,1.8134770059567056,1.8101896240247768
KNeighborsRegressor,B0006,35.0,1.7971018450305436,1.8082365170285122
KNeighborsRegressor,B0006,36.0,1.7810046294120476,1.7896773935083772
KNeighborsRegressor,B0006,37.0,1.7710130422682329,1.7718363400763102
KNeighborsRegressor,B0006,38.0,1.7604712448170943,1.7687751888900252
KNeighborsRegressor,B0006,39.0,1.7502913788006587,1.7667021176782884
KNeighborsRegressor,B0006,40.0,1.7394925037732578,1.757236162901743
KNeighborsRegressor,B0006,41.0,1.7546766553637203,1.7511499310149792
KNeighborsRegressor,B0006,42.0,1.7659390941842175,1.757236162901743
KNeighborsRegressor,B0006,43.0,1.7337887419624838,1.757236162901743
KNeighborsRegressor,B0006,44.0,1.713325912040734,1.736791183934907
KNeighborsRegressor,B0006,45.0,1.7024077813673466,1.7239769267915581
KNeighborsRegressor,B0006,46.0,1.82371946178183,1.708890394510099
KNeighborsRegressor,B0006,47.0,1.8081284050314708,1.8016977145339161
KNeighborsRegressor,B0006,48.0,1.7757610945034283,1.7970826802337112
KNeighborsRegressor,B0006,49.0,1.7447409841836798,1.7770098851381715
KNeighborsRegressor,B0006,50.0,1.729207034132373,1.7489912226316533
KNeighborsRegressor,B0006,51.0,1.7081086552553244,1.742778406821498
KNeighborsRegressor,B0006,52.0,1.6975954237461768,1.702088747212048
KNeighborsRegressor,B0006,53.0,1.6820634524029463,1.6978434114614036
KNeighborsRegressor,B0006,54.0,1.6714768322295086,1.661460846446019
KNeighborsRegressor,B0006,55.0,1.6607591387047655,1.6605445618524803
KNeighborsRegressor,B0006,56.0,1.651121015038069,1.6401734094567775
KNeighborsRegressor,B0006,57.0,1.6401349256190927,1.638466421587389
KNeighborsRegressor,B0006,58.0,1.6291999416165441,1.6194275111219583
KNeighborsRegressor,B0006,59.0,1.6088496302961666,1.6122228061592399
KNeighborsRegressor,B0006,60.0,1.6035244898969248,1.6076312521655118
KNeighborsRegressor,B0006,61.0,1.5989712144027983,1.5993185747561882
KNeighborsRegressor,B0006,62.0,1.5876273123575604,1.5993185747561882
KNeighborsRegressor,B0006,63.0,1.5829719744686166,1.5653347852980173
KNeighborsRegressor,B0006,64.0,1.567137636713563,1.5653347852980173
KNeighborsRegressor,B0006,65.0,1.5613446139713882,1.5544468092032377
KNeighborsRegressor,B0006,66.0,1.5511711892790419,1.5428833984119528
KNeighborsRegressor,B0006,67.0,1.5406741606295171,1.5300187864841384
KNeighborsRegressor,B0006,68.0,1.5253138744624433,1.5232832234484157
KNeighborsRegressor,B0006,69.0,1.5301570318067428,1.5170893830144436
KNeighborsRegressor,B0006,70.0,1.5246566834474087,1.5170893830144436
KNeighborsRegressor,B0006,71.0,1.5145492986655427,1.5110491260712338
KNeighborsRegressor,B0006,72.0,1.509391504602082,1.503046081158556
KNeighborsRegressor,B0006,73.0,1.5039974333050705,1.5013426469192852
KNeighborsRegressor,B0006,74.0,1.4935201918040188,1.4972517628799444
KNeighborsRegressor,B0006,75.0,1.4876323024497422,1.4796012537753385
KNeighborsRegressor,B0006,76.0,1.5302876214401704,1.4727361906276606
KNeighborsRegressor,B0006,77.0,1.5040760088360112,1.523942697421956
KNeighborsRegressor,B0006,78.0,1.4887593608730894,1.4796012537753385
KNeighborsRegressor,B0006,79.0,1.4782779285546637,1.4727361906276604
KNeighborsRegressor,B0006,80.0,1.478459982215684,1.460013497192584
KNeighborsRegressor,B0006,81.0,1.473214844899973,1.460013497192584
KNeighborsRegressor,B0006,82.0,1.4675164935067897,1.453819068284383
KNeighborsRegressor,B0006,83.0,1.4516292657521335,1.4487820510128198
KNeighborsRegressor,B0006,84.0,1.4519237720967177,1.436332950015028
KNeighborsRegressor,B0006,85.0,1.4471484694777745,1.4383422157461834
KNeighborsRegressor,B0006,86.0,1.4468538105659885,1.4334894136906606
KNeighborsRegressor,B0006,87.0,1.4416741930284678,1.4287261130340085
KNeighborsRegressor,B0006,88.0,1.5935866593100128,1.4269371370603252
KNeighborsRegressor,B0006,89.0,1.5463902376915637,1.605907559671731
KNeighborsRegressor,B0006,90.0,1.51470559175661,1.5294049083621237
KNeighborsRegressor,B0006,91.0,1.4989786083335404,1.5317447373551316
KNeighborsRegressor,B0006,92.0,1.4831110745410492,1.5233340297840399
KNeighborsRegressor,B0006,93.0,1.4729664825468278,1.486776281429526
KNeighborsRegressor,B0006,94.0,1.4627604396099307,1.4711426406196557
KNeighborsRegressor,B0006,95.0,1.4518364681062514,1.4711426406196555
KNeighborsRegressor,B0006,96.0,1.4468670644030392,1.4518467445183574
KNeighborsRegressor,B0006,97.0,1.441380399427779,1.439916959743855
KNeighborsRegressor,B0006,98.0,1.431210744960774,1.4258367941326289
KNeighborsRegressor,B0006,99.0,1.4260247179525716,1.4132332726307917
KNeighborsRegressor,B0006,100.0,1.420487649966195,1.4108273141349517
KNeighborsRegressor,B0006,101.0,1.4207006230355006,1.4084047144799194
KNeighborsRegressor,B0006,102.0,1.452255804330839,1.4105665515499641
KNeighborsRegressor,B0006,103.0,1.431557632772571,1.4492905412568695
KNeighborsRegressor,B0006,104.0,1.415015751158943,1.4337775957829346
KNeighborsRegressor,B0006,105.0,1.4097311506517451,1.4102620475731953
KNeighborsRegressor,B0006,106.0,1.404917318129309,1.4025976338619581
KNeighborsRegressor,B0006,107.0,1.395164296571563,1.4025976338619581
KNeighborsRegressor,B0006,108.0,1.3945343832614077,1.3968455725951023
KNeighborsRegressor,B0006,109.0,1.3893171179312644,1.3968455725951023
KNeighborsRegressor,B0006,110.0,1.3838379472327809,1.3871606899595617
KNeighborsRegressor,B0006,111.0,1.3736814238195123,1.3871606899595617
KNeighborsRegressor,B0006,112.0,1.3786059891863676,1.374825485131108
KNeighborsRegressor,B0006,113.0,1.3737600299108574,1.3810376162516853
KNeighborsRegressor,B0006,114.0,1.3682580583942712,1.374825485131108
KNeighborsRegressor,B0006,115.0,1.3633024037317505,1.3668662313270912
KNeighborsRegressor,B0006,116.0,1.3580966140172601,1.376998256448294
KNeighborsRegressor,B0006,117.0,1.353269090999531,1.3752942377217163
KNeighborsRegressor,B0006,118.0,1.3841605738237488,1.3752942377217163
KNeighborsRegressor,B0006,119.0,1.4051467790651473,1.3775103982728483
KNeighborsRegressor,B0006,120.0,1.378719022627353,1.40635381260774
KNeighborsRegressor,B0006,121.0,1.3682657783199066,1.3743015747770944
KNeighborsRegressor,B0006,122.0,1.3573151296618016,1.3632614654404624
KNeighborsRegressor,B0006,123.0,1.3524934638801596,1.3757822232219314
KNeighborsRegressor,B0006,124.0,1.3474099151661236,1.3624998068718197
KNeighborsRegressor,B0006,125.0,1.3370075130842318,1.3547710616877444
KNeighborsRegressor,B0006,126.0,1.3312352966718526,1.3675921824749087
KNeighborsRegressor,B0006,127.0,1.3259303781727643,1.3675921824749087
KNeighborsRegressor,B0006,128.0,1.321578743867529,1.3675921824749087
KNeighborsRegressor,B0006,129.0,1.321225074066109,1.3531519664733949
KNeighborsRegressor,B0006,130.0,1.3156485301862682,1.3514117280586815
KNeighborsRegressor,B0006,131.0,1.3209025697502388,1.3456792035067833
KNeighborsRegressor,B0006,132.0,1.3474328767273906,1.3456792035067833
KNeighborsRegressor,B0006,133.0,1.3260128072353616,1.3561172107317292
KNeighborsRegressor,B0006,134.0,1.3101186784831063,1.3462881438088927
KNeighborsRegressor,B0006,135.0,1.30521620229393,1.3327455816423102
KNeighborsRegressor,B0006,136.0,1.3004061951355774,1.3254730911348727
KNeighborsRegressor,B0006,137.0,1.300235735841116,1.3254730911348727
KNeighborsRegressor,B0006,138.0,1.2895066722480755,1.3213487945512736
KNeighborsRegressor,B0006,139.0,1.279253057384795,1.3203943928166288
KNeighborsRegressor,B0006,140.0,1.2792078171714618,1.3203943928166288
KNeighborsRegressor,B0006,141.0,1.274036760902923,1.3203943928166288
KNeighborsRegressor,B0006,142.0,1.2741273923001468,1.3203943928166288
KNeighborsRegressor,B0006,143.0,1.2637639426440779,1.3277845483022004
KNeighborsRegressor,B0006,144.0,1.2581373688955233,1.3277845483022004
KNeighborsRegressor,B0006,145.0,1.253259864055301,1.3164316841518686
KNeighborsRegressor,B0006,146.0,1.2532313315493426,1.313404436111083
KNeighborsRegressor,B0006,147.0,1.2480874960313577,1.313404436111083
KNeighborsRegressor,B0006,148.0,1.2534354284944844,1.306349249269227
KNeighborsRegressor,B0006,149.0,1.2898048773266901,1.3042151775092174
KNeighborsRegressor,B0006,150.0,1.2635402021758835,1.3153733776191632
KNeighborsRegressor,B0006,151.0,1.2479761706842853,1.3042151775092174
KNeighborsRegressor,B0006,152.0,1.2321202877943334,1.2960593640436666
KNeighborsRegressor,B0006,153.0,1.2271137666213534,1.2971804281167008
KNeighborsRegressor,B0006,154.0,1.2217397581377356,1.2952016797047854
KNeighborsRegressor,B0006,155.0,1.211102678915174,1.2952016797047854
KNeighborsRegressor,B0006,156.0,1.2056159765131735,1.2952016797047854
KNeighborsRegressor,B0006,157.0,1.2008936262717274,1.2952016797047854
KNeighborsRegressor,B0006,158.0,1.1905903985558335,1.2952016797047854
KNeighborsRegressor,B0006,159.0,1.185179251041941,1.2952016797047854
KNeighborsRegressor,B0006,160.0,1.1796706818144624,1.2952016797047854
KNeighborsRegressor,B0006,161.0,1.1745952836753915,1.2952016797047854
KNeighborsRegressor,B0006,162.0,1.15381833159625,1.2952016797047854
KNeighborsRegressor,B0006,163.0,1.1644009557372264,1.2952016797047854
KNeighborsRegressor,B0006,164.0,1.1587974947916069,1.2952016797047854
KNeighborsRegressor,B0006,165.0,1.1749748834769171,1.2952016797047854
KNeighborsRegressor,B0006,166.0,1.1856752327929356,1.2952016797047854
DecisionTreeRegressor,B0006,0.0,2.0251402460314116,1.8738881321532794
DecisionTreeRegressor,B0006,1.0,2.013326371345464,1.8738881321532794
DecisionTreeRegressor,B0006,2.0,2.0132846655407413,1.8738881321532794
DecisionTreeRegressor,B0006,3.0,2.000528337624771,1.8738881321532794
DecisionTreeRegressor,B0006,4.0,2.0138990759931645,1.8738881321532794
DecisionTreeRegressor,B0006,5.0,2.013101105626967,1.8738881321532794
DecisionTreeRegressor,B0006,6.0,1.9687898262728398,1.8738881321532794
DecisionTreeRegressor,B0006,7.0,1.9681661764334244,1.8738881321532794
DecisionTreeRegressor,B0006,8.0,1.9572307917560536,1.8738881321532794
DecisionTreeRegressor,B0006,9.0,1.9455991514129352,1.8738881321532794
DecisionTreeRegressor,B0006,10.0,1.9347505044841131,1.8738881321532794
DecisionTreeRegressor,B0006,11.0,1.9232799539368028,1.8738881321532794
DecisionTreeRegressor,B0006,12.0,1.911889930948487,1.8738881321532794
DecisionTreeRegressor,B0006,13.0,1.9010667141979305,1.8738881321532794
DecisionTreeRegressor,B0006,14.0,1.8891989948061458,1.8738881321532794
DecisionTreeRegressor,B0006,15.0,1.878278372248849,1.8738881321532794
DecisionTreeRegressor,B0006,16.0,1.8675697161520206,1.8738881321532794
DecisionTreeRegressor,B0006,17.0,1.8675892574453767,1.8738881321532794
DecisionTreeRegressor,B0006,18.0,1.979626548250818,1.8738881321532794
DecisionTreeRegressor,B0006,19.0,1.9575499080884022,1.8738881321532794
DecisionTreeRegressor,B0006,20.0,1.9458150170787551,1.8738881321532794
DecisionTreeRegressor,B0006,21.0,1.9242461121680094,1.8738881321532794
DecisionTreeRegressor,B0006,22.0,1.9459811331421641,1.8738881321532794
DecisionTreeRegressor,B0006,23.0,1.901407930553079,1.8738881321532794
DecisionTreeRegressor,B0006,24.0,1.878674213680085,1.8738881321532794
DecisionTreeRegressor,B0006,25.0,1.8683061328264219,1.8738881321532794
DecisionTreeRegressor,B0006,26.0,1.8560244070082998,1.8738881321532794
DecisionTreeRegressor,B0006,27.0,1.8451997961855777,1.8532274172400474
DecisionTreeRegressor,B0006,28.0,1.857228890885317,1.8291425250687636
DecisionTreeRegressor,B0006,29.0,1.9247760889090635,1.8532274172400474
DecisionTreeRegressor,B0006,30.0,1.8822317526092551,1.8738881321532794
DecisionTreeRegressor,B0006,31.0,1.855276687885587,1.8738881321532794
DecisionTreeRegressor,B0006,32.0,1.8392508917181876,1.8532274172400474
DecisionTreeRegressor,B0006,33.0,1.8185396073994429,1.8291425250687636
DecisionTreeRegressor,B0006,34.0,1.8134770059567056,1.8107233999409575
DecisionTreeRegressor,B0006,35.0,1.7971018450305436,1.8107233999409575
DecisionTreeRegressor,B0006,36.0,1.7810046294120476,1.7827127739764153
DecisionTreeRegressor,B0006,37.0,1.7710130422682329,1.7827127739764153
DecisionTreeRegressor,B0006,38.0,1.7604712448170943,1.7699508097222836
DecisionTreeRegressor,B0006,39.0,1.7502913788006587,1.7456836743556894
DecisionTreeRegressor,B0006,40.0,1.7394925037732578,1.7456836743556894
DecisionTreeRegressor,B0006,41.0,1.7546766553637203,1.7456836743556894
DecisionTreeRegressor,B0006,42.0,1.7659390941842175,1.7456836743556894
DecisionTreeRegressor,B0006,43.0,1.7337887419624838,1.7456836743556894
DecisionTreeRegressor,B0006,44.0,1.713325912040734,1.7131498509421041
DecisionTreeRegressor,B0006,45.0,1.7024077813673466,1.7131498509421041
DecisionTreeRegressor,B0006,46.0,1.82371946178183,1.697302578908182
DecisionTreeRegressor,B0006,47.0,1.8081284050314708,1.8107233999409575
DecisionTreeRegressor,B0006,48.0,1.7757610945034283,1.8107233999409575
DecisionTreeRegressor,B0006,49.0,1.7447409841836798,1.7699508097222836
DecisionTreeRegressor,B0006,50.0,1.729207034132373,1.7456836743556894
DecisionTreeRegressor,B0006,51.0,1.7081086552553244,1.7131498509421041
DecisionTreeRegressor,B0006,52.0,1.6975954237461768,1.7131498509421041
DecisionTreeRegressor,B0006,53.0,1.6820634524029463,1.697302578908182
DecisionTreeRegressor,B0006,54.0,1.6714768322295086,1.6670667536374062
DecisionTreeRegressor,B0006,55.0,1.6607591387047655,1.6670667536374062
DecisionTreeRegressor,B0006,56.0,1.651121015038069,1.6670667536374062
DecisionTreeRegressor,B0006,57.0,1.6401349256190927,1.6476585213364006
DecisionTreeRegressor,B0006,58.0,1.6291999416165441,1.6317946085639667
DecisionTreeRegressor,B0006,59.0,1.6088496302961666,1.6043789042670127
DecisionTreeRegressor,B0006,60.0,1.6035244898969248,1.6043789042670127
DecisionTreeRegressor,B0006,61.0,1.5989712144027983,1.6043789042670127
DecisionTreeRegressor,B0006,62.0,1.5876273123575604,1.6043789042670127
DecisionTreeRegressor,B0006,63.0,1.5829719744686166,1.5852767544779847
DecisionTreeRegressor,B0006,64.0,1.567137636713563,1.5852767544779847
DecisionTreeRegressor,B0006,65.0,1.5613446139713882,1.562457363798937
DecisionTreeRegressor,B0006,66.0,1.5511711892790419,1.562457363798937
DecisionTreeRegressor,B0006,67.0,1.5406741606295171,1.5277559904909197
DecisionTreeRegressor,B0006,68.0,1.5253138744624433,1.5277559904909197
DecisionTreeRegressor,B0006,69.0,1.5301570318067428,1.5277559904909197
DecisionTreeRegressor,B0006,70.0,1.5246566834474087,1.5277559904909197
DecisionTreeRegressor,B0006,71.0,1.5145492986655427,1.5277559904909197
DecisionTreeRegressor,B0006,72.0,1.509391504602082,1.550558804820269
DecisionTreeRegressor,B0006,73.0,1.5039974333050705,1.5000329254613936
DecisionTreeRegressor,B0006,74.0,1.4935201918040188,1.5000329254613936
DecisionTreeRegressor,B0006,75.0,1.4876323024497422,1.484975315109661
DecisionTreeRegressor,B0006,76.0,1.5302876214401704,1.484975315109661
DecisionTreeRegressor,B0006,77.0,1.5040760088360112,1.5277559904909197
DecisionTreeRegressor,B0006,78.0,1.4887593608730894,1.5000329254613936
DecisionTreeRegressor,B0006,79.0,1.4782779285546637,1.484975315109661
DecisionTreeRegressor,B0006,80.0,1.478459982215684,1.4739591214933785
DecisionTreeRegressor,B0006,81.0,1.473214844899973,1.4739591214933785
DecisionTreeRegressor,B0006,82.0,1.4675164935067897,1.4739591214933785
DecisionTreeRegressor,B0006,83.0,1.4516292657521335,1.4480024670344103
DecisionTreeRegressor,B0006,84.0,1.4519237720967177,1.4480024670344103
DecisionTreeRegressor,B0006,85.0,1.4471484694777745,1.4480024670344103
DecisionTreeRegressor,B0006,86.0,1.4468538105659885,1.4480024670344103
DecisionTreeRegressor,B0006,87.0,1.4416741930284678,1.4480024670344103
DecisionTreeRegressor,B0006,88.0,1.5935866593100128,1.4320314582341371
DecisionTreeRegressor,B0006,89.0,1.5463902376915637,1.6043789042670127
DecisionTreeRegressor,B0006,90.0,1.51470559175661,1.5277559904909197
DecisionTreeRegressor,B0006,91.0,1.4989786083335404,1.550558804820269
DecisionTreeRegressor,B0006,92.0,1.4831110745410492,1.5000329254613936
DecisionTreeRegressor,B0006,93.0,1.4729664825468278,1.484975315109661
DecisionTreeRegressor,B0006,94.0,1.4627604396099307,1.4739591214933785
DecisionTreeRegressor,B0006,95.0,1.4518364681062514,1.4480024670344103
DecisionTreeRegressor,B0006,96.0,1.4468670644030392,1.4480024670344103
DecisionTreeRegressor,B0006,97.0,1.441380399427779,1.4480024670344103
DecisionTreeRegressor,B0006,98.0,1.431210744960774,1.4320314582341371
DecisionTreeRegressor,B0006,99.0,1.4260247179525716,1.4320314582341371
DecisionTreeRegressor,B0006,100.0,1.420487649966195,1.4083929721165076
DecisionTreeRegressor,B0006,101.0,1.4207006230355006,1.4083929721165076
DecisionTreeRegressor,B0006,102.0,1.452255804330839,1.4083929721165076
DecisionTreeRegressor,B0006,103.0,1.431557632772571,1.4480024670344103
DecisionTreeRegressor,B0006,104.0,1.415015751158943,1.4320314582341371
DecisionTreeRegressor,B0006,105.0,1.4097311506517451,1.4083929721165076
DecisionTreeRegressor,B0006,106.0,1.404917318129309,1.4083929721165076
DecisionTreeRegressor,B0006,107.0,1.395164296571563,1.4083929721165076
DecisionTreeRegressor,B0006,108.0,1.3945343832614077,1.4083929721165076
DecisionTreeRegressor,B0006,109.0,1.3893171179312644,1.4083929721165076
DecisionTreeRegressor,B0006,110.0,1.3838379472327809,1.3703361342834732
DecisionTreeRegressor,B0006,111.0,1.3736814238195123,1.3703361342834732
DecisionTreeRegressor,B0006,112.0,1.3786059891863676,1.3703361342834732
DecisionTreeRegressor,B0006,113.0,1.3737600299108574,1.3703361342834732
DecisionTreeRegressor,B0006,114.0,1.3682580583942712,1.3703361342834732
DecisionTreeRegressor,B0006,115.0,1.3633024037317505,1.3703361342834732
DecisionTreeRegressor,B0006,116.0,1.3580966140172601,1.3703361342834732
DecisionTreeRegressor,B0006,117.0,1.353269090999531,1.3703361342834732
DecisionTreeRegressor,B0006,118.0,1.3841605738237488,1.3703361342834732
DecisionTreeRegressor,B0006,119.0,1.4051467790651473,1.3703361342834732
DecisionTreeRegressor,B0006,120.0,1.378719022627353,1.4083929721165076
DecisionTreeRegressor,B0006,121.0,1.3682657783199066,1.3703361342834732
DecisionTreeRegressor,B0006,122.0,1.3573151296618016,1.3703361342834732
DecisionTreeRegressor,B0006,123.0,1.3524934638801596,1.3703361342834732
DecisionTreeRegressor,B0006,124.0,1.3474099151661236,1.3703361342834732
DecisionTreeRegressor,B0006,125.0,1.3370075130842318,1.4268427818454643
DecisionTreeRegressor,B0006,126.0,1.3312352966718526,1.4268427818454643
DecisionTreeRegressor,B0006,127.0,1.3259303781727643,1.4268427818454643
DecisionTreeRegressor,B0006,128.0,1.321578743867529,1.4268427818454643
DecisionTreeRegressor,B0006,129.0,1.321225074066109,1.4268427818454643
DecisionTreeRegressor,B0006,130.0,1.3156485301862682,1.4268427818454643
DecisionTreeRegressor,B0006,131.0,1.3209025697502388,1.4268427818454643
DecisionTreeRegressor,B0006,132.0,1.3474328767273906,1.4268427818454643
DecisionTreeRegressor,B0006,133.0,1.3260128072353616,1.4268427818454643
DecisionTreeRegressor,B0006,134.0,1.3101186784831063,1.4268427818454643
DecisionTreeRegressor,B0006,135.0,1.30521620229393,1.4268427818454643
DecisionTreeRegressor,B0006,136.0,1.3004061951355774,1.4268427818454643
DecisionTreeRegressor,B0006,137.0,1.300235735841116,1.4268427818454643
DecisionTreeRegressor,B0006,138.0,1.2895066722480755,1.4268427818454643
DecisionTreeRegressor,B0006,139.0,1.279253057384795,1.2981884219537192
DecisionTreeRegressor,B0006,140.0,1.2792078171714618,1.2981884219537192
DecisionTreeRegressor,B0006,141.0,1.274036760902923,1.2981884219537192
DecisionTreeRegressor,B0006,142.0,1.2741273923001468,1.2981884219537192
DecisionTreeRegressor,B0006,143.0,1.2637639426440779,1.2981884219537192
DecisionTreeRegressor,B0006,144.0,1.2581373688955233,1.2981884219537192
DecisionTreeRegressor,B0006,145.0,1.253259864055301,1.2981884219537192
DecisionTreeRegressor,B0006,146.0,1.2532313315493426,1.2981884219537192
DecisionTreeRegressor,B0006,147.0,1.2480874960313577,1.2981884219537192
DecisionTreeRegressor,B0006,148.0,1.2534354284944844,1.2981884219537192
DecisionTreeRegressor,B0006,149.0,1.2898048773266901,1.2981884219537192
DecisionTreeRegressor,B0006,150.0,1.2635402021758835,1.2981884219537192
DecisionTreeRegressor,B0006,151.0,1.2479761706842853,1.2981884219537192
DecisionTreeRegressor,B0006,152.0,1.2321202877943334,1.2981884219537192
DecisionTreeRegressor,B0006,153.0,1.2271137666213534,1.2981884219537192
DecisionTreeRegressor,B0006,154.0,1.2217397581377356,1.2981884219537192
DecisionTreeRegressor,B0006,155.0,1.211102678915174,1.2981884219537192
DecisionTreeRegressor,B0006,156.0,1.2056159765131735,1.2981884219537192
DecisionTreeRegressor,B0006,157.0,1.2008936262717274,1.2981884219537192
DecisionTreeRegressor,B0006,158.0,1.1905903985558335,1.2981884219537192
DecisionTreeRegressor,B0006,159.0,1.185179251041941,1.2981884219537192
DecisionTreeRegressor,B0006,160.0,1.1796706818144624,1.2981884219537192
DecisionTreeRegressor,B0006,161.0,1.1745952836753915,1.2981884219537192
DecisionTreeRegressor,B0006,162.0,1.15381833159625,1.2981884219537192
DecisionTreeRegressor,B0006,163.0,1.1644009557372264,1.2981884219537192
DecisionTreeRegressor,B0006,164.0,1.1587974947916069,1.2981884219537192
DecisionTreeRegressor,B0006,165.0,1.1749748834769171,1.2981884219537192
DecisionTreeRegressor,B0006,166.0,1.1856752327929356,1.2981884219537192
SVR,B0006,0.0,2.0251402460314116,1.7114399647512666
SVR,B0006,1.0,2.013326371345464,1.7190948456987145
SVR,B0006,2.0,2.0132846655407413,1.7277607839340257
SVR,B0006,3.0,2.000528337624771,1.7284462374547414
SVR,B0006,4.0,2.0138990759931645,1.7375241142161484
SVR,B0006,5.0,2.013101105626967,1.7291682174767582
SVR,B0006,6.0,1.9687898262728398,1.7301919678392692
SVR,B0006,7.0,1.9681661764334244,1.7586501774473373
SVR,B0006,8.0,1.9572307917560536,1.7594735454565502
SVR,B0006,9.0,1.9455991514129352,1.7658207868091091
SVR,B0006,10.0,1.9347505044841131,1.7719397488608986
SVR,B0006,11.0,1.9232799539368028,1.7770370462123413
SVR,B0006,12.0,1.911889930948487,1.7816818657676998
SVR,B0006,13.0,1.9010667141979305,1.7855006686732853
SVR,B0006,14.0,1.8891989948061458,1.7883557175542137
SVR,B0006,15.0,1.878278372248849,1.7905687409560087
SVR,B0006,16.0,1.8675697161520206,1.7917417447250719
SVR,B0006,17.0,1.8675892574453767,1.7920678230347953
SVR,B0006,18.0,1.979626548250818,1.7918954118147938
SVR,B0006,19.0,1.9575499080884022,1.7529850606885233
SVR,B0006,20.0,1.9458150170787551,1.7653072127192213
SVR,B0006,21.0,1.9242461121680094,1.770765173949136
SVR,B0006,22.0,1.9459811331421641,1.779354359282366
SVR,B0006,23.0,1.901407930553079,1.7694827135003568
SVR,B0006,24.0,1.878674213680085,1.784859943858851
SVR,B0006,25.0,1.8683061328264219,1.7877387128023765
SVR,B0006,26.0,1.8560244070082998,1.787471436964331
SVR,B0006,27.0,1.8451997961855777,1.7863670275333394
SVR,B0006,28.0,1.857228890885317,1.7844476274749805
SVR,B0006,29.0,1.9247760889090635,1.7843925905877476
SVR,B0006,30.0,1.8822317526092551,1.7718823186110721
SVR,B0006,31.0,1.855276687885587,1.7810650287778693
SVR,B0006,32.0,1.8392508917181876,1.7806910680228558
SVR,B0006,33.0,1.8185396073994429,1.777801697341259
SVR,B0006,34.0,1.8134770059567056,1.7722229330786399
SVR,B0006,35.0,1.7971018450305436,1.7694703902065314
SVR,B0006,36.0,1.7810046294120476,1.7627326510325683
SVR,B0006,37.0,1.7710130422682329,1.7548986906424202
SVR,B0006,38.0,1.7604712448170943,1.7490106107844987
SVR,B0006,39.0,1.7502913788006587,1.7425143432697512
SVR,B0006,40.0,1.7394925037732578,1.735898969796934
SVR,B0006,41.0,1.7546766553637203,1.728701533434715
SVR,B0006,42.0,1.7659390941842175,1.735387813006962
SVR,B0006,43.0,1.7337887419624838,1.7393143234838506
SVR,B0006,44.0,1.713325912040734,1.7214832041527948
SVR,B0006,45.0,1.7024077813673466,1.7084968718274798
SVR,B0006,46.0,1.82371946178183,1.700783661271702
SVR,B0006,47.0,1.8081284050314708,1.7508918838349634
SVR,B0006,48.0,1.7757610945034283,1.7454473202254015
SVR,B0006,49.0,1.7447409841836798,1.7330998421158295
SVR,B0006,50.0,1.729207034132373,1.7178509054176376
SVR,B0006,51.0,1.7081086552553244,1.7085165537658376
SVR,B0006,52.0,1.6975954237461768,1.6958481768607523
SVR,B0006,53.0,1.6820634524029463,1.6886536468876239
SVR,B0006,54.0,1.6714768322295086,1.6786409063213934
SVR,B0006,55.0,1.6607591387047655,1.6713899140949118
SVR,B0006,56.0,1.651121015038069,1.6641064399103251
SVR,B0006,57.0,1.6401349256190927,1.657484457375493
SVR,B0006,58.0,1.6291999416165441,1.6501710344512512
SVR,B0006,59.0,1.6088496302961666,1.642959593779839
SVR,B0006,60.0,1.6035244898969248,1.6306533459773593
SVR,B0006,61.0,1.5989712144027983,1.626693092643679
SVR,B0006,62.0,1.5876273123575604,1.6231718973117433
SVR,B0006,63.0,1.5829719744686166,1.616022700882426
SVR,B0006,64.0,1.567137636713563,1.6124923552586143
SVR,B0006,65.0,1.5613446139713882,1.6030734870765857
SVR,B0006,66.0,1.5511711892790419,1.5989866323811774
SVR,B0006,67.0,1.5406741606295171,1.5926337917506415
SVR,B0006,68.0,1.5253138744624433,1.5861496571175966
SVR,B0006,69.0,1.5301570318067428,1.577255993410458
SVR,B0006,70.0,1.5246566834474087,1.5785554863620646
SVR,B0006,71.0,1.5145492986655427,1.5746202889787286
SVR,B0006,72.0,1.509391504602082,1.5683672336802563
SVR,B0006,73.0,1.5039974333050705,1.564587389780056
SVR,B0006,74.0,1.4935201918040188,1.5606755083922828
SVR,B0006,75.0,1.4876323024497422,1.5542678282798887
SVR,B0006,76.0,1.5302876214401704,1.5501048760273959
SVR,B0006,77.0,1.5040760088360112,1.5703859678298375
SVR,B0006,78.0,1.4887593608730894,1.555617079380225
SVR,B0006,79.0,1.4782779285546637,1.546614341459573
SVR,B0006,80.0,1.478459982215684,1.5401013130242913
SVR,B0006,81.0,1.473214844899973,1.5387776364912953
SVR,B0006,82.0,1.4675164935067897,1.5347930943415529
SVR,B0006,83.0,1.4516292657521335,1.5305808852945684
SVR,B0006,84.0,1.4519237720967177,1.5216313554235403
SVR,B0006,85.0,1.4471484694777745,1.5202051392204583
SVR,B0006,86.0,1.4468538105659885,1.5164461842411512
SVR,B0006,87.0,1.4416741930284678,1.5147179076352102
SVR,B0006,88.0,1.5935866593100128,1.5107509526710414
SVR,B0006,89.0,1.5463902376915637,1.5893518767864794
SVR,B0006,90.0,1.51470559175661,1.5632227917514936
SVR,B0006,91.0,1.4989786083335404,1.5443313412916333
SVR,B0006,92.0,1.4831110745410492,1.5342087372993762
SVR,B0006,93.0,1.4729664825468278,1.524029723243257
SVR,B0006,94.0,1.4627604396099307,1.517050045263472
SVR,B0006,95.0,1.4518364681062514,1.5100846997249242
SVR,B0006,96.0,1.4468670644030392,1.5028286906136443
SVR,B0006,97.0,1.441380399427779,1.4987020949560335
SVR,B0006,98.0,1.431210744960774,1.494324305724814
SVR,B0006,99.0,1.4260247179525716,1.4876894862995944
SVR,B0006,100.0,1.420487649966195,1.483549679082915
SVR,B0006,101.0,1.4207006230355006,1.4792816177907266
SVR,B0006,102.0,1.452255804330839,1.477679475812025
SVR,B0006,103.0,1.431557632772571,1.4921996355982432
SVR,B0006,104.0,1.415015751158943,1.4796433264822257
SVR,B0006,105.0,1.4097311506517451,1.469962037638542
SVR,B0006,106.0,1.404917318129309,1.4658584294508519
SVR,B0006,107.0,1.395164296571563,1.4620191568810679
SVR,B0006,108.0,1.3945343832614077,1.4561970527143226
SVR,B0006,109.0,1.3893171179312644,1.4541998788582597
SVR,B0006,110.0,1.3838379472327809,1.4503935592592812
SVR,B0006,111.0,1.3736814238195123,1.4465767645471295
SVR,B0006,112.0,1.3786059891863676,1.4412899462670459
SVR,B0006,113.0,1.3737600299108574,1.4412063016919445
SVR,B0006,114.0,1.3682580583942712,1.43780853970932
SVR,B0006,115.0,1.3633024037317505,1.434300394132789
SVR,B0006,116.0,1.3580966140172601,1.4310804116507312
SVR,B0006,117.0,1.353269090999531,1.4279061521187746
SVR,B0006,118.0,1.3841605738237488,1.4249550009013519
SVR,B0006,119.0,1.4051467790651473,1.4334239999798142
SVR,B0006,120.0,1.378719022627353,1.4414559179490793
SVR,B0006,121.0,1.3682657783199066,1.4281900635732903
SVR,B0006,122.0,1.3573151296618016,1.4228588699006728
SVR,B0006,123.0,1.3524934638801596,1.4179013628509503
SVR,B0006,124.0,1.3474099151661236,1.4150554943633635
SVR,B0006,125.0,1.3370075130842318,1.4122808955240107
SVR,B0006,126.0,1.3312352966718526,1.4086227872444614
SVR,B0006,127.0,1.3259303781727643,1.406201773510735
SVR,B0006,128.0,1.321578743867529,1.4040454600747325
SVR,B0006,129.0,1.321225074066109,1.4021631462539597
SVR,B0006,130.0,1.3156485301862682,1.4007470972707843
SVR,B0006,131.0,1.3209025697502388,1.3989693302363622
SVR,B0006,132.0,1.3474328767273906,1.3980882052287014
SVR,B0006,133.0,1.3260128072353616,1.4016659028274197
SVR,B0006,134.0,1.3101186784831063,1.3962560397391484
SVR,B0006,135.0,1.30521620229393,1.3937648868421526
SVR,B0006,136.0,1.3004061951355774,1.3925495174627522
SVR,B0006,137.0,1.300235735841116,1.3915220891609732
SVR,B0006,138.0,1.2895066722480755,1.3905067840864234
SVR,B0006,139.0,1.279253057384795,1.3901427168737872
SVR,B0006,140.0,1.2792078171714618,1.390467220163855
SVR,B0006,141.0,1.274036760902923,1.3895978687777952
SVR,B0006,142.0,1.2741273923001468,1.3896510092307328
SVR,B0006,143.0,1.2637639426440779,1.3888735002623975
SVR,B0006,144.0,1.2581373688955233,1.390387851035134
SVR,B0006,145.0,1.253259864055301,1.3912107555048274
SVR,B0006,146.0,1.2532313315493426,1.3920434585720782
SVR,B0006,147.0,1.2480874960313577,1.3915228460309519
SVR,B0006,148.0,1.2534354284944844,1.3926984297757679
SVR,B0006,149.0,1.2898048773266901,1.3905988739204658
SVR,B0006,150.0,1.2635402021758835,1.3834385997634797
SVR,B0006,151.0,1.2479761706842853,1.3872892088302604
SVR,B0006,152.0,1.2321202877943334,1.3915212475546674
SVR,B0006,153.0,1.2271137666213534,1.397287222574967
SVR,B0006,154.0,1.2217397581377356,1.3993326919864164
SVR,B0006,155.0,1.211102678915174,1.4017262403401982
SVR,B0006,156.0,1.2056159765131735,1.4069335492965962
SVR,B0006,157.0,1.2008936262717274,1.4098687098799476
SVR,B0006,158.0,1.1905903985558335,1.412551787311167
SVR,B0006,159.0,1.185179251041941,1.4185705134201196
SVR,B0006,160.0,1.1796706818144624,1.4219996574369993
SVR,B0006,161.0,1.1745952836753915,1.4256165068390347
SVR,B0006,162.0,1.15381833159625,1.4290823478343204
SVR,B0006,163.0,1.1644009557372264,1.4428400331006226
SVR,B0006,164.0,1.1587974947916069,1.4363292689996514
SVR,B0006,165.0,1.1749748834769171,1.4404055499714343
SVR,B0006,166.0,1.1856752327929356,1.4307245947239993
LinearRegression,B0007,0.0,1.880637027686859,1.8855498167800349
LinearRegression,B0007,1.0,1.8806626717011388,1.8754892997651724
LinearRegression,B0007,2.0,1.8807709009833444,1.8753011678996465
LinearRegression,B0007,3.0,1.8794508728285058,1.8751911243845087
LinearRegression,B0007,4.0,1.8807003517117404,1.8737305946387182
LinearRegression,B0007,5.0,1.8799352523566075,1.8746996576151367
LinearRegression,B0007,6.0,1.8815088124038797,1.873763839790011
LinearRegression,B0007,7.0,1.8696907870385844,1.875039337123636
LinearRegression,B0007,8.0,1.870052380139199,1.8636524451447927
LinearRegression,B0007,9.0,1.8700442394188577,1.8637819693288893
LinearRegression,B0007,10.0,1.8596518987766364,1.8635618923687827
LinearRegression,B0007,11.0,1.8590746560862206,1.8535230539955607
LinearRegression,B0007,12.0,1.8590084577709232,1.8527648636992382
LinearRegression,B0007,13.0,1.8593622586957048,1.8524898904854594
LinearRegression,B0007,14.0,1.8587355450601035,1.8526120467918217
LinearRegression,B0007,15.0,1.847817291322145,1.8518070793329529
LinearRegression,B0007,16.0,1.8485252916137047,1.841270964785358
LinearRegression,B0007,17.0,1.848378951850034,1.8417280336609345
LinearRegression,B0007,18.0,1.8807805437609766,1.8413772828459156
LinearRegression,B0007,19.0,1.8814721597443598,1.8718021698275094
LinearRegression,B0007,20.0,1.8810954313244785,1.8722437465501884
LinearRegression,B0007,21.0,1.8710089649779995,1.871675152158906
LinearRegression,B0007,22.0,1.8701995151941375,1.8619255326715773
LinearRegression,B0007,23.0,1.8706715362800985,1.860947779378959
LinearRegression,B0007,24.0,1.8596124644020169,1.8611817185444315
LinearRegression,B0007,25.0,1.860033909718346,1.8505124536596986
LinearRegression,B0007,26.0,1.8591653109160768,1.8506985709978725
LinearRegression,B0007,27.0,1.8481398178778288,1.8496648894581165
LinearRegression,B0007,28.0,1.849201702126164,1.8390273749845214
LinearRegression,B0007,29.0,1.8834677437950846,1.8398190581939555
LinearRegression,B0007,30.0,1.8628211117905844,1.872006872264593
LinearRegression,B0007,31.0,1.852085039652352,1.8522721072813073
LinearRegression,B0007,32.0,1.8469504648208708,1.8419082542151004
LinearRegression,B0007,33.0,1.836828431169018,1.8368408867736847
LinearRegression,B0007,34.0,1.8371619619672275,1.8270576366852314
LinearRegression,B0007,35.0,1.8316722583718854,1.8271606266101563
LinearRegression,B0007,36.0,1.8211470951317783,1.8217574678097996
LinearRegression,B0007,37.0,1.816506091511515,1.811593039269909
LinearRegression,B0007,38.0,1.8113815601504555,1.806992367192584
LinearRegression,B0007,39.0,1.8116056333939583,1.8019344963364203
LinearRegression,B0007,40.0,1.8060548955557403,1.8019339888689014
LinearRegression,B0007,41.0,1.8132041826994056,1.7964731192508279
LinearRegression,B0007,42.0,1.8062641938283535,1.8030207352335528
LinearRegression,B0007,43.0,1.7958310249900458,1.7962462618196218
LinearRegression,B0007,44.0,1.7858852600390451,1.7861688184195983
LinearRegression,B0007,45.0,1.7803268604502753,1.7765522388817205
LinearRegression,B0007,46.0,1.8150756899575577,1.7710841247093005
LinearRegression,B0007,47.0,1.8157025154845838,1.803728437945371
LinearRegression,B0007,48.0,1.8002432178056673,1.804108752169485
LinearRegression,B0007,49.0,1.7904476205609308,1.789278861754884
LinearRegression,B0007,50.0,1.780343032300132,1.7798042730194612
LinearRegression,B0007,51.0,1.775328769596812,1.7700375183888966
LinearRegression,B0007,52.0,1.7702629734732853,1.765083911862179
LinearRegression,B0007,53.0,1.760081061854204,1.7600815780033974
LinearRegression,B0007,54.0,1.749647593537689,1.7502417104115695
LinearRegression,B0007,55.0,1.749650075059311,1.7401639838404697
LinearRegression,B0007,56.0,1.745028739214683,1.739953950721997
LinearRegression,B0007,57.0,1.7396457455286727,1.735371875474273
LinearRegression,B0007,58.0,1.7285642277717963,1.7300696160352562
LinearRegression,B0007,59.0,1.723900324588418,1.7193791274905157
LinearRegression,B0007,60.0,1.7139788776485192,1.7147568027727964
LinearRegression,B0007,61.0,1.7139701997004613,1.7051632170862359
LinearRegression,B0007,62.0,1.7036521173638766,1.7049426321514356
LinearRegression,B0007,63.0,1.7040137474382486,1.6949740085845033
LinearRegression,B0007,64.0,1.6935716157343033,1.6951035677290693
LinearRegression,B0007,65.0,1.6876577363877656,1.6850176495076887
LinearRegression,B0007,66.0,1.6830744356583152,1.6792134120946751
LinearRegression,B0007,67.0,1.6779270142025482,1.6746673008811626
LinearRegression,B0007,68.0,1.6732060275966172,1.66958778633744
LinearRegression,B0007,69.0,1.6674367208253988,1.6649114864929988
LinearRegression,B0007,70.0,1.6622662630667526,1.6592439494165176
LinearRegression,B0007,71.0,1.6574243065763063,1.654142652938365
LinearRegression,B0007,72.0,1.652538684928734,1.6493519702388972
LinearRegression,B0007,73.0,1.6472174627573322,1.6445200000292595
LinearRegression,B0007,74.0,1.6364136810898071,1.63927614853391
LinearRegression,B0007,75.0,1.6362554312048496,1.6288482728450149
LinearRegression,B0007,76.0,1.641119179218384,1.6284862604364019
LinearRegression,B0007,77.0,1.6315700789656966,1.6328727890375359
LinearRegression,B0007,78.0,1.621213282987236,1.6236312750861304
LinearRegression,B0007,79.0,1.6164273214762122,1.6136260459052973
LinearRegression,B0007,80.0,1.615823510161921,1.6088883091571229
LinearRegression,B0007,81.0,1.61672418029789,1.6081049969466545
LinearRegression,B0007,82.0,1.6108655863730026,1.6087442444443676
LinearRegression,B0007,83.0,1.6006603374309376,1.6029922820615818
LinearRegression,B0007,84.0,1.5959174487005663,1.5931303479063095
LinearRegression,B0007,85.0,1.5962179519462243,1.5884333385478047
LinearRegression,B0007,86.0,1.5958065114633972,1.588505099330282
LinearRegression,B0007,87.0,1.5906507821480704,1.5879036830108022
LinearRegression,B0007,88.0,1.6888211161855506,1.5828163129855322
LinearRegression,B0007,89.0,1.6259938279733204,1.6754287148685378
LinearRegression,B0007,90.0,1.6157433862812898,1.6158101068672004
LinearRegression,B0007,91.0,1.6056626764846538,1.6059054407891171
LinearRegression,B0007,92.0,1.5949746921524348,1.596161264397058
LinearRegression,B0007,93.0,1.5904102438871945,1.5858428806686604
LinearRegression,B0007,94.0,1.5853517062988178,1.5813145953685084
LinearRegression,B0007,95.0,1.5799737147242376,1.5763191248044808
LinearRegression,B0007,96.0,1.5752185465278068,1.5710215951028597
LinearRegression,B0007,97.0,1.569798484648868,1.566312974917481
LinearRegression,B0007,98.0,1.5702565375950357,1.5609756657158325
LinearRegression,B0007,99.0,1.565249873909438,1.5611963973320429
LinearRegression,B0007,100.0,1.559633933561147,1.5562499760427582
LinearRegression,B0007,101.0,1.5649820533392105,1.5507274543094751
LinearRegression,B0007,102.0,1.57497949984227,1.5555719797545582
LinearRegression,B0007,103.0,1.5652811168780458,1.5648126676568153
LinearRegression,B0007,104.0,1.559755497470126,1.555429999708115
LinearRegression,B0007,105.0,1.549897685670499,1.5499928807762784
LinearRegression,B0007,106.0,1.5438771531345021,1.5404594651812529
LinearRegression,B0007,107.0,1.5450187488690073,1.534554382038272
LinearRegression,B0007,108.0,1.5445940154102908,1.5354214362989647
LinearRegression,B0007,109.0,1.5343086721758876,1.5348074508302283
LinearRegression,B0007,110.0,1.5287603942958483,1.524869783662019
LinearRegression,B0007,111.0,1.5289260249179843,1.519411240052942
LinearRegression,B0007,112.0,1.529091650133123,1.5193554722707265
LinearRegression,B0007,113.0,1.5239059324661248,1.5192996993759345
LinearRegression,B0007,114.0,1.5186675419100615,1.5141839739191003
LinearRegression,B0007,115.0,1.5136482266426952,1.5090184437074885
LinearRegression,B0007,116.0,1.5136050185229033,1.5040600597379954
LinearRegression,B0007,117.0,1.5139470614867965,1.5038068248619034
LinearRegression,B0007,118.0,1.5339599193158786,1.5039178634496608
LinearRegression,B0007,119.0,1.5391372798653098,1.5226286053767082
LinearRegression,B0007,120.0,1.5236247972838737,1.5273116697426865
LinearRegression,B0007,121.0,1.5135813035589147,1.512431490439914
LinearRegression,B0007,122.0,1.5077850749847914,1.5027225036369691
LinearRegression,B0007,123.0,1.5031960676037333,1.4970295106985514
LinearRegression,B0007,124.0,1.4978220596995881,1.492478003570955
LinearRegression,B0007,125.0,1.492848534633516,1.4871842406216929
LinearRegression,B0007,126.0,1.492414389867026,1.4822691534940315
LinearRegression,B0007,127.0,1.487482776538081,1.481646269180289
LinearRegression,B0007,128.0,1.482535148640411,1.4767708116196963
LinearRegression,B0007,129.0,1.4827874322228984,1.471880211512675
LinearRegression,B0007,130.0,1.476971179775059,1.4719063782800474
LinearRegression,B0007,131.0,1.4819015554137276,1.4661944518041339
LinearRegression,B0007,132.0,1.4981366198874824,1.47064398003544
LinearRegression,B0007,133.0,1.4820775214392872,1.4857826363032105
LinearRegression,B0007,134.0,1.4771155312812152,1.4703856053584525
LinearRegression,B0007,135.0,1.4720772783056488,1.465481425042142
LinearRegression,B0007,136.0,1.472248013656454,1.460505134556988
LinearRegression,B0007,137.0,1.4670106672274665,1.4604541935417121
LinearRegression,B0007,138.0,1.4617672495335379,1.4552896506025645
LinearRegression,B0007,139.0,1.4566952670489708,1.4501193669898569
LinearRegression,B0007,140.0,1.451354972758956,1.4451111836286072
LinearRegression,B0007,141.0,1.451615926257375,1.4398492985260745
LinearRegression,B0007,142.0,1.4468161332173683,1.4398836631167402
LinearRegression,B0007,143.0,1.4467570607768785,1.435132847991408
LinearRegression,B0007,144.0,1.4413797481446793,1.4348646126356368
LinearRegression,B0007,145.0,1.4362456252208178,1.4295677249067533
LinearRegression,B0007,146.0,1.4368154153924828,1.4245007847657682
LinearRegression,B0007,147.0,1.4362945145860047,1.4248271693130061
LinearRegression,B0007,148.0,1.4418575315878015,1.4241222529829123
LinearRegression,B0007,149.0,1.4672063484781797,1.4291699741083612
LinearRegression,B0007,150.0,1.4518640367848885,1.45292612245354
LinearRegression,B0007,151.0,1.4471379752748499,1.4382068479255912
LinearRegression,B0007,152.0,1.441790586562399,1.4335257495147702
LinearRegression,B0007,153.0,1.431630947911111,1.4282571562939628
LinearRegression,B0007,154.0,1.4318084249673686,1.4184383488664583
LinearRegression,B0007,155.0,1.4262562585106868,1.418393782458553
LinearRegression,B0007,156.0,1.4260877528924913,1.4129315620128804
LinearRegression,B0007,157.0,1.4212633510031694,1.4125598523142948
LinearRegression,B0007,158.0,1.4163272748795108,1.4077857683361
LinearRegression,B0007,159.0,1.4165781829175994,1.4029060909880553
LinearRegression,B0007,160.0,1.4108401729425177,1.4029309571119148
LinearRegression,B0007,161.0,1.4109949628347804,1.3972930126642902
LinearRegression,B0007,162.0,1.4061714290398801,1.3972269944495936
LinearRegression,B0007,163.0,1.4063358479692922,1.3924537312965053
LinearRegression,B0007,164.0,1.4004552399066514,1.3923968178004311
LinearRegression,B0007,165.0,1.4217865046055154,1.3866240399895968
LinearRegression,B0007,166.0,1.4324552720625434,1.4065813991425435
Ridge,B0007,0.0,1.880637027686859,1.8855153064111883
Ridge,B0007,1.0,1.8806626717011388,1.8755874037080118
Ridge,B0007,2.0,1.8807709009833444,1.8753085368618923
Ridge,B0007,3.0,1.8794508728285058,1.8751059917233963
Ridge,B0007,4.0,1.8807003517117404,1.8735835132692003
Ridge,B0007,5.0,1.8799352523566075,1.8744356613049575
Ridge,B0007,6.0,1.8815088124038797,1.8734260238775788
Ridge,B0007,7.0,1.8696907870385844,1.8745776736098154
Ridge,B0007,8.0,1.870052380139199,1.8633534033729822
Ridge,B0007,9.0,1.8700442394188577,1.8633850060402228
Ridge,B0007,10.0,1.8596518987766364,1.8630749168138572
Ridge,B0007,11.0,1.8590746560862206,1.8531682023025269
Ridge,B0007,12.0,1.8590084577709232,1.8523321738226004
Ridge,B0007,13.0,1.8593622586957048,1.8519684302956694
Ridge,B0007,14.0,1.8587355450601035,1.8519928317733927
Ridge,B0007,15.0,1.847817291322145,1.851111084400628
Ridge,B0007,16.0,1.8485252916137047,1.840718343912312
Ridge,B0007,17.0,1.848378951850034,1.841070081017692
Ridge,B0007,18.0,1.8807805437609766,1.8406322742547274
Ridge,B0007,19.0,1.8814721597443598,1.870273848323382
Ridge,B0007,20.0,1.8810954313244785,1.8706104437647622
Ridge,B0007,21.0,1.8710089649779995,1.8699597218402837
Ridge,B0007,22.0,1.8701995151941375,1.8603356830307527
Ridge,B0007,23.0,1.8706715362800985,1.8592850588688212
Ridge,B0007,24.0,1.8596124644020169,1.8594187142704386
Ridge,B0007,25.0,1.860033909718346,1.8488958357903416
Ridge,B0007,26.0,1.8591653109160768,1.8489827512684878
Ridge,B0007,27.0,1.8481398178778288,1.847877464159974
Ridge,B0007,28.0,1.849201702126164,1.837385617781128
Ridge,B0007,29.0,1.8834677437950846,1.8380643990259777
Ridge,B0007,30.0,1.8628211117905844,1.8694290163550245
Ridge,B0007,31.0,1.852085039652352,1.8500457323913577
Ridge,B0007,32.0,1.8469504648208708,1.8398213562026067
Ridge,B0007,33.0,1.836828431169018,1.834773639852074
Ridge,B0007,34.0,1.8371619619672275,1.8251167312880472
Ridge,B0007,35.0,1.8316722583718854,1.8251223999976558
Ridge,B0007,36.0,1.8211470951317783,1.8197464891111625
Ridge,B0007,37.0,1.816506091511515,1.8097170257399418
Ridge,B0007,38.0,1.8113815601504555,1.8051254464053696
Ridge,B0007,39.0,1.8116056333939583,1.8000870117927585
Ridge,B0007,40.0,1.8060548955557403,1.7999915245977207
Ridge,B0007,41.0,1.8132041826994056,1.794559208522302
Ridge,B0007,42.0,1.8062641938283535,1.8008637023867635
Ridge,B0007,43.0,1.7958310249900458,1.794147501015496
Ridge,B0007,44.0,1.7858852600390451,1.7842030548636107
Ridge,B0007,45.0,1.7803268604502753,1.774709046155545
Ridge,B0007,46.0,1.8150756899575577,1.7692696494239732
Ridge,B0007,47.0,1.8157025154845838,1.8010804382454555
Ridge,B0007,48.0,1.8002432178056673,1.8013571571690123
Ridge,B0007,49.0,1.7904476205609308,1.7867677816551988
Ridge,B0007,50.0,1.780343032300132,1.777412551400722
Ridge,B0007,51.0,1.775328769596812,1.7677717651072749
Ridge,B0007,52.0,1.7702629734732853,1.7628352359854058
Ridge,B0007,53.0,1.760081061854204,1.7578510819211148
Ridge,B0007,54.0,1.749647593537689,1.7481388367477544
Ridge,B0007,55.0,1.749650075059311,1.7381941138311539
Ridge,B0007,56.0,1.745028739214683,1.73789384121816
Ridge,B0007,57.0,1.7396457455286727,1.733320437985202
Ridge,B0007,58.0,1.7285642277717963,1.7280431437491732
Ridge,B0007,59.0,1.723900324588418,1.7174995217655222
Ridge,B0007,60.0,1.7139788776485192,1.7128867796521074
Ridge,B0007,61.0,1.7139701997004613,1.7034152445907336
Ridge,B0007,62.0,1.7036521173638766,1.7031046588819112
Ridge,B0007,63.0,1.7040137474382486,1.6932665706623369
Ridge,B0007,64.0,1.6935716157343033,1.6932982074991136
Ridge,B0007,65.0,1.6876577363877656,1.6833454782571828
Ridge,B0007,66.0,1.6830744356583152,1.677577562616369
Ridge,B0007,67.0,1.6779270142025482,1.6730393097802423
Ridge,B0007,68.0,1.6732060275966172,1.6679797211390783
Ridge,B0007,69.0,1.6674367208253988,1.6633142250128037
Ridge,B0007,70.0,1.6622662630667526,1.657679917049255
Ridge,B0007,71.0,1.6574243065763063,1.6525990392603143
Ridge,B0007,72.0,1.652538684928734,1.6478217480356023
Ridge,B0007,73.0,1.6472174627573322,1.6430041033745062
Ridge,B0007,74.0,1.6364136810898071,1.637783895681826
Ridge,B0007,75.0,1.6362554312048496,1.6274969452951846
Ridge,B0007,76.0,1.641119179218384,1.627048131716871
Ridge,B0007,77.0,1.6315700789656966,1.6312404298637042
Ridge,B0007,78.0,1.621213282987236,1.6221130013931266
Ridge,B0007,79.0,1.6164273214762122,1.6122391357118997
Ridge,B0007,80.0,1.615823510161921,1.6075135926083137
Ridge,B0007,81.0,1.61672418029789,1.6066530105633956
Ridge,B0007,82.0,1.6108655863730026,1.6071828047472618
Ridge,B0007,83.0,1.6006603374309376,1.601465981485186
Ridge,B0007,84.0,1.5959174487005663,1.5917321689743789
Ridge,B0007,85.0,1.5962179519462243,1.5870464318586412
Ridge,B0007,86.0,1.5958065114633972,1.5870215779426937
Ridge,B0007,87.0,1.5906507821480704,1.5863387766415216
Ridge,B0007,88.0,1.6888211161855506,1.5812715102384005
Ridge,B0007,89.0,1.6259938279733204,1.671693691229113
Ridge,B0007,90.0,1.6157433862812898,1.6133288819727187
Ridge,B0007,91.0,1.6056626764846538,1.6035533042907595
Ridge,B0007,92.0,1.5949746921524348,1.5939345854338673
Ridge,B0007,93.0,1.5904102438871945,1.583754649900974
Ridge,B0007,94.0,1.5853517062988178,1.579233819691153
Ridge,B0007,95.0,1.5799737147242376,1.5742563736489028
Ridge,B0007,96.0,1.5752185465278068,1.5689837021463913
Ridge,B0007,97.0,1.569798484648868,1.5642866168829526
Ridge,B0007,98.0,1.5702565375950357,1.5589750658375208
Ridge,B0007,99.0,1.565249873909438,1.559095812492722
Ridge,B0007,100.0,1.559633933561147,1.5541663060520574
Ridge,B0007,101.0,1.5649820533392105,1.5486737326567186
Ridge,B0007,102.0,1.57497949984227,1.5533136660915636
Ridge,B0007,103.0,1.5652811168780458,1.562250304784668
Ridge,B0007,104.0,1.559755497470126,1.5529849157340825
Ridge,B0007,105.0,1.549897685670499,1.5475758130179145
Ridge,B0007,106.0,1.5438771531345021,1.538163086781557
Ridge,B0007,107.0,1.5450187488690073,1.5322966069083146
Ridge,B0007,108.0,1.5445940154102908,1.5330490540368564
Ridge,B0007,109.0,1.5343086721758876,1.5323539679463414
Ridge,B0007,110.0,1.5287603942958483,1.5225461357790548
Ridge,B0007,111.0,1.5289260249179843,1.5171160930898417
Ridge,B0007,112.0,1.529091650133123,1.5169665957695995
Ridge,B0007,113.0,1.5239059324661248,1.5168170934524456
Ridge,B0007,114.0,1.5186675419100615,1.5117221131208496
Ridge,B0007,115.0,1.5136482266426952,1.5065784547993422
Ridge,B0007,116.0,1.5136050185229033,1.5016372563178453
Ridge,B0007,117.0,1.5139470614867965,1.5012947593282648
Ridge,B0007,118.0,1.5339599193158786,1.5013082946106517
Ridge,B0007,119.0,1.5391372798653098,1.5195007402309817
Ridge,B0007,120.0,1.5236247972838737,1.5239828654241268
Ridge,B0007,121.0,1.5135813035589147,1.5093443387398677
Ridge,B0007,122.0,1.5077850749847914,1.4997600133554772
Ridge,B0007,123.0,1.5031960676037333,1.4941008254342605
Ridge,B0007,124.0,1.4978220596995881,1.4895572987592707
Ridge,B0007,125.0,1.492848534633516,1.484288308791467
Ridge,B0007,126.0,1.492414389867026,1.4793894276196182
Ridge,B0007,127.0,1.487482776538081,1.4786856440083673
Ridge,B0007,128.0,1.482535148640411,1.47382549583851
Ridge,B0007,129.0,1.4827874322228984,1.4689505477017502
Ridge,B0007,130.0,1.476971179775059,1.468881131273303
Ridge,B0007,131.0,1.4819015554137276,1.463203438160136
Ridge,B0007,132.0,1.4981366198874824,1.4674573106561584
Ridge,B0007,133.0,1.4820775214392872,1.482158484198924
Ridge,B0007,134.0,1.4771155312812152,1.4670147989384081
Ridge,B0007,135.0,1.4720772783056488,1.4621265778261314
Ridge,B0007,136.0,1.472248013656454,1.457167877939546
Ridge,B0007,137.0,1.4670106672274665,1.4570230981872039
Ridge,B0007,138.0,1.4617672495335379,1.4518804048024632
Ridge,B0007,139.0,1.4566952670489708,1.4467321006190972
Ridge,B0007,140.0,1.451354972758956,1.4417422293893791
Ridge,B0007,141.0,1.451615926257375,1.4365043960753612
Ridge,B0007,142.0,1.4468161332173683,1.4364429920056008
Ridge,B0007,143.0,1.4467570607768785,1.43170466640536
Ridge,B0007,144.0,1.4413797481446793,1.4313475083015594
Ridge,B0007,145.0,1.4362456252208178,1.4260754642480251
Ridge,B0007,146.0,1.4368154153924828,1.4210281655308319
Ridge,B0007,147.0,1.4362945145860047,1.4212521748631337
Ridge,B0007,148.0,1.4418575315878015,1.420468215098377
Ridge,B0007,149.0,1.4672063484781797,1.4253067471875684
Ridge,B0007,150.0,1.4518640367848885,1.4484304537651604
Ridge,B0007,151.0,1.4471379752748499,1.4339491916039482
Ridge,B0007,152.0,1.441790586562399,1.429279005472334
Ridge,B0007,153.0,1.431630947911111,1.4240346158020978
Ridge,B0007,154.0,1.4318084249673686,1.4143429543354749
Ridge,B0007,155.0,1.4262562585106868,1.4142044049736775
Ridge,B0007,156.0,1.4260877528924913,1.408770768631298
Ridge,B0007,157.0,1.4212633510031694,1.4083124771510134
Ridge,B0007,158.0,1.4163272748795108,1.4035514091240715
Ridge,B0007,159.0,1.4165781829175994,1.3986871366337166
Ridge,B0007,160.0,1.4108401729425177,1.3986164489870478
Ridge,B0007,161.0,1.4109949628347804,1.3930110641593598
Ridge,B0007,162.0,1.4061714290398801,1.3928515483087356
Ridge,B0007,163.0,1.4063358479692922,1.3880912825368483
Ridge,B0007,164.0,1.4004552399066514,1.3879406654229658
Ridge,B0007,165.0,1.4217865046055154,1.382203497653602
Ridge,B0007,166.0,1.4324552720625434,1.4016143574798987
Lasso,B0007,0.0,1.880637027686859,1.8838950413471354
Lasso,B0007,1.0,1.8806626717011388,1.8738766981612733
Lasso,B0007,2.0,1.8807709009833444,1.873695355718156
Lasso,B0007,3.0,1.8794508728285058,1.8735918217427137
Lasso,B0007,4.0,1.8807003517117404,1.8721426419225191
Lasso,B0007,5.0,1.8799352523566075,1.873114346726598
Lasso,B0007,6.0,1.8815088124038797,1.8721879981650336
Lasso,B0007,7.0,1.8696907870385844,1.8734650390103882
Lasso,B0007,8.0,1.870052380139199,1.862125074827323
Lasso,B0007,9.0,1.8700442394188577,1.86226024989733
Lasso,B0007,10.0,1.8596518987766364,1.8620470768566046
Lasso,B0007,11.0,1.8590746560862206,1.852050334612227
Lasso,B0007,12.0,1.8590084577709232,1.8513009769304078
Lasso,B0007,13.0,1.8593622586957048,1.8510331043940715
Lasso,B0007,14.0,1.8587355450601035,1.851160937994145
Lasso,B0007,15.0,1.847817291322145,1.8503649708075558
Lasso,B0007,16.0,1.8485252916137047,1.8398727347161836
Lasso,B0007,17.0,1.848378951850034,1.8403342804984986
Lasso,B0007,18.0,1.8807805437609766,1.839990901961494
Lasso,B0007,19.0,1.8814721597443598,1.8703128557919226
Lasso,B0007,20.0,1.8810954313244785,1.870758964948007
Lasso,B0007,21.0,1.8710089649779995,1.870198523625354
Lasso,B0007,22.0,1.8701995151941375,1.8604899636542882
Lasso,B0007,23.0,1.8706715362800985,1.8595218299295
Lasso,B0007,24.0,1.8596124644020169,1.8597610457387823
Lasso,B0007,25.0,1.860033909718346,1.8491361365450634
Lasso,B0007,26.0,1.8591653109160768,1.8493277019290897
Lasso,B0007,27.0,1.8481398178778288,1.8483038404140752
Lasso,B0007,28.0,1.849201702126164,1.8377105678323016
Lasso,B0007,29.0,1.8834677437950846,1.838505528630431
Lasso,B0007,30.0,1.8628211117905844,1.8705840909016773
Lasso,B0007,31.0,1.852085039652352,1.850926173994639
Lasso,B0007,32.0,1.8469504648208708,1.8406055819684777
Lasso,B0007,33.0,1.836828431169018,1.8355624920086238
Lasso,B0007,34.0,1.8371619619672275,1.8258204219745653
Lasso,B0007,35.0,1.8316722583718854,1.8259291578889645
Lasso,B0007,36.0,1.8211470951317783,1.820551480106883
Lasso,B0007,37.0,1.816506091511515,1.8104295978336151
Lasso,B0007,38.0,1.8113815601504555,1.8058515305176057
Lasso,B0007,39.0,1.8116056333939583,1.8008179031055316
Lasso,B0007,40.0,1.8060548955557403,1.8008235125807837
Lasso,B0007,41.0,1.8132041826994056,1.7953883308269505
Lasso,B0007,42.0,1.8062641938283535,1.8019185940985512
Lasso,B0007,43.0,1.7958310249900458,1.7951745167414719
Lasso,B0007,44.0,1.7858852600390451,1.7851393078376618
Lasso,B0007,45.0,1.7803268604502753,1.7755633109769051
Lasso,B0007,46.0,1.8150756899575577,1.7701209106345135
Lasso,B0007,47.0,1.8157025154845838,1.802654335895959
Lasso,B0007,48.0,1.8002432178056673,1.8030394021293072
Lasso,B0007,49.0,1.7904476205609308,1.7882687798370323
Lasso,B0007,50.0,1.780343032300132,1.778834264858119
Lasso,B0007,51.0,1.775328769596812,1.7691086311592568
Lasso,B0007,52.0,1.7702629734732853,1.764178894374492
Lasso,B0007,53.0,1.760081061854204,1.7592006049051983
Lasso,B0007,54.0,1.749647593537689,1.7494021202950951
Lasso,B0007,55.0,1.749650075059311,1.7393666292351453
Lasso,B0007,56.0,1.745028739214683,1.7391634640371163
Lasso,B0007,57.0,1.7396457455286727,1.734603926896321
Lasso,B0007,58.0,1.7285642277717963,1.729326786834094
Lasso,B0007,59.0,1.723900324588418,1.7186807300497877
Lasso,B0007,60.0,1.7139788776485192,1.7140810877003472
Lasso,B0007,61.0,1.7139701997004613,1.7045280022768026
Lasso,B0007,62.0,1.7036521173638766,1.7043143230820563
Lasso,B0007,63.0,1.7040137474382486,1.6943875439814555
Lasso,B0007,64.0,1.6935716157343033,1.6945227538866272
Lasso,B0007,65.0,1.6876577363877656,1.6844791005367465
Lasso,B0007,66.0,1.6830744356583152,1.678701781679998
Lasso,B0007,67.0,1.6779270142025482,1.6741780796718375
Lasso,B0007,68.0,1.6732060275966172,1.6691228861470795
Lasso,B0007,69.0,1.6674367208253988,1.6644694621274931
Lasso,B0007,70.0,1.6622662630667526,1.6588283536486486
Lasso,B0007,71.0,1.6574243065763063,1.6537514562598363
Lasso,B0007,72.0,1.652538684928734,1.648984059353979
Lasso,B0007,73.0,1.6472174627573322,1.6441755229198243
Lasso,B0007,74.0,1.6364136810898071,1.6389565814566742
Lasso,B0007,75.0,1.6362554312048496,1.628572196276436
Lasso,B0007,76.0,1.641119179218384,1.6282175965094174
Lasso,B0007,77.0,1.6315700789656966,1.632594518125858
Lasso,B0007,78.0,1.621213282987236,1.6233922425489546
Lasso,B0007,79.0,1.6164273214762122,1.6134289890355664
Lasso,B0007,80.0,1.615823510161921,1.6087143483131758
Lasso,B0007,81.0,1.61672418029789,1.6079399587586765
Lasso,B0007,82.0,1.6108655863730026,1.6085830302021322
Lasso,B0007,83.0,1.6006603374309376,1.6028577990124875
Lasso,B0007,84.0,1.5959174487005663,1.593037326929478
Lasso,B0007,85.0,1.5962179519462243,1.5883632676224568
Lasso,B0007,86.0,1.5958065114633972,1.5884408863252804
Lasso,B0007,87.0,1.5906507821480704,1.5878477407141327
Lasso,B0007,88.0,1.6888211161855506,1.5827847198632878
Lasso,B0007,89.0,1.6259938279733204,1.6750712973404893
Lasso,B0007,90.0,1.6157433862812898,1.615672488292665
Lasso,B0007,91.0,1.6056626764846538,1.6058094374457528
Lasso,B0007,92.0,1.5949746921524348,1.5961063010609224
Lasso,B0007,93.0,1.5904102438871945,1.5858310154022737
Lasso,B0007,94.0,1.5853517062988178,1.5813250754161896
Lasso,B0007,95.0,1.5799737147242376,1.576353624642365
Lasso,B0007,96.0,1.5752185465278068,1.571081197365303
Lasso,B0007,97.0,1.569798484648868,1.5663955688467026
Lasso,B0007,98.0,1.5702565375950357,1.5610835046465068
Lasso,B0007,99.0,1.565249873909438,1.5613095602447624
Lasso,B0007,100.0,1.559633933561147,1.5563869829442454
Lasso,B0007,101.0,1.5649820533392105,1.5508903700474885
Lasso,B0007,102.0,1.57497949984227,1.5557236469646953
Lasso,B0007,103.0,1.5652811168780458,1.5649373297009914
Lasso,B0007,104.0,1.559755497470126,1.555594406048144
Lasso,B0007,105.0,1.549897685670499,1.5501828898538106
Lasso,B0007,106.0,1.5438771531345021,1.540689758861355
Lasso,B0007,107.0,1.5450187488690073,1.5348119557239002
Lasso,B0007,108.0,1.5445940154102908,1.5356820174298644
Lasso,B0007,109.0,1.5343086721758876,1.535076347719555
Lasso,B0007,110.0,1.5287603942958483,1.5251804140643683
Lasso,B0007,111.0,1.5289260249179843,1.5197475499826967
Lasso,B0007,112.0,1.529091650133123,1.5196980972061735
Lasso,B0007,113.0,1.5239059324661248,1.5196486393353983
Lasso,B0007,114.0,1.5186675419100615,1.5145573646839632
Lasso,B0007,115.0,1.5136482266426952,1.509416463786963
Lasso,B0007,116.0,1.5136050185229033,1.504481966682638
Lasso,B0007,117.0,1.5139470614867965,1.5042357545698706
Lasso,B0007,118.0,1.5339599193158786,1.5043525102992452
Lasso,B0007,119.0,1.5391372798653098,1.5230023046809578
Lasso,B0007,120.0,1.5236247972838737,1.52767469922465
Lasso,B0007,121.0,1.5135813035589147,1.5128539682886368
Lasso,B0007,122.0,1.5077850749847914,1.5031858953670951
Lasso,B0007,123.0,1.5031960676037333,1.497519422264708
Lasso,B0007,124.0,1.4978220596995881,1.492990343682392
Lasso,B0007,125.0,1.492848534633516,1.48772166965697
Lasso,B0007,126.0,1.492414389867026,1.482830314210797
Lasso,B0007,127.0,1.487482776538081,1.4822157775505451
Lasso,B0007,128.0,1.482535148640411,1.4773639096319344
Lasso,B0007,129.0,1.4827874322228984,1.472496953440509
Lasso,B0007,130.0,1.476971179775059,1.4725291415453898
Lasso,B0007,131.0,1.4819015554137276,1.4668438027667157
Lasso,B0007,132.0,1.4981366198874824,1.4712834982113068
Lasso,B0007,133.0,1.4820775214392872,1.4863740099321507
Lasso,B0007,134.0,1.4771155312812152,1.4710382798435324
Lasso,B0007,135.0,1.4720772783056488,1.4661577921167337
Lasso,B0007,136.0,1.472248013656454,1.4612054526769254
Lasso,B0007,137.0,1.4670106672274665,1.4611608093673398
Lasso,B0007,138.0,1.4617672495335379,1.4560208922042412
Lasso,B0007,139.0,1.4566952670489708,1.4508752549431903
Lasso,B0007,140.0,1.451354972758956,1.445891136937099
Lasso,B0007,141.0,1.451615926257375,1.440654226502462
Lasso,B0007,142.0,1.4468161332173683,1.440694583048161
Lasso,B0007,143.0,1.4467570607768785,1.4359669108238724
Lasso,B0007,144.0,1.4413797481446793,1.4357057519958467
Lasso,B0007,145.0,1.4362456252208178,1.4304339643905766
Lasso,B0007,146.0,1.4368154153924828,1.4253913001996317
Lasso,B0007,147.0,1.4362945145860047,1.4257226300497798
Lasso,B0007,148.0,1.4418575315878015,1.4250263553906986
Lasso,B0007,149.0,1.4672063484781797,1.430062099698353
Lasso,B0007,150.0,1.4518640367848885,1.4537392168528145
Lasso,B0007,151.0,1.4471379752748499,1.43907881397993
Lasso,B0007,152.0,1.441790586562399,1.4344206085928901
Lasso,B0007,153.0,1.431630947911111,1.4291770140830826
Lasso,B0007,154.0,1.4318084249673686,1.4193995141538809
Lasso,B0007,155.0,1.4262562585106868,1.4193612226039247
Lasso,B0007,156.0,1.4260877528924913,1.4139246948641022
Lasso,B0007,157.0,1.4212633510031694,1.4135604325639446
Lasso,B0007,158.0,1.4163272748795108,1.408809574886553
Lasso,B0007,159.0,1.4165781829175994,1.4039535023049687
Lasso,B0007,160.0,1.4108401729425177,1.4039843944280774
Lasso,B0007,161.0,1.4109949628347804,1.3983727725127775
Lasso,B0007,162.0,1.4061714290398801,1.3983131060431693
Lasso,B0007,163.0,1.4063358479692922,1.3935630662488996
Lasso,B0007,164.0,1.4004552399066514,1.3935124718649625
Lasso,B0007,165.0,1.4217865046055154,1.3877664998535126
Lasso,B0007,166.0,1.4324552720625434,1.407658443360446
ElasticNet,B0007,0.0,1.880637027686859,1.8847322956147015
ElasticNet,B0007,1.0,1.8806626717011388,1.874727411013535
ElasticNet,B0007,2.0,1.8807709009833444,1.8745186288695956
ElasticNet,B0007,3.0,1.8794508728285058,1.874387331697074
ElasticNet,B0007,4.0,1.8807003517117404,1.8729159833330287
ElasticNet,B0007,5.0,1.8799352523566075,1.8738554545304233
ElasticNet,B0007,6.0,1.8815088124038797,1.872904763703296
ElasticNet,B0007,7.0,1.8696907870385844,1.874148301477734
ElasticNet,B0007,8.0,1.870052380139199,1.8628272906469572
ElasticNet,B0007,9.0,1.8700442394188577,1.8629337100638557
ElasticNet,B0007,10.0,1.8596518987766364,1.862693229661108
ElasticNet,B0007,11.0,1.8590746560862206,1.8527098561934148
ElasticNet,B0007,12.0,1.8590084577709232,1.851935420389269
ElasticNet,B0007,13.0,1.8593622586957048,1.8516404679093734
ElasticNet,B0007,14.0,1.8587355450601035,1.8517395763792122
ElasticNet,B0007,15.0,1.847817291322145,1.850918724853837
ElasticNet,B0007,16.0,1.8485252916137047,1.8404419176029183
ElasticNet,B0007,17.0,1.848378951850034,1.8408733508142059
ElasticNet,B0007,18.0,1.8807805437609766,1.8405032062571696
ElasticNet,B0007,19.0,1.8814721597443598,1.8706708999714041
ElasticNet,B0007,20.0,1.8810954313244785,1.871086960735733
ElasticNet,B0007,21.0,1.8710089649779995,1.8705006558526511
ElasticNet,B0007,22.0,1.8701995151941375,1.860804266512493
ElasticNet,B0007,23.0,1.8706715362800985,1.8598119642480144
ElasticNet,B0007,24.0,1.8596124644020169,1.860021991844715
ElasticNet,B0007,25.0,1.860033909718346,1.8494130630927519
ElasticNet,B0007,26.0,1.8591653109160768,1.849575638375465
ElasticNet,B0007,27.0,1.8481398178778288,1.8485278400144578
ElasticNet,B0007,28.0,1.849201702126164,1.8379504163421547
ElasticNet,B0007,29.0,1.8834677437950846,1.838713878363962
ElasticNet,B0007,30.0,1.8628211117905844,1.8706308772488982
ElasticNet,B0007,31.0,1.852085039652352,1.8510264963900651
ElasticNet,B0007,32.0,1.8469504648208708,1.8407206195774939
ElasticNet,B0007,33.0,1.836828431169018,1.8356703031040744
ElasticNet,B0007,34.0,1.8371619619672275,1.8259405430222635
ElasticNet,B0007,35.0,1.8316722583718854,1.8260206332069102
ElasticNet,B0007,36.0,1.8211470951317783,1.8206371199926141
ElasticNet,B0007,37.0,1.816506091511515,1.810529126777849
ElasticNet,B0007,38.0,1.8113815601504555,1.80594189957149
ElasticNet,B0007,39.0,1.8116056333939583,1.8009010063043893
ElasticNet,B0007,40.0,1.8060548955557403,1.8008783988080708
ElasticNet,B0007,41.0,1.8132041826994056,1.795437620700368
ElasticNet,B0007,42.0,1.8062641938283535,1.8019125401188572
ElasticNet,B0007,43.0,1.7958310249900458,1.79516830826844
ElasticNet,B0007,44.0,1.7858852600390451,1.785146628070185
ElasticNet,B0007,45.0,1.7803268604502753,1.7755822506963364
ElasticNet,B0007,46.0,1.8150756899575577,1.7701342840120577
ElasticNet,B0007,47.0,1.8157025154845838,1.8025042547501555
ElasticNet,B0007,48.0,1.8002432178056673,1.8028595263836253
ElasticNet,B0007,49.0,1.7904476205609308,1.7881221207377596
ElasticNet,B0007,50.0,1.780343032300132,1.7786986370210962
ElasticNet,B0007,51.0,1.775328769596812,1.7689852449388224
ElasticNet,B0007,52.0,1.7702629734732853,1.764047810363663
ElasticNet,B0007,53.0,1.760081061854204,1.7590620249664735
ElasticNet,B0007,54.0,1.749647593537689,1.7492760848576945
ElasticNet,B0007,55.0,1.749650075059311,1.7392541236763912
ElasticNet,B0007,56.0,1.745028739214683,1.7390236095077625
ElasticNet,B0007,57.0,1.7396457455286727,1.7344548354356153
ElasticNet,B0007,58.0,1.7285642277717963,1.729171441945844
ElasticNet,B0007,59.0,1.723900324588418,1.7185414535264543
ElasticNet,B0007,60.0,1.7139788776485192,1.71393274098696
ElasticNet,B0007,61.0,1.7139701997004613,1.7043911797937992
ElasticNet,B0007,62.0,1.7036521173638766,1.7041501953414153
ElasticNet,B0007,63.0,1.7040137474382486,1.6942364941389367
ElasticNet,B0007,64.0,1.6935716157343033,1.6943429482461694
ElasticNet,B0007,65.0,1.6876577363877656,1.684312858710448
ElasticNet,B0007,66.0,1.6830744356583152,1.6785313659680483
ElasticNet,B0007,67.0,1.6779270142025482,1.6739982780404934
ElasticNet,B0007,68.0,1.6732060275966172,1.6689359083239157
ElasticNet,B0007,69.0,1.6674367208253988,1.6642736377167904
ElasticNet,B0007,70.0,1.6622662630667526,1.6586277890444256
ElasticNet,B0007,71.0,1.6574243065763063,1.6535438056997156
ElasticNet,B0007,72.0,1.652538684928734,1.6487680360596577
ElasticNet,B0007,73.0,1.6472174627573322,1.6439512979328852
ElasticNet,B0007,74.0,1.6364136810898071,1.6387258610758653
ElasticNet,B0007,75.0,1.6362554312048496,1.6283564563354478
ElasticNet,B0007,76.0,1.641119179218384,1.6279751372017506
ElasticNet,B0007,77.0,1.6315700789656966,1.6323056676920473
ElasticNet,B0007,78.0,1.621213282987236,1.6231134578195352
ElasticNet,B0007,79.0,1.6164273214762122,1.6131634338501812
ElasticNet,B0007,80.0,1.615823510161921,1.6084402010546361
ElasticNet,B0007,81.0,1.61672418029789,1.6076408374502509
ElasticNet,B0007,82.0,1.6108655863730026,1.6082530416121212
ElasticNet,B0007,83.0,1.6006603374309376,1.6025234199772929
ElasticNet,B0007,84.0,1.5959174487005663,1.5927155838106604
ElasticNet,B0007,85.0,1.5962179519462243,1.5880327637093108
ElasticNet,B0007,86.0,1.5958065114633972,1.5880818660552096
ElasticNet,B0007,87.0,1.5906507821480704,1.5874629928548871
ElasticNet,B0007,88.0,1.6888211161855506,1.5823928283550908
ElasticNet,B0007,89.0,1.6259938279733204,1.6742675217780554
ElasticNet,B0007,90.0,1.6157433862812898,1.6150874753953688
ElasticNet,B0007,91.0,1.6056626764846538,1.6052372374901778
ElasticNet,B0007,92.0,1.5949746921524348,1.595546249187169
ElasticNet,B0007,93.0,1.5904102438871945,1.585285490376489
ElasticNet,B0007,94.0,1.5853517062988178,1.5807700906236797
ElasticNet,B0007,95.0,1.5799737147242376,1.575791115489419
ElasticNet,B0007,96.0,1.5752185465278068,1.5705124151909509
ElasticNet,B0007,97.0,1.569798484648868,1.5658180739781424
ElasticNet,B0007,98.0,1.5702565375950357,1.5604999015508958
ElasticNet,B0007,99.0,1.565249873909438,1.5606968236514245
ElasticNet,B0007,100.0,1.559633933561147,1.555766518794262
ElasticNet,B0007,101.0,1.5649820533392105,1.5502645649495754
ElasticNet,B0007,102.0,1.57497949984227,1.5550495533991746
ElasticNet,B0007,103.0,1.5652811168780458,1.5641967357054412
ElasticNet,B0007,104.0,1.559755497470126,1.554864462515014
ElasticNet,B0007,105.0,1.549897685670499,1.5494472515749502
ElasticNet,B0007,106.0,1.5438771531345021,1.5399653955465111
ElasticNet,B0007,107.0,1.5450187488690073,1.5340838362965565
ElasticNet,B0007,108.0,1.5445940154102908,1.5349220869868838
ElasticNet,B0007,109.0,1.5343086721758876,1.5342907417575578
ElasticNet,B0007,110.0,1.5287603942958483,1.5244077577575597
ElasticNet,B0007,111.0,1.5289260249179843,1.5189692876860714
ElasticNet,B0007,112.0,1.529091650133123,1.5188918468646344
ElasticNet,B0007,113.0,1.5239059324661248,1.5188144009701252
ElasticNet,B0007,114.0,1.5186675419100615,1.5137161001376576
ElasticNet,B0007,115.0,1.5136482266426952,1.5085683793855578
ElasticNet,B0007,116.0,1.5136050185229033,1.5036262042823287
ElasticNet,B0007,117.0,1.5139470614867965,1.5033528221706884
ElasticNet,B0007,118.0,1.5339599193158786,1.5034408988271513
ElasticNet,B0007,119.0,1.5391372798653098,1.5219849612286556
ElasticNet,B0007,120.0,1.5236247972838737,1.5266097361888256
ElasticNet,B0007,121.0,1.5135813035589147,1.5118224302307721
ElasticNet,B0007,122.0,1.5077850749847914,1.5021663596112995
ElasticNet,B0007,123.0,1.5031960676037333,1.496495251771277
ElasticNet,B0007,124.0,1.4978220596995881,1.4919568096231957
ElasticNet,B0007,125.0,1.492848534633516,1.4866818469718592
ElasticNet,B0007,126.0,1.492414389867026,1.4817826341611504
ElasticNet,B0007,127.0,1.487482776538081,1.481142458847087
ElasticNet,B0007,128.0,1.482535148640411,1.4762825693907113
ElasticNet,B0007,129.0,1.4827874322228984,1.47140765439248
ElasticNet,B0007,130.0,1.476971179775059,1.4714115150225573
ElasticNet,B0007,131.0,1.4819015554137276,1.4657216199421284
ElasticNet,B0007,132.0,1.4981366198874824,1.470114663272291
ElasticNet,B0007,133.0,1.4820775214392872,1.4851142410761073
ElasticNet,B0007,134.0,1.4771155312812152,1.4698140771244195
ElasticNet,B0007,135.0,1.4720772783056488,1.4649256868494867
ElasticNet,B0007,136.0,1.472248013656454,1.4599657435920161
ElasticNet,B0007,137.0,1.4670106672274665,1.4598930922416913
ElasticNet,B0007,138.0,1.4617672495335379,1.454746351133524
ElasticNet,B0007,139.0,1.4566952670489708,1.449593913709267
ElasticNet,B0007,140.0,1.451354972758956,1.4446023240079877
ElasticNet,B0007,141.0,1.451615926257375,1.4393589928872244
ElasticNet,B0007,142.0,1.4468161332173683,1.439370987997034
ElasticNet,B0007,143.0,1.4467570607768785,1.434634777879325
ElasticNet,B0007,144.0,1.4413797481446793,1.434346511194846
ElasticNet,B0007,145.0,1.4362456252208178,1.429068447908672
ElasticNet,B0007,146.0,1.4368154153924828,1.424018555433986
ElasticNet,B0007,147.0,1.4362945145860047,1.4243203140984853
ElasticNet,B0007,148.0,1.4418575315878015,1.4235987406192574
ElasticNet,B0007,149.0,1.4672063484781797,1.4285853546814737
ElasticNet,B0007,150.0,1.4518640367848885,1.4521358382732708
ElasticNet,B0007,151.0,1.4471379752748499,1.4375081937988594
ElasticNet,B0007,152.0,1.441790586562399,1.43284116170328
ElasticNet,B0007,153.0,1.431630947911111,1.4275911742970373
ElasticNet,B0007,154.0,1.4318084249673686,1.4178261316233116
ElasticNet,B0007,155.0,1.4262562585106868,1.4177598056245588
ElasticNet,B0007,156.0,1.4260877528924913,1.4123176871269338
ElasticNet,B0007,157.0,1.4212633510031694,1.4119267456330171
ElasticNet,B0007,158.0,1.4163272748795108,1.407167446457977
ElasticNet,B0007,159.0,1.4165781829175994,1.4023033698199225
ElasticNet,B0007,160.0,1.4108401729425177,1.4023059398563977
ElasticNet,B0007,161.0,1.4109949628347804,1.3966894551543272
ElasticNet,B0007,162.0,1.4061714290398801,1.3966018431042257
ElasticNet,B0007,163.0,1.4063358479692922,1.3918433584118792
ElasticNet,B0007,164.0,1.4004552399066514,1.3917647807293718
ElasticNet,B0007,165.0,1.4217865046055154,1.3860145045047183
ElasticNet,B0007,166.0,1.4324552720625434,1.4057955516758736
KNeighborsRegressor,B0007,0.0,1.880637027686859,1.839029484516816
KNeighborsRegressor,B0007,1.0,1.8806626717011388,1.839029484516816
KNeighborsRegressor,B0007,2.0,1.8807709009833444,1.839029484516816
KNeighborsRegressor,B0007,3.0,1.8794508728285058,1.839029484516816
KNeighborsRegressor,B0007,4.0,1.8807003517117404,1.839029484516816
KNeighborsRegressor,B0007,5.0,1.8799352523566075,1.839029484516816
KNeighborsRegressor,B0007,6.0,1.8815088124038797,1.8584698685414653
KNeighborsRegressor,B0007,7.0,1.8696907870385844,1.8764882094249746
KNeighborsRegressor,B0007,8.0,1.870052380139199,1.8506156543220023
KNeighborsRegressor,B0007,9.0,1.8700442394188577,1.865678626243789
KNeighborsRegressor,B0007,10.0,1.8596518987766364,1.8964525777806418
KNeighborsRegressor,B0007,11.0,1.8590746560862206,1.8837641369327236
KNeighborsRegressor,B0007,12.0,1.8590084577709232,1.8880962410761417
KNeighborsRegressor,B0007,13.0,1.8593622586957048,1.8880962410761417
KNeighborsRegressor,B0007,14.0,1.8587355450601035,1.879676050895951
KNeighborsRegressor,B0007,15.0,1.847817291322145,1.879676050895951
KNeighborsRegressor,B0007,16.0,1.8485252916137047,1.8713182571810716
KNeighborsRegressor,B0007,17.0,1.848378951850034,1.8713182571810716
KNeighborsRegressor,B0007,18.0,1.8807805437609766,1.8713182571810716
KNeighborsRegressor,B0007,19.0,1.8814721597443598,1.8922740053846971
KNeighborsRegressor,B0007,20.0,1.8810954313244785,1.8922740053846971
KNeighborsRegressor,B0007,21.0,1.8710089649779995,1.8923531736709447
KNeighborsRegressor,B0007,22.0,1.8701995151941375,1.8815447533757623
KNeighborsRegressor,B0007,23.0,1.8706715362800985,1.8770668611238026
KNeighborsRegressor,B0007,24.0,1.8596124644020169,1.8947865946360363
KNeighborsRegressor,B0007,25.0,1.860033909718346,1.870307063162936
KNeighborsRegressor,B0007,26.0,1.8591653109160768,1.870307063162936
KNeighborsRegressor,B0007,27.0,1.8481398178778288,1.86278660573244
KNeighborsRegressor,B0007,28.0,1.849201702126164,1.8594319026744177
KNeighborsRegressor,B0007,29.0,1.8834677437950846,1.8594319026744177
KNeighborsRegressor,B0007,30.0,1.8628211117905844,1.868726841669512
KNeighborsRegressor,B0007,31.0,1.852085039652352,1.8590414620744717
KNeighborsRegressor,B0007,32.0,1.8469504648208708,1.8540998649171907
KNeighborsRegressor,B0007,33.0,1.836828431169018,1.8466349085301528
KNeighborsRegressor,B0007,34.0,1.8371619619672275,1.8200959155454626
KNeighborsRegressor,B0007,35.0,1.8316722583718854,1.8200959155454626
KNeighborsRegressor,B0007,36.0,1.8211470951317783,1.8116661062079342
KNeighborsRegressor,B0007,37.0,1.816506091511515,1.804774756893568
KNeighborsRegressor,B0007,38.0,1.8113815601504555,1.7958807558267122
KNeighborsRegressor,B0007,39.0,1.8116056333939583,1.7958807558267122
KNeighborsRegressor,B0007,40.0,1.8060548955557403,1.7958807558267125
KNeighborsRegressor,B0007,41.0,1.8132041826994056,1.7845012944413476
KNeighborsRegressor,B0007,42.0,1.8062641938283535,1.7890369992609636
KNeighborsRegressor,B0007,43.0,1.7958310249900458,1.7830894717804342
KNeighborsRegressor,B0007,44.0,1.7858852600390451,1.7667447336770958
KNeighborsRegressor,B0007,45.0,1.7803268604502753,1.7583502631689067
KNeighborsRegressor,B0007,46.0,1.8150756899575577,1.7572201482273386
KNeighborsRegressor,B0007,47.0,1.8157025154845838,1.7758367427347603
KNeighborsRegressor,B0007,48.0,1.8002432178056673,1.7758367427347603
KNeighborsRegressor,B0007,49.0,1.7904476205609308,1.7758367427347603
KNeighborsRegressor,B0007,50.0,1.780343032300132,1.7656146187355275
KNeighborsRegressor,B0007,51.0,1.775328769596812,1.7598365234315998
KNeighborsRegressor,B0007,52.0,1.7702629734732853,1.7598365234315998
KNeighborsRegressor,B0007,53.0,1.760081061854204,1.7515421691152775
KNeighborsRegressor,B0007,54.0,1.749647593537689,1.7422470387090008
KNeighborsRegressor,B0007,55.0,1.749650075059311,1.736107826486656
KNeighborsRegressor,B0007,56.0,1.745028739214683,1.7298950106765005
KNeighborsRegressor,B0007,57.0,1.7396457455286727,1.726160274077064
KNeighborsRegressor,B0007,58.0,1.7285642277717963,1.7190197238576252
KNeighborsRegressor,B0007,59.0,1.723900324588418,1.7117974281809132
KNeighborsRegressor,B0007,60.0,1.7139788776485192,1.705449055432155
KNeighborsRegressor,B0007,61.0,1.7139701997004613,1.699268329377738
KNeighborsRegressor,B0007,62.0,1.7036521173638766,1.692056490973894
KNeighborsRegressor,B0007,63.0,1.7040137474382486,1.6835968662404706
KNeighborsRegressor,B0007,64.0,1.6935716157343033,1.6835968662404706
KNeighborsRegressor,B0007,65.0,1.6876577363877656,1.6713353120988923
KNeighborsRegressor,B0007,66.0,1.6830744356583152,1.6651255418334068
KNeighborsRegressor,B0007,67.0,1.6779270142025482,1.6587614664362387
KNeighborsRegressor,B0007,68.0,1.6732060275966172,1.6587614664362385
KNeighborsRegressor,B0007,69.0,1.6674367208253988,1.6514191854431306
KNeighborsRegressor,B0007,70.0,1.6622662630667526,1.6452229183888316
KNeighborsRegressor,B0007,71.0,1.6574243065763063,1.6389707229498547
KNeighborsRegressor,B0007,72.0,1.652538684928734,1.6326250085873866
KNeighborsRegressor,B0007,73.0,1.6472174627573322,1.626359384236677
KNeighborsRegressor,B0007,74.0,1.6364136810898071,1.6263593842366775
KNeighborsRegressor,B0007,75.0,1.6362554312048496,1.6138562801183407
KNeighborsRegressor,B0007,76.0,1.641119179218384,1.6138562801183407
KNeighborsRegressor,B0007,77.0,1.6315700789656966,1.6138562801183407
KNeighborsRegressor,B0007,78.0,1.621213282987236,1.596900485939523
KNeighborsRegressor,B0007,79.0,1.6164273214762122,1.5917931532290504
KNeighborsRegressor,B0007,80.0,1.615823510161921,1.5895858031292012
KNeighborsRegressor,B0007,81.0,1.61672418029789,1.581883602168376
KNeighborsRegressor,B0007,82.0,1.6108655863730026,1.5741730355592065
KNeighborsRegressor,B0007,83.0,1.6006603374309376,1.5690795882978998
KNeighborsRegressor,B0007,84.0,1.5959174487005663,1.5690795882978998
KNeighborsRegressor,B0007,85.0,1.5962179519462243,1.5595926154033368
KNeighborsRegressor,B0007,86.0,1.5958065114633972,1.5595926154033368
KNeighborsRegressor,B0007,87.0,1.5906507821480704,1.5575500871026997
KNeighborsRegressor,B0007,88.0,1.6888211161855506,1.5490791647840507
KNeighborsRegressor,B0007,89.0,1.6259938279733204,1.583684140608771
KNeighborsRegressor,B0007,90.0,1.6157433862812898,1.5595926154033368
KNeighborsRegressor,B0007,91.0,1.6056626764846538,1.5530873290219496
KNeighborsRegressor,B0007,92.0,1.5949746921524348,1.5410824124172509
KNeighborsRegressor,B0007,93.0,1.5904102438871945,1.5410824124172509
KNeighborsRegressor,B0007,94.0,1.5853517062988178,1.5410824124172509
KNeighborsRegressor,B0007,95.0,1.5799737147242376,1.5410824124172509
KNeighborsRegressor,B0007,96.0,1.5752185465278068,1.5410824124172509
KNeighborsRegressor,B0007,97.0,1.569798484648868,1.5410824124172509
KNeighborsRegressor,B0007,98.0,1.5702565375950357,1.5337031488521564
KNeighborsRegressor,B0007,99.0,1.565249873909438,1.5337031488521564
KNeighborsRegressor,B0007,100.0,1.559633933561147,1.5278165616565702
KNeighborsRegressor,B0007,101.0,1.5649820533392105,1.5278165616565702
KNeighborsRegressor,B0007,102.0,1.57497949984227,1.5278165616565702
KNeighborsRegressor,B0007,103.0,1.5652811168780458,1.5337031488521564
KNeighborsRegressor,B0007,104.0,1.559755497470126,1.5278165616565702
KNeighborsRegressor,B0007,105.0,1.549897685670499,1.513796776491326
KNeighborsRegressor,B0007,106.0,1.5438771531345021,1.5035529482312096
KNeighborsRegressor,B0007,107.0,1.5450187488690073,1.4951692156563676
KNeighborsRegressor,B0007,108.0,1.5445940154102908,1.4951692156563676
KNeighborsRegressor,B0007,109.0,1.5343086721758876,1.487807301812082
KNeighborsRegressor,B0007,110.0,1.5287603942958483,1.4878073018120823
KNeighborsRegressor,B0007,111.0,1.5289260249179843,1.4782784767755737
KNeighborsRegressor,B0007,112.0,1.529091650133123,1.47619233136279
KNeighborsRegressor,B0007,113.0,1.5239059324661248,1.4751515131482014
KNeighborsRegressor,B0007,114.0,1.5186675419100615,1.4699180285198161
KNeighborsRegressor,B0007,115.0,1.5136482266426952,1.4699180285198161
KNeighborsRegressor,B0007,116.0,1.5136050185229033,1.4699180285198161
KNeighborsRegressor,B0007,117.0,1.5139470614867965,1.4699180285198161
KNeighborsRegressor,B0007,118.0,1.5339599193158786,1.4541706060467925
KNeighborsRegressor,B0007,119.0,1.5391372798653098,1.4699180285198161
KNeighborsRegressor,B0007,120.0,1.5236247972838737,1.4699180285198161
KNeighborsRegressor,B0007,121.0,1.5135813035589147,1.4541706060467925
KNeighborsRegressor,B0007,122.0,1.5077850749847914,1.451041364085732
KNeighborsRegressor,B0007,123.0,1.5031960676037333,1.4299541968730203
KNeighborsRegressor,B0007,124.0,1.4978220596995881,1.4299541968730203
KNeighborsRegressor,B0007,125.0,1.492848534633516,1.421542096856302
KNeighborsRegressor,B0007,126.0,1.492414389867026,1.4194208841162426
KNeighborsRegressor,B0007,127.0,1.487482776538081,1.4140486650984432
KNeighborsRegressor,B0007,128.0,1.482535148640411,1.4140486650984432
KNeighborsRegressor,B0007,129.0,1.4827874322228984,1.4140486650984432
KNeighborsRegressor,B0007,130.0,1.476971179775059,1.4140486650984432
KNeighborsRegressor,B0007,131.0,1.4819015554137276,1.4140486650984432
KNeighborsRegressor,B0007,132.0,1.4981366198874824,1.4140486650984432
KNeighborsRegressor,B0007,133.0,1.4820775214392872,1.4140486650984432
KNeighborsRegressor,B0007,134.0,1.4771155312812152,1.4140486650984432
KNeighborsRegressor,B0007,135.0,1.4720772783056488,1.4140486650984432
KNeighborsRegressor,B0007,136.0,1.472248013656454,1.4077779101434693
KNeighborsRegressor,B0007,137.0,1.4670106672274665,1.4077779101434693
KNeighborsRegressor,B0007,138.0,1.4617672495335379,1.4077779101434693
KNeighborsRegressor,B0007,139.0,1.4566952670489708,1.3973492096383189
KNeighborsRegressor,B0007,140.0,1.451354972758956,1.3858767639929577
KNeighborsRegressor,B0007,141.0,1.451615926257375,1.372259025617468
KNeighborsRegressor,B0007,142.0,1.4468161332173683,1.3711006072973837
KNeighborsRegressor,B0007,143.0,1.4467570607768785,1.3629194094168482
KNeighborsRegressor,B0007,144.0,1.4413797481446793,1.3629194094168482
KNeighborsRegressor,B0007,145.0,1.4362456252208178,1.3629194094168482
KNeighborsRegressor,B0007,146.0,1.4368154153924828,1.3629194094168482
KNeighborsRegressor,B0007,147.0,1.4362945145860047,1.3629194094168482
KNeighborsRegressor,B0007,148.0,1.4418575315878015,1.3555601058868318
KNeighborsRegressor,B0007,149.0,1.4672063484781797,1.3555601058868318
KNeighborsRegressor,B0007,150.0,1.4518640367848885,1.3629194094168482
KNeighborsRegressor,B0007,151.0,1.4471379752748499,1.3515028376885543
KNeighborsRegressor,B0007,152.0,1.441790586562399,1.3505014278640466
KNeighborsRegressor,B0007,153.0,1.431630947911111,1.3505014278640466
KNeighborsRegressor,B0007,154.0,1.4318084249673686,1.3422796943788105
KNeighborsRegressor,B0007,155.0,1.4262562585106868,1.3422796943788105
KNeighborsRegressor,B0007,156.0,1.4260877528924913,1.3341978088430946
KNeighborsRegressor,B0007,157.0,1.4212633510031694,1.3341978088430946
KNeighborsRegressor,B0007,158.0,1.4163272748795108,1.3248684999384843
KNeighborsRegressor,B0007,159.0,1.4165781829175994,1.3248684999384843
KNeighborsRegressor,B0007,160.0,1.4108401729425177,1.3248684999384843
KNeighborsRegressor,B0007,161.0,1.4109949628347804,1.3248684999384843
KNeighborsRegressor,B0007,162.0,1.4061714290398801,1.3248684999384843
KNeighborsRegressor,B0007,163.0,1.4063358479692922,1.3248684999384843
KNeighborsRegressor,B0007,164.0,1.4004552399066514,1.327189339240586
KNeighborsRegressor,B0007,165.0,1.4217865046055154,1.327189339240586
KNeighborsRegressor,B0007,166.0,1.4324552720625434,1.327189339240586
DecisionTreeRegressor,B0007,0.0,1.880637027686859,1.9104070973611496
DecisionTreeRegressor,B0007,1.0,1.8806626717011388,1.9104070973611496
DecisionTreeRegressor,B0007,2.0,1.8807709009833444,1.9104070973611496
DecisionTreeRegressor,B0007,3.0,1.8794508728285058,1.9104070973611496
DecisionTreeRegressor,B0007,4.0,1.8807003517117404,1.9104070973611496
DecisionTreeRegressor,B0007,5.0,1.8799352523566075,1.9104070973611496
DecisionTreeRegressor,B0007,6.0,1.8815088124038797,1.9104070973611496
DecisionTreeRegressor,B0007,7.0,1.8696907870385844,1.9104070973611496
DecisionTreeRegressor,B0007,8.0,1.870052380139199,1.9104070973611496
DecisionTreeRegressor,B0007,9.0,1.8700442394188577,1.9104070973611496
DecisionTreeRegressor,B0007,10.0,1.8596518987766364,1.9104070973611496
DecisionTreeRegressor,B0007,11.0,1.8590746560862206,1.9104070973611496
DecisionTreeRegressor,B0007,12.0,1.8590084577709232,1.9104070973611496
DecisionTreeRegressor,B0007,13.0,1.8593622586957048,1.9104070973611496
DecisionTreeRegressor,B0007,14.0,1.8587355450601035,1.9104070973611496
DecisionTreeRegressor,B0007,15.0,1.847817291322145,1.9104070973611496
DecisionTreeRegressor,B0007,16.0,1.8485252916137047,1.8420451975182441
DecisionTreeRegressor,B0007,17.0,1.848378951850034,1.8420451975182441
DecisionTreeRegressor,B0007,18.0,1.8807805437609766,1.8420451975182441
DecisionTreeRegressor,B0007,19.0,1.8814721597443598,1.9104070973611496
DecisionTreeRegressor,B0007,20.0,1.8810954313244785,1.9104070973611496
DecisionTreeRegressor,B0007,21.0,1.8710089649779995,1.9104070973611496
DecisionTreeRegressor,B0007,22.0,1.8701995151941375,1.9104070973611496
DecisionTreeRegressor,B0007,23.0,1.8706715362800985,1.9104070973611496
DecisionTreeRegressor,B0007,24.0,1.8596124644020169,1.8775482138197856
DecisionTreeRegressor,B0007,25.0,1.860033909718346,1.8775482138197856
DecisionTreeRegressor,B0007,26.0,1.8591653109160768,1.8775482138197856
DecisionTreeRegressor,B0007,27.0,1.8481398178778288,1.8775482138197856
DecisionTreeRegressor,B0007,28.0,1.849201702126164,1.8420451975182441
DecisionTreeRegressor,B0007,29.0,1.8834677437950846,1.8420451975182441
DecisionTreeRegressor,B0007,30.0,1.8628211117905844,1.8775482138197856
DecisionTreeRegressor,B0007,31.0,1.852085039652352,1.8775482138197856
DecisionTreeRegressor,B0007,32.0,1.8469504648208708,1.8420451975182441
DecisionTreeRegressor,B0007,33.0,1.836828431169018,1.8420451975182441
DecisionTreeRegressor,B0007,34.0,1.8371619619672275,1.8261439928456435
DecisionTreeRegressor,B0007,35.0,1.8316722583718854,1.8261439928456435
DecisionTreeRegressor,B0007,36.0,1.8211470951317783,1.8261439928456435
DecisionTreeRegressor,B0007,37.0,1.816506091511515,1.8089509901807759
DecisionTreeRegressor,B0007,38.0,1.8113815601504555,1.8089509901807759
DecisionTreeRegressor,B0007,39.0,1.8116056333939583,1.8089509901807759
DecisionTreeRegressor,B0007,40.0,1.8060548955557403,1.8089509901807759
DecisionTreeRegressor,B0007,41.0,1.8132041826994056,1.8089509901807759
DecisionTreeRegressor,B0007,42.0,1.8062641938283535,1.8089509901807759
DecisionTreeRegressor,B0007,43.0,1.7958310249900458,1.8089509901807759
DecisionTreeRegressor,B0007,44.0,1.7858852600390451,1.7782589274445346
DecisionTreeRegressor,B0007,45.0,1.7803268604502753,1.7782589274445346
DecisionTreeRegressor,B0007,46.0,1.8150756899575577,1.7782589274445346
DecisionTreeRegressor,B0007,47.0,1.8157025154845838,1.8089509901807759
DecisionTreeRegressor,B0007,48.0,1.8002432178056673,1.8089509901807759
DecisionTreeRegressor,B0007,49.0,1.7904476205609308,1.7782589274445346
DecisionTreeRegressor,B0007,50.0,1.780343032300132,1.7782589274445346
DecisionTreeRegressor,B0007,51.0,1.775328769596812,1.7782589274445346
DecisionTreeRegressor,B0007,52.0,1.7702629734732853,1.7489100479811908
DecisionTreeRegressor,B0007,53.0,1.760081061854204,1.7489100479811908
DecisionTreeRegressor,B0007,54.0,1.749647593537689,1.7489100479811908
DecisionTreeRegressor,B0007,55.0,1.749650075059311,1.7489100479811908
DecisionTreeRegressor,B0007,56.0,1.745028739214683,1.7489100479811908
DecisionTreeRegressor,B0007,57.0,1.7396457455286727,1.7489100479811908
DecisionTreeRegressor,B0007,58.0,1.7285642277717963,1.7489100479811908
DecisionTreeRegressor,B0007,59.0,1.723900324588418,1.7084730441163967
DecisionTreeRegressor,B0007,60.0,1.7139788776485192,1.7084730441163967
DecisionTreeRegressor,B0007,61.0,1.7139701997004613,1.7084730441163967
DecisionTreeRegressor,B0007,62.0,1.7036521173638766,1.7084730441163967
DecisionTreeRegressor,B0007,63.0,1.7040137474382486,1.732377039917242
DecisionTreeRegressor,B0007,64.0,1.6935716157343033,1.732377039917242
DecisionTreeRegressor,B0007,65.0,1.6876577363877656,1.6785107773155412
DecisionTreeRegressor,B0007,66.0,1.6830744356583152,1.6785107773155412
DecisionTreeRegressor,B0007,67.0,1.6779270142025482,1.6785107773155412
DecisionTreeRegressor,B0007,68.0,1.6732060275966172,1.6560177176115116
DecisionTreeRegressor,B0007,69.0,1.6674367208253988,1.6560177176115116
DecisionTreeRegressor,B0007,70.0,1.6622662630667526,1.6560177176115116
DecisionTreeRegressor,B0007,71.0,1.6574243065763063,1.6560177176115116
DecisionTreeRegressor,B0007,72.0,1.652538684928734,1.6560177176115116
DecisionTreeRegressor,B0007,73.0,1.6472174627573322,1.6560177176115116
DecisionTreeRegressor,B0007,74.0,1.6364136810898071,1.6159223330690806
DecisionTreeRegressor,B0007,75.0,1.6362554312048496,1.6159223330690806
DecisionTreeRegressor,B0007,76.0,1.641119179218384,1.6159223330690806
DecisionTreeRegressor,B0007,77.0,1.6315700789656966,1.6159223330690806
DecisionTreeRegressor,B0007,78.0,1.621213282987236,1.6159223330690806
DecisionTreeRegressor,B0007,79.0,1.6164273214762122,1.6159223330690806
DecisionTreeRegressor,B0007,80.0,1.615823510161921,1.6159223330690806
DecisionTreeRegressor,B0007,81.0,1.61672418029789,1.6159223330690806
DecisionTreeRegressor,B0007,82.0,1.6108655863730026,1.6159223330690806
DecisionTreeRegressor,B0007,83.0,1.6006603374309376,1.6159223330690806
DecisionTreeRegressor,B0007,84.0,1.5959174487005663,1.6159223330690806
DecisionTreeRegressor,B0007,85.0,1.5962179519462243,1.6159223330690806
DecisionTreeRegressor,B0007,86.0,1.5958065114633972,1.6159223330690806
DecisionTreeRegressor,B0007,87.0,1.5906507821480704,1.6159223330690806
DecisionTreeRegressor,B0007,88.0,1.6888211161855506,1.575851142721119
DecisionTreeRegressor,B0007,89.0,1.6259938279733204,1.6785107773155412
DecisionTreeRegressor,B0007,90.0,1.6157433862812898,1.6159223330690806
DecisionTreeRegressor,B0007,91.0,1.6056626764846538,1.6159223330690806
DecisionTreeRegressor,B0007,92.0,1.5949746921524348,1.6159223330690806
DecisionTreeRegressor,B0007,93.0,1.5904102438871945,1.726707440085764
DecisionTreeRegressor,B0007,94.0,1.5853517062988178,1.575851142721119
DecisionTreeRegressor,B0007,95.0,1.5799737147242376,1.575851142721119
DecisionTreeRegressor,B0007,96.0,1.5752185465278068,1.575851142721119
DecisionTreeRegressor,B0007,97.0,1.569798484648868,1.575851142721119
DecisionTreeRegressor,B0007,98.0,1.5702565375950357,1.550741078490187
DecisionTreeRegressor,B0007,99.0,1.565249873909438,1.550741078490187
DecisionTreeRegressor,B0007,100.0,1.559633933561147,1.550741078490187
DecisionTreeRegressor,B0007,101.0,1.5649820533392105,1.550741078490187
DecisionTreeRegressor,B0007,102.0,1.57497949984227,1.550741078490187
DecisionTreeRegressor,B0007,103.0,1.5652811168780458,1.575851142721119
DecisionTreeRegressor,B0007,104.0,1.559755497470126,1.550741078490187
DecisionTreeRegressor,B0007,105.0,1.549897685670499,1.550741078490187
DecisionTreeRegressor,B0007,106.0,1.5438771531345021,1.550741078490187
DecisionTreeRegressor,B0007,107.0,1.5450187488690073,1.5248400825189234
DecisionTreeRegressor,B0007,108.0,1.5445940154102908,1.5248400825189234
DecisionTreeRegressor,B0007,109.0,1.5343086721758876,1.5248400825189234
DecisionTreeRegressor,B0007,110.0,1.5287603942958483,1.5248400825189234
DecisionTreeRegressor,B0007,111.0,1.5289260249179843,1.5248400825189234
DecisionTreeRegressor,B0007,112.0,1.529091650133123,1.5248400825189234
DecisionTreeRegressor,B0007,113.0,1.5239059324661248,1.5248400825189234
DecisionTreeRegressor,B0007,114.0,1.5186675419100615,1.5248400825189234
DecisionTreeRegressor,B0007,115.0,1.5136482266426952,1.5248400825189234
DecisionTreeRegressor,B0007,116.0,1.5136050185229033,1.497130678978503
DecisionTreeRegressor,B0007,117.0,1.5139470614867965,1.497130678978503
DecisionTreeRegressor,B0007,118.0,1.5339599193158786,1.497130678978503
DecisionTreeRegressor,B0007,119.0,1.5391372798653098,1.5248400825189234
DecisionTreeRegressor,B0007,120.0,1.5236247972838737,1.5248400825189234
DecisionTreeRegressor,B0007,121.0,1.5135813035589147,1.5248400825189234
DecisionTreeRegressor,B0007,122.0,1.5077850749847914,1.497130678978503
DecisionTreeRegressor,B0007,123.0,1.5031960676037333,1.497130678978503
DecisionTreeRegressor,B0007,124.0,1.4978220596995881,1.497130678978503
DecisionTreeRegressor,B0007,125.0,1.492848534633516,1.497130678978503
DecisionTreeRegressor,B0007,126.0,1.492414389867026,1.497130678978503
DecisionTreeRegressor,B0007,127.0,1.487482776538081,1.497130678978503
DecisionTreeRegressor,B0007,128.0,1.482535148640411,1.497130678978503
DecisionTreeRegressor,B0007,129.0,1.4827874322228984,1.4548923394471225
DecisionTreeRegressor,B0007,130.0,1.476971179775059,1.4548923394471225
DecisionTreeRegressor,B0007,131.0,1.4819015554137276,1.4548923394471225
DecisionTreeRegressor,B0007,132.0,1.4981366198874824,1.4548923394471225
DecisionTreeRegressor,B0007,133.0,1.4820775214392872,1.497130678978503
DecisionTreeRegressor,B0007,134.0,1.4771155312812152,1.4548923394471225
DecisionTreeRegressor,B0007,135.0,1.4720772783056488,1.4548923394471225
DecisionTreeRegressor,B0007,136.0,1.472248013656454,1.4548923394471225
DecisionTreeRegressor,B0007,137.0,1.4670106672274665,1.4548923394471225
DecisionTreeRegressor,B0007,138.0,1.4617672495335379,1.4548923394471225
DecisionTreeRegressor,B0007,139.0,1.4566952670489708,1.4548923394471225
DecisionTreeRegressor,B0007,140.0,1.451354972758956,1.4548923394471225
DecisionTreeRegressor,B0007,141.0,1.451615926257375,1.4548923394471225
DecisionTreeRegressor,B0007,142.0,1.4468161332173683,1.4548923394471225
DecisionTreeRegressor,B0007,143.0,1.4467570607768785,1.4548923394471225
DecisionTreeRegressor,B0007,144.0,1.4413797481446793,1.4548923394471225
DecisionTreeRegressor,B0007,145.0,1.4362456252208178,1.418772187649558
DecisionTreeRegressor,B0007,146.0,1.4368154153924828,1.418772187649558
DecisionTreeRegressor,B0007,147.0,1.4362945145860047,1.418772187649558
DecisionTreeRegressor,B0007,148.0,1.4418575315878015,1.418772187649558
DecisionTreeRegressor,B0007,149.0,1.4672063484781797,1.5935866593100128
DecisionTreeRegressor,B0007,150.0,1.4518640367848885,1.4548923394471225
DecisionTreeRegressor,B0007,151.0,1.4471379752748499,1.4548923394471225
DecisionTreeRegressor,B0007,152.0,1.441790586562399,1.4548923394471225
DecisionTreeRegressor,B0007,153.0,1.431630947911111,1.5935866593100128
DecisionTreeRegressor,B0007,154.0,1.4318084249673686,1.418772187649558
DecisionTreeRegressor,B0007,155.0,1.4262562585106868,1.418772187649558
DecisionTreeRegressor,B0007,156.0,1.4260877528924913,1.418772187649558
DecisionTreeRegressor,B0007,157.0,1.4212633510031694,1.418772187649558
DecisionTreeRegressor,B0007,158.0,1.4163272748795108,1.418772187649558
DecisionTreeRegressor,B0007,159.0,1.4165781829175994,1.418772187649558
DecisionTreeRegressor,B0007,160.0,1.4108401729425177,1.418772187649558
DecisionTreeRegressor,B0007,161.0,1.4109949628347804,1.418772187649558
DecisionTreeRegressor,B0007,162.0,1.4061714290398801,1.418772187649558
DecisionTreeRegressor,B0007,163.0,1.4063358479692922,1.3880169466143066
DecisionTreeRegressor,B0007,164.0,1.4004552399066514,1.3880169466143066
DecisionTreeRegressor,B0007,165.0,1.4217865046055154,1.3880169466143066
DecisionTreeRegressor,B0007,166.0,1.4324552720625434,1.418772187649558
SVR,B0007,0.0,1.880637027686859,1.895794499526016
SVR,B0007,1.0,1.8806626717011388,1.8902466379374094
SVR,B0007,2.0,1.8807709009833444,1.8910810568534764
SVR,B0007,3.0,1.8794508728285058,1.8918437371756958
SVR,B0007,4.0,1.8807003517117404,1.8915739101353735
SVR,B0007,5.0,1.8799352523566075,1.8928109685003478
SVR,B0007,6.0,1.8815088124038797,1.892648274598204
SVR,B0007,7.0,1.8696907870385844,1.89382043722942
SVR,B0007,8.0,1.870052380139199,1.8863565835513085
SVR,B0007,9.0,1.8700442394188577,1.8865811637890881
SVR,B0007,10.0,1.8596518987766364,1.8864395019923996
SVR,B0007,11.0,1.8590746560862206,1.8793165075500933
SVR,B0007,12.0,1.8590084577709232,1.87860245727
SVR,B0007,13.0,1.8593622586957048,1.8781172177493282
SVR,B0007,14.0,1.8587355450601035,1.8777928864441835
SVR,B0007,15.0,1.847817291322145,1.8767034164953342
SVR,B0007,16.0,1.8485252916137047,1.8686221722147076
SVR,B0007,17.0,1.848378951850034,1.8682691171800316
SVR,B0007,18.0,1.8807805437609766,1.8672234013959093
SVR,B0007,19.0,1.8814721597443598,1.8859032598652805
SVR,B0007,20.0,1.8810954313244785,1.8848704526714362
SVR,B0007,21.0,1.8710089649779995,1.8831415349461618
SVR,B0007,22.0,1.8701995151941375,1.8759928081532995
SVR,B0007,23.0,1.8706715362800985,1.873874560565192
SVR,B0007,24.0,1.8596124644020169,1.8723686465022065
SVR,B0007,25.0,1.860033909718346,1.8642978979953098
SVR,B0007,26.0,1.8591653109160768,1.862658165955454
SVR,B0007,27.0,1.8481398178778288,1.8601897987739844
SVR,B0007,28.0,1.849201702126164,1.8518303133449951
SVR,B0007,29.0,1.8834677437950846,1.8503828864351959
SVR,B0007,30.0,1.8628211117905844,1.8657251086176077
SVR,B0007,31.0,1.852085039652352,1.8532742632017078
SVR,B0007,32.0,1.8469504648208708,1.8452176426223534
SVR,B0007,33.0,1.836828431169018,1.8400309946450317
SVR,B0007,34.0,1.8371619619672275,1.8320281863261336
SVR,B0007,35.0,1.8316722583718854,1.8297734711537186
SVR,B0007,36.0,1.8211470951317783,1.824258189654622
SVR,B0007,37.0,1.816506091511515,1.8158776013654636
SVR,B0007,38.0,1.8113815601504555,1.810778232699651
SVR,B0007,39.0,1.8116056333939583,1.8053902541046973
SVR,B0007,40.0,1.8060548955557403,1.803008852225479
SVR,B0007,41.0,1.8132041826994056,1.7973704060379285
SVR,B0007,42.0,1.8062641938283535,1.7986833694391615
SVR,B0007,43.0,1.7958310249900458,1.792309655723727
SVR,B0007,44.0,1.7858852600390451,1.7840319675005762
SVR,B0007,45.0,1.7803268604502753,1.7759955936773442
SVR,B0007,46.0,1.8150756899575577,1.7703977011671144
SVR,B0007,47.0,1.8157025154845838,1.785713770664071
SVR,B0007,48.0,1.8002432178056673,1.7830947108953468
SVR,B0007,49.0,1.7904476205609308,1.7728101953798252
SVR,B0007,50.0,1.780343032300132,1.7651938494707855
SVR,B0007,51.0,1.775328769596812,1.7574156210509775
SVR,B0007,52.0,1.7702629734732853,1.7522217717671813
SVR,B0007,53.0,1.760081061854204,1.7470331185789347
SVR,B0007,54.0,1.749647593537689,1.7392992787809158
SVR,B0007,55.0,1.749650075059311,1.7314546563069033
SVR,B0007,56.0,1.745028739214683,1.7289635515391983
SVR,B0007,57.0,1.7396457455286727,1.7241510952908818
SVR,B0007,58.0,1.7285642277717963,1.7189952306235063
SVR,B0007,59.0,1.723900324588418,1.7110218511266946
SVR,B0007,60.0,1.7139788776485192,1.7063198303050129
SVR,B0007,61.0,1.7139701997004613,1.6990139109737041
SVR,B0007,62.0,1.7036521173638766,1.6967327989692869
SVR,B0007,63.0,1.7040137474382486,1.6893310567409954
SVR,B0007,64.0,1.6935716157343033,1.68729588019726
SVR,B0007,65.0,1.6876577363877656,1.6799358406235332
SVR,B0007,66.0,1.6830744356583152,1.6748661779754481
SVR,B0007,67.0,1.6779270142025482,1.6704976646453333
SVR,B0007,68.0,1.6732060275966172,1.6658900383125965
SVR,B0007,69.0,1.6674367208253988,1.661532027554176
SVR,B0007,70.0,1.6622662630667526,1.6566998274280624
SVR,B0007,71.0,1.6574243065763063,1.6522011233128997
SVR,B0007,72.0,1.652538684928734,1.6479014600523134
SVR,B0007,73.0,1.6472174627573322,1.6436182933748043
SVR,B0007,74.0,1.6364136810898071,1.6391613969010415
SVR,B0007,75.0,1.6362554312048496,1.632080595222113
SVR,B0007,76.0,1.641119179218384,1.6302048371279567
SVR,B0007,77.0,1.6315700789656966,1.630739030700496
SVR,B0007,78.0,1.621213282987236,1.6244061758357076
SVR,B0007,79.0,1.6164273214762122,1.617710500925237
SVR,B0007,80.0,1.615823510161921,1.6137209359454656
SVR,B0007,81.0,1.61672418029789,1.6117647522286886
SVR,B0007,82.0,1.6108655863730026,1.6105408559322676
SVR,B0007,83.0,1.6006603374309376,1.6061299536206521
SVR,B0007,84.0,1.5959174487005663,1.5996726823345364
SVR,B0007,85.0,1.5962179519462243,1.5958437410051718
SVR,B0007,86.0,1.5958065114633972,1.5944476498772804
SVR,B0007,87.0,1.5906507821480704,1.5927301019314852
SVR,B0007,88.0,1.6888211161855506,1.588779006112088
SVR,B0007,89.0,1.6259938279733204,1.6295480021826712
SVR,B0007,90.0,1.6157433862812898,1.602122341852878
SVR,B0007,91.0,1.6056626764846538,1.5960306668154494
SVR,B0007,92.0,1.5949746921524348,1.5899857294060302
SVR,B0007,93.0,1.5904102438871945,1.5836247510783743
SVR,B0007,94.0,1.5853517062988178,1.5801108472030785
SVR,B0007,95.0,1.5799737147242376,1.576376364060231
SVR,B0007,96.0,1.5752185465278068,1.5724967134903303
SVR,B0007,97.0,1.569798484648868,1.5689182082117459
SVR,B0007,98.0,1.5702565375950357,1.565020333875649
SVR,B0007,99.0,1.565249873909438,1.5639845673151807
SVR,B0007,100.0,1.559633933561147,1.5603039868636908
SVR,B0007,101.0,1.5649820533392105,1.5563136326421128
SVR,B0007,102.0,1.57497949984227,1.5577615290095503
SVR,B0007,103.0,1.5652811168780458,1.5614807103209833
SVR,B0007,104.0,1.559755497470126,1.5555915221022112
SVR,B0007,105.0,1.549897685670499,1.5517088234040197
SVR,B0007,106.0,1.5438771531345021,1.5455810670068137
SVR,B0007,107.0,1.5450187488690073,1.5413471843593074
SVR,B0007,108.0,1.5445940154102908,1.5408487695003361
SVR,B0007,109.0,1.5343086721758876,1.5395534042892778
SVR,B0007,110.0,1.5287603942958483,1.532987063390229
SVR,B0007,111.0,1.5289260249179843,1.528882867310022
SVR,B0007,112.0,1.529091650133123,1.5279170325894407
SVR,B0007,113.0,1.5239059324661248,1.5269756031639075
SVR,B0007,114.0,1.5186675419100615,1.5230263280040248
SVR,B0007,115.0,1.5136482266426952,1.5189912395473582
SVR,B0007,116.0,1.5136050185229033,1.515025526057948
SVR,B0007,117.0,1.5139470614867965,1.5139885394642323
SVR,B0007,118.0,1.5339599193158786,1.5132072447518758
SVR,B0007,119.0,1.5391372798653098,1.5241052778665711
SVR,B0007,120.0,1.5236247972838737,1.5262486105415005
SVR,B0007,121.0,1.5135813035589147,1.5163055767903066
SVR,B0007,122.0,1.5077850749847914,1.5092859342597054
SVR,B0007,123.0,1.5031960676037333,1.5047515144160424
SVR,B0007,124.0,1.4978220596995881,1.5009127314488169
SVR,B0007,125.0,1.492848534633516,1.4964911663538778
SVR,B0007,126.0,1.492414389867026,1.4922578152279202
SVR,B0007,127.0,1.487482776538081,1.491086932975775
SVR,B0007,128.0,1.482535148640411,1.4867993637405137
SVR,B0007,129.0,1.4827874322228984,1.4824259206961743
SVR,B0007,130.0,1.476971179775059,1.4817587372298124
SVR,B0007,131.0,1.4819015554137276,1.476670566194417
SVR,B0007,132.0,1.4981366198874824,1.4795071309969052
SVR,B0007,133.0,1.4820775214392872,1.490582582948512
SVR,B0007,134.0,1.4771155312812152,1.4781632111743928
SVR,B0007,135.0,1.4720772783056488,1.4737020263558724
SVR,B0007,136.0,1.472248013656454,1.46910921902701
SVR,B0007,137.0,1.4670106672274665,1.4685701044029171
SVR,B0007,138.0,1.4617672495335379,1.4637545685478186
SVR,B0007,139.0,1.4566952670489708,1.4588589875858085
SVR,B0007,140.0,1.451354972758956,1.4540344205031221
SVR,B0007,141.0,1.451615926257375,1.4489190770751859
SVR,B0007,142.0,1.4468161332173683,1.448551185697438
SVR,B0007,143.0,1.4467570607768785,1.4438584437982551
SVR,B0007,144.0,1.4413797481446793,1.4432858747174113
SVR,B0007,145.0,1.4362456252208178,1.4380593476171308
SVR,B0007,146.0,1.4368154153924828,1.4330017765255532
SVR,B0007,147.0,1.4362945145860047,1.4330976524369599
SVR,B0007,148.0,1.4418575315878015,1.4322615352460528
SVR,B0007,149.0,1.4672063484781797,1.437028413800678
SVR,B0007,150.0,1.4518640367848885,1.4592978322216006
SVR,B0007,151.0,1.4471379752748499,1.4457025824613796
SVR,B0007,152.0,1.441790586562399,1.4413474653811384
SVR,B0007,153.0,1.431630947911111,1.4364046009893228
SVR,B0007,154.0,1.4318084249673686,1.4269274352333126
SVR,B0007,155.0,1.4262562585106868,1.4271322012433054
SVR,B0007,156.0,1.4260877528924913,1.4219598478255786
SVR,B0007,157.0,1.4212633510031694,1.4219522340465798
SVR,B0007,158.0,1.4163272748795108,1.4175379671515684
SVR,B0007,159.0,1.4165781829175994,1.4130419888868873
SVR,B0007,160.0,1.4108401729425177,1.4136287964983358
SVR,B0007,161.0,1.4109949628347804,1.4084536747386955
SVR,B0007,162.0,1.4061714290398801,1.4090880027297457
SVR,B0007,163.0,1.4063358479692922,1.4049252474265335
SVR,B0007,164.0,1.4004552399066514,1.4057171809599573
SVR,B0007,165.0,1.4217865046055154,1.4006598149084488
SVR,B0007,166.0,1.4324552720625434,1.4221602802105675
LinearRegression,B0018,0.0,1.8431955317089987,1.8521379967004301
LinearRegression,B0018,1.0,1.8396018424355423,1.8405516284114158
LinearRegression,B0018,2.0,1.8306736044962053,1.8369589079790936
LinearRegression,B0018,3.0,1.8327002069419656,1.828175567057832
LinearRegression,B0018,4.0,1.8285288846046388,1.8300515007101879
LinearRegression,B0018,5.0,1.8212011895697924,1.8258967319764619
LinearRegression,B0018,6.0,1.8151700106433282,1.8186707506958786
LinearRegression,B0018,7.0,1.8042980520967649,1.8127063050198815
LinearRegression,B0018,8.0,1.8231002302844226,1.8020316858217582
LinearRegression,B0018,9.0,1.8121253520255494,1.8202305837234751
LinearRegression,B0018,10.0,1.8046916382117766,1.8094558216265069
LinearRegression,B0018,11.0,1.790844349786295,1.8021266819944721
LinearRegression,B0018,12.0,1.783470722841926,1.7885570084631408
LinearRegression,B0018,13.0,1.7809386125310702,1.7812863345336387
LinearRegression,B0018,14.0,1.771209039672698,1.7787265512547716
LinearRegression,B0018,15.0,1.7686303996707076,1.7691634957391245
LinearRegression,B0018,16.0,1.7536304801917124,1.7665584381581045
LinearRegression,B0018,17.0,1.7462197416415093,1.7518672320028754
LinearRegression,B0018,18.0,1.7376647337053737,1.7445604477529535
LinearRegression,B0018,19.0,1.7315166735475835,1.736140266945704
LinearRegression,B0018,20.0,1.7085949894470602,1.7300620935390048
LinearRegression,B0018,21.0,1.711469957068211,1.7076628550218156
LinearRegression,B0018,22.0,1.7075021373272627,1.710364264630488
LinearRegression,B0018,23.0,1.7492382064360228,1.7064075079147365
LinearRegression,B0018,24.0,1.7327697147429955,1.7469215315303777
LinearRegression,B0018,25.0,1.7222313328292376,1.7308013758048884
LinearRegression,B0018,26.0,1.711846298984729,1.720451333213582
LinearRegression,B0018,27.0,1.699267835126687,1.7102505013015734
LinearRegression,B0018,28.0,1.6940366439243106,1.697915418962323
LinearRegression,B0018,29.0,1.6819027078768087,1.6927293770336025
LinearRegression,B0018,30.0,1.6769770618433686,1.6808268289734092
LinearRegression,B0018,31.0,1.6655229306478936,1.6759380884873243
LinearRegression,B0018,32.0,1.6571924575832084,1.6646970038825082
LinearRegression,B0018,33.0,1.6482241555294048,1.656495299909426
LinearRegression,B0018,34.0,1.6387701497987262,1.647672975818932
LinearRegression,B0018,35.0,1.6276486907262062,1.6383780525237728
LinearRegression,B0018,36.0,1.62215370227252,1.6274606644199472
LinearRegression,B0018,37.0,1.6140066510467586,1.6220179425913261
LinearRegression,B0018,38.0,1.6760516154424623,1.6139947116653313
LinearRegression,B0018,39.0,1.649300642552199,1.674269688753637
LinearRegression,B0018,40.0,1.63238299185809,1.6481444771326281
LinearRegression,B0018,41.0,1.6164159719025777,1.631587280888844
LinearRegression,B0018,42.0,1.6109028378249377,1.6159550670003122
LinearRegression,B0018,43.0,1.5954638693695657,1.6104946891236578
LinearRegression,B0018,44.0,1.726707440085764,1.5953762797024797
LinearRegression,B0018,45.0,1.7165673917429753,1.7229828580695434
LinearRegression,B0018,46.0,1.6958235570934848,1.713020401856093
LinearRegression,B0018,47.0,1.6777783190792557,1.6927402535732208
LinearRegression,B0018,48.0,1.6606586897774192,1.6750858927493628
LinearRegression,B0018,49.0,1.6664109274827466,1.6583321673584546
LinearRegression,B0018,50.0,1.6468336174407805,1.6638332171966108
LinearRegression,B0018,51.0,1.6257639928779952,1.6446881202382106
LinearRegression,B0018,52.0,1.6121577411874595,1.6240909719793417
LinearRegression,B0018,53.0,1.6057366823755344,1.6107558319190423
LinearRegression,B0018,54.0,1.673645314879889,1.604412025467008
LinearRegression,B0018,55.0,1.6404348572349936,1.670392466640733
LinearRegression,B0018,56.0,1.6132653317422077,1.6379820496508366
LinearRegression,B0018,57.0,1.5920964324686278,1.6114495781376743
LinearRegression,B0018,58.0,1.5866011820698824,1.5907558336379313
LinearRegression,B0018,59.0,1.5800766490336253,1.5853128569316293
LinearRegression,B0018,60.0,1.5641732953289167,1.5788683680296756
LinearRegression,B0018,61.0,1.555618272193922,1.5632981026519879
LinearRegression,B0018,62.0,1.5402045278637397,1.5548779070559504
LinearRegression,B0018,63.0,1.5321613015959863,1.539784041203352
LinearRegression,B0018,64.0,1.5316232403693415,1.5318618339980232
LinearRegression,B0018,65.0,1.5222595950771978,1.5312422995913157
LinearRegression,B0018,66.0,1.5065267126851283,1.5220352987752692
LinearRegression,B0018,67.0,1.5014219556532926,1.5066309053285696
LinearRegression,B0018,68.0,1.4963534117486457,1.5015678863277884
LinearRegression,B0018,69.0,1.5334262000312422,1.4965401034100816
LinearRegression,B0018,70.0,1.523845267514426,1.53251666331173
LinearRegression,B0018,71.0,1.5011920994261239,1.5230982377639934
LinearRegression,B0018,72.0,1.492417671450291,1.5009602705936302
LinearRegression,B0018,73.0,1.483323851940123,1.492326589783837
LinearRegression,B0018,74.0,1.4807376792294196,1.4833821347462788
LinearRegression,B0018,75.0,1.4735077809902477,1.4807697476919268
LinearRegression,B0018,76.0,1.46801928526661,1.4736389246118164
LinearRegression,B0018,77.0,1.4580923557119019,1.4682025203368874
LinearRegression,B0018,78.0,1.4478660988891399,1.458447432884559
LinearRegression,B0018,79.0,1.4527808777541982,1.448401094129117
LinearRegression,B0018,80.0,1.4425356364492432,1.4530872800889576
LinearRegression,B0018,81.0,1.4392712877203313,1.443022469059962
LinearRegression,B0018,82.0,1.4286475681888218,1.439750203437488
LinearRegression,B0018,83.0,1.4249026750004896,1.429317125670214
LinearRegression,B0018,84.0,1.4698115324524124,1.4255772808628566
LinearRegression,B0018,85.0,1.4525819651050202,1.4691784897705584
LinearRegression,B0018,86.0,1.442834198908794,1.4523177925048927
LinearRegression,B0018,87.0,1.428376058807949,1.442737034514652
LinearRegression,B0018,88.0,1.4154547844370715,1.4285729903213515
LinearRegression,B0018,89.0,1.454576670077708,1.4159043466288923
LinearRegression,B0018,90.0,1.4283179548274056,1.4538747184529066
LinearRegression,B0018,91.0,1.4197026883204058,1.4282284831712009
LinearRegression,B0018,92.0,1.4155606630306516,1.41974966959253
LinearRegression,B0018,93.0,1.405680035419228,1.415623407460753
LinearRegression,B0018,94.0,1.4084461071166137,1.405913372707452
LinearRegression,B0018,95.0,1.3968547782872414,1.40850882444631
LinearRegression,B0018,96.0,1.3935670371440676,1.3971342438525833
LinearRegression,B0018,97.0,1.3893644292809475,1.3938392169521912
LinearRegression,B0018,98.0,1.3785651415666713,1.3896540067882035
LinearRegression,B0018,99.0,1.384901110085747,1.379050097735332
LinearRegression,B0018,100.0,1.3703251814242443,1.3851191291051304
LinearRegression,B0018,101.0,1.3733464385229082,1.3708404743318907
LinearRegression,B0018,102.0,1.3679487285504814,1.3736842264716478
LinearRegression,B0018,103.0,1.3567141087089647,1.368336158513407
LinearRegression,B0018,104.0,1.4604310209194575,1.3573086627617017
LinearRegression,B0018,105.0,1.4500998937104097,1.4581312624680023
LinearRegression,B0018,106.0,1.4381406901824496,1.4479828827696746
LinearRegression,B0018,107.0,1.4283681980964316,1.4362503528783692
LinearRegression,B0018,108.0,1.4147874517552432,1.426645536112363
LinearRegression,B0018,109.0,1.413889163393182,1.4133352132572654
LinearRegression,B0018,110.0,1.3989331662177225,1.4123651707819518
LinearRegression,B0018,111.0,1.3953322584033976,1.3977167018895977
LinearRegression,B0018,112.0,1.390046129540245,1.3941169576754189
LinearRegression,B0018,113.0,1.3860271454209647,1.3888774603251626
LinearRegression,B0018,114.0,1.388215260193751,1.384870919665706
LinearRegression,B0018,115.0,1.3761826562394497,1.3869040079803185
LinearRegression,B0018,116.0,1.3647168898640165,1.3751000580344355
LinearRegression,B0018,117.0,1.3589854739373584,1.3638476521712963
LinearRegression,B0018,118.0,1.3462308764008801,1.3581748817739545
LinearRegression,B0018,119.0,1.4268427818454643,1.3456684179107277
LinearRegression,B0018,120.0,1.4064481483279663,1.4240093928296742
LinearRegression,B0018,121.0,1.3934907492075153,1.4040690240978022
LinearRegression,B0018,122.0,1.3882493512249316,1.391365230315422
LinearRegression,B0018,123.0,1.3701878338420928,1.3861692569893542
LinearRegression,B0018,124.0,1.3796951665608619,1.3684990560205195
LinearRegression,B0018,125.0,1.3686586323935683,1.3776538869628485
LinearRegression,B0018,126.0,1.3627371779096438,1.366819132457608
LinearRegression,B0018,127.0,1.3634051133928073,1.3609614508164445
LinearRegression,B0018,128.0,1.3518646035305233,1.3615153748639754
LinearRegression,B0018,129.0,1.3547969729652622,1.3501902421220386
LinearRegression,B0018,130.0,1.341051440640485,1.3529475048212676
Ridge,B0018,0.0,1.8431955317089987,1.853481599262266
Ridge,B0018,1.0,1.8396018424355423,1.8420388742828167
Ridge,B0018,2.0,1.8306736044962053,1.8384373086831975
Ridge,B0018,3.0,1.8327002069419656,1.8297441399427283
Ridge,B0018,4.0,1.8285288846046388,1.8315069072534242
Ridge,B0018,5.0,1.8212011895697924,1.827354015101838
Ridge,B0018,6.0,1.8151700106433282,1.8201884974880127
Ridge,B0018,7.0,1.8042980520967649,1.8142604501651276
Ridge,B0018,8.0,1.8231002302844226,1.803712081562674
Ridge,B0018,9.0,1.8121253520255494,1.8214864328867142
Ridge,B0018,10.0,1.8046916382117766,1.8108398317320291
Ridge,B0018,11.0,1.790844349786295,1.803573123636763
Ridge,B0018,12.0,1.783470722841926,1.7901849273552668
Ridge,B0018,13.0,1.7809386125310702,1.7829755696587206
Ridge,B0018,14.0,1.771209039672698,1.7803872366901599
Ridge,B0018,15.0,1.7686303996707076,1.7709292273518853
Ridge,B0018,16.0,1.7536304801917124,1.768296483743107
Ridge,B0018,17.0,1.7462197416415093,1.7538081494255953
Ridge,B0018,18.0,1.7376647337053737,1.746563370256557
Ridge,B0018,19.0,1.7315166735475835,1.7382264339127875
Ridge,B0018,20.0,1.7085949894470602,1.7321868283528707
Ridge,B0018,21.0,1.711469957068211,1.710137501690116
Ridge,B0018,22.0,1.7075021373272627,1.7127099980073601
Ridge,B0018,23.0,1.7492382064360228,1.7087513405556125
Ridge,B0018,24.0,1.7327697147429955,1.7484151296483361
Ridge,B0018,25.0,1.7222313328292376,1.7325251046975838
Ridge,B0018,26.0,1.711846298984729,1.7222951210115842
Ridge,B0018,27.0,1.699267835126687,1.712211501631159
Ridge,B0018,28.0,1.6940366439243106,1.7000343452252729
Ridge,B0018,29.0,1.6819027078768087,1.6948698526590742
Ridge,B0018,30.0,1.6769770618433686,1.6831169794190384
Ridge,B0018,31.0,1.6655229306478936,1.6782441169117754
Ridge,B0018,32.0,1.6571924575832084,1.667140088913678
Ridge,B0018,33.0,1.6482241555294048,1.659017461694881
Ridge,B0018,34.0,1.6387701497987262,1.6502860534361636
Ridge,B0018,35.0,1.6276486907262062,1.6410910613727812
Ridge,B0018,36.0,1.62215370227252,1.630304554974392
Ridge,B0018,37.0,1.6140066510467586,1.6248882789870562
Ridge,B0018,38.0,1.6760516154424623,1.6169407202266535
Ridge,B0018,39.0,1.649300642552199,1.6759884987638032
Ridge,B0018,40.0,1.63238299185809,1.6502842764294112
Ridge,B0018,41.0,1.6164159719025777,1.6339655480355213
Ridge,B0018,42.0,1.6109028378249377,1.6185541568425055
Ridge,B0018,43.0,1.5954638693695657,1.6131205616175541
Ridge,B0018,44.0,1.726707440085764,1.598213173451794
Ridge,B0018,45.0,1.7165673917429753,1.7233081217406037
Ridge,B0018,46.0,1.6958235570934848,1.713458330754696
Ridge,B0018,47.0,1.6777783190792557,1.6934876701234465
Ridge,B0018,48.0,1.6606586897774192,1.6760927068875298
Ridge,B0018,49.0,1.6664109274827466,1.659581198377101
Ridge,B0018,50.0,1.6468336174407805,1.664899928408805
Ridge,B0018,51.0,1.6257639928779952,1.6460426666286223
Ridge,B0018,52.0,1.6121577411874595,1.625761053178365
Ridge,B0018,53.0,1.6057366823755344,1.6126029163589863
Ridge,B0018,54.0,1.673645314879889,1.606302745024549
Ridge,B0018,55.0,1.6404348572349936,1.6709471490362897
Ridge,B0018,56.0,1.6132653317422077,1.6390776192082541
Ridge,B0018,57.0,1.5920964324686278,1.6129739059554935
Ridge,B0018,58.0,1.5866011820698824,1.592597538954196
Ridge,B0018,59.0,1.5800766490336253,1.587181012951279
Ridge,B0018,60.0,1.5641732953289167,1.5807820798061238
Ridge,B0018,61.0,1.555618272193922,1.5654314553813693
Ridge,B0018,62.0,1.5402045278637397,1.557094504530926
Ridge,B0018,63.0,1.5321613015959863,1.5422111917355643
Ridge,B0018,64.0,1.5316232403693415,1.5343627295464748
Ridge,B0018,65.0,1.5222595950771978,1.5336776328620099
Ridge,B0018,66.0,1.5065267126851283,1.5245688860503759
Ridge,B0018,67.0,1.5014219556532926,1.5093809693494087
Ridge,B0018,68.0,1.4963534117486457,1.5043371529003766
Ridge,B0018,69.0,1.5334262000312422,1.4993279003636233
Ridge,B0018,70.0,1.523845267514426,1.534540783336955
Ridge,B0018,71.0,1.5011920994261239,1.5252246449754634
Ridge,B0018,72.0,1.492417671450291,1.503431605593381
Ridge,B0018,73.0,1.483323851940123,1.494885242017195
Ridge,B0018,74.0,1.4807376792294196,1.4860340326065744
Ridge,B0018,75.0,1.4735077809902477,1.4833940993430108
Ridge,B0018,76.0,1.46801928526661,1.4763219246721802
Ridge,B0018,77.0,1.4580923557119019,1.4709118457235777
Ridge,B0018,78.0,1.4478660988891399,1.461265467689492
Ridge,B0018,79.0,1.4527808777541982,1.4513333943222826
Ridge,B0018,80.0,1.4425356364492432,1.4558528049872483
Ridge,B0018,81.0,1.4392712877203313,1.4459026117273888
Ridge,B0018,82.0,1.4286475681888218,1.4426153878755053
Ridge,B0018,83.0,1.4249026750004896,1.4323039530096981
Ridge,B0018,84.0,1.4698115324524124,1.428558069609997
Ridge,B0018,85.0,1.4525819651050202,1.4712501522107782
Ridge,B0018,86.0,1.442834198908794,1.4546337124431596
Ridge,B0018,87.0,1.428376058807949,1.4451583383263515
Ridge,B0018,88.0,1.4154547844370715,1.4311871097203466
Ridge,B0018,89.0,1.454576670077708,1.418682755046492
Ridge,B0018,90.0,1.4283179548274056,1.4558514155743216
Ridge,B0018,91.0,1.4197026883204058,1.4306170325276961
Ridge,B0018,92.0,1.4155606630306516,1.4222225819033583
Ridge,B0018,93.0,1.405680035419228,1.4180976525558968
Ridge,B0018,94.0,1.4084461071166137,1.4084954677862507
Ridge,B0018,95.0,1.3968547782872414,1.4109640275078807
Ridge,B0018,96.0,1.3935670371440676,1.399729050117919
Ridge,B0018,97.0,1.3893644292809475,1.3964194991869536
Ridge,B0018,98.0,1.3785651415666713,1.3922367463121144
Ridge,B0018,99.0,1.384901110085747,1.3817577389735831
Ridge,B0018,100.0,1.3703251814242443,1.387633615603968
Ridge,B0018,101.0,1.3733464385229082,1.3735499627531087
Ridge,B0018,102.0,1.3679487285504814,1.376262086245927
Ridge,B0018,103.0,1.3567141087089647,1.370938658492198
Ridge,B0018,104.0,1.4604310209194575,1.3600441448821528
Ridge,B0018,105.0,1.4500998937104097,1.4588660512168814
Ridge,B0018,106.0,1.4381406901824496,1.4488338834608794
Ridge,B0018,107.0,1.4283681980964316,1.4372477850880403
Ridge,B0018,108.0,1.4147874517552432,1.4277488111456407
Ridge,B0018,109.0,1.413889163393182,1.4146150181133335
Ridge,B0018,110.0,1.3989331662177225,1.413586099724544
Ridge,B0018,111.0,1.3953322584033976,1.3991396874050572
Ridge,B0018,112.0,1.390046129540245,1.3955312320106947
Ridge,B0018,113.0,1.3860271454209647,1.3903143037496173
Ridge,B0018,114.0,1.388215260193751,1.3863068120429531
Ridge,B0018,115.0,1.3761826562394497,1.3882237361011225
Ridge,B0018,116.0,1.3647168898640165,1.3765675800974124
Ridge,B0018,117.0,1.3589854739373584,1.365452446807653
Ridge,B0018,118.0,1.3462308764008801,1.359810510705589
Ridge,B0018,119.0,1.4268427818454643,1.347465242085061
Ridge,B0018,120.0,1.4064481483279663,1.4242343877483763
Ridge,B0018,121.0,1.3934907492075153,1.4045970249632618
Ridge,B0018,122.0,1.3882493512249316,1.3920581907298586
Ridge,B0018,123.0,1.3701878338420928,1.3868839562196986
Ridge,B0018,124.0,1.3796951665608619,1.3694734550086811
Ridge,B0018,125.0,1.3686586323935683,1.3783762658618648
Ridge,B0018,126.0,1.3627371779096438,1.3676708167264737
Ridge,B0018,127.0,1.3634051133928073,1.3618474967856513
Ridge,B0018,128.0,1.3518646035305233,1.3623134734196827
Ridge,B0018,129.0,1.3547969729652622,1.3511270006040808
Ridge,B0018,130.0,1.341051440640485,1.3537542845467945
Lasso,B0018,0.0,1.8431955317089987,1.8506917846806608
Lasso,B0018,1.0,1.8396018424355423,1.8391513189320077
Lasso,B0018,2.0,1.8306736044962053,1.8355773310634944
Lasso,B0018,3.0,1.8327002069419656,1.8268303653442346
Lasso,B0018,4.0,1.8285288846046388,1.8287064439010585
Lasso,B0018,5.0,1.8212011895697924,1.8245723181029072
Lasso,B0018,6.0,1.8151700106433282,1.817377418643171
Lasso,B0018,7.0,1.8042980520967649,1.8114397668967595
Lasso,B0018,8.0,1.8231002302844226,1.8008079512531692
Lasso,B0018,9.0,1.8121253520255494,1.8189515131870586
Lasso,B0018,10.0,1.8046916382117766,1.808219895024918
Lasso,B0018,11.0,1.790844349786295,1.8009221878433859
Lasso,B0018,12.0,1.783470722841926,1.787405157999623
Lasso,B0018,13.0,1.7809386125310702,1.7801657177988637
Lasso,B0018,14.0,1.771209039672698,1.7776211561863102
Lasso,B0018,15.0,1.7686303996707076,1.768097126080383
Lasso,B0018,16.0,1.7536304801917124,1.7655074440505802
Lasso,B0018,17.0,1.7462197416415093,1.7508726936116257
Lasso,B0018,18.0,1.7376647337053737,1.7435972658274714
Lasso,B0018,19.0,1.7315166735475835,1.7352122258606457
Lasso,B0018,20.0,1.7085949894470602,1.7291612329379347
Lasso,B0018,21.0,1.711469957068211,1.7068446493219593
Lasso,B0018,22.0,1.7075021373272627,1.7095433980869885
Lasso,B0018,23.0,1.7492382064360228,1.7056066112746764
Lasso,B0018,24.0,1.7327697147429955,1.745989451017595
Lasso,B0018,25.0,1.7222313328292376,1.7299306079306533
Lasso,B0018,26.0,1.711846298984729,1.7196222656755553
Lasso,B0018,27.0,1.699267835126687,1.7094626269407298
Lasso,B0018,28.0,1.6940366439243106,1.6971759919803862
Lasso,B0018,29.0,1.6819027078768087,1.692014098229031
Lasso,B0018,30.0,1.6769770618433686,1.6801585273871333
Lasso,B0018,31.0,1.6655229306478936,1.6752929245668966
Lasso,B0018,32.0,1.6571924575832084,1.6640965689018812
Lasso,B0018,33.0,1.6482241555294048,1.6559292631782843
Lasso,B0018,34.0,1.6387701497987262,1.6471434467914747
Lasso,B0018,35.0,1.6276486907262062,1.6378866375391261
Lasso,B0018,36.0,1.62215370227252,1.6270128781482087
Lasso,B0018,37.0,1.6140066510467586,1.6215951769380443
Lasso,B0018,38.0,1.6760516154424623,1.6136057376413047
Lasso,B0018,39.0,1.649300642552199,1.6736823644452419
Lasso,B0018,40.0,1.63238299185809,1.6476524721064247
Lasso,B0018,41.0,1.6164159719025777,1.631158073978263
Lasso,B0018,42.0,1.6109028378249377,1.615585514240376
Lasso,B0018,43.0,1.5954638693695657,1.6101502169941306
Lasso,B0018,44.0,1.726707440085764,1.5950897153300132
Lasso,B0018,45.0,1.7165673917429753,1.7222690869430786
Lasso,B0018,46.0,1.6958235570934848,1.7123470136807095
Lasso,B0018,47.0,1.6777783190792557,1.6921423176260022
Lasso,B0018,48.0,1.6606586897774192,1.67455448412081
Lasso,B0018,49.0,1.6664109274827466,1.657864224837461
Lasso,B0018,50.0,1.6468336174407805,1.6633530980063147
Lasso,B0018,51.0,1.6257639928779952,1.644279595298042
Lasso,B0018,52.0,1.6121577411874595,1.6237589767331044
Lasso,B0018,53.0,1.6057366823755344,1.6104756831937956
Lasso,B0018,54.0,1.673645314879889,1.604159960098098
Lasso,B0018,55.0,1.6404348572349936,1.6699226584237346
Lasso,B0018,56.0,1.6132653317422077,1.6376289237890045
Lasso,B0018,57.0,1.5920964324686278,1.611193155812372
Lasso,B0018,58.0,1.5866011820698824,1.5905762693319567
Lasso,B0018,59.0,1.5800766490336253,1.5851583141104273
Lasso,B0018,60.0,1.5641732953289167,1.5787422507790099
Lasso,B0018,61.0,1.555618272193922,1.5632314289923304
Lasso,B0018,62.0,1.5402045278637397,1.554846374286983
Lasso,B0018,63.0,1.5321613015959863,1.5398103327691839
Lasso,B0018,64.0,1.5316232403693415,1.5319215738189496
Lasso,B0018,65.0,1.5222595950771978,1.5313106662776204
Lasso,B0018,66.0,1.5065267126851283,1.5221414806606348
Lasso,B0018,67.0,1.5014219556532926,1.5067959670152251
Lasso,B0018,68.0,1.4963534117486457,1.5017566780435336
Lasso,B0018,69.0,1.5334262000312422,1.4967525053893764
Lasso,B0018,70.0,1.523845267514426,1.5326133040119572
Lasso,B0018,71.0,1.5011920994261239,1.5232334122845053
Lasso,B0018,72.0,1.492417671450291,1.5011772119681845
Lasso,B0018,73.0,1.483323851940123,1.4925793976737716
Lasso,B0018,74.0,1.4807376792294196,1.4836718654563787
Lasso,B0018,75.0,1.4735077809902477,1.4810748788657275
Lasso,B0018,76.0,1.46801928526661,1.4739748141688895
Lasso,B0018,77.0,1.4580923557119019,1.468563409039394
Lasso,B0018,78.0,1.4478660988891399,1.4588479997029478
Lasso,B0018,79.0,1.4527808777541982,1.448842329010809
Lasso,B0018,80.0,1.4425356364492432,1.453519107979579
Lasso,B0018,81.0,1.4392712877203313,1.4434950278001448
Lasso,B0018,82.0,1.4286475681888218,1.44024040553292
Lasso,B0018,83.0,1.4249026750004896,1.429849310333925
Lasso,B0018,84.0,1.4698115324524124,1.426128698158167
Lasso,B0018,85.0,1.4525819651050202,1.469588230017377
Lasso,B0018,86.0,1.442834198908794,1.4527913624508852
Lasso,B0018,87.0,1.428376058807949,1.4432496900401175
Lasso,B0018,88.0,1.4154547844370715,1.4291403097681066
Lasso,B0018,89.0,1.454576670077708,1.4165212472115458
Lasso,B0018,90.0,1.4283179548274056,1.4543690808976477
Lasso,B0018,91.0,1.4197026883204058,1.4288165368834724
Lasso,B0018,92.0,1.4155606630306516,1.420373063434843
Lasso,B0018,93.0,1.405680035419228,1.416267347346243
Lasso,B0018,94.0,1.4084461071166137,1.406596837577138
Lasso,B0018,95.0,1.3968547782872414,1.4091899886174193
Lasso,B0018,96.0,1.3935670371440676,1.3978605907091366
Lasso,B0018,97.0,1.3893644292809475,1.3945832845283457
Lasso,B0018,98.0,1.3785651415666713,1.3904188207687072
Lasso,B0018,99.0,1.384901110085747,1.379857474930411
Lasso,B0018,100.0,1.3703251814242443,1.3859123990924123
Lasso,B0018,101.0,1.3733464385229082,1.3716887977956218
Lasso,B0018,102.0,1.3679487285504814,1.3745294052771742
Lasso,B0018,103.0,1.3567141087089647,1.3692060362140062
Lasso,B0018,104.0,1.4604310209194575,1.3582225434251467
Lasso,B0018,105.0,1.4500998937104097,1.4587089736717138
Lasso,B0018,106.0,1.4381406901824496,1.4486016088683327
Lasso,B0018,107.0,1.4283681980964316,1.4369154783127662
Lasso,B0018,108.0,1.4147874517552432,1.4273498289007105
Lasso,B0018,109.0,1.413889163393182,1.4140912682142657
Lasso,B0018,110.0,1.3989331662177225,1.4131310439622906
Lasso,B0018,111.0,1.3953322584033976,1.3985388855245668
Lasso,B0018,112.0,1.390046129540245,1.3949578977476518
Lasso,B0018,113.0,1.3860271454209647,1.3897427302668461
Lasso,B0018,114.0,1.388215260193751,1.3857563287237602
Lasso,B0018,115.0,1.3761826562394497,1.387789027782647
Lasso,B0018,116.0,1.3647168898640165,1.3760317199254042
Lasso,B0018,117.0,1.3589854739373584,1.36482408148241
Lasso,B0018,118.0,1.3462308764008801,1.3591771136261628
Lasso,B0018,119.0,1.4268427818454643,1.34671967965837
Lasso,B0018,120.0,1.4064481483279663,1.4248008989438203
Lasso,B0018,121.0,1.3934907492075153,1.404934827547804
Lasso,B0018,122.0,1.3882493512249316,1.3922807343745758
Lasso,B0018,123.0,1.3701878338420928,1.3871089429821557
Lasso,B0018,124.0,1.3796951665608619,1.3695053231717824
Lasso,B0018,125.0,1.3686586323935683,1.3786355584405308
Lasso,B0018,126.0,1.3627371779096438,1.367844151781068
Lasso,B0018,127.0,1.3634051133928073,1.3620129011843118
Lasso,B0018,128.0,1.3518646035305233,1.3625714635754278
Lasso,B0018,129.0,1.3547969729652622,1.3512913454483622
Lasso,B0018,130.0,1.341051440640485,1.3540457574623148
ElasticNet,B0018,0.0,1.8431955317089987,1.8518039410328744
ElasticNet,B0018,1.0,1.8396018424355423,1.8402801162119449
ElasticNet,B0018,2.0,1.8306736044962053,1.8366941089565336
ElasticNet,B0018,3.0,1.8327002069419656,1.827953734229387
ElasticNet,B0018,4.0,1.8285288846046388,1.8297981861624877
ElasticNet,B0018,5.0,1.8212011895697924,1.8256540561376555
ElasticNet,B0018,6.0,1.8151700106433282,1.8184601639342861
ElasticNet,B0018,7.0,1.8042980520967649,1.8125189963519082
ElasticNet,B0018,8.0,1.8231002302844226,1.8019005526634437
ElasticNet,B0018,9.0,1.8121253520255494,1.8199539638430338
ElasticNet,B0018,10.0,1.8046916382117766,1.8092360766869853
ElasticNet,B0018,11.0,1.790844349786295,1.8019397466243485
ElasticNet,B0018,12.0,1.783470722841926,1.788446468623533
ElasticNet,B0018,13.0,1.7809386125310702,1.7812081959195465
ElasticNet,B0018,14.0,1.771209039672698,1.7786479114414915
ElasticNet,B0018,15.0,1.7686303996707076,1.7691332679056153
ElasticNet,B0018,16.0,1.7536304801917124,1.7665280253361682
ElasticNet,B0018,17.0,1.7462197416415093,1.7519210478677407
ElasticNet,B0018,18.0,1.7376647337053737,1.7446469170498038
ElasticNet,B0018,19.0,1.7315166735475835,1.7362671660058342
ElasticNet,B0018,20.0,1.7085949894470602,1.7302130650049918
ElasticNet,B0018,21.0,1.711469957068211,1.707951890632315
ElasticNet,B0018,22.0,1.7075021373272627,1.7106160531235282
ElasticNet,B0018,23.0,1.7492382064360228,1.706668552134981
ElasticNet,B0018,24.0,1.7327697147429955,1.746881232780069
ElasticNet,B0018,25.0,1.7222313328292376,1.7308552859997075
ElasticNet,B0018,26.0,1.711846298984729,1.720559151967252
ElasticNet,B0018,27.0,1.699267835126687,1.7104111864771605
ElasticNet,B0018,28.0,1.6940366439243106,1.6981438768735553
ElasticNet,B0018,29.0,1.6819027078768087,1.6929756764081896
ElasticNet,B0018,30.0,1.6769770618433686,1.6811378801206003
ElasticNet,B0018,31.0,1.6655229306478936,1.6762649046458664
ElasticNet,B0018,32.0,1.6571924575832084,1.6650839519332221
ElasticNet,B0018,33.0,1.6482241555294048,1.6569211518086577
ElasticNet,B0018,34.0,1.6387701497987262,1.6481420661836779
ElasticNet,B0018,35.0,1.6276486907262062,1.63889368214382
ElasticNet,B0018,36.0,1.62215370227252,1.62803416512831
ElasticNet,B0018,37.0,1.6140066510467586,1.6226110775007028
ElasticNet,B0018,38.0,1.6760516154424623,1.6146255039081974
ElasticNet,B0018,39.0,1.649300642552199,1.67446112096465
ElasticNet,B0018,40.0,1.63238299185809,1.6484999969216372
ElasticNet,B0018,41.0,1.6164159719025777,1.6320400620590938
ElasticNet,B0018,42.0,1.6109028378249377,1.6164986491678641
ElasticNet,B0018,43.0,1.5954638693695657,1.6110580288079268
ElasticNet,B0018,44.0,1.726707440085764,1.5960268318030257
ElasticNet,B0018,45.0,1.7165673917429753,1.7227237838753273
ElasticNet,B0018,46.0,1.6958235570934848,1.7128125291887546
ElasticNet,B0018,47.0,1.6777783190792557,1.6926556446204875
ElasticNet,B0018,48.0,1.6606586897774192,1.6751062081396457
ElasticNet,B0018,49.0,1.6664109274827466,1.6584511167548053
ElasticNet,B0018,50.0,1.6468336174407805,1.6638953658584308
ElasticNet,B0018,51.0,1.6257639928779952,1.6448656050392563
ElasticNet,B0018,52.0,1.6121577411874595,1.6243939345280949
ElasticNet,B0018,53.0,1.6057366823755344,1.6111335519386654
ElasticNet,B0018,54.0,1.673645314879889,1.6048156731618883
ElasticNet,B0018,55.0,1.6404348572349936,1.6703169054479092
ElasticNet,B0018,56.0,1.6132653317422077,1.6381144739975053
ElasticNet,B0018,57.0,1.5920964324686278,1.6117489345006693
ElasticNet,B0018,58.0,1.5866011820698824,1.5911813424088577
ElasticNet,B0018,59.0,1.5800766490336253,1.5857580016837203
ElasticNet,B0018,60.0,1.5641732953289167,1.579340143656689
ElasticNet,B0018,61.0,1.555618272193922,1.5638602466073317
ElasticNet,B0018,62.0,1.5402045278637397,1.555480480877864
ElasticNet,B0018,63.0,1.5321613015959863,1.5404736560211094
ElasticNet,B0018,64.0,1.5316232403693415,1.5325884005660566
ElasticNet,B0018,65.0,1.5222595950771978,1.5319548136177172
ElasticNet,B0018,66.0,1.5065267126851283,1.5227937379771803
ElasticNet,B0018,67.0,1.5014219556532926,1.5074785543541622
ElasticNet,B0018,68.0,1.4963534117486457,1.5024325175837532
ElasticNet,B0018,69.0,1.5334262000312422,1.497421470795913
ElasticNet,B0018,70.0,1.523845267514426,1.5331283788803944
ElasticNet,B0018,71.0,1.5011920994261239,1.523757355168704
ElasticNet,B0018,72.0,1.492417671450291,1.5017556273370034
ElasticNet,B0018,73.0,1.483323851940123,1.493163867445407
ElasticNet,B0018,74.0,1.4807376792294196,1.484263503876455
ElasticNet,B0018,75.0,1.4735077809902477,1.4816509830251519
ElasticNet,B0018,76.0,1.46801928526661,1.474551584405783
ElasticNet,B0018,77.0,1.4580923557119019,1.469134770207975
ElasticNet,B0018,78.0,1.4478660988891399,1.4594294359502333
ElasticNet,B0018,79.0,1.4527808777541982,1.4494348845851985
ElasticNet,B0018,80.0,1.4425356364492432,1.4540699610904357
ElasticNet,B0018,81.0,1.4392712877203313,1.4440570664683399
ElasticNet,B0018,82.0,1.4286475681888218,1.4407892758599679
ElasticNet,B0018,83.0,1.4249026750004896,1.4304106865967883
ElasticNet,B0018,84.0,1.4698115324524124,1.4266785825318347
ElasticNet,B0018,85.0,1.4525819651050202,1.4699568865417065
ElasticNet,B0018,86.0,1.442834198908794,1.453195570409205
ElasticNet,B0018,87.0,1.428376058807949,1.4436633480386964
ElasticNet,B0018,88.0,1.4154547844370715,1.4295798506579949
ElasticNet,B0018,89.0,1.454576670077708,1.4169813094044417
ElasticNet,B0018,90.0,1.4283179548274056,1.454668103966715
ElasticNet,B0018,91.0,1.4197026883204058,1.4291826109331924
ElasticNet,B0018,92.0,1.4155606630306516,1.4207446366285479
ElasticNet,B0018,93.0,1.405680035419228,1.4166288141060903
ElasticNet,B0018,94.0,1.4084461071166137,1.4069682178843648
ElasticNet,B0018,95.0,1.3968547782872414,1.409527162550713
ElasticNet,B0018,96.0,1.3935670371440676,1.3982136462294765
ElasticNet,B0018,97.0,1.3893644292809475,1.3949232533155098
ElasticNet,B0018,98.0,1.3785651415666713,1.390748894473474
ElasticNet,B0018,99.0,1.384901110085747,1.3802006670671256
ElasticNet,B0018,100.0,1.3703251814242443,1.3862089307307601
ElasticNet,B0018,101.0,1.3733464385229082,1.3720116232484696
ElasticNet,B0018,102.0,1.3679487285504814,1.3748171341032607
ElasticNet,B0018,103.0,1.3567141087089647,1.3694880392519704
ElasticNet,B0018,104.0,1.4604310209194575,1.3585191836169583
ElasticNet,B0018,105.0,1.4500998937104097,1.4586192252299268
ElasticNet,B0018,106.0,1.4381406901824496,1.448523345609837
ElasticNet,B0018,107.0,1.4283681980964316,1.4368543800277842
ElasticNet,B0018,108.0,1.4147874517552432,1.4272982669159897
ElasticNet,B0018,109.0,1.413889163393182,1.4140625282001598
ElasticNet,B0018,110.0,1.3989331662177225,1.4130808812479625
ElasticNet,B0018,111.0,1.3953322584033976,1.3985163425511737
ElasticNet,B0018,112.0,1.390046129540245,1.394923360570331
ElasticNet,B0018,113.0,1.3860271454209647,1.3897020780338447
ElasticNet,B0018,114.0,1.388215260193751,1.3857051408091876
ElasticNet,B0018,115.0,1.3761826562394497,1.3877056497841955
ElasticNet,B0018,116.0,1.3647168898640165,1.375965762968944
ElasticNet,B0018,117.0,1.3589854739373584,1.3647735680694042
ElasticNet,B0018,118.0,1.3462308764008801,1.359122038608675
ElasticNet,B0018,119.0,1.4268427818454643,1.34668454446657
ElasticNet,B0018,120.0,1.4064481483279663,1.424459980425431
ElasticNet,B0018,121.0,1.3934907492075153,1.4046405022749455
ElasticNet,B0018,122.0,1.3882493512249316,1.3920070564313718
ElasticNet,B0018,123.0,1.3701878338420928,1.3868289939328358
ElasticNet,B0018,124.0,1.3796951665608619,1.36926382793985
ElasticNet,B0018,125.0,1.3686586323935683,1.3783363389270635
ElasticNet,B0018,126.0,1.3627371779096438,1.3675588783696448
ElasticNet,B0018,127.0,1.3634051133928073,1.3617237291466266
ElasticNet,B0018,128.0,1.3518646035305233,1.3622554048289977
ElasticNet,B0018,129.0,1.3547969729652622,1.3509909909993332
ElasticNet,B0018,130.0,1.341051440640485,1.3537106164845705
KNeighborsRegressor,B0018,0.0,1.8431955317089987,1.8464494302877257
KNeighborsRegressor,B0018,1.0,1.8396018424355423,1.8374492279610077
KNeighborsRegressor,B0018,2.0,1.8306736044962053,1.8352130066015544
KNeighborsRegressor,B0018,3.0,1.8327002069419656,1.8332945258701834
KNeighborsRegressor,B0018,4.0,1.8285288846046388,1.8332945258701838
KNeighborsRegressor,B0018,5.0,1.8212011895697924,1.8311967909515878
KNeighborsRegressor,B0018,6.0,1.8151700106433282,1.8269819215323466
KNeighborsRegressor,B0018,7.0,1.8042980520967649,1.8203921535389633
KNeighborsRegressor,B0018,8.0,1.8231002302844226,1.8202398646802016
KNeighborsRegressor,B0018,9.0,1.8121253520255494,1.8203921535389633
KNeighborsRegressor,B0018,10.0,1.8046916382117766,1.813722428262596
KNeighborsRegressor,B0018,11.0,1.790844349786295,1.8068954107862993
KNeighborsRegressor,B0018,12.0,1.783470722841926,1.8047586420920005
KNeighborsRegressor,B0018,13.0,1.7809386125310702,1.8115116670016582
KNeighborsRegressor,B0018,14.0,1.771209039672698,1.8115116670016582
KNeighborsRegressor,B0018,15.0,1.7686303996707076,1.8115116670016582
KNeighborsRegressor,B0018,16.0,1.7536304801917124,1.8115116670016582
KNeighborsRegressor,B0018,17.0,1.7462197416415093,1.8115116670016582
KNeighborsRegressor,B0018,18.0,1.7376647337053737,1.8115116670016582
KNeighborsRegressor,B0018,19.0,1.7315166735475835,1.8115116670016582
KNeighborsRegressor,B0018,20.0,1.7085949894470602,1.8115116670016582
KNeighborsRegressor,B0018,21.0,1.711469957068211,1.7788528315180323
KNeighborsRegressor,B0018,22.0,1.7075021373272627,1.7555939075667335
KNeighborsRegressor,B0018,23.0,1.7492382064360228,1.7555939075667335
KNeighborsRegressor,B0018,24.0,1.7327697147429955,1.8217503051447466
KNeighborsRegressor,B0018,25.0,1.7222313328292376,1.7555939075667335
KNeighborsRegressor,B0018,26.0,1.711846298984729,1.7555939075667335
KNeighborsRegressor,B0018,27.0,1.699267835126687,1.743651538959093
KNeighborsRegressor,B0018,28.0,1.6940366439243106,1.7320388462691434
KNeighborsRegressor,B0018,29.0,1.6819027078768087,1.7467244628653777
KNeighborsRegressor,B0018,30.0,1.6769770618433686,1.7467244628653777
KNeighborsRegressor,B0018,31.0,1.6655229306478936,1.7467244628653777
KNeighborsRegressor,B0018,32.0,1.6571924575832084,1.7467244628653777
KNeighborsRegressor,B0018,33.0,1.6482241555294048,1.7331213285566278
KNeighborsRegressor,B0018,34.0,1.6387701497987262,1.7080853332972794
KNeighborsRegressor,B0018,35.0,1.6276486907262062,1.7018968458243038
KNeighborsRegressor,B0018,36.0,1.62215370227252,1.6956284645022208
KNeighborsRegressor,B0018,37.0,1.6140066510467586,1.6809868965520605
KNeighborsRegressor,B0018,38.0,1.6760516154424623,1.6380129302549278
KNeighborsRegressor,B0018,39.0,1.649300642552199,1.7352386525913155
KNeighborsRegressor,B0018,40.0,1.63238299185809,1.7018968458243038
KNeighborsRegressor,B0018,41.0,1.6164159719025777,1.6809868965520605
KNeighborsRegressor,B0018,42.0,1.6109028378249377,1.6265660004933593
KNeighborsRegressor,B0018,43.0,1.5954638693695657,1.6265660004933593
KNeighborsRegressor,B0018,44.0,1.726707440085764,1.6056345177139988
KNeighborsRegressor,B0018,45.0,1.7165673917429753,1.740025142962775
KNeighborsRegressor,B0018,46.0,1.6958235570934848,1.748237165060519
KNeighborsRegressor,B0018,47.0,1.6777783190792557,1.7154525903055617
KNeighborsRegressor,B0018,48.0,1.6606586897774192,1.7071228617730454
KNeighborsRegressor,B0018,49.0,1.6664109274827466,1.6611110727988767
KNeighborsRegressor,B0018,50.0,1.6468336174407805,1.6611110727988767
KNeighborsRegressor,B0018,51.0,1.6257639928779952,1.650538370641596
KNeighborsRegressor,B0018,52.0,1.6121577411874595,1.6265660004933593
KNeighborsRegressor,B0018,53.0,1.6057366823755344,1.6056345177139988
KNeighborsRegressor,B0018,54.0,1.673645314879889,1.6056345177139988
KNeighborsRegressor,B0018,55.0,1.6404348572349936,1.6595932141414818
KNeighborsRegressor,B0018,56.0,1.6132653317422077,1.6380129302549278
KNeighborsRegressor,B0018,57.0,1.5920964324686278,1.6056345177139988
KNeighborsRegressor,B0018,58.0,1.5866011820698824,1.5880465255678928
KNeighborsRegressor,B0018,59.0,1.5800766490336253,1.5880465255678928
KNeighborsRegressor,B0018,60.0,1.5641732953289167,1.5796105503827853
KNeighborsRegressor,B0018,61.0,1.555618272193922,1.5606599150124252
KNeighborsRegressor,B0018,62.0,1.5402045278637397,1.5491282950111906
KNeighborsRegressor,B0018,63.0,1.5321613015959863,1.5417321740298269
KNeighborsRegressor,B0018,64.0,1.5316232403693415,1.534394587925031
KNeighborsRegressor,B0018,65.0,1.5222595950771978,1.527070209802331
KNeighborsRegressor,B0018,66.0,1.5065267126851283,1.5208136785968438
KNeighborsRegressor,B0018,67.0,1.5014219556532926,1.5165503903653694
KNeighborsRegressor,B0018,68.0,1.4963534117486457,1.5103230920366915
KNeighborsRegressor,B0018,69.0,1.5334262000312422,1.5049396927935315
KNeighborsRegressor,B0018,70.0,1.523845267514426,1.5208136785968438
KNeighborsRegressor,B0018,71.0,1.5011920994261239,1.5165503903653694
KNeighborsRegressor,B0018,72.0,1.492417671450291,1.5049658107202166
KNeighborsRegressor,B0018,73.0,1.483323851940123,1.5049658107202166
KNeighborsRegressor,B0018,74.0,1.4807376792294196,1.4936356052928557
KNeighborsRegressor,B0018,75.0,1.4735077809902477,1.4936356052928557
KNeighborsRegressor,B0018,76.0,1.46801928526661,1.4895745359120467
KNeighborsRegressor,B0018,77.0,1.4580923557119019,1.4855513741234563
KNeighborsRegressor,B0018,78.0,1.4478660988891399,1.4645488716942596
KNeighborsRegressor,B0018,79.0,1.4527808777541982,1.4530143622798808
KNeighborsRegressor,B0018,80.0,1.4425356364492432,1.45933559660982
KNeighborsRegressor,B0018,81.0,1.4392712877203313,1.4478459021842165
KNeighborsRegressor,B0018,82.0,1.4286475681888218,1.4762373808957923
KNeighborsRegressor,B0018,83.0,1.4249026750004896,1.4762373808957923
KNeighborsRegressor,B0018,84.0,1.4698115324524124,1.4762373808957923
KNeighborsRegressor,B0018,85.0,1.4525819651050202,1.4582865691466778
KNeighborsRegressor,B0018,86.0,1.442834198908794,1.4762373808957923
KNeighborsRegressor,B0018,87.0,1.428376058807949,1.4762373808957923
KNeighborsRegressor,B0018,88.0,1.4154547844370715,1.4762373808957923
KNeighborsRegressor,B0018,89.0,1.454576670077708,1.4762373808957923
KNeighborsRegressor,B0018,90.0,1.4283179548274056,1.476219920097699
KNeighborsRegressor,B0018,91.0,1.4197026883204058,1.4740724253470576
KNeighborsRegressor,B0018,92.0,1.4155606630306516,1.466775342935921
KNeighborsRegressor,B0018,93.0,1.405680035419228,1.4584020790450107
KNeighborsRegressor,B0018,94.0,1.4084461071166137,1.430135908049176
KNeighborsRegressor,B0018,95.0,1.3968547782872414,1.430135908049176
KNeighborsRegressor,B0018,96.0,1.3935670371440676,1.4258399891873703
KNeighborsRegressor,B0018,97.0,1.3893644292809475,1.4258399891873703
KNeighborsRegressor,B0018,98.0,1.3785651415666713,1.4216185092227176
KNeighborsRegressor,B0018,99.0,1.384901110085747,1.4135144850657237
KNeighborsRegressor,B0018,100.0,1.3703251814242443,1.4135144850657237
KNeighborsRegressor,B0018,101.0,1.3733464385229082,1.393554212625265
KNeighborsRegressor,B0018,102.0,1.3679487285504814,1.3873070337633056
KNeighborsRegressor,B0018,103.0,1.3567141087089647,1.3839953722862666
KNeighborsRegressor,B0018,104.0,1.4604310209194575,1.3839953722862668
KNeighborsRegressor,B0018,105.0,1.4500998937104097,1.4487341965297305
KNeighborsRegressor,B0018,106.0,1.4381406901824496,1.4456881384624234
KNeighborsRegressor,B0018,107.0,1.4283681980964316,1.4392604158188462
KNeighborsRegressor,B0018,108.0,1.4147874517552432,1.4239306194998471
KNeighborsRegressor,B0018,109.0,1.413889163393182,1.398732853309058
KNeighborsRegressor,B0018,110.0,1.3989331662177225,1.4059496167075125
KNeighborsRegressor,B0018,111.0,1.3953322584033976,1.3873070337633056
KNeighborsRegressor,B0018,112.0,1.390046129540245,1.3830261804311648
KNeighborsRegressor,B0018,113.0,1.3860271454209647,1.375628689708758
KNeighborsRegressor,B0018,114.0,1.388215260193751,1.375628689708758
KNeighborsRegressor,B0018,115.0,1.3761826562394497,1.379890456075231
KNeighborsRegressor,B0018,116.0,1.3647168898640165,1.3737127770238573
KNeighborsRegressor,B0018,117.0,1.3589854739373584,1.3654173481933125
KNeighborsRegressor,B0018,118.0,1.3462308764008801,1.3632287624468185
KNeighborsRegressor,B0018,119.0,1.4268427818454643,1.3590859315773645
KNeighborsRegressor,B0018,120.0,1.4064481483279663,1.420716364094925
KNeighborsRegressor,B0018,121.0,1.3934907492075153,1.4033994672917078
KNeighborsRegressor,B0018,122.0,1.3882493512249316,1.3908274361818616
KNeighborsRegressor,B0018,123.0,1.3701878338420928,1.3845833668881027
KNeighborsRegressor,B0018,124.0,1.3796951665608619,1.3601441404107226
KNeighborsRegressor,B0018,125.0,1.3686586323935683,1.3739459582344344
KNeighborsRegressor,B0018,126.0,1.3627371779096438,1.3652132735368248
KNeighborsRegressor,B0018,127.0,1.3634051133928073,1.3657117604093156
KNeighborsRegressor,B0018,128.0,1.3518646035305233,1.3712770603812152
KNeighborsRegressor,B0018,129.0,1.3547969729652622,1.3547312809421093
KNeighborsRegressor,B0018,130.0,1.341051440640485,1.3614323388231633
DecisionTreeRegressor,B0018,0.0,1.8431955317089987,1.8543994442473006
DecisionTreeRegressor,B0018,1.0,1.8396018424355423,1.8543994442473006
DecisionTreeRegressor,B0018,2.0,1.8306736044962053,1.8155936749148365
DecisionTreeRegressor,B0018,3.0,1.8327002069419656,1.8155936749148365
DecisionTreeRegressor,B0018,4.0,1.8285288846046388,1.8155936749148365
DecisionTreeRegressor,B0018,5.0,1.8212011895697924,1.8155936749148365
DecisionTreeRegressor,B0018,6.0,1.8151700106433282,1.8155936749148365
DecisionTreeRegressor,B0018,7.0,1.8042980520967649,1.8155936749148365
DecisionTreeRegressor,B0018,8.0,1.8231002302844226,1.8155936749148365
DecisionTreeRegressor,B0018,9.0,1.8121253520255494,1.8155936749148365
DecisionTreeRegressor,B0018,10.0,1.8046916382117766,1.8155936749148365
DecisionTreeRegressor,B0018,11.0,1.790844349786295,1.8155936749148365
DecisionTreeRegressor,B0018,12.0,1.783470722841926,1.7826444717157235
DecisionTreeRegressor,B0018,13.0,1.7809386125310702,1.7826444717157235
DecisionTreeRegressor,B0018,14.0,1.771209039672698,1.7826444717157235
DecisionTreeRegressor,B0018,15.0,1.7686303996707076,1.7497507131582828
DecisionTreeRegressor,B0018,16.0,1.7536304801917124,1.7497507131582828
DecisionTreeRegressor,B0018,17.0,1.7462197416415093,1.7497507131582828
DecisionTreeRegressor,B0018,18.0,1.7376647337053737,1.7497507131582828
DecisionTreeRegressor,B0018,19.0,1.7315166735475835,1.7497507131582828
DecisionTreeRegressor,B0018,20.0,1.7085949894470602,1.7076564337045994
DecisionTreeRegressor,B0018,21.0,1.711469957068211,1.7076564337045994
DecisionTreeRegressor,B0018,22.0,1.7075021373272627,1.7076564337045994
DecisionTreeRegressor,B0018,23.0,1.7492382064360228,1.7076564337045994
DecisionTreeRegressor,B0018,24.0,1.7327697147429955,1.7497507131582828
DecisionTreeRegressor,B0018,25.0,1.7222313328292376,1.7076564337045994
DecisionTreeRegressor,B0018,26.0,1.711846298984729,1.7076564337045994
DecisionTreeRegressor,B0018,27.0,1.699267835126687,1.7076564337045994
DecisionTreeRegressor,B0018,28.0,1.6940366439243106,1.7591496609808097
DecisionTreeRegressor,B0018,29.0,1.6819027078768087,1.668749013635872
DecisionTreeRegressor,B0018,30.0,1.6769770618433686,1.668749013635872
DecisionTreeRegressor,B0018,31.0,1.6655229306478936,1.668749013635872
DecisionTreeRegressor,B0018,32.0,1.6571924575832084,1.668749013635872
DecisionTreeRegressor,B0018,33.0,1.6482241555294048,1.668749013635872
DecisionTreeRegressor,B0018,34.0,1.6387701497987262,1.6366282052624983
DecisionTreeRegressor,B0018,35.0,1.6276486907262062,1.6366282052624983
DecisionTreeRegressor,B0018,36.0,1.62215370227252,1.615455338196829
DecisionTreeRegressor,B0018,37.0,1.6140066510467586,1.615455338196829
DecisionTreeRegressor,B0018,38.0,1.6760516154424623,1.5936340325435936
DecisionTreeRegressor,B0018,39.0,1.649300642552199,1.668749013635872
DecisionTreeRegressor,B0018,40.0,1.63238299185809,1.6366282052624983
DecisionTreeRegressor,B0018,41.0,1.6164159719025777,1.6366282052624983
DecisionTreeRegressor,B0018,42.0,1.6109028378249377,1.615455338196829
DecisionTreeRegressor,B0018,43.0,1.5954638693695657,1.5936340325435936
DecisionTreeRegressor,B0018,44.0,1.726707440085764,1.5936340325435936
DecisionTreeRegressor,B0018,45.0,1.7165673917429753,1.7076564337045994
DecisionTreeRegressor,B0018,46.0,1.6958235570934848,1.7076564337045994
DecisionTreeRegressor,B0018,47.0,1.6777783190792557,1.668749013635872
DecisionTreeRegressor,B0018,48.0,1.6606586897774192,1.668749013635872
DecisionTreeRegressor,B0018,49.0,1.6664109274827466,1.668749013635872
DecisionTreeRegressor,B0018,50.0,1.6468336174407805,1.668749013635872
DecisionTreeRegressor,B0018,51.0,1.6257639928779952,1.6366282052624983
DecisionTreeRegressor,B0018,52.0,1.6121577411874595,1.615455338196829
DecisionTreeRegressor,B0018,53.0,1.6057366823755344,1.5936340325435936
DecisionTreeRegressor,B0018,54.0,1.673645314879889,1.5936340325435936
DecisionTreeRegressor,B0018,55.0,1.6404348572349936,1.668749013635872
DecisionTreeRegressor,B0018,56.0,1.6132653317422077,1.6366282052624983
DecisionTreeRegressor,B0018,57.0,1.5920964324686278,1.5936340325435936
DecisionTreeRegressor,B0018,58.0,1.5866011820698824,1.5936340325435936
DecisionTreeRegressor,B0018,59.0,1.5800766490336253,1.5936340325435936
DecisionTreeRegressor,B0018,60.0,1.5641732953289167,1.5661103069623767
DecisionTreeRegressor,B0018,61.0,1.555618272193922,1.5499975394170182
DecisionTreeRegressor,B0018,62.0,1.5402045278637397,1.5499975394170182
DecisionTreeRegressor,B0018,63.0,1.5321613015959863,1.5244567407962473
DecisionTreeRegressor,B0018,64.0,1.5316232403693415,1.5244567407962473
DecisionTreeRegressor,B0018,65.0,1.5222595950771978,1.5244567407962473
DecisionTreeRegressor,B0018,66.0,1.5065267126851283,1.5244567407962473
DecisionTreeRegressor,B0018,67.0,1.5014219556532926,1.492584893587599
DecisionTreeRegressor,B0018,68.0,1.4963534117486457,1.492584893587599
DecisionTreeRegressor,B0018,69.0,1.5334262000312422,1.492584893587599
DecisionTreeRegressor,B0018,70.0,1.523845267514426,1.5244567407962473
DecisionTreeRegressor,B0018,71.0,1.5011920994261239,1.5244567407962473
DecisionTreeRegressor,B0018,72.0,1.492417671450291,1.492584893587599
DecisionTreeRegressor,B0018,73.0,1.483323851940123,1.492584893587599
DecisionTreeRegressor,B0018,74.0,1.4807376792294196,1.4761439830062064
DecisionTreeRegressor,B0018,75.0,1.4735077809902477,1.4761439830062064
DecisionTreeRegressor,B0018,76.0,1.46801928526661,1.4761439830062064
DecisionTreeRegressor,B0018,77.0,1.4580923557119019,1.4537503064708912
DecisionTreeRegressor,B0018,78.0,1.4478660988891399,1.4537503064708912
DecisionTreeRegressor,B0018,79.0,1.4527808777541982,1.4537503064708912
DecisionTreeRegressor,B0018,80.0,1.4425356364492432,1.4537503064708912
DecisionTreeRegressor,B0018,81.0,1.4392712877203313,1.4537503064708912
DecisionTreeRegressor,B0018,82.0,1.4286475681888218,1.423357803465493
DecisionTreeRegressor,B0018,83.0,1.4249026750004896,1.423357803465493
DecisionTreeRegressor,B0018,84.0,1.4698115324524124,1.423357803465493
DecisionTreeRegressor,B0018,85.0,1.4525819651050202,1.4537503064708912
DecisionTreeRegressor,B0018,86.0,1.442834198908794,1.4537503064708912
DecisionTreeRegressor,B0018,87.0,1.428376058807949,1.4537503064708912
DecisionTreeRegressor,B0018,88.0,1.4154547844370715,1.423357803465493
DecisionTreeRegressor,B0018,89.0,1.454576670077708,1.423357803465493
DecisionTreeRegressor,B0018,90.0,1.4283179548274056,1.4537503064708912
DecisionTreeRegressor,B0018,91.0,1.4197026883204058,1.423357803465493
DecisionTreeRegressor,B0018,92.0,1.4155606630306516,1.423357803465493
DecisionTreeRegressor,B0018,93.0,1.405680035419228,1.423357803465493
DecisionTreeRegressor,B0018,94.0,1.4084461071166137,1.3934001318156157
DecisionTreeRegressor,B0018,95.0,1.3968547782872414,1.423357803465493
DecisionTreeRegressor,B0018,96.0,1.3935670371440676,1.3934001318156157
DecisionTreeRegressor,B0018,97.0,1.3893644292809475,1.3934001318156157
DecisionTreeRegressor,B0018,98.0,1.3785651415666713,1.3934001318156157
DecisionTreeRegressor,B0018,99.0,1.384901110085747,1.3648261531222687
DecisionTreeRegressor,B0018,100.0,1.3703251814242443,1.3934001318156157
DecisionTreeRegressor,B0018,101.0,1.3733464385229082,1.3648261531222687
DecisionTreeRegressor,B0018,102.0,1.3679487285504814,1.3648261531222687
DecisionTreeRegressor,B0018,103.0,1.3567141087089647,1.3648261531222687
DecisionTreeRegressor,B0018,104.0,1.4604310209194575,1.3648261531222687
DecisionTreeRegressor,B0018,105.0,1.4500998937104097,1.4537503064708912
DecisionTreeRegressor,B0018,106.0,1.4381406901824496,1.4537503064708912
DecisionTreeRegressor,B0018,107.0,1.4283681980964316,1.423357803465493
DecisionTreeRegressor,B0018,108.0,1.4147874517552432,1.423357803465493
DecisionTreeRegressor,B0018,109.0,1.413889163393182,1.423357803465493
DecisionTreeRegressor,B0018,110.0,1.3989331662177225,1.423357803465493
DecisionTreeRegressor,B0018,111.0,1.3953322584033976,1.3934001318156157
DecisionTreeRegressor,B0018,112.0,1.390046129540245,1.3934001318156157
DecisionTreeRegressor,B0018,113.0,1.3860271454209647,1.3934001318156157
DecisionTreeRegressor,B0018,114.0,1.388215260193751,1.3934001318156157
DecisionTreeRegressor,B0018,115.0,1.3761826562394497,1.3934001318156157
DecisionTreeRegressor,B0018,116.0,1.3647168898640165,1.3648261531222687
DecisionTreeRegressor,B0018,117.0,1.3589854739373584,1.3648261531222687
DecisionTreeRegressor,B0018,118.0,1.3462308764008801,1.3648261531222687
DecisionTreeRegressor,B0018,119.0,1.4268427818454643,1.3283136169164718
DecisionTreeRegressor,B0018,120.0,1.4064481483279663,1.423357803465493
DecisionTreeRegressor,B0018,121.0,1.3934907492075153,1.3934001318156157
DecisionTreeRegressor,B0018,122.0,1.3882493512249316,1.3934001318156157
DecisionTreeRegressor,B0018,123.0,1.3701878338420928,1.3934001318156157
DecisionTreeRegressor,B0018,124.0,1.3796951665608619,1.3648261531222687
DecisionTreeRegressor,B0018,125.0,1.3686586323935683,1.3648261531222687
DecisionTreeRegressor,B0018,126.0,1.3627371779096438,1.3648261531222687
DecisionTreeRegressor,B0018,127.0,1.3634051133928073,1.3648261531222687
DecisionTreeRegressor,B0018,128.0,1.3518646035305233,1.3648261531222687
DecisionTreeRegressor,B0018,129.0,1.3547969729652622,1.3283136169164718
DecisionTreeRegressor,B0018,130.0,1.341051440640485,1.3648261531222687
SVR,B0018,0.0,1.8431955317089987,1.8722630803460936
SVR,B0018,1.0,1.8396018424355423,1.8644515967014739
SVR,B0018,2.0,1.8306736044962053,1.8625148716069775
SVR,B0018,3.0,1.8327002069419656,1.8563520529609212
SVR,B0018,4.0,1.8285288846046388,1.8584981056138692
SVR,B0018,5.0,1.8212011895697924,1.8557596375045313
SVR,B0018,6.0,1.8151700106433282,1.850428211255479
SVR,B0018,7.0,1.8042980520967649,1.845969387170079
SVR,B0018,8.0,1.8231002302844226,1.8374919340233604
SVR,B0018,9.0,1.8121253520255494,1.852524066439932
SVR,B0018,10.0,1.8046916382117766,1.843949127757245
SVR,B0018,11.0,1.790844349786295,1.8380005894104043
SVR,B0018,12.0,1.783470722841926,1.8267654059266707
SVR,B0018,13.0,1.7809386125310702,1.8206359556132263
SVR,B0018,14.0,1.771209039672698,1.8183645802584107
SVR,B0018,15.0,1.7686303996707076,1.8101967352168178
SVR,B0018,16.0,1.7536304801917124,1.8077716800462702
SVR,B0018,17.0,1.7462197416415093,1.7952709598182734
SVR,B0018,18.0,1.7376647337053737,1.7888951762447174
SVR,B0018,19.0,1.7315166735475835,1.7816020341166008
SVR,B0018,20.0,1.7085949894470602,1.7762298772884637
SVR,B0018,21.0,1.711469957068211,1.7578055811234834
SVR,B0018,22.0,1.7075021373272627,1.7594907957750707
SVR,B0018,23.0,1.7492382064360228,1.7558549969783261
SVR,B0018,24.0,1.7327697147429955,1.7873005342702766
SVR,B0018,25.0,1.7222313328292376,1.77374424751274
SVR,B0018,26.0,1.711846298984729,1.7648414868137094
SVR,B0018,27.0,1.699267835126687,1.7561432620728874
SVR,B0018,28.0,1.6940366439243106,1.7459349692670074
SVR,B0018,29.0,1.6819027078768087,1.7412194332716755
SVR,B0018,30.0,1.6769770618433686,1.7315893017234085
SVR,B0018,31.0,1.6655229306478936,1.7271877919637353
SVR,B0018,32.0,1.6571924575832084,1.718301795131195
SVR,B0018,33.0,1.6482241555294048,1.7117013344823824
SVR,B0018,34.0,1.6387701497987262,1.7047819881550161
SVR,B0018,35.0,1.6276486907262062,1.69767354344586
SVR,B0018,36.0,1.62215370227252,1.6896640332677655
SVR,B0018,37.0,1.6140066510467586,1.68528821277772
SVR,B0018,38.0,1.6760516154424623,1.6793589804651807
SVR,B0018,39.0,1.649300642552199,1.71756741398955
SVR,B0018,40.0,1.63238299185809,1.698982442050303
SVR,B0018,41.0,1.6164159719025777,1.6872567929623994
SVR,B0018,42.0,1.6109028378249377,1.6765148059970474
SVR,B0018,43.0,1.5954638693695657,1.672150076667563
SVR,B0018,44.0,1.726707440085764,1.6622572229578374
SVR,B0018,45.0,1.7165673917429753,1.7409528982076252
SVR,B0018,46.0,1.6958235570934848,1.7327496776364506
SVR,B0018,47.0,1.6777783190792557,1.7181025127225786
SVR,B0018,48.0,1.6606586897774192,1.7053734854105667
SVR,B0018,49.0,1.6664109274827466,1.6934840010038699
SVR,B0018,50.0,1.6468336174407805,1.6953071712679544
SVR,B0018,51.0,1.6257639928779952,1.6822932709969638
SVR,B0018,52.0,1.6121577411874595,1.668843221992697
SVR,B0018,53.0,1.6057366823755344,1.65992384588637
SVR,B0018,54.0,1.673645314879889,1.6550592660896257
SVR,B0018,55.0,1.6404348572349936,1.69097603110059
SVR,B0018,56.0,1.6132653317422077,1.6708469878161365
SVR,B0018,57.0,1.5920964324686278,1.6546942136837586
SVR,B0018,58.0,1.5866011820698824,1.64229275454108
SVR,B0018,59.0,1.5800766490336253,1.638105509725463
SVR,B0018,60.0,1.5641732953289167,1.633461678432451
SVR,B0018,61.0,1.555618272193922,1.6244182829277336
SVR,B0018,62.0,1.5402045278637397,1.6190453396275661
SVR,B0018,63.0,1.5321613015959863,1.6107159915704348
SVR,B0018,64.0,1.5316232403693415,1.6058307197482724
SVR,B0018,65.0,1.5222595950771978,1.6042155449082935
SVR,B0018,66.0,1.5065267126851283,1.59885547287
SVR,B0018,67.0,1.5014219556532926,1.591026503154495
SVR,B0018,68.0,1.4963534117486457,1.587592533773722
SVR,B0018,69.0,1.5334262000312422,1.5841876845087766
SVR,B0018,70.0,1.523845267514426,1.5979370699014364
SVR,B0018,71.0,1.5011920994261239,1.5924438575853188
SVR,B0018,72.0,1.492417671450291,1.5817556028277857
SVR,B0018,73.0,1.483323851940123,1.5768475814392
SVR,B0018,74.0,1.4807376792294196,1.5718664408991183
SVR,B0018,75.0,1.4735077809902477,1.5693777512047153
SVR,B0018,76.0,1.46801928526661,1.5651258417256053
SVR,B0018,77.0,1.4580923557119019,1.561526711605267
SVR,B0018,78.0,1.4478660988891399,1.5562908052218118
SVR,B0018,79.0,1.4527808777541982,1.5509732021676181
SVR,B0018,80.0,1.4425356364492432,1.5510907587697427
SVR,B0018,81.0,1.4392712877203313,1.545693840436393
SVR,B0018,82.0,1.4286475681888218,1.5427936461030707
SVR,B0018,83.0,1.4249026750004896,1.5372189703401689
SVR,B0018,84.0,1.4698115324524124,1.534060588671438
SVR,B0018,85.0,1.4525819651050202,1.5494553358636267
SVR,B0018,86.0,1.442834198908794,1.5409219428701724
SVR,B0018,87.0,1.428376058807949,1.5353492003748939
SVR,B0018,88.0,1.4154547844370715,1.52790772048817
SVR,B0018,89.0,1.454576670077708,1.5210399927816467
SVR,B0018,90.0,1.4283179548274056,1.5348669613028012
SVR,B0018,91.0,1.4197026883204058,1.5222172532311218
SVR,B0018,92.0,1.4155606630306516,1.5167750506766509
SVR,B0018,93.0,1.405680035419228,1.5130820674662726
SVR,B0018,94.0,1.4084461071166137,1.5069575085103746
SVR,B0018,95.0,1.3968547782872414,1.5059982947796604
SVR,B0018,96.0,1.3935670371440676,1.4989651986386179
SVR,B0018,97.0,1.3893644292809475,1.4953378749421526
SVR,B0018,98.0,1.3785651415666713,1.491253517022424
SVR,B0018,99.0,1.384901110085747,1.4842425766610674
SVR,B0018,100.0,1.3703251814242443,1.4846098360388682
SVR,B0018,101.0,1.3733464385229082,1.4756997389243731
SVR,B0018,102.0,1.3679487285504814,1.4745210918911624
SVR,B0018,103.0,1.3567141087089647,1.4695130135910413
SVR,B0018,104.0,1.4604310209194575,1.4617499794254603
SVR,B0018,105.0,1.4500998937104097,1.5119604839483032
SVR,B0018,106.0,1.4381406901824496,1.504755376690685
SVR,B0018,107.0,1.4283681980964316,1.4964762091227577
SVR,B0018,108.0,1.4147874517552432,1.4891960508998354
SVR,B0018,109.0,1.413889163393182,1.4795947066980768
SVR,B0018,110.0,1.3989331662177225,1.4770100500317402
SVR,B0018,111.0,1.3953322584033976,1.4662461334936627
SVR,B0018,112.0,1.390046129540245,1.461899615083452
SVR,B0018,113.0,1.3860271454209647,1.4564839901727111
SVR,B0018,114.0,1.388215260193751,1.4517397991938474
SVR,B0018,115.0,1.3761826562394497,1.4507413696530527
SVR,B0018,116.0,1.3647168898640165,1.4409238720543822
SVR,B0018,117.0,1.3589854739373584,1.4313280448960655
SVR,B0018,118.0,1.3462308764008801,1.4251838859480706
SVR,B0018,119.0,1.4268427818454643,1.4146188428456095
SVR,B0018,120.0,1.4064481483279663,1.4657176184580454
SVR,B0018,121.0,1.3934907492075153,1.4497930215925972
SVR,B0018,122.0,1.3882493512249316,1.4386905114022777
SVR,B0018,123.0,1.3701878338420928,1.4328586766346478
SVR,B0018,124.0,1.3796951665608619,1.417784242052128
SVR,B0018,125.0,1.3686586323935683,1.4223728165945215
SVR,B0018,126.0,1.3627371779096438,1.4120880235407407
SVR,B0018,127.0,1.3634051133928073,1.4054620947871153
SVR,B0018,128.0,1.3518646035305233,1.4036810756537943
SVR,B0018,129.0,1.3547969729652622,1.3927898699514336
SVR,B0018,130.0,1.341051440640485,1.39269038847977
