battery_id,discharge_cycle_index,capacity,true_capacity,target_next_capacity,condition,predicted_next_capacity
ID_SYN01,0,2.059094801100772,2.066996326100402,2.044011162464878,in_distribution,2.0559637210351607
ID_SYN01,1,2.044011162464878,2.0643574172831967,2.067744059576339,in_distribution,2.0412616301224737
ID_SYN01,2,2.067744059576339,2.0617110421070914,2.0665001458708843,in_distribution,2.0640507135462096
ID_SYN01,3,2.0665001458708843,2.0590572005720853,2.053299024679516,in_distribution,2.0627158005680086
ID_SYN01,4,2.053299024679516,2.056395892678179,2.0574003321548284,in_distribution,2.049831949957946
ID_SYN01,5,2.0574003321548284,2.053727118425373,2.068154820728443,in_distribution,2.053659749604571
ID_SYN01,6,2.068154820728443,2.0510508778136662,2.0589751492437176,in_distribution,2.063913562486167
ID_SYN01,7,2.0589751492437176,2.0483671708430595,2.0527523877216125,in_distribution,2.0549138522079002
ID_SYN01,8,2.0527523877216125,2.045675997513552,2.049854851710199,in_distribution,2.0487700904260997
ID_SYN01,9,2.049854851710199,2.0429773578251447,2.031635577240313,in_distribution,2.0458380168315364
ID_SYN01,10,2.031635577240313,2.0402712517778365,2.047197846688364,in_distribution,2.0281073540114316
ID_SYN01,11,2.047197846688364,2.0375576793716283,2.0183520124497716,in_distribution,2.04300478970646
ID_SYN01,12,2.0183520124497716,2.03483664060652,2.0287872173548247,in_distribution,2.0150104030064586
ID_SYN01,13,2.0287872173548247,2.0321081354825115,2.0249992255902614,in_distribution,2.0249558339201554
ID_SYN01,14,2.0249992255902614,2.0293721639996023,2.009343539099333,in_distribution,2.0211637085142327
ID_SYN01,15,2.009343539099333,2.026628726157793,2.022774433087069,in_distribution,2.0059091018901634
ID_SYN01,16,2.022774433087069,2.0238778219570834,2.0375540021638177,in_distribution,2.0187479363365086
ID_SYN01,17,2.0375540021638177,2.0211194513974737,2.014952341102712,in_distribution,2.0328893963755776
ID_SYN01,18,2.014952341102712,2.018353614478963,2.0035042777989593,in_distribution,2.0109259802574866
ID_SYN01,19,2.0035042777989593,2.015580311201553,2.011889004380178,in_distribution,1.9997353306923136
ID_SYN01,20,2.011889004380178,2.012799541565242,2.018550548735041,in_distribution,2.007700295321943
ID_SYN01,21,2.018550548735041,2.010011305570031,2.009147784372423,in_distribution,2.0140009144859645
ID_SYN01,22,2.009147784372423,2.0072156032159194,2.0043857773382765,in_distribution,2.004785728668285
ID_SYN01,23,2.0043857773382765,2.004412434502908,1.98750957684692,in_distribution,2.0000528450113952
ID_SYN01,24,1.98750957684692,2.001601799430996,2.003793855424738,in_distribution,1.9836193979192343
ID_SYN01,25,2.003793855424738,1.9987836980001836,2.0008154410783083,in_distribution,1.9992141902854703
ID_SYN01,26,2.0008154410783083,1.9959581302104712,2.006537758119031,in_distribution,1.9962039998857941
ID_SYN01,27,2.006537758119031,1.9931250960618585,2.0051751282905546,in_distribution,2.001597460945724
ID_SYN01,28,2.0051751282905546,1.9902845955543451,1.9943224584889423,in_distribution,2.0001478853172108
ID_SYN01,29,1.9943224584889423,1.987436628687932,1.9681570266507569,in_distribution,1.9895322999909695
ID_SYN01,30,1.9681570266507569,1.984581195462618,1.9673643608562514,in_distribution,1.9641267953679131
ID_SYN01,31,1.9673643608562514,1.981718295878404,1.9678681453848792,in_distribution,1.9632277227802217
ID_SYN01,32,1.9678681453848792,1.97884792993529,1.9789193472111013,in_distribution,1.9635808341947156
ID_SYN01,33,1.9789193472111013,1.975970097633275,1.9652123379518047,in_distribution,1.9741212292781305
ID_SYN01,34,1.9652123379518047,1.9730847989723603,1.9832874105633085,in_distribution,1.9607487637676324
ID_SYN01,35,1.9832874105633085,1.970192033952545,1.9697303551812504,in_distribution,1.9780732048525105
ID_SYN01,36,1.9697303551812504,1.9672918025738295,1.9680317787932196,in_distribution,1.9648455731569248
ID_SYN01,37,1.9680317787932196,1.9643841048362138,1.9689740217868492,in_distribution,1.963071521611396
ID_SYN01,38,1.9689740217868492,1.9614689407396977,1.9619487892985603,in_distribution,1.9638481206564622
ID_SYN01,39,1.9619487892985603,1.9585463102842813,1.9415105433847717,in_distribution,1.9569292876759095
ID_SYN01,40,1.9415105433847717,1.9556162134699646,1.9771979420958852,in_distribution,1.9370554185224944
ID_SYN01,41,1.9771979420958852,1.9526786502967477,1.9643635098212484,in_distribution,1.971390826082282
ID_SYN01,42,1.9643635098212484,1.9497336207646303,1.9620124115868203,in_distribution,1.9588611440717532
ID_SYN01,43,1.9620124115868203,1.9467811248736129,1.93634633629364,in_distribution,1.956456850547372
ID_SYN01,44,1.93634633629364,1.943821162623695,1.922378756257349,in_distribution,1.9315336523157638
ID_SYN01,45,1.922378756257349,1.9408537340148768,1.9228124919249543,in_distribution,1.9179095130214214
ID_SYN01,46,1.9228124919249543,1.9378788390471584,1.924361845580832,in_distribution,1.9181949673405538
ID_SYN01,47,1.924361845580832,1.9348964777205395,1.9407280446967041,in_distribution,1.9195579477110425
ID_SYN01,48,1.9407280446967041,1.9319066500350206,1.9379125500986811,in_distribution,1.9352318635001904
ID_SYN01,49,1.9379125500986811,1.9289093559906012,1.9404885247322041,in_distribution,1.9323790300766783
ID_SYN01,50,1.9404885247322041,1.9259045955872816,1.9443168683847578,in_distribution,1.9347335782238702
ID_SYN01,51,1.9443168683847578,1.9228923688250619,1.9250817517903553,in_distribution,1.9382977341921106
ID_SYN01,52,1.9250817517903553,1.9198726757039415,1.9203911344725317,in_distribution,1.9195859144126004
ID_SYN01,53,1.9203911344725317,1.916845516223921,1.9101808670625873,in_distribution,1.9149219829238773
ID_SYN01,54,1.9101808670625873,1.9138108903850002,1.907404171238932,in_distribution,1.9049268656429275
ID_SYN01,55,1.907404171238932,1.9107687981871793,1.8961414025438184,in_distribution,1.9021115062388212
ID_SYN01,56,1.8961414025438184,1.9077192396304579,1.9097702159826424,in_distribution,1.8910998245372745
ID_SYN01,57,1.9097702159826424,1.904662214714836,1.9047794338398534,in_distribution,1.904129820623948
ID_SYN01,58,1.9047794338398534,1.901597723440314,1.8944737829563767,in_distribution,1.8991759732123903
ID_SYN01,59,1.8944737829563767,1.8985257658068917,1.8873404866340546,in_distribution,1.889088729254854
ID_SYN01,60,1.8873404866340546,1.8954463418145693,1.896928965746874,in_distribution,1.8820655221985831
ID_SYN01,61,1.896928965746874,1.8923594514633466,1.9023266954012257,in_distribution,1.8911931381352198
ID_SYN01,62,1.9023266954012257,1.8892650947532232,1.8869782528804435,in_distribution,1.8962730946008954
ID_SYN01,63,1.8869782528804435,1.8861632716841998,1.8858916726961932,in_distribution,1.8813152413327547
ID_SYN01,64,1.8858916726961932,1.883053982256276,1.8744555620814152,in_distribution,1.8801322898410409
ID_SYN01,65,1.8744555620814152,1.879937226469452,1.8743277458244252,in_distribution,1.8689531848492695
ID_SYN01,66,1.8743277458244252,1.8768130043237277,1.8705162935303745,in_distribution,1.8686962610118096
ID_SYN01,67,1.8705162935303745,1.8736813158191032,1.8676913745180619,in_distribution,1.8648814761185295
ID_SYN01,68,1.8676913745180619,1.8705421609555783,1.861423091943728,in_distribution,1.8620195400702635
ID_SYN01,69,1.861423091943728,1.867395539733153,1.8682052859333742,in_distribution,1.8558318115183163
ID_SYN01,70,1.8682052859333742,1.8642414521518276,1.8740771911574499,in_distribution,1.8622489608261077
ID_SYN01,71,1.8740771911574499,1.8610798982116017,1.8484391227386994,in_distribution,1.8677869024934073
ID_SYN01,72,1.8484391227386994,1.8579108779124756,1.8687264585920784,in_distribution,1.8428907548625713
ID_SYN01,73,1.8687264585920784,1.8547343912544492,1.8475204138098793,in_distribution,1.8623519231252437
ID_SYN01,74,1.8475204138098793,1.8515504382375225,1.8446881310296734,in_distribution,1.8417364710181554
ID_SYN01,75,1.8446881310296734,1.8483590188616956,1.8235954742166502,in_distribution,1.8388674226323112
ID_SYN01,76,1.8235954742166502,1.8451601331269682,1.8177390240051936,in_distribution,1.8183614869474942
ID_SYN01,77,1.8177390240051936,1.8419537810333408,1.8460949929997648,in_distribution,1.8125715290522206
ID_SYN01,78,1.8460949929997648,1.8387399625808127,1.8246078436575228,in_distribution,1.839825833047612
ID_SYN01,79,1.8246078436575228,1.8355186777693846,1.8403430097926017,in_distribution,1.818938874484205
ID_SYN01,80,1.8403430097926017,1.8322899265990562,1.82955996781913,in_distribution,1.834003303438955
ID_SYN01,81,1.82955996781913,1.8290537090698276,1.8283147566258875,in_distribution,1.8234549685510444
ID_SYN01,82,1.8283147566258875,1.8258100251816984,1.8358919225849613,in_distribution,1.8221188023868002
ID_SYN01,83,1.8358919225849613,1.822558874934669,1.8185767075476744,in_distribution,1.82930377994419
ID_SYN01,84,1.8185767075476744,1.8193002583287394,1.783373079094902,in_distribution,1.8124463081274933
ID_SYN01,85,1.783373079094902,1.8160341753639098,1.795374372223825,in_distribution,1.778311209313708
ID_SYN01,86,1.795374372223825,1.8127606260401794,1.819205930751159,in_distribution,1.7897692555470581
ID_SYN01,87,1.819205930751159,1.809479610357549,1.8261579310734126,in_distribution,1.812653631666846
ID_SYN01,88,1.8261579310734126,1.806191128316018,1.8019356692030974,in_distribution,1.8192347893977652
ID_SYN01,89,1.8019356692030974,1.802895179915587,1.7925697751946807,in_distribution,1.795706106665897
ID_SYN01,90,1.7925697751946807,1.7995917651562554,1.7823587311942837,in_distribution,1.7865265322919124
ID_SYN01,91,1.7823587311942837,1.7962808840380238,1.798423075788722,in_distribution,1.7765306649366068
ID_SYN01,92,1.798423075788722,1.7929625365608919,1.771657852814537,in_distribution,1.7919130327998667
ID_SYN01,93,1.771657852814537,1.7896367227248595,1.7738453315594385,in_distribution,1.765928216457919
ID_SYN01,94,1.7738453315594385,1.7863034425299271,1.7843220263176038,in_distribution,1.7679075336163361
ID_SYN01,95,1.7843220263176038,1.782962695976094,1.7806338266461026,in_distribution,1.7778930377433242
ID_SYN01,96,1.7806338266461026,1.7796144830633611,1.7736706608005837,in_distribution,1.7741972971045208
ID_SYN01,97,1.7736706608005837,1.7762588037917275,1.7835295301525806,in_distribution,1.767338411547914
ID_SYN01,98,1.7835295301525806,1.7728956581611939,1.757090937688628,in_distribution,1.7767271854524296
ID_SYN01,99,1.757090937688628,1.7695250461717598,1.7542386781432397,in_distribution,1.7510578470676705
ID_SYN01,100,1.7542386781432397,1.7661469678234254,1.7585778405138484,in_distribution,1.7481695040082625
ID_SYN01,101,1.7585778405138484,1.7627614231161908,1.7600198251041792,in_distribution,1.7522270371737252
ID_SYN01,102,1.7600198251041792,1.7593684120500557,1.752590274831807,in_distribution,1.7534863145146349
ID_SYN01,103,1.752590274831807,1.7559679346250205,1.7724869254740159,in_distribution,1.746176968876563
ID_SYN01,104,1.7724869254740159,1.752559990841085,1.7431058314135526,in_distribution,1.7652607915806833
ID_SYN01,105,1.7431058314135526,1.7491445806982493,1.7520751482229946,in_distribution,1.7367494211027463
ID_SYN01,106,1.7520751482229946,1.7457217041965132,1.7364273758810331,in_distribution,1.745279015567051
ID_SYN01,107,1.7364273758810331,1.7422913613358768,1.742060559734517,in_distribution,1.7300320528692856
ID_SYN01,108,1.742060559734517,1.7388535521163402,1.7309793778058444,in_distribution,1.735339424127599
ID_SYN01,109,1.7309793778058444,1.7354082765379033,1.728025270318542,in_distribution,1.7245031290489636
ID_SYN01,110,1.728025270318542,1.7319555346005657,1.7447319327755724,in_distribution,1.7215164155689962
ID_SYN01,111,1.7447319327755724,1.7284953263043281,1.7216573641996809,in_distribution,1.7375191698346535
ID_SYN01,112,1.7216573641996809,1.7250276516491903,1.7387238866611594,in_distribution,1.7150989932730947
ID_SYN01,113,1.7387238866611594,1.7215525106351524,1.7106746274028395,in_distribution,1.7314493203940753
ID_SYN01,114,1.7106746274028395,1.7180699032622138,1.7098918712198097,in_distribution,1.7042243102209182
ID_SYN01,115,1.7098918712198097,1.714579829530375,1.7221767273843231,in_distribution,1.7033348088884737
ID_SYN01,116,1.7221767273843231,1.711082289439636,1.682780655688706,in_distribution,1.7150667361108922
ID_SYN01,117,1.682780655688706,1.7075772829899964,1.6873262615702087,in_distribution,1.6768823418747618
ID_SYN01,118,1.6873262615702087,1.704064810181457,1.700724576689401,in_distribution,1.6811392696927492
ID_SYN01,119,1.700724576689401,1.700544871014017,1.701786491100018,in_distribution,1.6939466376515082
ID_SYN01,120,1.701786491100018,1.6970174654876768,1.6992113380789562,in_distribution,1.6948388220230588
ID_SYN01,121,1.6992113380789562,1.6934825936024362,1.6866799382255457,in_distribution,1.6922181238941745
ID_SYN01,122,1.6866799382255457,1.6899402553582954,1.6719375702419528,in_distribution,1.6799811274908243
ID_SYN01,123,1.6719375702419528,1.6863904507552545,1.691177582048496,in_distribution,1.6656086548007578
ID_SYN01,124,1.691177582048496,1.682833179793313,1.6837318767116396,in_distribution,1.684058259108259
ID_SYN01,125,1.6837318767116396,1.6792684424724713,1.6642827024170594,in_distribution,1.6767333100082258
ID_SYN01,126,1.6642827024170594,1.6756962387927292,1.6729781664541872,in_distribution,1.6578147413676723
ID_SYN01,127,1.6729781664541872,1.6721165687540869,1.686741907293195,in_distribution,1.6660798335565503
ID_SYN01,128,1.686741907293195,1.6685294323565443,1.6661732607383006,in_distribution,1.679240150048836
ID_SYN01,129,1.6661732607383006,1.6649348296001014,1.6493022021299593,in_distribution,1.6592403326861036
ID_SYN01,130,1.6493022021299593,1.6613327604847583,1.6533927798591155,in_distribution,1.6428118519112305
ID_SYN01,131,1.6533927798591155,1.6577232250105147,1.650362366203799,in_distribution,1.64662928817081
ID_SYN01,132,1.650362366203799,1.654106223177371,1.6539195028306886,in_distribution,1.6435688739395293
ID_SYN01,133,1.6539195028306886,1.6504817549853272,1.6559868659603358,in_distribution,1.6468710830419646
ID_SYN01,134,1.6559868659603358,1.6468498204343827,1.633708608376662,in_distribution,1.648734385842446
ID_SYN01,135,1.633708608376662,1.6432104195245378,1.6329323567523129,in_distribution,1.6270833308333503
ID_SYN01,136,1.6329323567523129,1.639563552255793,1.6462163470368152,in_distribution,1.6262001119663236
ID_SYN01,137,1.6462163470368152,1.6359092186281479,1.6397216010008293,in_distribution,1.638897058625865
ID_SYN01,138,1.6397216010008293,1.6322474186416023,1.6423065770163856,in_distribution,1.6324905990367928
ID_SYN01,139,1.6423065770163856,1.6285781522961564,1.610040944894572,in_distribution,1.6348538412206004
ID_SYN01,140,1.610040944894572,1.6249014195918106,1.6114685738282115,in_distribution,1.6035564230633441
ID_SYN01,141,1.6114685738282115,1.621217220528564,1.6277012677763882,in_distribution,1.6048018349106603
ID_SYN01,142,1.6277012677763882,1.6175255551064174,1.6041368892600663,in_distribution,1.6203468039656261
ID_SYN01,143,1.6041368892600663,1.6138264233253703,1.613380120980444,in_distribution,1.5974535416555629
ID_SYN01,144,1.613380120980444,1.610119825185423,1.6058184726708318,in_distribution,1.606247698412239
ID_SYN01,145,1.6058184726708318,1.6064057606865754,1.595058823811531,in_distribution,1.5988107651250296
ID_SYN01,146,1.595058823811531,1.6026842298288275,1.6138245791294878,in_distribution,1.5882850246110054
ID_SYN01,147,1.6138245791294878,1.5989552326121794,1.5950341293240748,in_distribution,1.606276565560934
ID_SYN01,148,1.5950341293240748,1.5952187690366308,1.5862810629909425,in_distribution,1.5879942297574312
ID_SYN01,149,1.5862810629909425,1.5914748391021822,1.586062824693799,in_distribution,1.5794065585187964
ID_SYN01,150,1.586062824693799,1.587723442808833,1.5864514157911005,in_distribution,1.5790623000337183
ID_SYN01,151,1.5864514157911005,1.5839645801565836,1.564138280596447,in_distribution,1.5793041512099373
ID_SYN01,152,1.564138280596447,1.580198251145434,1.5676000325989479,in_distribution,1.5576194094596498
ID_SYN01,153,1.5676000325989479,1.5764244557753841,1.5595789784363157,in_distribution,1.5608294907739373
ID_SYN01,154,1.5595789784363157,1.5726431940464338,1.5474104512073699,in_distribution,1.5529488377009424
ID_SYN01,155,1.5474104512073699,1.5688544659585832,1.5749646506167003,in_distribution,1.5410623239092882
ID_SYN01,156,1.5749646506167003,1.5650582715118324,1.5758100791195582,in_distribution,1.5675422341387455
ID_SYN01,157,1.5758100791195582,1.5612546107061815,1.5695065020778745,in_distribution,1.5682253243509925
ID_SYN01,158,1.5695065020778745,1.55744348354163,1.535570262213974,in_distribution,1.5620035064347308
ID_SYN01,159,1.535570262213974,1.5536248900181782,1.5538193339104531,in_distribution,1.5290925221799223
ID_SYN01,160,1.5538193339104531,1.549798830135826,1.5528399070439554,in_distribution,1.546585021281921
ID_SYN01,161,1.5528399070439554,1.545965303894574,1.5362838812758766,in_distribution,1.5455055644385376
ID_SYN01,162,1.5362838812758766,1.5421243112944212,1.546547640364302,in_distribution,1.5293813599445993
ID_SYN01,163,1.546547640364302,1.5382758523353683,1.5230247336050613,in_distribution,1.5391611989300964
ID_SYN01,164,1.5230247336050613,1.5344199270174153,1.5195856573845692,in_distribution,1.5163079923551688
ID_SYN01,165,1.5195856573845692,1.5305565353405617,1.5181670234929123,in_distribution,1.5128528690345586
ID_SYN01,166,1.5181670234929123,1.5266856773048079,1.5154273351947565,in_distribution,1.5113492015594694
ID_SYN01,167,1.5154273351947565,1.5228073529101538,1.5086237513985863,in_distribution,1.5085695860867454
ID_SYN01,168,1.5086237513985863,1.5189215621565997,1.524751548342583,in_distribution,1.501864833770468
ID_SYN02,0,1.9148476081214139,1.9085903141388423,1.9270648727449957,in_distribution,1.9166417399411317
ID_SYN02,1,1.9270648727449957,1.9054216191554691,1.9117971720986044,in_distribution,1.928308383484934
ID_SYN02,2,1.9117971720986044,1.9022417665116473,1.8882484319771304,in_distribution,1.913428515220626
ID_SYN02,3,1.8882484319771304,1.8990507562073768,1.8899118369689012,in_distribution,1.8905503573441838
ID_SYN02,4,1.8899118369689012,1.8958485882426575,1.9012474531741799,in_distribution,1.8920234948535035
ID_SYN02,5,1.9012474531741799,1.8926352626174892,1.8889714350977858,in_distribution,1.9028385932009704
ID_SYN02,6,1.8889714350977858,1.8894107793318722,1.8981000030966277,in_distribution,1.890848258755987
ID_SYN02,7,1.8981000030966277,1.8861751383858063,1.8635060111855786,in_distribution,1.8995316668976363
ID_SYN02,8,1.8635060111855786,1.8829283397792917,1.9007995851061603,in_distribution,1.865985389044494
ID_SYN02,9,1.9007995851061603,1.8796703835123285,1.8952510956569972,in_distribution,1.9018721301695682
ID_SYN02,10,1.8952510956569972,1.8764012695849164,1.8586390045793832,in_distribution,1.8963796179480423
ID_SYN02,11,1.8586390045793832,1.8731209979970556,1.8668698868908857,in_distribution,1.8608841474061364
ID_SYN02,12,1.8668698868908857,1.869829568748746,1.8604908158678517,in_distribution,1.8687005206629004
ID_SYN02,13,1.8604908158678517,1.8665269818399877,1.8595232973422764,in_distribution,1.8624057864504864
ID_SYN02,14,1.8595232973422764,1.8632132372707804,1.8698467133218462,in_distribution,1.8613378313466837
ID_SYN02,15,1.8698467133218462,1.8598883350411246,1.851688734381727,in_distribution,1.8711752902836576
ID_SYN02,16,1.851688734381727,1.8565522751510197,1.844314624486348,in_distribution,1.8535038301035691
ID_SYN02,17,1.844314624486348,1.8532050576004664,1.8574169480925247,in_distribution,1.8462480318725265
ID_SYN02,18,1.8574169480925247,1.849846682389464,1.8605393886759318,in_distribution,1.8587695147258037
ID_SYN02,19,1.8605393886759318,1.8464771495180128,1.8392149661968507,in_distribution,1.861651870154134
ID_SYN02,20,1.8392149661968507,1.843096458986113,1.8433075118713425,in_distribution,1.8409220822675665
ID_SYN02,21,1.8433075118713425,1.8397046107937645,1.8224082336129264,in_distribution,1.8447414192784686
ID_SYN02,22,1.8224082336129264,1.836301604940967,1.8436807058488618,in_distribution,1.8244222593829929
ID_SYN02,23,1.8436807058488618,1.8328874414277208,1.8533688503957442,in_distribution,1.8448349272875697
ID_SYN02,24,1.8533688503957442,1.829462120254026,1.8328895969511287,in_distribution,1.8540588056570029
ID_SYN02,25,1.8328895969511287,1.826025641419882,1.822751557676579,in_distribution,1.8341453291440506
ID_SYN02,26,1.822751557676579,1.8225780049252898,1.7991096847700945,in_distribution,1.8242199738231506
ID_SYN02,27,1.7991096847700945,1.8191192107702485,1.8132240139363909,in_distribution,1.801251863110577
ID_SYN02,28,1.8132240139363909,1.8156492589547584,1.7919456248821082,in_distribution,1.8147507973554677
ID_SYN02,29,1.7919456248821082,1.8121681494788195,1.8174412615501356,in_distribution,1.7940654711170407
ID_SYN02,30,1.8174412615501356,1.808675882342432,1.824266318988629,in_distribution,1.8185571066813147
ID_SYN02,31,1.824266318988629,1.8051724575455954,1.8167680534630115,in_distribution,1.8250156558977388
ID_SYN02,32,1.8167680534630115,1.8016578750883103,1.8006439438514645,in_distribution,1.8176399412370483
ID_SYN02,33,1.8006439438514645,1.7981321349705763,1.800454772995679,in_distribution,1.8019329054474131
ID_SYN02,34,1.800454772995679,1.7945952371923937,1.784885520840977,in_distribution,1.8016167219177757
ID_SYN02,35,1.784885520840977,1.7910471817537623,1.7906220696155988,in_distribution,1.7864455983945475
ID_SYN02,36,1.7906220696155988,1.787487968654682,1.7870433110160369,in_distribution,1.7918528052565295
ID_SYN02,37,1.7870433110160369,1.7839175978951531,1.7809405309380026,in_distribution,1.788262768906598
ID_SYN02,38,1.7809405309380026,1.7803360694751753,1.7499397167369366,in_distribution,1.782234891892724
ID_SYN02,39,1.7499397167369366,1.7767433833947486,1.7764675095337434,in_distribution,1.7521591053998495
ID_SYN02,40,1.7764675095337434,1.7731395396538734,1.7747397500252986,in_distribution,1.7776476548983895
ID_SYN02,41,1.7747397500252986,1.7695245382525493,1.7586086046698564,in_distribution,1.7758454166681386
ID_SYN02,42,1.7586086046698564,1.765898379190776,1.7671102346170675,in_distribution,1.7601315853647903
ID_SYN02,43,1.7671102346170675,1.7622610624685544,1.7673307848100395,in_distribution,1.7682094617829283
ID_SYN02,44,1.7673307848100395,1.758612588085884,1.7330529893959647,in_distribution,1.7682890096850767
ID_SYN02,45,1.7330529893959647,1.7549529560427648,1.7608328417209693,in_distribution,1.7350481320373983
ID_SYN02,46,1.7608328417209693,1.7512821663391966,1.7424093338924063,in_distribution,1.7617459904334856
ID_SYN02,47,1.7424093338924063,1.74760021897518,1.7318779050913633,in_distribution,1.7438180676490884
ID_SYN02,48,1.7318779050913633,1.7439071139507145,1.741518130639234,in_distribution,1.7335127547911255
ID_SYN02,49,1.741518130639234,1.7402028512658,1.7279298294183276,in_distribution,1.7426903503197182
ID_SYN02,50,1.7279298294183276,1.736487430920437,1.7273607518881173,in_distribution,1.7294325396509451
ID_SYN02,51,1.7273607518881173,1.732760852914625,1.7179864706906847,in_distribution,1.7287494210744727
ID_SYN02,52,1.7179864706906847,1.7290231172483643,1.7176660485541138,in_distribution,1.7195617458857313
ID_SYN02,53,1.7176660485541138,1.725274223921655,1.7083188412865575,in_distribution,1.719118792551549
ID_SYN02,54,1.7083188412865575,1.7215141729344967,1.7109793306461891,in_distribution,1.7099572668737166
ID_SYN02,55,1.7109793306461891,1.7177429642868898,1.7020372207498173,in_distribution,1.7123934440552755
ID_SYN02,56,1.7020372207498173,1.7139605979788337,1.6955828317029045,in_distribution,1.7036231840036482
ID_SYN02,57,1.6955828317029045,1.7101670740103292,1.7168320490048807,in_distribution,1.697255703444618
ID_SYN02,58,1.7168320490048807,1.706362392381376,1.702331797744796,in_distribution,1.7176459104374608
ID_SYN02,59,1.702331797744796,1.702546553091974,1.7026545548530103,in_distribution,1.703507287577526
ID_SYN02,60,1.7026545548530103,1.6987195561421229,1.712342048844426,in_distribution,1.7036855526166872
ID_SYN02,61,1.712342048844426,1.6948814015318234,1.69757980391755,in_distribution,1.7129088026433807
ID_SYN02,62,1.69757980391755,1.6910320892610748,1.6869951713808145,in_distribution,1.6985171316933059
ID_SYN02,63,1.6869951713808145,1.6871716193298778,1.6716485653465138,in_distribution,1.6881604317011798
ID_SYN02,64,1.6716485653465138,1.6832999917382319,1.6873447882412567,in_distribution,1.6732043522140714
ID_SYN02,65,1.6873447882412567,1.679417206486137,1.6801711804155737,in_distribution,1.6882311676161292
ID_SYN02,66,1.6801711804155737,1.6755232635735935,1.6820623068102816,in_distribution,1.681169025462453
ID_SYN02,67,1.6820623068102816,1.671618163000601,1.6661288082017682,in_distribution,1.6828621089987241
ID_SYN02,68,1.6661288082017682,1.66770190476716,1.6597067263209708,in_distribution,1.6673391759428229
ID_SYN02,69,1.6597067263209708,1.66377448887327,1.6379445079562087,in_distribution,1.6610028994460264
ID_SYN02,70,1.6379445079562087,1.6598359153189315,1.6613369991513212,in_distribution,1.6398502638849355
ID_SYN02,71,1.6613369991513212,1.655886184104144,1.6356398689743021,in_distribution,1.6623105642962448
ID_SYN02,72,1.6356398689743021,1.6519252952289079,1.64243454406308,in_distribution,1.6373573715264433
ID_SYN02,73,1.64243454406308,1.647953248693223,1.6486036765527026,in_distribution,1.6437865757756263
ID_SYN02,74,1.6486036765527026,1.643970044497089,1.640177671361224,in_distribution,1.6496115961070983
ID_SYN02,75,1.640177671361224,1.6399756826405065,1.634448604405121,in_distribution,1.6413398187534873
ID_SYN02,76,1.634448604405121,1.6359701631234753,1.6360171155142298,in_distribution,1.6356728947081454
ID_SYN02,77,1.6360171155142298,1.6319534859459952,1.6089903552279445,in_distribution,1.6370543784150369
ID_SYN02,78,1.6089903552279445,1.6279256511080664,1.623804364400231,in_distribution,1.610816954755753
ID_SYN02,79,1.623804364400231,1.6238866586096887,1.632276739811796,in_distribution,1.6249916789592074
ID_SYN02,80,1.632276739811796,1.6198365084508624,1.6271627529441886,in_distribution,1.6330412997158104
ID_SYN02,81,1.6271627529441886,1.615775200631587,1.5955891763799688,in_distribution,1.6279684543120745
ID_SYN02,82,1.5955891763799688,1.6117027351518631,1.6167948468783162,in_distribution,1.59733946199604
ID_SYN02,83,1.6167948468783162,1.6076191120116903,1.6074230211488056,in_distribution,1.617687609058103
ID_SYN02,84,1.6074230211488056,1.6035243312110687,1.5885945001964488,in_distribution,1.6085023054971788
ID_SYN02,85,1.5885945001964488,1.5994183927499985,1.5805896765422787,in_distribution,1.5901831984574033
ID_SYN02,86,1.5805896765422787,1.5953012966284794,1.5890036084149946,in_distribution,1.5823182217143699
ID_SYN02,87,1.5890036084149946,1.5911730428465116,1.6007532333366612,in_distribution,1.5903113944427898
ID_SYN02,88,1.6007532333366612,1.5870336314040951,1.5872223469036741,in_distribution,1.6015263654904874
ID_SYN02,89,1.5872223469036741,1.5828830623012298,1.5682766886727904,in_distribution,1.5883240092248943
ID_SYN02,90,1.5682766886727904,1.5787213355379153,1.5749889742655805,in_distribution,1.5698917644708432
ID_SYN02,91,1.5749889742655805,1.5745484511141523,1.5805844826739472,in_distribution,1.576241392351396
ID_SYN02,92,1.5805844826739472,1.5703644090299407,1.5646006514061717,in_distribution,1.5815123745643225
ID_SYN02,93,1.5646006514061717,1.5661692092852801,1.556528234731843,in_distribution,1.5659408274199436
ID_SYN02,94,1.556528234731843,1.561962851880171,1.561889767348006,in_distribution,1.5580105655695737
ID_SYN02,95,1.561889767348006,1.5577453368146128,1.531265592882599,in_distribution,1.5630555609176982
ID_SYN02,96,1.531265592882599,1.553516664088606,1.5531613627877054,in_distribution,1.533343554080059
ID_SYN02,97,1.5531613627877054,1.5492768337021505,1.5302254213055753,in_distribution,1.5543582376238079
ID_SYN02,98,1.5302254213055753,1.5450258456552461,1.5392040821247237,in_distribution,1.5320719548381847
ID_SYN02,99,1.5392040821247237,1.5407636999478929,1.5395457173253104,in_distribution,1.540610574268014
ID_SYN02,100,1.5395457173253104,1.5364903965800911,1.5300612546201162,in_distribution,1.5408070728212861
ID_SYN02,101,1.5300612546201162,1.5322059355518403,1.5194765920591156,in_distribution,1.5315129781894747
ID_SYN02,102,1.5194765920591156,1.527910316863141,1.5189506351360575,in_distribution,1.5211562491982396
ID_SYN02,103,1.5189506351360575,1.5236035405139927,1.5270535437879238,in_distribution,1.5205147789082283
ID_SYN02,104,1.5270535437879238,1.5192856065043956,1.500279052564549,in_distribution,1.5282075480696882
ID_SYN02,105,1.500279052564549,1.5149565148343498,1.5006772823977101,in_distribution,1.5022137799359467
ID_SYN02,106,1.5006772823977101,1.510616265503855,1.5088957409976862,in_distribution,1.5024649407406407
ID_SYN02,107,1.5088957409976862,1.5062648585129117,1.509503543996812,in_distribution,1.5102693144841617
ID_SYN02,108,1.509503543996812,1.5019022938615194,1.4967140778769765,in_distribution,1.510722892736733
ID_SYN02,109,1.4967140778769765,1.4975285715496787,1.4870028018456072,in_distribution,1.4982366415454784
ID_SYN02,110,1.4870028018456072,1.493143691577389,1.4953783030516248,in_distribution,1.4887234779578797
ID_SYN02,111,1.4953783030516248,1.4887476539446505,1.4796650278688506,in_distribution,1.4966795322058042
ID_SYN02,112,1.4796650278688506,1.4843404586514632,1.5005268970893268,in_distribution,1.4813693032124469
ID_SYN02,113,1.5005268970893268,1.4799221056978271,1.488660995864584,in_distribution,1.5013853878326255
ID_SYN02,114,1.488660995864584,1.4754925950837423,1.4899869671245187,in_distribution,1.48979116710793
ID_SYN02,115,1.4899869671245187,1.4710519268092086,1.4561218289848905,in_distribution,1.4909383923063317
ID_SYN02,116,1.4561218289848905,1.4666001008742262,1.4566006665917817,in_distribution,1.4580960820609108
ID_SYN02,117,1.4566006665917817,1.4621371172787951,1.454271837684288,in_distribution,1.458425098347543
ID_SYN02,118,1.454271837684288,1.4576629760229154,1.439723644282666,in_distribution,1.456042313780682
ID_SYN02,119,1.439723644282666,1.4531776771065865,1.4426754664028498,in_distribution,1.441857385727565
ID_SYN02,120,1.4426754664028498,1.4486812205298092,1.4534806643627054,in_distribution,1.4445749483317403
ID_SYN02,121,1.4534806643627054,1.444173606292583,1.4286464938889882,in_distribution,1.4548777391657337
ID_SYN02,122,1.4286464938889882,1.439654834394908,1.4315676062826819,in_distribution,1.4307580409893803
ID_SYN02,123,1.4315676062826819,1.4351249048367842,1.4455954665890327,in_distribution,1.4334459424275732
ID_SYN02,124,1.4455954665890327,1.4305838176182117,1.4287291793798318,in_distribution,1.4468613602266898
ID_SYN02,125,1.4287291793798318,1.4260315727391903,1.4262044960509161,in_distribution,1.4304374879351232
ID_SYN02,126,1.4262044960509161,1.4214681701997203,1.4165816401763185,in_distribution,1.4278655362487156
ID_SYN02,127,1.4165816401763185,1.4168936099998013,1.4053035543191486,in_distribution,1.4184377737781553
ID_SYN02,128,1.4053035543191486,1.4123078921394336,1.4034378117636521,in_distribution,1.4074112979075275
ID_SYN02,129,1.4034378117636521,1.4077110166186173,1.4053521665584827,in_distribution,1.4054757879575601
ID_SYN02,130,1.4053521665584827,1.4031029834373518,1.3919471161961525,in_distribution,1.4071913067777069
ID_SYN02,131,1.3919471161961525,1.3984837925956377,1.3938689560985504,in_distribution,1.394110490004806
ID_SYN02,132,1.3938689560985504,1.3938534440934751,1.384078896562456,in_distribution,1.3958332383591534
ID_SYN02,133,1.384078896562456,1.3892119379308636,1.3831982611777682,in_distribution,1.3862439812703284
ID_SYN02,134,1.3831982611777682,1.3845592741078032,1.3956282879765647,in_distribution,1.3852599427479309
ID_SYN02,135,1.3956282879765647,1.3798954526242941,1.3811540684320465,in_distribution,1.3971320838625385
ID_SYN02,136,1.3811540684320465,1.3752204734803362,1.356606732230527,in_distribution,1.383018603884826
ID_SYN02,137,1.356606732230527,1.3705343366759297,1.3634417436033217,in_distribution,1.359175946240235
ID_SYN02,138,1.3634417436033217,1.3658370422110742,1.379747468388405,in_distribution,1.3656441095213623
ID_SYN02,139,1.379747468388405,1.3611285900857697,1.3748204293905002,in_distribution,1.3812596158302508
ID_SYN02,140,1.3748204293905002,1.3564089803000168,1.3391927840684983,in_distribution,1.3763673351018497
ID_SYN02,141,1.3391927840684983,1.3516782128538152,1.3510947054645068,in_distribution,1.3418226971558413
ID_SYN02,142,1.3510947054645068,1.3469362877471645,1.3418599754897655,in_distribution,1.3531847646293391
ID_SYN02,143,1.3418599754897655,1.3421832049800653,1.3109569035879733,in_distribution,1.3441318757917764
ID_SYN02,144,1.3109569035879733,1.3374189645525172,1.3353266295725168,in_distribution,1.3141504942609
ID_SYN02,145,1.3353266295725168,1.3326435664645204,1.3481190225313833,in_distribution,1.3375546625149408
ID_SYN02,146,1.3481190225313833,1.3278570107160748,1.315274587949757,in_distribution,1.3497767970696954
ID_SYN02,147,1.315274587949757,1.3230592973071802,1.3147443900447235,in_distribution,1.3179203392271763
ID_SYN02,148,1.3147443900447235,1.3182504262378372,1.3229323708493124,in_distribution,1.317274772760329
ID_SYN02,149,1.3229323708493124,1.3134303975080452,1.3035972376031397,in_distribution,1.3250497093498572
ID_SYN02,150,1.3035972376031397,1.3085992111178044,1.2987651544424403,in_distribution,1.3062412879119076
ID_SYN02,151,1.2987651544424403,1.303756867067115,1.3014350474820675,in_distribution,1.301440720825087
ID_SYN02,152,1.3014350474820675,1.2989033653559767,1.278757045516777,in_distribution,1.3038859806050629
ID_SYN02,153,1.278757045516777,1.2940387059843896,1.2939268437063218,in_distribution,1.281848830185528
ID_SYN02,154,1.2939268437063218,1.2891628889523534,1.2702561237101015,in_distribution,1.296367195257911
ID_SYN02,155,1.2702561237101015,1.284275914259869,1.2795708239599075,in_distribution,1.2733712224177784
ID_SYN02,156,1.2795708239599075,1.2793777819069354,1.282584315624624,in_distribution,1.282234407464712
ID_SYN02,157,1.282584315624624,1.2744684918935534,1.286315148903668,in_distribution,1.2850115339532169
ID_SYN02,158,1.286315148903668,1.2695480442197224,1.2562346473897403,in_distribution,1.2884815089662929
ID_SYN02,159,1.2562346473897403,1.2646164388854426,1.261748062277163,in_distribution,1.2592946117762172
ID_SYN02,160,1.261748062277163,1.259673675890714,1.2569270817429758,in_distribution,1.2644863034897122
ID_SYN02,161,1.2569270817429758,1.254719755235537,1.2307411251764773,in_distribution,1.2596964599385743
ID_SYN02,162,1.2307411251764773,1.2497546769199106,1.2434415017623386,in_distribution,1.234271131388612
ID_SYN02,163,1.2434415017623386,1.2447784409438358,1.2418477777361256,in_distribution,1.2464043914001925
ID_SYN02,164,1.2418477777361256,1.2397910473073122,1.2401243762720053,in_distribution,1.2447316121114693
ID_SYN02,165,1.2401243762720053,1.2347924960103398,1.2499265353310223,in_distribution,1.2429335831233979
ID_SYN02,166,1.2499265353310223,1.2297827870529188,1.225638340164277,in_distribution,1.2522675830652235
ID_SYN02,167,1.225638340164277,1.2247619204350488,1.2188675620211196,in_distribution,1.2286752182797294
ID_SYN02,168,1.2188675620211196,1.21972989615673,1.213566476415274,in_distribution,1.2220021514921227
ID_SYN03,0,2.0690861131754135,2.0580526328837445,2.0421741875834942,in_distribution,2.0656138872756014
ID_SYN03,1,2.0421741875834942,2.0549720288232454,2.058360691369473,in_distribution,2.039487377366436
ID_SYN03,2,2.058360691369473,2.051879166909375,2.0367782427151995,in_distribution,2.054987733387543
ID_SYN03,3,2.0367782427151995,2.0487740471421336,2.056374676502677,in_distribution,2.0340087294354188
ID_SYN03,4,2.056374676502677,2.045656669521521,2.0269663186984292,in_distribution,2.0528025859634558
ID_SYN03,5,2.0269663186984292,2.042527034047538,2.0322798310898413,in_distribution,2.024264882641755
ID_SYN03,6,2.0322798310898413,2.039385140720183,2.03016438090671,in_distribution,2.0292634973795765
ID_SYN03,7,2.03016438090671,2.0362309895394572,2.012011354764679,in_distribution,2.027086805881061
ID_SYN03,8,2.012011354764679,2.03306458050536,2.0384136509407185,in_distribution,2.009420129389497
ID_SYN03,9,2.0384136509407185,2.029885913617892,2.01118112277962,in_distribution,2.0347874672549726
ID_SYN03,10,2.01118112277962,2.026694988877053,2.0104191941610114,in_distribution,2.0083513015101593
ID_SYN03,11,2.0104191941610114,2.023491806282843,2.0146294021704323,in_distribution,2.0074819166006175
ID_SYN03,12,2.0146294021704323,2.0202763658352616,2.024491042005622,in_distribution,2.0114148984545412
ID_SYN03,13,2.024491042005622,2.017048667534309,2.0056752392086077,in_distribution,2.020806348246185
ID_SYN03,14,2.0056752392086077,2.0138087113799856,2.0304443299326684,in_distribution,2.002499525109906
ID_SYN03,15,2.0304443299326684,2.010556497372291,2.007042705565393,in_distribution,2.0262894220948806
ID_SYN03,16,2.007042705565393,2.007292025511225,2.001124771718841,in_distribution,2.0035533568158868
ID_SYN03,17,2.001124771718841,2.0040152957967887,2.005212235541804,in_distribution,1.9977040145979834
ID_SYN03,18,2.005212235541804,2.000726308228981,1.996113373114209,in_distribution,2.001518443273354
ID_SYN03,19,1.996113373114209,1.9974250628078016,1.9835345237311253,in_distribution,1.9925967828877549
ID_SYN03,20,1.9835345237311253,1.9941115595332517,1.98528710443375,in_distribution,1.980313957083225
ID_SYN03,21,1.98528710443375,1.9907857984053303,1.9891152580512954,in_distribution,1.9818732254658398
ID_SYN03,22,1.9891152580512954,1.9874477794240382,1.9998670654822768,in_distribution,1.9854371978876744
ID_SYN03,23,1.9998670654822768,1.9840975025893746,1.9833694265326847,in_distribution,1.9956884211722359
ID_SYN03,24,1.9833694265326847,1.9807349679013404,1.9821155940528905,in_distribution,1.9796206099227922
ID_SYN03,25,1.9821155940528905,1.9773601753599348,1.9515976255177183,in_distribution,1.9782761168393397
ID_SYN03,26,1.9515976255177183,1.973973124965158,1.9678962173325256,in_distribution,1.948666689610348
ID_SYN03,27,1.9678962173325256,1.9705738167170102,1.9668830353700084,in_distribution,1.9642753064988643
ID_SYN03,28,1.9668830353700084,1.9671622506154913,1.9813355164078132,in_distribution,1.9631632471018206
ID_SYN03,29,1.9813355164078132,1.9637384266606013,1.9762409096549753,in_distribution,1.9769887872769631
ID_SYN03,30,1.9762409096549753,1.96030234485234,1.9580398095011176,in_distribution,1.971934660268558
ID_SYN03,31,1.9580398095011176,1.956854005190708,1.958673786435482,in_distribution,1.9542215512161332
ID_SYN03,32,1.958673786435482,1.9533934076757045,1.9492250636114556,in_distribution,1.9547004097146154
ID_SYN03,33,1.9492250636114556,1.9499205523073302,1.9391296372593896,in_distribution,1.945440834652617
ID_SYN03,34,1.9391296372593896,1.9464354390855847,1.9430982724125168,in_distribution,1.9355566372680209
ID_SYN03,35,1.9430982724125168,1.942938068010468,1.9356551370211748,in_distribution,1.9392562945890908
ID_SYN03,36,1.9356551370211748,1.9394284390819803,1.9391328583166174,in_distribution,1.931933827685716
ID_SYN03,37,1.9391328583166174,1.9359065523001213,1.9391921947349948,in_distribution,1.9351593330334516
ID_SYN03,38,1.9391921947349948,1.9323724076648914,1.9268132428882183,in_distribution,1.935083171684056
ID_SYN03,39,1.9268132428882183,1.9288260051762904,1.9364121640518637,in_distribution,1.9229934180648416
ID_SYN03,40,1.9364121640518637,1.9252673448343183,1.9103847595181165,in_distribution,1.9321311195163344
ID_SYN03,41,1.9103847595181165,1.9216964266389753,1.9182412856568245,in_distribution,1.906858929359246
ID_SYN03,42,1.9182412856568245,1.918113250590261,1.9165252487127071,in_distribution,1.9143137285531027
ID_SYN03,43,1.9165252487127071,1.9145178166881756,1.8925308587890806,in_distribution,1.9125228126290392
ID_SYN03,44,1.8925308587890806,1.910910124932719,1.913519906298376,in_distribution,1.8892142213276708
ID_SYN03,45,1.913519906298376,1.9072901753238913,1.9108419135456827,in_distribution,1.909353141829675
ID_SYN03,46,1.9108419135456827,1.9036579678616925,1.9172347494143824,in_distribution,1.906633115354428
ID_SYN03,47,1.9172347494143824,1.9000135025461227,1.8959086674516108,in_distribution,1.9126742008813935
ID_SYN03,48,1.8959086674516108,1.8963567793771818,1.898783214384804,in_distribution,1.8919428101729578
ID_SYN03,49,1.898783214384804,1.8926877983548698,1.895549993864663,in_distribution,1.8945857360932674
ID_SYN03,50,1.895549993864663,1.8890065594791867,1.8689593288789632,in_distribution,1.8913294396849876
ID_SYN03,51,1.8689593288789632,1.8853130627501324,1.88461716913186,in_distribution,1.8655132211803305
ID_SYN03,52,1.88461716913186,1.881607308167707,1.863457756346669,in_distribution,1.8805029644869724
ID_SYN03,53,1.863457756346669,1.8778892957319107,1.8770568000672225,in_distribution,1.8599325521624361
ID_SYN03,54,1.8770568000672225,1.874159025442743,1.8777255235161672,in_distribution,1.8729337949954734
ID_SYN03,55,1.8777255235161672,1.8704164973002044,1.8694187216728881,in_distribution,1.8734462136149357
ID_SYN03,56,1.8694187216728881,1.866661711304295,1.8423475637747455,in_distribution,1.8652895695008782
ID_SYN03,57,1.8423475637747455,1.8628946674550138,1.8737735813300482,in_distribution,1.8390092641527929
ID_SYN03,58,1.8737735813300482,1.859115365752362,1.8583844850299303,in_distribution,1.8692287922104454
ID_SYN03,59,1.8583844850299303,1.855323806196339,1.8615512771299045,in_distribution,1.8542316732556798
ID_SYN03,60,1.8615512771299045,1.851519988786945,1.8408513698995501,in_distribution,1.8571568658514104
ID_SYN03,61,1.8408513698995501,1.8477039135241795,1.8399877625885515,in_distribution,1.8370302696102325
ID_SYN03,62,1.8399877625885515,1.8438755804080433,1.8609260198899165,in_distribution,1.8360626777507583
ID_SYN03,63,1.8609260198899165,1.8400349894385357,1.8342277105604656,in_distribution,1.8561525422382714
ID_SYN03,64,1.8342277105604656,1.8361821406156573,1.8280323929389009,in_distribution,1.8302323548249986
ID_SYN03,65,1.8280323929389009,1.8323170339394075,1.8247301607799697,in_distribution,1.824115099892401
ID_SYN03,66,1.8247301607799697,1.8284396694097869,1.834590624254866,in_distribution,1.8207921481958191
ID_SYN03,67,1.834590624254866,1.824550047026795,1.804903321146033,in_distribution,1.8301824617931068
ID_SYN03,68,1.804903321146033,1.820648166790432,1.8135507010104353,in_distribution,1.8013753375443917
ID_SYN03,69,1.8135507010104353,1.816734028700698,1.8039201525148076,in_distribution,1.809593987358448
ID_SYN03,70,1.8039201525148076,1.8128076327575928,1.8339611535020814,in_distribution,1.8001587949256155
ID_SYN03,71,1.8339611535020814,1.8088689789611168,1.8157966761739983,in_distribution,1.8290405967639891
ID_SYN03,72,1.8157966761739983,1.804918067311269,1.8019991569129574,in_distribution,1.8113628600785048
ID_SYN03,73,1.8019991569129574,1.800954897808051,1.7993358976026828,in_distribution,1.7979029749621802
ID_SYN03,74,1.7993358976026828,1.7969794704514612,1.7907459015395637,in_distribution,1.7951971788670449
ID_SYN03,75,1.7907459015395637,1.7929917852415007,1.7846127573790864,in_distribution,1.7867670099867334
ID_SYN03,76,1.7846127573790864,1.788991842178169,1.7833468363416607,in_distribution,1.7807098056491681
ID_SYN03,77,1.7833468363416607,1.784979641261466,1.7987545819651642,in_distribution,1.77935363676279
ID_SYN03,78,1.7987545819651642,1.780955182491392,1.774007789421181,in_distribution,1.79410182473301
ID_SYN03,79,1.774007789421181,1.7769184658679469,1.7702097470444318,in_distribution,1.7700665210327151
ID_SYN03,80,1.7702097470444318,1.7728694913911307,1.7719389021649932,in_distribution,1.7662646881851987
ID_SYN03,81,1.7719389021649932,1.7688082590609435,1.7795985904660734,in_distribution,1.767801330834626
ID_SYN03,82,1.7795985904660734,1.7647347688773851,1.765500163494333,in_distribution,1.7750660130707372
ID_SYN03,83,1.765500163494333,1.7606490208404557,1.7459343622201462,in_distribution,1.7613154945111185
ID_SYN03,84,1.7459343622201462,1.756551014950155,1.7531051902724046,in_distribution,1.742284281031437
ID_SYN03,85,1.7531051902724046,1.7524407512064835,1.7485834550462098,in_distribution,1.7490767947841468
ID_SYN03,86,1.7485834550462098,1.7483182296094408,1.7309486663404292,in_distribution,1.7445759790350857
ID_SYN03,87,1.7309486663404292,1.7441834501590268,1.7326263742878527,in_distribution,1.7274098451523867
ID_SYN03,88,1.7326263742878527,1.740036412855242,1.7393932638436962,in_distribution,1.7288967972536988
ID_SYN03,89,1.7393932638436962,1.7358771176980856,1.7274215641474717,in_distribution,1.7352991646860658
ID_SYN03,90,1.7274215641474717,1.7317055646875588,1.7444115335351185,in_distribution,1.7236027578991038
ID_SYN03,91,1.7444115335351185,1.7275217538236605,1.726906910321077,in_distribution,1.7398791457933669
ID_SYN03,92,1.726906910321077,1.7233256851063912,1.7145639842668137,in_distribution,1.7228387329996167
ID_SYN03,93,1.7145639842668137,1.7191173585357507,1.7142123060534313,in_distribution,1.7107837750993329
ID_SYN03,94,1.7142123060534313,1.714896774111739,1.7016108601263664,in_distribution,1.7103106329035673
ID_SYN03,95,1.7016108601263664,1.7106639318343564,1.6998663673460574,in_distribution,1.698005982097051
ID_SYN03,96,1.6998663673460574,1.7064188317036024,1.7099999493567233,in_distribution,1.696187581939915
ID_SYN03,97,1.7099999493567233,1.7021614737194777,1.6973302776437118,in_distribution,1.705841688646039
ID_SYN03,98,1.6973302776437118,1.6978918578819817,1.6744699263923903,in_distribution,1.69347114157171
ID_SYN03,99,1.6744699263923903,1.6936099841911145,1.6759506056441085,in_distribution,1.6712578680453323
ID_SYN03,100,1.6759506056441085,1.6893158526468763,1.6909736081228524,in_distribution,1.6725545188475268
ID_SYN03,101,1.6909736081228524,1.6850094632492671,1.6693769370180078,in_distribution,1.6869311004382177
ID_SYN03,102,1.6693769370180078,1.6806908159982867,1.6733727918735537,in_distribution,1.6659383596503978
ID_SYN03,103,1.6733727918735537,1.6763599108939353,1.6831668098191248,in_distribution,1.669664307277625
ID_SYN03,104,1.6831668098191248,1.6720167479362127,1.6655528877762262,in_distribution,1.6789904440781986
ID_SYN03,105,1.6655528877762262,1.667661327125119,1.660674917434492,in_distribution,1.6618444643818757
ID_SYN03,106,1.660674917434492,1.6632936484606542,1.6551173794414966,in_distribution,1.6569995768972954
ID_SYN03,107,1.6551173794414966,1.6589137119428183,1.6654385603505109,in_distribution,1.6514983250876591
ID_SYN03,108,1.6654385603505109,1.6545215175716115,1.6433702831037973,in_distribution,1.6613336252688802
ID_SYN03,109,1.6433702831037973,1.6501170653470334,1.633625577615621,in_distribution,1.63988538097611
ID_SYN03,110,1.633625577615621,1.645700355269084,1.6423410252819963,in_distribution,1.6303399293553578
ID_SYN03,111,1.6423410252819963,1.6412713873377638,1.653479278142017,in_distribution,1.6386243228474968
ID_SYN03,112,1.653479278142017,1.6368301615530725,1.6363659480581372,in_distribution,1.6492487966726506
ID_SYN03,113,1.6363659480581372,1.63237667791501,1.6437954788586155,in_distribution,1.6325863165995076
ID_SYN03,114,1.6437954788586155,1.6279109364235762,1.6361119575989855,in_distribution,1.6396286998897245
ID_SYN03,115,1.6361119575989855,1.6234329370787717,1.6081385329755615,in_distribution,1.6320740549126893
ID_SYN03,116,1.6081385329755615,1.6189426798805957,1.6155368659022997,in_distribution,1.6049222900578708
ID_SYN03,117,1.6155368659022997,1.614440164829049,1.6093659899505206,in_distribution,1.611934540702276
ID_SYN03,118,1.6093659899505206,1.6099253919241312,1.6059654293245833,in_distribution,1.605840892897037
ID_SYN03,119,1.6059654293245833,1.6053983611658418,1.613681331595386,in_distribution,1.602422970084981
ID_SYN03,120,1.613681331595386,1.6008590725541818,1.6109735071204658,in_distribution,1.609741946907109
ID_SYN03,121,1.6109735071204658,1.5963075260891502,1.5997137327944622,in_distribution,1.606993107291348
ID_SYN03,122,1.5997137327944622,1.591743721770748,1.5999073010679157,in_distribution,1.5959843177184307
ID_SYN03,123,1.5999073010679157,1.5871676595989745,1.5771724036764982,in_distribution,1.596037804978404
ID_SYN03,124,1.5771724036764982,1.58257933957383,1.5868099089232306,in_distribution,1.5739457017842644
ID_SYN03,125,1.5868099089232306,1.5779787616953143,1.5634220160920205,in_distribution,1.5831206698943545
ID_SYN03,126,1.5634220160920205,1.5733659259634274,1.5659068167613475,in_distribution,1.5603978672984573
ID_SYN03,127,1.5659068167613475,1.5687408323781695,1.5522904651126055,in_distribution,1.5626643545478693
ID_SYN03,128,1.5522904651126055,1.5641034809395404,1.5724564437267914,in_distribution,1.5493794512120165
ID_SYN03,129,1.5724564437267914,1.5594538716475403,1.5512085788371355,in_distribution,1.5687234058871296
ID_SYN03,130,1.5512085788371355,1.554792004502169,1.558550649978224,in_distribution,1.5480675615886916
ID_SYN03,131,1.558550649978224,1.5501178795034267,1.533108634021883,in_distribution,1.5550254714637917
ID_SYN03,132,1.533108634021883,1.5454314966513134,1.543870224557779,in_distribution,1.530318682231529
ID_SYN03,133,1.543870224557779,1.5407328559458289,1.54507038446922,in_distribution,1.5405793545842477
ID_SYN03,134,1.54507038446922,1.5360219573869733,1.533153480697381,in_distribution,1.5416050641680006
ID_SYN03,135,1.533153480697381,1.5312988009747468,1.5294084692216772,in_distribution,1.5299615823398094
ID_SYN03,136,1.5294084692216772,1.5265633867091486,1.5243169389408122,in_distribution,1.5262109696931179
ID_SYN03,137,1.5243169389408122,1.52181571459018,1.5174590184434693,in_distribution,1.5211598141128646
ID_SYN03,138,1.5174590184434693,1.5170557846178396,1.5095878179589828,in_distribution,1.5144025803811978
ID_SYN03,139,1.5095878179589828,1.5122835967921289,1.5000036266797119,in_distribution,1.5066666643452453
ID_SYN03,140,1.5000036266797119,1.5074991511130467,1.5140663593522194,in_distribution,1.4972762462964921
ID_SYN03,141,1.5140663593522194,1.5027024475805932,1.4990140426403407,in_distribution,1.5107253457710579
ID_SYN03,142,1.4990140426403407,1.4978934861947688,1.4948552697914699,in_distribution,1.4960535073188546
ID_SYN03,143,1.4948552697914699,1.4930722669555734,1.492587960759117,in_distribution,1.491903260869805
ID_SYN03,144,1.492587960759117,1.4882387898630067,1.4718701504907983,in_distribution,1.4895798956282302
ID_SYN03,145,1.4718701504907983,1.4833930549170689,1.46592611994931,in_distribution,1.4694360076348505
ID_SYN03,146,1.46592611994931,1.4785350621177602,1.461246711639737,in_distribution,1.4635614597740265
ID_SYN03,147,1.461246711639737,1.47366481146508,1.4877680976360848,in_distribution,1.4589083545703998
ID_SYN03,148,1.4877680976360848,1.4687823029590292,1.4621760389895626,in_distribution,1.4843907160238625
ID_SYN03,149,1.4621760389895626,1.463887536599607,1.4671951129674738,in_distribution,1.459539007196196
ID_SYN03,150,1.4671951129674738,1.458980512386814,1.43674029388509,in_distribution,1.4642532368986358
ID_SYN03,151,1.43674029388509,1.4540612303206495,1.4462528186560073,in_distribution,1.434704802931875
ID_SYN03,152,1.4462528186560073,1.4491296904011142,1.4462165514003953,in_distribution,1.4437590579304724
ID_SYN03,153,1.4462165514003953,1.4441858926282074,1.434545984599214,in_distribution,1.443590557222612
ID_SYN03,154,1.434545984599214,1.43922983700193,1.4463592403370051,in_distribution,1.4321850013745376
ID_SYN03,155,1.4463592403370051,1.4342615235222813,1.4268364359296797,in_distribution,1.4434614306120137
ID_SYN03,156,1.4268364359296797,1.4292809521892615,1.4245003117615769,in_distribution,1.4244717459035214
ID_SYN03,157,1.4245003117615769,1.4242881230028706,1.4316387520640617,in_distribution,1.4220819151672364
ID_SYN03,158,1.4316387520640617,1.4192830359631083,1.4314915043735512,in_distribution,1.4288431470255227
ID_SYN03,159,1.4314915043735512,1.4142656910699754,1.4136951286685568,in_distribution,1.4285674552262213
ID_SYN03,160,1.4136951286685568,1.4092360883234711,1.4007123590778787,in_distribution,1.411245251610833
ID_SYN03,161,1.4007123590778787,1.4041942277235957,1.3973680395612142,in_distribution,1.398572297150323
ID_SYN03,162,1.3973680395612142,1.3991401092703493,1.4072444288397128,in_distribution,1.3952086951371747
ID_SYN03,163,1.4072444288397128,1.3940737329637316,1.3792283654037232,in_distribution,1.404614390763482
ID_SYN03,164,1.3792283654037232,1.388995098803743,1.3747373851232534,in_distribution,1.3774214429662754
ID_SYN03,165,1.3747373851232534,1.3839042067903835,1.3701053723277685,in_distribution,1.372950332058455
ID_SYN03,166,1.3701053723277685,1.3788010569236524,1.3849014805357034,in_distribution,1.3683430040847442
ID_SYN03,167,1.3849014805357034,1.3736856492035507,1.3736577918631043,in_distribution,1.3825004385388076
ID_SYN03,168,1.3736577918631043,1.3685579836300774,1.3552001135751333,in_distribution,1.371507185386761
ID_SYN04,0,1.9436194612244257,1.9379982946775445,1.940422520859101,in_distribution,1.944431199765363
ID_SYN04,1,1.940422520859101,1.934820515664366,1.9254107525168935,in_distribution,1.9412099447533073
ID_SYN04,2,1.9254107525168935,1.9316353197705876,1.9283445565515798,in_distribution,1.926577270177198
ID_SYN04,3,1.9283445565515798,1.9284427069962091,1.9252480566591987,in_distribution,1.9292774299098499
ID_SYN04,4,1.9252480566591987,1.9252426773412301,1.9226095051585885,in_distribution,1.9261531859063519
ID_SYN04,5,1.9226095051585885,1.922035230805651,1.9406477205387003,in_distribution,1.923471253991308
ID_SYN04,6,1.9406477205387003,1.9188203673894715,1.9127596212415547,in_distribution,1.9407600963072316
ID_SYN04,7,1.9127596212415547,1.915598087092692,1.909449975147399,in_distribution,1.913690743409617
ID_SYN04,8,1.909449975147399,1.9123683899153123,1.90455040803493,in_distribution,1.9103606309210515
ID_SYN04,9,1.90455040803493,1.9091312758573324,1.916246829376765,in_distribution,1.9054948840712256
ID_SYN04,10,1.916246829376765,1.9058867449187522,1.898506245051342,in_distribution,1.9166584681352992
ID_SYN04,11,1.898506245051342,1.9026347970995716,1.8984930463340215,in_distribution,1.8993901509447992
ID_SYN04,12,1.8984930463340215,1.8993754323997911,1.904914323813071,in_distribution,1.899243931117345
ID_SYN04,13,1.904914323813071,1.8961086508194105,1.9004485029786842,in_distribution,1.9053124871372717
ID_SYN04,14,1.9004485029786842,1.8928344523584293,1.8798074898323396,in_distribution,1.9008656766251757
ID_SYN04,15,1.8798074898323396,1.889552837016848,1.9044132029756855,in_distribution,1.8807959635738158
ID_SYN04,16,1.9044132029756855,1.8862638047946665,1.8857420283538175,in_distribution,1.904428061382658
ID_SYN04,17,1.8857420283538175,1.882967355691885,1.8891718079774293,in_distribution,1.8862609282012908
ID_SYN04,18,1.8891718079774293,1.8796634897085032,1.8796621481323705,in_distribution,1.8894401288095128
ID_SYN04,19,1.8796621481323705,1.876352206844521,1.8901912988668117,in_distribution,1.8801216973752215
ID_SYN04,20,1.8901912988668117,1.8730335070999387,1.8662322194829637,in_distribution,1.8901578664086387
ID_SYN04,21,1.8662322194829637,1.869707390474756,1.860152550264063,in_distribution,1.8668833799952327
ID_SYN04,22,1.860152550264063,1.8663738569689734,1.8671643830322966,in_distribution,1.8608778247375937
ID_SYN04,23,1.8671643830322966,1.8630329065825906,1.8735937035327836,in_distribution,1.8675167719806376
ID_SYN04,24,1.8735937035327836,1.8596845393156074,1.856241758537099,in_distribution,1.8735930963990859
ID_SYN04,25,1.856241758537099,1.8563287551680239,1.8620844285567992,in_distribution,1.8567001487407884
ID_SYN04,26,1.8620844285567992,1.8529655541398404,1.8653269976232274,in_distribution,1.862209853417772
ID_SYN04,27,1.8653269976232274,1.8495949362310566,1.8321781431950914,in_distribution,1.8652082356324449
ID_SYN04,28,1.8321781431950914,1.8462169014416727,1.856794196718218,in_distribution,1.8330577521300564
ID_SYN04,29,1.856794196718218,1.8428314497716884,1.8510180827803955,in_distribution,1.8566998372541907
ID_SYN04,30,1.8510180827803955,1.839438581221104,1.8313161321201903,in_distribution,1.850987472610926
ID_SYN04,31,1.8313161321201903,1.8360382957899193,1.8322769136065105,in_distribution,1.8318247584635847
ID_SYN04,32,1.8322769136065105,1.8326305934781344,1.8246972470405964,in_distribution,1.8326192630184552
ID_SYN04,33,1.8246972470405964,1.8292154742857496,1.8342645326049678,in_distribution,1.82516492669475
ID_SYN04,34,1.8342645326049678,1.8257929382127642,1.8163490323862592,in_distribution,1.8342720727207065
ID_SYN04,35,1.8163490323862592,1.8223629852591787,1.8256080809247297,in_distribution,1.8168348120085056
ID_SYN04,36,1.8256080809247297,1.8189256154249929,1.8296350532777774,in_distribution,1.82564424552992
ID_SYN04,37,1.8296350532777774,1.815480828710207,1.7947015054518625,in_distribution,1.829400248171107
ID_SYN04,38,1.7947015054518625,1.812028625114821,1.8131274976388743,in_distribution,1.7955260082843598
ID_SYN04,39,1.8131274976388743,1.8085690046388347,1.8045992136961881,in_distribution,1.8131893870598412
ID_SYN04,40,1.8045992136961881,1.8051019672822481,1.7969095982152385,in_distribution,1.8048188231860374
ID_SYN04,41,1.7969095982152385,1.8016275130450614,1.8028288134300428,in_distribution,1.7972582920702846
ID_SYN04,42,1.8028288134300428,1.7981456419272743,1.7936048421651527,in_distribution,1.8028419283642712
ID_SYN04,43,1.7936048421651527,1.7946563539288873,1.7758469099078178,in_distribution,1.7937994308885057
ID_SYN04,44,1.7758469099078178,1.7911596490498998,1.7818185497542645,in_distribution,1.776514358098178
ID_SYN04,45,1.7818185497542645,1.7876555272903123,1.784091659083507,in_distribution,1.7821486290241992
ID_SYN04,46,1.784091659083507,1.7841439886501245,1.7732782485962981,in_distribution,1.7842106529750759
ID_SYN04,47,1.7732782485962981,1.7806250331293365,1.7637863157546023,in_distribution,1.773632986483483
ID_SYN04,48,1.7637863157546023,1.7770986607279482,1.7984745995708151,in_distribution,1.7643316767773611
ID_SYN04,49,1.7984745995708151,1.7735648714459598,1.7846907074244533,in_distribution,1.797702083468688
ID_SYN04,50,1.7846907074244533,1.770023665283371,1.7796525430985637,in_distribution,1.7842553601794637
ID_SYN04,51,1.7796525430985637,1.7664750422401823,1.764160723522944,in_distribution,1.779255748413801
ID_SYN04,52,1.764160723522944,1.762919002316393,1.73871335839608,in_distribution,1.7641594135924958
ID_SYN04,53,1.73871335839608,1.759355545512004,1.7530341932148186,in_distribution,1.7394474578331134
ID_SYN04,54,1.7530341932148186,1.7557846718270143,1.7576825029456324,in_distribution,1.7531458467503005
ID_SYN04,55,1.7576825029456324,1.7522063812614246,1.7441819148801454,in_distribution,1.7575019716719296
ID_SYN04,56,1.7441819148801454,1.7486206738152346,1.739217483951119,in_distribution,1.7443288792588718
ID_SYN04,57,1.739217483951119,1.7450275494884446,1.7450015783093735,in_distribution,1.739400483318707
ID_SYN04,58,1.7450015783093735,1.7414270082810543,1.7593107934005108,in_distribution,1.7448536123561378
ID_SYN04,59,1.7593107934005108,1.7378190501930637,1.7375512844344438,in_distribution,1.7585407782925808
ID_SYN04,60,1.7375512844344438,1.734203675224473,1.7321851499111505,in_distribution,1.7373907596198048
ID_SYN04,61,1.7321851499111505,1.7305808833752818,1.7200844950730299,in_distribution,1.7320743759523927
ID_SYN04,62,1.7200844950730299,1.7269506746454908,1.7391215999218896,in_distribution,1.72025341709984
ID_SYN04,63,1.7391215999218896,1.7233130490350994,1.7237910709528899,in_distribution,1.7385070425550782
ID_SYN04,64,1.7237910709528899,1.7196680065441077,1.7164875012168264,in_distribution,1.723566491193971
ID_SYN04,65,1.7164875012168264,1.7160155471725158,1.7103274909642223,in_distribution,1.716378824581572
ID_SYN04,66,1.7103274909642223,1.7123556709203238,1.7040298924874608,in_distribution,1.710295671474384
ID_SYN04,67,1.7040298924874608,1.7086883777875317,1.708682109528348,in_distribution,1.7040796279894432
ID_SYN04,68,1.708682109528348,1.7050136677741392,1.723470118474362,in_distribution,1.7084395268089827
ID_SYN04,69,1.723470118474362,1.7013315408801464,1.6999469615882934,in_distribution,1.7225891385443302
ID_SYN04,70,1.6999469615882934,1.6976419971055534,1.7011031216587538,in_distribution,1.699735690382967
ID_SYN04,71,1.7011031216587538,1.6939450364503603,1.6844038272010178,in_distribution,1.7007189024672078
ID_SYN04,72,1.6844038272010178,1.690240658914567,1.6914933554043066,in_distribution,1.684456321085238
ID_SYN04,73,1.6914933554043066,1.6865288644981735,1.670311630508297,in_distribution,1.6911703109111582
ID_SYN04,74,1.670311630508297,1.6828096532011798,1.695505068346856,in_distribution,1.6705783483060417
ID_SYN04,75,1.695505068346856,1.6790830250235858,1.6720429850117482,in_distribution,1.6947781033925315
ID_SYN04,76,1.6720429850117482,1.6753489799653918,1.678722773708213,in_distribution,1.6719836434716777
ID_SYN04,77,1.678722773708213,1.6716075180265975,1.6712860712247815,in_distribution,1.6783018840379826
ID_SYN04,78,1.6712860712247815,1.6678586392072028,1.6806105677787198,in_distribution,1.6709856303957171
ID_SYN04,79,1.6806105677787198,1.664102343507208,1.6684605712936367,in_distribution,1.6798582772593484
ID_SYN04,80,1.6684605712936367,1.6603386309266128,1.665126396784184,in_distribution,1.6679896614932486
ID_SYN04,81,1.665126396784184,1.6565675014654175,1.6388564719151808,in_distribution,1.664635858093673
ID_SYN04,82,1.6388564719151808,1.6527889551236223,1.6400640144946141,in_distribution,1.639129428275725
ID_SYN04,83,1.6400640144946141,1.6490029919012266,1.63592982949432,in_distribution,1.6401622684518256
ID_SYN04,84,1.63592982949432,1.6452096117982307,1.6326966017230677,in_distribution,1.6360357703177608
ID_SYN04,85,1.6326966017230677,1.6414088148146346,1.6299383541007237,in_distribution,1.6327794669059534
ID_SYN04,86,1.6299383541007237,1.6376006009504385,1.6436176005659673,in_distribution,1.6299819258032033
ID_SYN04,87,1.6436176005659673,1.633784970205642,1.6300609638764616,in_distribution,1.6430606329185509
ID_SYN04,88,1.6300609638764616,1.6299619225802453,1.626872707068888,in_distribution,1.6298334056195753
ID_SYN04,89,1.626872707068888,1.6261314580742483,1.6135798845572435,in_distribution,1.6266205376717242
ID_SYN04,90,1.6135798845572435,1.6222935766876512,1.609542231625205,in_distribution,1.6136481168139776
ID_SYN04,91,1.609542231625205,1.6184482784204537,1.6014224260340928,in_distribution,1.60961485473332
ID_SYN04,92,1.6014224260340928,1.6145955632726563,1.6218058950758407,in_distribution,1.6016388220250788
ID_SYN04,93,1.6218058950758407,1.6107354312442586,1.6082894688968843,in_distribution,1.6211928410807255
ID_SYN04,94,1.6082894688968843,1.6068678823352605,1.6104493090613254,in_distribution,1.6080044513346676
ID_SYN04,95,1.6104493090613254,1.6029929165456622,1.6016864151110994,in_distribution,1.6099570736111612
ID_SYN04,96,1.6016864151110994,1.599110533875464,1.5862647693318581,in_distribution,1.6013599103120248
ID_SYN04,97,1.5862647693318581,1.5952207343246654,1.5907855167056724,in_distribution,1.5863313532556134
ID_SYN04,98,1.5907855167056724,1.5913235178932665,1.5660263642118064,in_distribution,1.590564271340956
ID_SYN04,99,1.5660263642118064,1.5874188845812676,1.5907180065009972,in_distribution,1.5665170297119686
ID_SYN04,100,1.5907180065009972,1.5835068343886682,1.5799941669686002,in_distribution,1.5902321226806164
ID_SYN04,101,1.5799941669686002,1.5795873673154688,1.577967606573579,in_distribution,1.5797409688109685
ID_SYN04,102,1.577967606573579,1.5756604833616692,1.5728633423179963,in_distribution,1.5776501320256218
ID_SYN04,103,1.5728633423179963,1.5717261825272693,1.5739595653170175,in_distribution,1.5725866772626376
ID_SYN04,104,1.5739595653170175,1.5677844648122692,1.5615282644867916,in_distribution,1.5735119987816522
ID_SYN04,105,1.5615282644867916,1.5638353302166688,1.560222017398014,in_distribution,1.5613716835956457
ID_SYN04,106,1.560222017398014,1.5598787787404684,1.5490677581225902,in_distribution,1.5599765655606013
ID_SYN04,107,1.5490677581225902,1.5559148103836677,1.549479803288689,in_distribution,1.5490696883062423
ID_SYN04,108,1.549479803288689,1.5519434251462667,1.551195246333963,in_distribution,1.5493341927297242
ID_SYN04,109,1.551195246333963,1.5479646230282655,1.5531076186245538,in_distribution,1.5508575914923592
ID_SYN04,110,1.5531076186245538,1.543978404029664,1.5362282298305092,in_distribution,1.5525711954993822
ID_SYN04,111,1.5362282298305092,1.5399847681504624,1.521877514010883,in_distribution,1.5361346689667297
ID_SYN04,112,1.521877514010883,1.5359837153906608,1.513176582311466,in_distribution,1.522140475772136
ID_SYN04,113,1.513176582311466,1.531975245750259,1.5252521338274223,in_distribution,1.51360315906937
ID_SYN04,114,1.5252521338274223,1.5279593592292566,1.5164795539033584,in_distribution,1.5251329281929937
ID_SYN04,115,1.5164795539033584,1.523936055827654,1.525765393824043,in_distribution,1.5165264096403093
ID_SYN04,116,1.525765393824043,1.5199053355454517,1.5321740476754167,in_distribution,1.5253617197723475
ID_SYN04,117,1.5321740476754167,1.5158671983826488,1.503898744146903,in_distribution,1.5314180831888686
ID_SYN04,118,1.503898744146903,1.5118216443392456,1.5209392474196162,in_distribution,1.5039747468570677
ID_SYN04,119,1.5209392474196162,1.5077686734152422,1.515968665002563,in_distribution,1.5202999431949087
ID_SYN04,120,1.515968665002563,1.5037082856106387,1.489958535439534,in_distribution,1.5153656058046479
ID_SYN04,121,1.489958535439534,1.4996404809254351,1.4910750783444653,in_distribution,1.4901101007773985
ID_SYN04,122,1.4910750783444653,1.4955652593596314,1.4987941920402352,in_distribution,1.491055048394423
ID_SYN04,123,1.4987941920402352,1.4914826209132273,1.4792977696198208,in_distribution,1.4983771269898287
ID_SYN04,124,1.4792977696198208,1.4873925655862228,1.473236907734684,in_distribution,1.4794129234751519
ID_SYN04,125,1.473236907734684,1.4832950933786184,1.487151770194097,in_distribution,1.4734255333890145
ID_SYN04,126,1.487151770194097,1.4791902042904137,1.4692502973477168,in_distribution,1.4867318115676673
ID_SYN04,127,1.4692502973477168,1.4750778983216086,1.4646135929212967,in_distribution,1.4693080992737197
ID_SYN04,128,1.4646135929212967,1.4709581754722034,1.473635185895271,in_distribution,1.4646962398612824
ID_SYN04,129,1.473635185895271,1.4668310357421979,1.4641520315069665,in_distribution,1.4732763255598094
ID_SYN04,130,1.4641520315069665,1.4626964791315924,1.461439144825427,in_distribution,1.4639834945733918
ID_SYN04,131,1.461439144825427,1.4585545056403864,1.4695431799558634,in_distribution,1.461229765596248
ID_SYN04,132,1.4695431799558634,1.4544051152685806,1.464156471365176,in_distribution,1.4689236227735147
ID_SYN04,133,1.464156471365176,1.4502483080161743,1.4297687887901112,in_distribution,1.4635873675247617
ID_SYN04,134,1.4297687887901112,1.446084083883168,1.4522863509918325,in_distribution,1.4302403547305356
ID_SYN04,135,1.4522863509918325,1.4419124428695613,1.4389050274431752,in_distribution,1.451855599940713
ID_SYN04,136,1.4389050274431752,1.4377333849753544,1.4379659092749062,in_distribution,1.438797699847282
ID_SYN04,137,1.4379659092749062,1.4335469102005474,1.4388227808347762,in_distribution,1.4377571753919511
ID_SYN04,138,1.4388227808347762,1.42935301854514,1.4445893139955617,in_distribution,1.4384513179466374
ID_SYN04,139,1.4445893139955617,1.4251517100091324,1.4302564214556663,in_distribution,1.443887485400475
ID_SYN04,140,1.4302564214556663,1.4209429845925248,1.4168092108744683,in_distribution,1.4299105069231346
ID_SYN04,141,1.4168092108744683,1.416726842295317,1.418130664520152,in_distribution,1.4167889694603213
ID_SYN04,142,1.418130664520152,1.4125032831175088,1.3941738424749868,in_distribution,1.417931831295012
ID_SYN04,143,1.3941738424749868,1.4082723070591003,1.410612221565382,in_distribution,1.3946595251451577
ID_SYN04,144,1.410612221565382,1.4040339141200917,1.4031255112386323,in_distribution,1.4104031563779007
ID_SYN04,145,1.4031255112386323,1.3997881043004832,1.3846536862351846,in_distribution,1.4030386023725057
ID_SYN04,146,1.3846536862351846,1.395534877600274,1.3781259784584612,in_distribution,1.3850640121668107
ID_SYN04,147,1.3781259784584612,1.3912742340194648,1.3745645344082227,in_distribution,1.3786257162908409
ID_SYN04,148,1.3745645344082227,1.3870061735580554,1.375256308794459,in_distribution,1.375052403297972
ID_SYN04,149,1.375256308794459,1.3827306962160457,1.3848002679816367,in_distribution,1.3755870857978139
ID_SYN04,150,1.3848002679816367,1.3784478019934359,1.3731229692504783,in_distribution,1.384671701908177
ID_SYN04,151,1.3731229692504783,1.374157490890226,1.3636537053095628,in_distribution,1.3732596439868103
ID_SYN04,152,1.3636537053095628,1.3698597629064158,1.363406847954395,in_distribution,1.3639802291689056
ID_SYN04,153,1.363406847954395,1.365554618042005,1.3743706865805947,in_distribution,1.363608328802009
ID_SYN04,154,1.3743706865805947,1.3612420562969945,1.3544862740027486,in_distribution,1.3740643436361417
ID_SYN04,155,1.3544862740027486,1.3569220776713837,1.3449879140570324,in_distribution,1.3547253975960691
ID_SYN04,156,1.3449879140570324,1.3525946821651726,1.370613669704032,in_distribution,1.3454178802345584
ID_SYN04,157,1.370613669704032,1.3482598697783612,1.336060287107262,in_distribution,1.3700351919631577
ID_SYN04,158,1.336060287107262,1.3439176405109496,1.3448725382853548,in_distribution,1.3365281368498092
ID_SYN04,159,1.3448725382853548,1.339567994362938,1.344522555482479,in_distribution,1.3449060285705847
ID_SYN04,160,1.344522555482479,1.335210931334326,1.332848395135256,in_distribution,1.3444345238968096
ID_SYN04,161,1.332848395135256,1.3308464514251137,1.324718612755041,in_distribution,1.33302549720162
ID_SYN04,162,1.324718612755041,1.3264745546353014,1.335274185875413,in_distribution,1.3250398283542342
ID_SYN04,163,1.335274185875413,1.3220952409648887,1.319462672626357,in_distribution,1.3351015176010925
ID_SYN04,164,1.319462672626357,1.3177085104138762,1.3201536573567643,in_distribution,1.3196964048063209
ID_SYN04,165,1.3201536573567643,1.3133143629822632,1.3089585158576327,in_distribution,1.3202303246125378
ID_SYN04,166,1.3089585158576327,1.30891279867005,1.3214549474348436,in_distribution,1.3092839610272433
ID_SYN04,167,1.3214549474348436,1.3045038174772363,1.2916801144833758,in_distribution,1.3212202395790635
ID_SYN04,168,1.2916801144833758,1.3000874194038228,1.2838547856498896,in_distribution,1.2923285741283408
SHIFT_01,0,1.7325097010271195,1.7293668287358277,1.7205814964712445,shifted,1.7405296235095047
SHIFT_01,1,1.7205814964712445,1.724860649762234,1.7152776536714642,shifted,1.7288752267540468
SHIFT_01,2,1.7152776536714642,1.7203338727555917,1.718579469207445,shifted,1.7236190079061113
SHIFT_01,3,1.718579469207445,1.7157864977159005,1.7213578960212568,shifted,1.7266746136642057
SHIFT_01,4,1.7213578960212568,1.7112185246431604,1.7104271853840016,shifted,1.7292247014142976
SHIFT_01,5,1.7104271853840016,1.7066299535373715,1.6991331462848727,shifted,1.7185337398980354
SHIFT_01,6,1.6991331462848727,1.7020207843985338,1.6825332314412438,shifted,1.7074918554968934
SHIFT_01,7,1.6825332314412438,1.697391017226647,1.6849742119546731,shifted,1.6913252604868716
SHIFT_01,8,1.6849742119546731,1.6927406520217116,1.6815948913976135,shifted,1.6935494237866426
SHIFT_01,9,1.6815948913976135,1.6880696887837272,1.69491074063594,shifted,1.690152015817292
SHIFT_01,10,1.69491074063594,1.6833781275126942,1.657361197882404,shifted,1.7028797336306472
SHIFT_01,11,1.657361197882404,1.678665968208612,1.6793828483351545,shifted,1.666478819995037
SHIFT_01,12,1.6793828483351545,1.6739332108714813,1.66425806790942,shifted,1.6876150859898318
SHIFT_01,13,1.66425806790942,1.6691798555013015,1.6693480416392281,shifted,1.6728732580427672
SHIFT_01,14,1.6693480416392281,1.664405902098073,1.640404589498079,shifted,1.677655966678414
SHIFT_01,15,1.640404589498079,1.6596113506617958,1.652818935195968,shifted,1.6495672951656997
SHIFT_01,16,1.652818935195968,1.6547962011924693,1.65563349616658,shifted,1.6614242905987933
SHIFT_01,17,1.65563349616658,1.6499604536900945,1.6454210060405077,shifted,1.6640092787320857
SHIFT_01,18,1.6454210060405077,1.6451041081546707,1.649620503725002,shifted,1.6540120146279782
SHIFT_01,19,1.649620503725002,1.6402271645861979,1.6395240816191736,shifted,1.6579346518529625
SHIFT_01,20,1.6395240816191736,1.635329622984676,1.6329998615844195,shifted,1.648049492713867
SHIFT_01,21,1.6329998615844195,1.6304114833501058,1.6125718005739196,shifted,1.6416145654935408
SHIFT_01,22,1.6125718005739196,1.6254727456824865,1.6161346517141248,shifted,1.621750533487554
SHIFT_01,23,1.6161346517141248,1.6205134099818181,1.6086556309935758,shifted,1.6250582619855467
SHIFT_01,24,1.6086556309935758,1.6155334762481013,1.6088163676825353,shifted,1.6177011350305337
SHIFT_01,25,1.6088163676825353,1.6105329444813354,1.636197322889485,shifted,1.6177229117157659
SHIFT_01,26,1.636197322889485,1.6055118146815206,1.5973487347910456,shifted,1.6440354930357992
SHIFT_01,27,1.5973487347910456,1.6004700868486572,1.6027916388765235,shifted,1.6063798889812995
SHIFT_01,28,1.6027916388765235,1.5954077609827448,1.5961140313368696,shifted,1.6115034774311359
SHIFT_01,29,1.5961140313368696,1.5903248370837835,1.593634655129076,shifted,1.6049204000068693
SHIFT_01,30,1.593634655129076,1.5852213151517733,1.5874372005102477,shifted,1.6023922084640185
SHIFT_01,31,1.5874372005102477,1.5800971951867144,1.5537707652645705,shifted,1.5962728895003209
SHIFT_01,32,1.5537707652645705,1.5749524771886068,1.570207564351033,shifted,1.5636224975880237
SHIFT_01,33,1.570207564351033,1.56978716115745,1.54811312540892,shifted,1.5793646027648796
SHIFT_01,34,1.54811312540892,1.5646012470932447,1.5437021830149062,shifted,1.5578910900481175
SHIFT_01,35,1.5437021830149062,1.5593947349959902,1.5653011766404026,shifted,1.5534972841933337
SHIFT_01,36,1.5653011766404026,1.554167624865687,1.548000444094355,shifted,1.5742253246602709
SHIFT_01,37,1.548000444094355,1.548919916702335,1.5315209603093785,shifted,1.5573818408410456
SHIFT_01,38,1.5315209603093785,1.5436516105059344,1.52537583084924,shifted,1.54133156486178
SHIFT_01,39,1.52537583084924,1.5383627062764846,1.5348868903289443,shifted,1.5352627844535938
SHIFT_01,40,1.5348868903289443,1.533053204013986,1.5082810587998312,shifted,1.5443156241922444
SHIFT_01,41,1.5082810587998312,1.5277231037184387,1.5382033102824781,shifted,1.5184847569943891
SHIFT_01,42,1.5382033102824781,1.5223724053898424,1.5248297277267575,shifted,1.5472518639406345
SHIFT_01,43,1.5248297277267575,1.5170011090281974,1.5223745959316366,shifted,1.53420144052976
SHIFT_01,44,1.5223745959316366,1.5116092146335034,1.5195345658724941,shifted,1.5316966655923503
SHIFT_01,45,1.5195345658724941,1.5061967222057606,1.5108401541557104,shifted,1.5288201344525802
SHIFT_01,46,1.5108401541557104,1.5007636317449693,1.509506863193816,shifted,1.5202891151125453
SHIFT_01,47,1.509506863193816,1.4953099432511285,1.4867965133229863,shifted,1.5188678765970864
SHIFT_01,48,1.4867965133229863,1.4898356567242395,1.4868566698506989,shifted,1.4967994827669115
SHIFT_01,49,1.4868566698506989,1.484340772164301,1.4710884090594292,shifted,1.4967241135248346
SHIFT_01,50,1.4710884090594292,1.4788252895713143,1.493209978389012,shifted,1.4813607763652177
SHIFT_01,51,1.493209978389012,1.4732892089452785,1.4706934272123344,shifted,1.5025935495819656
SHIFT_01,52,1.4706934272123344,1.4677325302861937,1.468382447548928,shifted,1.480712337335328
SHIFT_01,53,1.468382447548928,1.46215525359406,1.4491452406635543,shifted,1.4783467925635427
SHIFT_01,54,1.4491452406635543,1.4565573788688777,1.4476310507873138,shifted,1.459632953864474
SHIFT_01,55,1.4476310507873138,1.4509389061106466,1.442586837952423,shifted,1.4580369930920067
SHIFT_01,56,1.442586837952423,1.4452998353193665,1.4313303418847034,shifted,1.4530315393391322
SHIFT_01,57,1.4313303418847034,1.4396401664950376,1.4234680221249536,shifted,1.4420259160908364
SHIFT_01,58,1.4234680221249536,1.4339598996376597,1.4386341231302826,shifted,1.4342985775539556
SHIFT_01,59,1.4386341231302826,1.428259034747233,1.417210343426667,shifted,1.4488133716796963
SHIFT_01,60,1.417210343426667,1.4225375718237576,1.4195744336485108,shifted,1.4279876190462784
SHIFT_01,61,1.4195744336485108,1.4167955108672334,1.4112130070942823,shifted,1.4301375174156246
SHIFT_01,62,1.4112130070942823,1.4110328518776603,1.3997419098386277,shifted,1.4219281137102784
SHIFT_01,63,1.3997419098386277,1.4052495948550383,1.3950678095289408,shifted,1.4107152166701624
SHIFT_01,64,1.3950678095289408,1.3994457397993674,1.4019944258174424,shifted,1.4060672382287591
SHIFT_01,65,1.4019944258174424,1.3936212867106477,1.3880727326265743,shifted,1.4126238786446619
SHIFT_01,66,1.3880727326265743,1.3877762355888792,1.3712724826125204,shifted,1.3990440594239266
SHIFT_01,67,1.3712724826125204,1.3819105864340617,1.3673081485660838,shifted,1.382683969537159
SHIFT_01,68,1.3673081485660838,1.3760243392461955,1.3638113372989338,shifted,1.3787215229239134
SHIFT_01,69,1.3638113372989338,1.3701174940252805,1.3539503690292427,shifted,1.3752106358763787
SHIFT_01,70,1.3539503690292427,1.3641900507713165,1.3714006185149,shifted,1.3655528911793204
SHIFT_01,71,1.3714006185149,1.3582420094843037,1.3521370307618805,shifted,1.3822738432539217
SHIFT_01,72,1.3521370307618805,1.3522733701642422,1.3632783194732994,shifted,1.3635345244420862
SHIFT_01,73,1.3632783194732994,1.3462841328111317,1.3319406402045668,shifted,1.374161930461776
SHIFT_01,74,1.3319406402045668,1.3402742974249724,1.3283226029163262,shifted,1.3437607809055427
SHIFT_01,75,1.3283226029163262,1.3342438640057641,1.3510706336992218,shifted,1.3401328070082077
SHIFT_01,76,1.3510706336992218,1.328192832553507,1.3075214374399617,shifted,1.3619706516232397
SHIFT_01,77,1.3075214374399617,1.3221212030682015,1.3086058111323446,shifted,1.319774938137245
SHIFT_01,78,1.3086058111323446,1.3160289755498467,1.3001369440983603,shifted,1.320688814935282
SHIFT_01,79,1.3001369440983603,1.3099161499984433,1.301428426845576,shifted,1.3123756392245325
SHIFT_01,80,1.301428426845576,1.3037827264139907,1.3005814572388958,shifted,1.3134895534945357
SHIFT_01,81,1.3005814572388958,1.2976287047964896,1.3013964257076729,shifted,1.3125380312574828
SHIFT_01,82,1.3013964257076729,1.2914540851459393,1.2964331571220133,shifted,1.3131917014705974
SHIFT_01,83,1.2964331571220133,1.2852588674623406,1.274251282990132,shifted,1.3082644281864595
SHIFT_01,84,1.274251282990132,1.2790430517456928,1.2745408152564481,shifted,1.2867064656887053
SHIFT_01,85,1.2745408152564481,1.2728066379959964,1.2524359881644729,shifted,1.2868526403231997
SHIFT_01,86,1.2524359881644729,1.2665496262132507,1.2656507560174932,shifted,1.2653690941521374
SHIFT_01,87,1.2656507560174932,1.2602720163974566,1.2380992037350258,shifted,1.2779991819280427
SHIFT_01,88,1.2380992037350258,1.2539738085486134,1.263173060879774,shifted,1.251254884900479
SHIFT_01,89,1.263173060879774,1.2476550026667215,1.2208270348329726,shifted,1.275339142285986
SHIFT_01,90,1.2208270348329726,1.2413155987517805,1.2423600208117493,shifted,1.2343055176707054
SHIFT_01,91,1.2423600208117493,1.2349555968037909,1.230599215817641,shifted,1.254969804272362
SHIFT_01,92,1.230599215817641,1.2285749968227522,1.2121965202534162,shifted,1.2434770913465711
SHIFT_01,93,1.2121965202534162,1.222173798808665,1.237282504288314,shifted,1.2255692702074037
SHIFT_01,94,1.237282504288314,1.2157520027615287,1.2042438085938734,shifted,1.2496652404195194
SHIFT_01,95,1.2042438085938734,1.2093096086813435,1.2251373690815426,shifted,1.217621154363738
SHIFT_01,96,1.2251373690815426,1.2028466165681098,1.1946433327886459,shifted,1.2376678481766332
SHIFT_01,97,1.1946433327886459,1.1963630264218268,1.1924009107869555,shifted,1.208081536041509
SHIFT_01,98,1.1924009107869555,1.1898588382424953,1.1612447337086977,shifted,1.2057822080816574
SHIFT_01,99,1.1612447337086977,1.1833340520301148,1.1697776400365902,shifted,1.1755563634601511
SHIFT_01,100,1.1697776400365902,1.1767886677846855,1.1721298739990726,shifted,1.183664448350482
SHIFT_01,101,1.1721298739990726,1.1702226855062074,1.1550522451252792,shifted,1.1858028952835231
SHIFT_01,102,1.1550522451252792,1.1636361051946804,1.1492431667121494,shifted,1.1691748974295062
SHIFT_01,103,1.1492431667121494,1.1570289268501046,1.1381911883862488,shifted,1.1634306938581442
SHIFT_01,104,1.1381911883862488,1.1504011504724798,1.1414965032938862,shifted,1.152622605247234
SHIFT_01,105,1.1414965032938862,1.1437527760618063,1.1297406516895814,shifted,1.1556815908935723
SHIFT_01,106,1.1297406516895814,1.137083803618084,1.1572478445593353,shifted,1.1441936622278166
SHIFT_01,107,1.1572478445593353,1.1303942331413126,1.1150250659769156,shifted,1.1706281709206277
SHIFT_01,108,1.1150250659769156,1.1236840646314927,1.1172468122978623,shifted,1.129713585577778
SHIFT_01,109,1.1172468122978623,1.1169532980886236,1.1150219171110398,shifted,1.131726000271636
SHIFT_01,110,1.1150219171110398,1.110201933512706,1.1022064016797521,shifted,1.1294436006867445
SHIFT_01,111,1.1022064016797521,1.1034299709037394,1.1008214851592037,shifted,1.1169321896181799
SHIFT_01,112,1.1008214851592037,1.096637410261724,1.076976716059724,shifted,1.1154610882599285
SHIFT_01,113,1.076976716059724,1.0898242515866596,1.073583508471862,shifted,1.0922970090922282
SHIFT_01,114,1.073583508471862,1.0829904948785467,1.063832861514153,shifted,1.0888861882542944
SHIFT_01,115,1.063832861514153,1.0761361401373843,1.0512180902460126,shifted,1.0793349980310167
SHIFT_01,116,1.0512180902460126,1.0692611873631737,1.0696807105343058,shifted,1.0670174768671714
SHIFT_01,117,1.0696807105343058,1.0623656365559138,1.0543745137593907,shifted,1.0847162331049716
SHIFT_01,118,1.0543745137593907,1.0554494877156055,1.0198059227079317,shifted,1.0697991831334872
SHIFT_01,119,1.0198059227079317,1.0485127408422479,1.0380251475291444,shifted,1.0362774388466938
SHIFT_01,120,1.0380251475291444,1.041555395935842,1.046003078326645,shifted,1.0537411101725276
SHIFT_01,121,1.046003078326645,1.034577452996387,1.023585785387679,shifted,1.0613131687544368
SHIFT_01,122,1.023585785387679,1.027578912023883,1.0234365111080561,shifted,1.0395278256476574
SHIFT_01,123,1.0234365111080561,1.0205597730183302,1.0166336295716856,shifted,1.0392501764556041
SHIFT_01,124,1.0166336295716856,1.0135200359797285,1.007813430558415,shifted,1.0325461024209939
SHIFT_01,125,1.007813430558415,1.006459700908078,0.9885675916373268,shifted,1.023893590697079
SHIFT_01,126,0.9885675916373268,0.9993787678033788,0.9844189243600522,shifted,1.0051714146966613
SHIFT_01,127,0.9844189243600522,0.9922772366656306,0.9794891369197852,shifted,1.0010309287720682
SHIFT_01,128,0.9794891369197852,0.9851551074948336,0.9868363684373799,shifted,0.996135993444802
SHIFT_01,129,0.9868363684373799,0.9780123802909878,0.9669286260953206,shifted,1.0030988874992346
SHIFT_01,130,0.9669286260953206,0.9708490550540931,0.9440991279444214,shifted,0.9837374082721964
SHIFT_01,131,0.9440991279444214,0.9636651317841496,0.9629913200476656,shifted,0.9615539343903383
SHIFT_01,132,0.9629913200476656,0.9564606104811572,0.9434902387388205,shifted,0.9796675950366402
SHIFT_01,133,0.9434902387388205,0.949235491145116,0.9369827867678543,shifted,0.9606988917077733
SHIFT_01,134,0.9369827867678543,0.9419897737760259,0.9290392914486055,shifted,0.954280160018312
SHIFT_01,135,0.9290392914486055,0.9347234583738869,0.9379137492710461,shifted,0.9464744176003419
SHIFT_01,136,0.9379137492710461,0.9274365449386992,0.9159790586125856,shifted,0.9549123919663927
SHIFT_01,137,0.9159790586125856,0.9201290334704628,0.9084983344642602,shifted,0.9335931730483185
SHIFT_01,138,0.9084983344642602,0.9128009239691771,0.9121429782556776,shifted,0.9262344008277891
SHIFT_01,139,0.9121429782556776,0.9054522164348431,0.8957009958548289,shifted,0.9296211292284522
SHIFT_01,140,0.8957009958548289,0.8980829108674597,0.8762841538450394,shifted,0.913607074176766
SHIFT_01,141,0.8762841538450394,0.8906930072670279,0.8558729160580714,shifted,0.894719733859463
SHIFT_01,142,0.8558729160580714,0.8832825056335468,0.8761226993089654,shifted,0.8748719506606967
SHIFT_01,143,0.8761226993089654,0.8758514059670174,0.8827527087594148,shifted,0.8942968485262447
SHIFT_01,144,0.8827527087594148,0.8683997082674386,0.839882872572309,shifted,0.9005670095214398
SHIFT_01,145,0.839882872572309,0.8609274125348114,0.8343563249441899,shifted,0.8590274598690264
SHIFT_01,146,0.8343563249441899,0.853434518769135,0.8340183203829028,shifted,0.8535561402815721
SHIFT_01,147,0.8340183203829028,0.8459210269704102,0.8401493249253198,shifted,0.853096204861338
SHIFT_01,148,0.8401493249253198,0.838386937138636,0.830283662662654,shifted,0.8588843990956777
SHIFT_01,149,0.830283662662654,0.8308322492738135,0.8062502583950004,shifted,0.8492221206785036
SHIFT_01,150,0.8062502583950004,0.8232569633759417,0.8104831387044672,shifted,0.8258758471485339
SHIFT_01,151,0.8104831387044672,0.8156610794450214,0.8179123338842778,shifted,0.8298307271738752
SHIFT_01,152,0.8179123338842778,0.8080445974810522,0.7889700687683272,shifted,0.8368727863029396
SHIFT_01,153,0.7889700687683272,0.8004075174840339,0.8019738674494621,shifted,0.8087852612853415
SHIFT_01,154,0.8019738674494621,0.7927498394539669,0.7738412723268779,shifted,0.8212115832730208
SHIFT_01,155,0.7738412723268779,0.7850715633908512,0.7706073471992143,shifted,0.7939060826759902
SHIFT_01,156,0.7706073471992143,0.7773726892946864,0.7749573228349402,shifted,0.7906491057184815
SHIFT_01,157,0.7749573228349402,0.7696532171654729,0.7611267753473362,shifted,0.794717082938259
SHIFT_01,158,0.7611267753473362,0.7619131470032106,0.7335041563955826,shifted,0.7812252973193199
SHIFT_01,159,0.7335041563955826,0.7541524788078993,0.7559056825510323,shifted,0.7544123601404282
SHIFT_01,160,0.7559056825510323,0.7463712125795392,0.7424052864850363,shifted,0.7759155312678386
SHIFT_01,161,0.7424052864850363,0.7385693483181304,0.7442872166935313,shifted,0.7627426242985937
SHIFT_01,162,0.7442872166935313,0.7307468860236725,0.7103998688363969,shifted,0.7644268256455119
SHIFT_01,163,0.7103998688363969,0.722903825696166,0.7278966512028663,shifted,0.7315630640166806
SHIFT_01,164,0.7278966512028663,0.7150401673356105,0.7075466110151623,shifted,0.7483289601418858
SHIFT_01,165,0.7075466110151623,0.7071559109420062,0.7216342498408778,shifted,0.7285402849963964
SHIFT_01,166,0.7216342498408778,0.6992510565153531,0.6803621765988511,shifted,0.7420134402223061
SHIFT_01,167,0.6803621765988511,0.691325604055651,0.6756644446404636,shifted,0.7020170991012291
SHIFT_01,168,0.6756644446404636,0.6833795535629001,0.6730182783359949,shifted,0.6973462958959915
SHIFT_02,0,1.6548558403608353,1.6355662684675152,1.6251136867345557,shifted,1.6655271954957092
SHIFT_02,1,1.6251136867345557,1.6311905118534649,1.6060667396023212,shifted,1.636667093559201
SHIFT_02,2,1.6060667396023212,1.6267837319590621,1.614335831839923,shifted,1.618137018337135
SHIFT_02,3,1.614335831839923,1.6223459287843067,1.6351461688789841,shifted,1.6259902968708173
SHIFT_02,4,1.6351461688789841,1.617877102329199,1.6162014781178455,shifted,1.6459566088371471
SHIFT_02,5,1.6162014781178455,1.6133772525937384,1.6060300581685498,shifted,1.627525298519315
SHIFT_02,6,1.6060300581685498,1.6088463795779255,1.6061645805733424,shifted,1.6175677022816954
SHIFT_02,7,1.6061645805733424,1.60428448328176,1.6027958026241562,shifted,1.617564159749772
SHIFT_02,8,1.6027958026241562,1.599691563705242,1.6050845242726914,shifted,1.6141769344188803
SHIFT_02,9,1.6050845242726914,1.5950676208483716,1.5915136715778953,shifted,1.616254037618153
SHIFT_02,10,1.5915136715778953,1.5904126547111488,1.5988835476045749,shifted,1.6030130797086928
SHIFT_02,11,1.5988835476045749,1.585726665293573,1.5757010289351852,shifted,1.6099978450924834
SHIFT_02,12,1.5757010289351852,1.581009652595645,1.5757357616950698,shifted,1.5874734043121568
SHIFT_02,13,1.5757357616950698,1.5762616166173644,1.565972493423815,shifted,1.587373479377678
SHIFT_02,14,1.565972493423815,1.5714825573587314,1.5673217629044918,shifted,1.5778100987861103
SHIFT_02,15,1.5673217629044918,1.5666724748197458,1.582457104900178,shifted,1.5789798267050343
SHIFT_02,16,1.582457104900178,1.5618313690004075,1.5401484611000875,shifted,1.5934649120643762
SHIFT_02,17,1.5401484611000875,1.556959239900717,1.5366079528131862,shifted,1.5524673933071156
SHIFT_02,18,1.5366079528131862,1.552056087520674,1.5403092168747254,shifted,1.548914301241695
SHIFT_02,19,1.5403092168747254,1.5471219118602781,1.5534698805976228,shifted,1.5523557166559527
SHIFT_02,20,1.5534698805976228,1.54215671291953,1.5398215409812757,shifted,1.5649335476465551
SHIFT_02,21,1.5398215409812757,1.537160490698429,1.5234993904139562,shifted,1.551617748548186
SHIFT_02,22,1.5234993904139562,1.532133245196976,1.5276404779435762,shifted,1.5357194337622244
SHIFT_02,23,1.5276404779435762,1.52707497641517,1.5077538148088556,shifted,1.5395856552031297
SHIFT_02,24,1.5077538148088556,1.5219856843530117,1.5046783416569989,shifted,1.520244535449754
SHIFT_02,25,1.5046783416569989,1.516865369010501,1.5039934717638932,shifted,1.5171406002445438
SHIFT_02,26,1.5039934717638932,1.5117140303876377,1.5117081104818963,shifted,1.5163456429482949
SHIFT_02,27,1.5117081104818963,1.5065316684844217,1.4981692162102094,shifted,1.5236633993606832
SHIFT_02,28,1.4981692162102094,1.5013182833008534,1.4967555042620089,shifted,1.5104533086780179
SHIFT_02,29,1.4967555042620089,1.4960738748369324,1.5038372837268146,shifted,1.5089543950903286
SHIFT_02,30,1.5038372837268146,1.490798443092659,1.48137277619723,shifted,1.5156609007526116
SHIFT_02,31,1.48137277619723,1.4854919880680333,1.494023258427089,shifted,1.4938299551618903
SHIFT_02,32,1.494023258427089,1.4801545097630546,1.4648500446116937,shifted,1.5059150244227182
SHIFT_02,33,1.4648500446116937,1.4747860081777235,1.491946988515679,shifted,1.477604436275272
SHIFT_02,34,1.491946988515679,1.4693864833120402,1.449312139232568,shifted,1.5036427036446156
SHIFT_02,35,1.449312139232568,1.4639559351660039,1.4369947060600494,shifted,1.4623301174451437
SHIFT_02,36,1.4369947060600494,1.4584943637396155,1.4551516680722967,shifted,1.450299781991336
SHIFT_02,37,1.4551516680722967,1.4530017690328745,1.4453714520991847,shifted,1.4677033164249755
SHIFT_02,38,1.4453714520991847,1.4474781510457808,1.449812889214608,shifted,1.4581235667980808
SHIFT_02,39,1.449812889214608,1.4419235097783347,1.4449681838329007,shifted,1.462279882614139
SHIFT_02,40,1.4449681838329007,1.436337845230536,1.415541037719385,shifted,1.457467124282551
SHIFT_02,41,1.415541037719385,1.4307211574023848,1.4248237262044405,shifted,1.4289112741642676
SHIFT_02,42,1.4248237262044405,1.4250734462938812,1.445192723445116,shifted,1.4377435404640753
SHIFT_02,43,1.445192723445116,1.419394711905025,1.4100321280312134,shifted,1.4572835818474097
SHIFT_02,44,1.4100321280312134,1.413684954235816,1.4254365145016952,shifted,1.423190046741756
SHIFT_02,45,1.4254365145016952,1.407944173286255,1.4032440921425127,shifted,1.437934990254707
SHIFT_02,46,1.4032440921425127,1.4021723690563412,1.3929287947699405,shifted,1.4163668396909372
SHIFT_02,47,1.3929287947699405,1.3963695415460748,1.3795297116365746,shifted,1.4062702786164185
SHIFT_02,48,1.3795297116365746,1.390535690755456,1.3781595558599304,shifted,1.3931952253259379
SHIFT_02,49,1.3781595558599304,1.3846708166844848,1.3626196742854253,shifted,1.3917383807170949
SHIFT_02,50,1.3626196742854253,1.3787749193331609,1.3892176791076656,shifted,1.3765956249376987
SHIFT_02,51,1.3892176791076656,1.3728479987014846,1.3660101788568773,shifted,1.402151989124885
SHIFT_02,52,1.3660101788568773,1.3668900547894554,1.3538349592356191,shifted,1.3796034197404627
SHIFT_02,53,1.3538349592356191,1.3609010875970742,1.364446805377769,shifted,1.367710442063197
SHIFT_02,54,1.364446805377769,1.3548810971243401,1.3388450005101393,shifted,1.3778264829318392
SHIFT_02,55,1.3388450005101393,1.3488300833712537,1.3488126718403404,shifted,1.3529653606604526
SHIFT_02,56,1.3488126718403404,1.3427480463378145,1.3450491480964164,shifted,1.3624592215814795
SHIFT_02,57,1.3450491480964164,1.3366349860240232,1.3414965954869376,shifted,1.358690728754039
SHIFT_02,58,1.3414965954869376,1.3304909024298792,1.3289705988779335,shifted,1.3551260036103745
SHIFT_02,59,1.3289705988779335,1.3243157955553826,1.3329047401967926,shifted,1.3428942259617151
SHIFT_02,60,1.3329047401967926,1.3181096654005335,1.3110985935323616,shifted,1.346560567214538
SHIFT_02,61,1.3110985935323616,1.3118725119653318,1.3131545282618042,shifted,1.3253655032525224
SHIFT_02,62,1.3131545282618042,1.3056043352497777,1.3142532463383207,shifted,1.3272177678669264
SHIFT_02,63,1.3142532463383207,1.2993051352538711,1.297379779069267,shifted,1.3281454992708923
SHIFT_02,64,1.297379779069267,1.292974911977612,1.2979910081219879,shifted,1.3117146920772147
SHIFT_02,65,1.2979910081219879,1.2866136654210003,1.2556436877938466,shifted,1.3121715794033586
SHIFT_02,66,1.2556436877938466,1.280221395584036,1.2811874509092802,shifted,1.2711367046990008
SHIFT_02,67,1.2811874509092802,1.2737981024667193,1.2745900685371918,shifted,1.2956748234693403
SHIFT_02,68,1.2745900685371918,1.2673437860690502,1.260155482038331,shifted,1.289169231984647
SHIFT_02,69,1.260155482038331,1.2608584463910282,1.2657638685488657,shifted,1.2750940318120645
SHIFT_02,70,1.2657638685488657,1.254342083432654,1.2702668455374246,shifted,1.2803774524140485
SHIFT_02,71,1.2702668455374246,1.2477946971939273,1.2489338247447483,shifted,1.2845932068705714
SHIFT_02,72,1.2489338247447483,1.2412162876748478,1.2444296425012447,shifted,1.263855114253358
SHIFT_02,73,1.2444296425012447,1.2346068548754159,1.2253620155015894,shifted,1.2593712521535996
SHIFT_02,74,1.2253620155015894,1.2279663987956315,1.216654656380482,shifted,1.2408212031626284
SHIFT_02,75,1.216654656380482,1.2212949194354947,1.2157864274683565,shifted,1.23227767849765
SHIFT_02,76,1.2157864274683565,1.2145924167950053,1.1971730641001181,shifted,1.2313056228381423
SHIFT_02,77,1.1971730641001181,1.2078588908741632,1.2011029176623267,shifted,1.2131943269886414
SHIFT_02,78,1.2011029176623267,1.201094341672969,1.2036912150437922,shifted,1.2168565268870388
SHIFT_02,79,1.2036912150437922,1.194298769191422,1.1864443855310136,shifted,1.2192229770312153
SHIFT_02,80,1.1864443855310136,1.1874721734295222,1.1782546523178772,shifted,1.2024315557667398
SHIFT_02,81,1.1782546523178772,1.1806145543872704,1.1662571570314433,shifted,1.194387983062521
SHIFT_02,82,1.1662571570314433,1.1737259120646657,1.1787493933640403,shifted,1.1826666614563708
SHIFT_02,83,1.1787493933640403,1.1668062464617086,1.1612556551994158,shifted,1.1945988880070484
SHIFT_02,84,1.1612556551994158,1.159855557578399,1.154918762833146,shifted,1.1775689886008918
SHIFT_02,85,1.154918762833146,1.152873845414737,1.1511714489923202,shifted,1.1713149928867388
SHIFT_02,86,1.1511714489923202,1.1458611099707223,1.1506401198492937,shifted,1.1675621564874499
SHIFT_02,87,1.1506401198492937,1.138817351246355,1.123055832226071,shifted,1.1669154974078797
SHIFT_02,88,1.123055832226071,1.1317425692416356,1.1213881387918851,shifted,1.1401395827631433
SHIFT_02,89,1.1213881387918851,1.1246367639565633,1.1301014789758623,shifted,1.1383953596962342
SHIFT_02,90,1.1301014789758623,1.1174999353911386,1.1063426112385222,shifted,1.1466777176643759
SHIFT_02,91,1.1063426112385222,1.1103320835453614,1.108407751960192,shifted,1.1235966068214296
SHIFT_02,92,1.108407751960192,1.1031332084192316,1.1229484676037678,shifted,1.125457763096382
SHIFT_02,93,1.1229484676037678,1.095903310012749,1.076479552335839,shifted,1.1393685251730612
SHIFT_02,94,1.076479552335839,1.0886423883259144,1.084499080153497,shifted,1.0943527842874081
SHIFT_02,95,1.084499080153497,1.081350443358727,1.0818164866742437,shifted,1.1019650195905153
SHIFT_02,96,1.0818164866742437,1.0740274751111873,1.0832745266237613,shifted,1.0992405494770554
SHIFT_02,97,1.0832745266237613,1.066673483583295,1.0597076132022505,shifted,1.1005153339789913
SHIFT_02,98,1.0597076132022505,1.05928846877505,1.0391316540042563,shifted,1.0776196233161697
SHIFT_02,99,1.0391316540042563,1.0518724306864526,1.0335502384011623,shifted,1.0576127429950348
SHIFT_02,100,1.0335502384011623,1.0444253693175027,1.0353211998649197,shifted,1.0520884288583332
SHIFT_02,101,1.0353211998649197,1.0369472846682,1.01255972579847,shifted,1.0536654504048197
SHIFT_02,102,1.01255972579847,1.029438176738545,1.0421183442561575,shifted,1.0315476779762227
SHIFT_02,103,1.0421183442561575,1.0218980455285376,1.0039498900973005,shifted,1.0599635678735804
SHIFT_02,104,1.0039498900973005,1.0143268910381777,1.0186380502852335,shifted,1.0229648750969695
SHIFT_02,105,1.0186380502852335,1.0067247132674653,1.0043542427179986,shifted,1.0370180473349633
SHIFT_02,106,1.0043542427179986,0.9990915122163999,0.9910174489996392,shifted,1.023088477860819
SHIFT_02,107,0.9910174489996392,0.9914272878849824,0.9864923295626183,shifted,1.0100735871601307
SHIFT_02,108,0.9864923295626183,0.9837320402732124,0.9601683667196915,shifted,1.0055695027515763
SHIFT_02,109,0.9601683667196915,0.9760057693810895,0.9632223078569904,shifted,0.9800108800456707
SHIFT_02,110,0.9632223078569904,0.9682484752086145,0.9643801455258765,shifted,0.9828270748899471
SHIFT_02,111,0.9643801455258765,0.9604601577557867,0.9521860161494612,shifted,0.9838119072922775
SHIFT_02,112,0.9521860161494612,0.9526408170226066,0.9477687428720883,shifted,0.9719006655192182
SHIFT_02,113,0.9477687428720883,0.9447904530090739,0.9388962423204537,shifted,0.9675007449443247
SHIFT_02,114,0.9388962423204537,0.9369090657151886,0.9406364315492927,shifted,0.9587977174787263
SHIFT_02,115,0.9406364315492927,0.9289966551409509,0.9127622575335741,shifted,0.9603450174851055
SHIFT_02,116,0.9127622575335741,0.9210532212863606,0.9152104374982317,shifted,0.93328911440066
SHIFT_02,117,0.9152104374982317,0.9130787641514176,0.9152579134077113,shifted,0.9355202313318135
SHIFT_02,118,0.9152579134077113,0.9050732837361226,0.8942512584225033,shifted,0.9354326144416736
SHIFT_02,119,0.8942512584225033,0.8970367800404746,0.8829801537992262,shifted,0.9150097441169613
SHIFT_02,120,0.8829801537992262,0.8889692530644743,0.8891530566562911,shifted,0.9039900111112472
SHIFT_02,121,0.8891530566562911,0.8808707028081214,0.8814080379968251,shifted,0.9098186730738018
SHIFT_02,122,0.8814080379968251,0.8727411292714158,0.857406362426559,shifted,0.9022046304793826
SHIFT_02,123,0.857406362426559,0.864580532454358,0.8474800036841631,shifted,0.8788890022942981
SHIFT_02,124,0.8474800036841631,0.8563889123569475,0.8520914525964012,shifted,0.8691680998330316
SHIFT_02,125,0.8520914525964012,0.8481662689791843,0.8494372468966456,shifted,0.8734886225210042
SHIFT_02,126,0.8494372468966456,0.8399126023210691,0.8241431589011085,shifted,0.8707915709076679
SHIFT_02,127,0.8241431589011085,0.8316279123826009,0.8148124869907821,shifted,0.8462276587472753
SHIFT_02,128,0.8148124869907821,0.8233121991637804,0.820483078373947,shifted,0.83708210383934
SHIFT_02,129,0.820483078373947,0.8149654626646075,0.8342776984709586,shifted,0.8424256053753758
SHIFT_02,130,0.8342776984709586,0.8065877028850816,0.7957374945192098,shifted,0.8556157467766313
SHIFT_02,131,0.7957374945192098,0.7981789198252038,0.7847216588862224,shifted,0.818257997324135
SHIFT_02,132,0.7847216588862224,0.789739113484973,0.7715755563897346,shifted,0.807484817341079
SHIFT_02,133,0.7715755563897346,0.78126828386439,0.7836359740544289,shifted,0.794654106853951
SHIFT_02,134,0.7836359740544289,0.7727664309634543,0.7608426373649696,shifted,0.8061692588602787
SHIFT_02,135,0.7608426373649696,0.7642335547821659,0.7369397777042518,shifted,0.7840207117339643
SHIFT_02,136,0.7369397777042518,0.7556696553205253,0.731200139227947,shifted,0.7608005254635368
SHIFT_02,137,0.731200139227947,0.7470747325785321,0.7236639598231711,shifted,0.7551233908545973
SHIFT_02,138,0.7236639598231711,0.7384487865561862,0.7230444362625298,shifted,0.7477110568556292
SHIFT_02,139,0.7230444362625298,0.7297918172534882,0.7185401467546191,shifted,0.7469792146904838
SHIFT_02,140,0.7185401467546191,0.7211038246704372,0.7175190404247351,shifted,0.7424952489887805
SHIFT_02,141,0.7175190404247351,0.7123848088070339,0.6911665060674708,shifted,0.7413755357959325
SHIFT_02,142,0.6911665060674708,0.7036347696632781,0.6981366948388593,shifted,0.7157893171285514
SHIFT_02,143,0.6981366948388593,0.6948537072391696,0.6692565849675058,shifted,0.7223880422776932
SHIFT_02,144,0.6692565849675058,0.6860416215347087,0.6803581032849705,shifted,0.6943605502606256
SHIFT_02,145,0.6803581032849705,0.6771985125498954,0.6667412695233033,shifted,0.7049495438165427
SHIFT_02,146,0.6667412695233033,0.6683243802847294,0.6612324227939832,shifted,0.6916641748291481
SHIFT_02,147,0.6612324227939832,0.659419224739211,0.6338853133165946,shifted,0.68620995175662
SHIFT_02,148,0.6338853133165946,0.6504830459133399,0.6315813476992272,shifted,0.6596631169883604
SHIFT_02,149,0.6315813476992272,0.6415158438071165,0.6296019094266706,shifted,0.6573043467732891
SHIFT_02,150,0.6296019094266706,0.6325176184205404,0.6365940344779814,shifted,0.6552590231609856
SHIFT_02,151,0.6365940344779814,0.623488369753612,0.6170457029842293,shifted,0.6618789355922747
SHIFT_02,152,0.6170457029842293,0.6144280978063308,0.6137722574326315,shifted,0.6428645954005174
SHIFT_02,153,0.6137722574326315,0.6053368025786974,0.5987271466014055,shifted,0.6395694474142184
SHIFT_02,154,0.5987271466014055,0.5962144840707111,0.596947171717047,shifted,0.6249045688032939
SHIFT_02,155,0.596947171717047,0.5870611422823726,0.5770338950361701,shifted,0.6230518980518576
SHIFT_02,156,0.5770338950361701,0.5778767772136814,0.5833745729867333,shifted,0.6036850734518375
SHIFT_02,157,0.5833745729867333,0.5686613888646377,0.5622852895733094,shifted,0.6096757819535419
SHIFT_02,158,0.5622852895733094,0.5594149772352415,0.54822564927244,shifted,0.5891731044861332
SHIFT_02,159,0.54822564927244,0.5501375423254928,0.5533771936991936,shifted,0.575460048255688
SHIFT_02,160,0.5533771936991936,0.5408290841353915,0.5433471877340997,shifted,0.5803022253031538
SHIFT_02,161,0.5433471877340997,0.5314896026649378,0.52054785664949,shifted,0.570481214575633
SHIFT_02,162,0.52054785664949,0.5221190979141317,0.5246107538096776,shifted,0.548326877728281
SHIFT_02,163,0.5246107538096776,0.5127175698829728,0.49522952750112953,shifted,0.5521175785510948
SHIFT_02,164,0.49522952750112953,0.5032850185714615,0.5017341969107522,shifted,0.5236060803405842
SHIFT_02,165,0.5017341969107522,0.4938214439795976,0.4695137213208271,shifted,0.5297551809363514
SHIFT_02,166,0.4695137213208271,0.4843268461073813,0.48340611397945277,shifted,0.4985013774751743
SHIFT_02,167,0.48340611397945277,0.47480122495481236,0.45555725611566744,shifted,0.5117859530674833
SHIFT_02,168,0.45555725611566744,0.465244580521891,0.4589727239639747,shifted,0.4847545017340089
SHIFT_03,0,1.723501291867783,1.7053840883296298,1.6940215805747023,shifted,1.731828799703776
SHIFT_03,1,1.6940215805747023,1.701312116167802,1.6863626632618594,shifted,1.7032221792044382
SHIFT_03,2,1.6863626632618594,1.6972189281240277,1.6890854136581885,shifted,1.6956912980909367
SHIFT_03,3,1.6890854136581885,1.6931045241983076,1.6774429801881128,shifted,1.698187610452935
SHIFT_03,4,1.6774429801881128,1.6889689043906415,1.6998943146805727,shifted,1.686809227344541
SHIFT_03,5,1.6998943146805727,1.6848120687010295,1.6894330208809043,shifted,1.7083605061407658
SHIFT_03,6,1.6894330208809043,1.6806340171294711,1.6828110807843577,shifted,1.6981229335773191
SHIFT_03,7,1.6828110807843577,1.6764347496759668,1.686312978309691,shifted,1.6915936228731943
SHIFT_03,8,1.686312978309691,1.6722142663405166,1.6619591956881121,shifted,1.694842478971639
SHIFT_03,9,1.6619591956881121,1.6679725671231203,1.6505683567361351,shifted,1.6711867661656141
SHIFT_03,10,1.6505683567361351,1.6637096520237777,1.66289623163494,shifted,1.660051387069776
SHIFT_03,11,1.66289623163494,1.6594255210424893,1.6582130272118305,shifted,1.6718248641841673
SHIFT_03,12,1.6582130272118305,1.6551201741792547,1.6422383887404048,shifted,1.667168092482445
SHIFT_03,13,1.6422383887404048,1.6507936114340742,1.6518043111955893,shifted,1.6516054242533005
SHIFT_03,14,1.6518043111955893,1.6464458328069473,1.6567975886602178,shifted,1.6607112537124076
SHIFT_03,15,1.6567975886602178,1.6420768382978748,1.6323534941052404,shifted,1.6654005677041037
SHIFT_03,16,1.6323534941052404,1.637686627906856,1.6352220103015898,shifted,1.6416576265977036
SHIFT_03,17,1.6352220103015898,1.6332752016338914,1.6322849929130034,shifted,1.6442947276961417
SHIFT_03,18,1.6322849929130034,1.6288425594789804,1.6292468881427127,shifted,1.6413245207863272
SHIFT_03,19,1.6292468881427127,1.6243887014421234,1.630142673780041,shifted,1.6382566780474068
SHIFT_03,20,1.630142673780041,1.6199136275233206,1.6213021507019658,shifted,1.6389884059876523
SHIFT_03,21,1.6213021507019658,1.6154173377225716,1.6248964289407217,shifted,1.6303162641488358
SHIFT_03,22,1.6248964289407217,1.6108998320398764,1.5982585035688195,shifted,1.6336543466907423
SHIFT_03,23,1.5982585035688195,1.6063611104752356,1.5970800109825432,shifted,1.6077924814702151
SHIFT_03,24,1.5970800109825432,1.6018011730286483,1.6054171849065233,shifted,1.6065207558562955
SHIFT_03,25,1.6054171849065233,1.597220019700115,1.5881933457810062,shifted,1.6144397914783934
SHIFT_03,26,1.5881933457810062,1.5926176504896359,1.5823954507850058,shifted,1.5976705756117024
SHIFT_03,27,1.5823954507850058,1.5879940653972107,1.5828943559074924,shifted,1.591937173608105
SHIFT_03,28,1.5828943559074924,1.5833492644228393,1.5822057463070818,shifted,1.5922855722201097
SHIFT_03,29,1.5822057463070818,1.5786832475665218,1.5690192439949713,shifted,1.5914870029060484
SHIFT_03,30,1.5690192439949713,1.5739960148282583,1.5752191250774137,shifted,1.5786172720246088
SHIFT_03,31,1.5752191250774137,1.569287566208049,1.5784336448412228,shifted,1.5844719910613314
SHIFT_03,32,1.5784336448412228,1.5645579017058935,1.5419620716845404,shifted,1.5874432816957214
SHIFT_03,33,1.5419620716845404,1.5598070213217916,1.5321674443483044,shifted,1.5520835311960501
SHIFT_03,34,1.5321674443483044,1.555034925055744,1.5577711389038709,shifted,1.5424898622711833
SHIFT_03,35,1.5577711389038709,1.5502416129077505,1.5374638099442859,shifted,1.5670858661677196
SHIFT_03,36,1.5374638099442859,1.5454270848778104,1.5551547280921054,shifted,1.5473384439075972
SHIFT_03,37,1.5551547280921054,1.5405913409659249,1.5644285773754352,shifted,1.5642918471939493
SHIFT_03,38,1.5644285773754352,1.535734381172093,1.529438648964568,shifted,1.5731155760999245
SHIFT_03,39,1.529438648964568,1.530856205496315,1.5221207389279037,shifted,1.5391868807008824
SHIFT_03,40,1.5221207389279037,1.525956813938591,1.5209666497845613,shifted,1.5319853634266585
SHIFT_03,41,1.5209666497845613,1.5210362064989211,1.5189100167353604,shifted,1.530737208018473
SHIFT_03,42,1.5189100167353604,1.516094383177305,1.5106775647307646,shifted,1.5286173253870992
SHIFT_03,43,1.5106775647307646,1.511131343973743,1.4971091509887189,shifted,1.5205324924924177
SHIFT_03,44,1.4971091509887189,1.5061470888882347,1.5052843143512045,shifted,1.507293890259501
SHIFT_03,45,1.5052843143512045,1.5011416179207806,1.4759236895085894,shifted,1.5150564470488441
SHIFT_03,46,1.4759236895085894,1.4961149310713804,1.4950004209810523,shifted,1.486564846882711
SHIFT_03,47,1.4950004209810523,1.4910670283400342,1.4870028371919612,shifted,1.5048567459403013
SHIFT_03,48,1.4870028371919612,1.4859979097267417,1.493989990122726,shifted,1.4969987618626002
SHIFT_03,49,1.493989990122726,1.4809075752315033,1.4774295198444747,shifted,1.5036138719426586
SHIFT_03,50,1.4774295198444747,1.475796024854319,1.4755169205681353,shifted,1.4874853746930041
SHIFT_03,51,1.4755169205681353,1.4706632585951882,1.4560457863907812,shifted,1.485504607909676
SHIFT_03,52,1.4560457863907812,1.4655092764541118,1.462078843926595,shifted,1.466564829190025
SHIFT_03,53,1.462078843926595,1.4603340784310892,1.4629075947854622,shifted,1.4722584207446152
SHIFT_03,54,1.4629075947854622,1.4551376645261207,1.460130227391801,shifted,1.4729254027584788
SHIFT_03,55,1.460130227391801,1.4499200347392058,1.4458683936295231,shifted,1.4701093947146193
SHIFT_03,56,1.4458683936295231,1.444681189070345,1.4552750707344067,shifted,1.4562010487663928
SHIFT_03,57,1.4552750707344067,1.4394211275195383,1.4468946425252014,shifted,1.4651530701878828
SHIFT_03,58,1.4468946425252014,1.4341398500867855,1.422317145697826,shifted,1.4569253136247737
SHIFT_03,59,1.422317145697826,1.4288373567720865,1.398836772759078,shifted,1.4330535251662067
SHIFT_03,60,1.398836772759078,1.4235136475754415,1.4071931131429285,shifted,1.4102414001264694
SHIFT_03,61,1.4071931131429285,1.4181687224968507,1.413486052176738,shifted,1.4181789477840847
SHIFT_03,62,1.413486052176738,1.4128025815363137,1.4090084310526634,shifted,1.4241235473784337
SHIFT_03,63,1.4090084310526634,1.4074152246938303,1.3990715429325478,shifted,1.4196653394886636
SHIFT_03,64,1.3990715429325478,1.4020066519694012,1.3923759986922297,shifted,1.409934267167358
SHIFT_03,65,1.3923759986922297,1.396576863363026,1.3976180316947597,shifted,1.4033338654775775
SHIFT_03,66,1.3976180316947597,1.3911258588747046,1.379771501088813,shifted,1.4082634414364756
SHIFT_03,67,1.379771501088813,1.3856536385044373,1.3588866125916488,shifted,1.3908927954214956
SHIFT_03,68,1.3588866125916488,1.3801602022522241,1.37154209612774,shifted,1.3705875339596996
SHIFT_03,69,1.37154209612774,1.3746455501180648,1.3792902188545189,shifted,1.382677433760921
SHIFT_03,70,1.3792902188545189,1.3691096821019593,1.3550440430826771,shifted,1.3900275308957954
SHIFT_03,71,1.3550440430826771,1.3635525982039076,1.3643709360795488,shifted,1.3664757507845777
SHIFT_03,72,1.3643709360795488,1.35797429842391,1.3581272642044315,shifted,1.3753507122664013
SHIFT_03,73,1.3581272642044315,1.3523747827619663,1.346591185234412,shifted,1.369186754099861
SHIFT_03,74,1.346591185234412,1.3467540512180767,1.345200222223654,shifted,1.3579110940971304
SHIFT_03,75,1.345200222223654,1.341112103792241,1.3262736847180783,shifted,1.3564341527015291
SHIFT_03,76,1.3262736847180783,1.3354489404844594,1.3303674756372061,shifted,1.3380203758100053
SHIFT_03,77,1.3303674756372061,1.3297645612947315,1.3390614345018108,shifted,1.341840915547602
SHIFT_03,78,1.3390614345018108,1.3240589662230575,1.317571148132738,shifted,1.3501045539569407
SHIFT_03,79,1.317571148132738,1.3183321552694378,1.3015607685948478,shifted,1.3292145654781238
SHIFT_03,80,1.3015607685948478,1.312584128433872,1.3214525795143894,shifted,1.313617376534341
SHIFT_03,81,1.3214525795143894,1.3068148857163597,1.2874102020665041,shifted,1.3326965247644837
SHIFT_03,82,1.2874102020665041,1.3010244271169016,1.3117339690386336,shifted,1.2996830269136468
SHIFT_03,83,1.3117339690386336,1.2952127526354975,1.2903317156592435,shifted,1.3230428053911771
SHIFT_03,84,1.2903317156592435,1.2893798622721475,1.2897064230320368,shifted,1.302237844081839
SHIFT_03,85,1.2897064230320368,1.2835257560268514,1.2811890461975948,shifted,1.3015004298305655
SHIFT_03,86,1.2811890461975948,1.2776504338996089,1.2719575695496013,shifted,1.2931404006500002
SHIFT_03,87,1.2719575695496013,1.2717538958904206,1.2766204397688194,shifted,1.2840906540567911
SHIFT_03,88,1.2766204397688194,1.265836141999286,1.2591262765768976,shifted,1.288460842309902
SHIFT_03,89,1.2591262765768976,1.2598971722262058,1.245762971060253,shifted,1.2714305323886854
SHIFT_03,90,1.245762971060253,1.2539369865711794,1.248403973732073,shifted,1.2583900351151192
SHIFT_03,91,1.248403973732073,1.247955585034207,1.224504668795137,shifted,1.2608073909671618
SHIFT_03,92,1.224504668795137,1.2419529676152883,1.2344976752983507,shifted,1.237590638047147
SHIFT_03,93,1.2344976752983507,1.2359291343144236,1.2121674779506615,shifted,1.247108969090764
SHIFT_03,94,1.2121674779506615,1.229884085131613,1.2240603266794352,shifted,1.2254077477618206
SHIFT_03,95,1.2240603266794352,1.2238178200668564,1.225024965400738,shifted,1.2367610523474806
SHIFT_03,96,1.225024965400738,1.2177303391201535,1.2180854190858574,shifted,1.237559282434947
SHIFT_03,97,1.2180854190858574,1.2116216422915047,1.2041227420721776,shifted,1.2307232099378742
SHIFT_03,98,1.2041227420721776,1.2054917295809098,1.1724035169520326,shifted,1.2171038062561244
SHIFT_03,99,1.1724035169520326,1.199340600988369,1.1884767341389584,shifted,1.1863341384445336
SHIFT_03,100,1.1884767341389584,1.1931682565138821,1.1998196227643716,shifted,1.201725075952285
SHIFT_03,101,1.1998196227643716,1.1869746961574488,1.1746476830835277,shifted,1.212547198408572
SHIFT_03,102,1.1746476830835277,1.18075991991907,1.1800683124761349,shifted,1.1881012639005613
SHIFT_03,103,1.1800683124761349,1.1745239277987447,1.1617821576461744,shifted,1.1932033382101577
SHIFT_03,104,1.1617821576461744,1.1682667197964733,1.177959505416535,shifted,1.175408078609558
SHIFT_03,105,1.177959505416535,1.1619882959122563,1.1348213427623794,shifted,1.1908995912403118
SHIFT_03,106,1.1348213427623794,1.155688656146093,1.144362783855384,shifted,1.1491008769262008
SHIFT_03,107,1.144362783855384,1.1493678004979837,1.139389467762173,shifted,1.158183060920822
SHIFT_03,108,1.139389467762173,1.1430257289679282,1.1419268362787829,shifted,1.1532460831937192
SHIFT_03,109,1.1419268362787829,1.1366624415559268,1.1307427624679685,shifted,1.1555633434008161
SHIFT_03,110,1.1307427624679685,1.1302779382619794,1.1256075296108894,shifted,1.1446276696059474
SHIFT_03,111,1.1256075296108894,1.1238722190860857,1.094693178622214,shifted,1.139534303641067
SHIFT_03,112,1.094693178622214,1.1174452840282463,1.130965342523257,shifted,1.1095420281392434
SHIFT_03,113,1.130965342523257,1.1109971330884607,1.1066034442883768,shifted,1.1444422345214766
SHIFT_03,114,1.1066034442883768,1.104527766266729,1.091778477149796,shifted,1.1207786832036613
SHIFT_03,115,1.091778477149796,1.0980371835630514,1.1054598871728203,shifted,1.1063264316446138
SHIFT_03,116,1.1054598871728203,1.0915253849774276,1.0739010760890775,shifted,1.1194072284446892
SHIFT_03,117,1.0739010760890775,1.0849923705098576,1.0820046349000667,shifted,1.0887924974529088
SHIFT_03,118,1.0820046349000667,1.0784381401603418,1.081970346144665,shifted,1.0964858945742975
SHIFT_03,119,1.081970346144665,1.0718626939288798,1.073113337220492,shifted,1.096319304812246
SHIFT_03,120,1.073113337220492,1.0652660318154719,1.0612310238732752,shifted,1.0876312400241441
SHIFT_03,121,1.0612310238732752,1.0586481538201178,1.0512682073450952,shifted,1.0760211675565494
SHIFT_03,122,1.0512682073450952,1.0520090599428178,1.0354271629115064,shifted,1.0662650521331667
SHIFT_03,123,1.0354271629115064,1.0453487501835717,1.0421898948039736,shifted,1.0508314164739416
SHIFT_03,124,1.0421898948039736,1.0386672245423794,1.0193013035576504,shifted,1.0572297682032203
SHIFT_03,125,1.0193013035576504,1.0319644830192414,1.0360303003885385,shifted,1.0349892189152248
SHIFT_03,126,1.0360303003885385,1.0252405256141568,1.0273148377976435,shifted,1.0510135449643467
SHIFT_03,127,1.0273148377976435,1.0184953523271265,1.012105257273394,shifted,1.0424621935164602
SHIFT_03,128,1.012105257273394,1.0117289631581503,0.9860052921175896,shifted,1.0276384609064482
SHIFT_03,129,0.9860052921175896,1.004941358107228,1.0048494357738607,shifted,1.0022961876551544
SHIFT_03,130,1.0048494357738607,0.9981325371743595,0.9979548121758433,shifted,1.0203634404325579
SHIFT_03,131,0.9979548121758433,0.9913025003595447,0.9738946264536,shifted,1.013570756799977
SHIFT_03,132,0.9738946264536,0.9844512476627842,0.9737179266819019,shifted,0.9901986162480366
SHIFT_03,133,0.9737179266819019,0.9775787790840774,0.9724595922070202,shifted,0.9898944779867025
SHIFT_03,134,0.9724595922070202,0.9706850946234248,0.9711023254883876,shifted,0.9885456366253978
SHIFT_03,135,0.9711023254883876,0.9637701942808261,0.9534261201993353,shifted,0.9871012409873774
SHIFT_03,136,0.9534261201993353,0.9568340780562814,0.9418961836576831,shifted,0.9698951046594843
SHIFT_03,137,0.9418961836576831,0.9498767459497905,0.9380212354576355,shifted,0.9586253773565256
SHIFT_03,138,0.9380212354576355,0.9428981979613538,0.9264282461163099,shifted,0.9547492645771899
SHIFT_03,139,0.9264282461163099,0.9358984340909706,0.9468005684478947,shifted,0.9434186373649672
SHIFT_03,140,0.9468005684478947,0.9288774543386418,0.940378579049381,shifted,0.9629618903064835
SHIFT_03,141,0.940378579049381,0.9218352587043666,0.8945677195061119,shifted,0.9566257031342328
SHIFT_03,142,0.8945677195061119,0.9147718471881455,0.9039482567392323,shifted,0.9122455491555841
SHIFT_03,143,0.9039482567392323,0.9076872197899785,0.9163471705975929,shifted,0.921172323231567
SHIFT_03,144,0.9163471705975929,0.9005813765098654,0.9076043818329664,shifted,0.9330144137336832
SHIFT_03,145,0.9076043818329664,0.8934543173478061,0.9060846524188553,shifted,0.9244366691437094
SHIFT_03,146,0.9060846524188553,0.8863060423038007,0.8918407627782916,shifted,0.9228353579767247
SHIFT_03,147,0.8918407627782916,0.8791365513778494,0.8767258553727534,shifted,0.9089443434616763
SHIFT_03,148,0.8767258553727534,0.8719458445699518,0.8679462815266732,shifted,0.8942120514279609
SHIFT_03,149,0.8679462815266732,0.8647339218801084,0.8715736568182021,shifted,0.8855987777554657
SHIFT_03,150,0.8715736568182021,0.857500783308319,0.8548927228225514,shifted,0.8889688272761777
SHIFT_03,151,0.8548927228225514,0.8502464288545836,0.8267184114469874,shifted,0.8727239794521279
SHIFT_03,152,0.8267184114469874,0.842970858518902,0.8373442274702063,shifted,0.8453781869721919
SHIFT_03,153,0.8373442274702063,0.8356740723012744,0.8107669651057663,shifted,0.8555077207308239
SHIFT_03,154,0.8107669651057663,0.8283560702017005,0.8293999423644675,shifted,0.8297044472250068
SHIFT_03,155,0.8293999423644675,0.8210168522201808,0.8171591699795054,shifted,0.8475677437226222
SHIFT_03,156,0.8171591699795054,0.813656418356715,0.8050647247940731,shifted,0.8356114515314529
SHIFT_03,157,0.8050647247940731,0.8062747686113032,0.8017520446320828,shifted,0.8237964903076689
SHIFT_03,158,0.8017520446320828,0.7988719029839453,0.7743821694350544,shifted,0.8204634473472324
SHIFT_03,159,0.7743821694350544,0.7914478214746414,0.7790348093878476,shifted,0.7938946241777032
SHIFT_03,160,0.7790348093878476,0.7840025240833914,0.7707058841041499,shifted,0.7982549314691397
SHIFT_03,161,0.7707058841041499,0.7765360108101953,0.7701277364227005,shifted,0.790076919302893
SHIFT_03,162,0.7701277364227005,0.7690482816550532,0.7595385643260745,shifted,0.789385040268672
SHIFT_03,163,0.7595385643260745,0.7615393366179649,0.7558824903780675,shifted,0.7790239557165127
SHIFT_03,164,0.7558824903780675,0.7540091756989308,0.7487997937325684,shifted,0.7753592438925436
SHIFT_03,165,0.7487997937325684,0.7464577988979506,0.7251023341283441,shifted,0.7683849088251975
SHIFT_03,166,0.7251023341283441,0.7388852062150244,0.7190840781098088,shifted,0.7453631093808598
SHIFT_03,167,0.7190840781098088,0.731291397650152,0.7349997105234461,shifted,0.7394168704160617
SHIFT_03,168,0.7349997105234461,0.7236763732033338,0.7076423941321032,shifted,0.7546556037640556
SHIFT_04,0,1.6687147106438456,1.6739985140354723,1.6664518714517251,shifted,1.6789128650791059
SHIFT_04,1,1.6664518714517251,1.6699498266783197,1.6753031163604697,shifted,1.6765938170584311
SHIFT_04,2,1.6753031163604697,1.6658763081802745,1.6781243010046099,shifted,1.6850093710982608
SHIFT_04,3,1.6781243010046099,1.6617779585413377,1.6482524885366132,shifted,1.687600756744732
SHIFT_04,4,1.6482524885366132,1.6576547777615085,1.6760356897075352,shifted,1.6586154230701131
SHIFT_04,5,1.6760356897075352,1.6535067658407874,1.6585143107983769,shifted,1.6853165159682935
SHIFT_04,6,1.6585143107983769,1.6493339227791741,1.6367730154284428,shifted,1.6682599195900307
SHIFT_04,7,1.6367730154284428,1.6451362485766685,1.6322904143928958,shifted,1.64712749262385
SHIFT_04,8,1.6322904143928958,1.6409137432332712,1.6356691089954891,shifted,1.6426644748579382
SHIFT_04,9,1.6356691089954891,1.6366664067489816,1.6268798953659274,shifted,1.6457943347047528
SHIFT_04,10,1.6268798953659274,1.6323942391237998,1.6129775569428841,shifted,1.637171750391931
SHIFT_04,11,1.6129775569428841,1.628097240357726,1.603326148714204,shifted,1.623610625085034
SHIFT_04,12,1.603326148714204,1.62377541045076,1.6266082345724766,shifted,1.614155285159041
SHIFT_04,13,1.6266082345724766,1.619428749402902,1.6047613941300085,shifted,1.6365089499406775
SHIFT_04,14,1.6047613941300085,1.615057257214152,1.6262567513395123,shifted,1.6152745816590615
SHIFT_04,15,1.6262567513395123,1.6106609338845095,1.6274799245723914,shifted,1.6359025242974634
SHIFT_04,16,1.6274799245723914,1.606239779413975,1.5969071617051054,shifted,1.6369504614301071
SHIFT_04,17,1.5969071617051054,1.6017937938025486,1.6115055903500217,shifted,1.607288110780249
SHIFT_04,18,1.6115055903500217,1.59732297705023,1.5870612308992182,shifted,1.6212546152912564
SHIFT_04,19,1.5870612308992182,1.5928273291570194,1.6082082085900342,shifted,1.5975114183336987
SHIFT_04,20,1.6082082085900342,1.5883068501229165,1.591350961338753,shifted,1.6178028766099881
SHIFT_04,21,1.591350961338753,1.5837615399479217,1.5614389793127152,shifted,1.601387735613779
SHIFT_04,22,1.5614389793127152,1.5791913986320345,1.5686820986367196,shifted,1.5723636039404583
SHIFT_04,23,1.5686820986367196,1.5745964261752554,1.5669388057726756,shifted,1.5792259406338258
SHIFT_04,24,1.5669388057726756,1.5699766225775842,1.5680972008677103,shifted,1.5774086994227166
SHIFT_04,25,1.5680972008677103,1.5653319878390208,1.5751277944045974,shifted,1.5783940702182992
SHIFT_04,26,1.5751277944045974,1.5606625219595653,1.5366448699118664,shifted,1.5850511376576648
SHIFT_04,27,1.5366448699118664,1.555968224939218,1.5503301222042407,shifted,1.54774871190015
SHIFT_04,28,1.5503301222042407,1.551249096777978,1.5760607219781435,shifted,1.560833219778179
SHIFT_04,29,1.5760607219781435,1.5465051374758463,1.5368664941102017,shifted,1.585551795809844
SHIFT_04,30,1.5368664941102017,1.5417363470328223,1.5294017219897182,shifted,1.5475623535957423
SHIFT_04,31,1.5294017219897182,1.5369427254489063,1.5326638174403595,shifted,1.540218988733065
SHIFT_04,32,1.5326638174403595,1.5321242727240985,1.5137915571259828,shifted,1.543236230618252
SHIFT_04,33,1.5137915571259828,1.527280988858398,1.5300001341972695,shifted,1.5248748776640673
SHIFT_04,34,1.5300001341972695,1.522412873851806,1.519286023734791,shifted,1.5403965532947612
SHIFT_04,35,1.519286023734791,1.5175199277043214,1.5221363441876092,shifted,1.5299147963032587
SHIFT_04,36,1.5221363441876092,1.5126021504159448,1.519107855531897,shifted,1.5325343229381398
SHIFT_04,37,1.519107855531897,1.5076595419866763,1.5229827553588637,shifted,1.5294757679788002
SHIFT_04,38,1.5229827553588637,1.5026921024165154,1.4939655349192578,shifted,1.5330848904959034
SHIFT_04,39,1.4939655349192578,1.4976998317054626,1.4962353505281862,shifted,1.504924969447786
SHIFT_04,40,1.4962353505281862,1.4926827298535177,1.4687450635803072,shifted,1.5069838121399508
SHIFT_04,41,1.4687450635803072,1.4876407968606804,1.4934355955817753,shifted,1.4802986885882166
SHIFT_04,42,1.4934355955817753,1.4825740327269514,1.479816733894497,shifted,1.5040127091790807
SHIFT_04,43,1.479816733894497,1.4774824374523299,1.477182273281988,shifted,1.4907253815080688
SHIFT_04,44,1.477182273281988,1.4723660110368166,1.4636905582544484,shifted,1.4880474008008293
SHIFT_04,45,1.4636905582544484,1.4672247534804113,1.4614475645111356,shifted,1.4748828784625136
SHIFT_04,46,1.4614475645111356,1.4620586647831133,1.4676515043902982,shifted,1.4725829982827272
SHIFT_04,47,1.4676515043902982,1.4568677449449237,1.4500716315929258,shifted,1.4784416375316094
SHIFT_04,48,1.4500716315929258,1.4516519939658419,1.447617956053435,shifted,1.4613285444949402
SHIFT_04,49,1.447617956053435,1.446411411845868,1.43820718894654,shifted,1.4588251760904076
SHIFT_04,50,1.43820718894654,1.441145998585002,1.434768070876577,shifted,1.4496022607761336
SHIFT_04,51,1.434768070876577,1.4358557541832437,1.4387289659725735,shifted,1.4461470970349715
SHIFT_04,52,1.4387289659725735,1.4305406786405934,1.4188411706132773,shifted,1.4498392785773384
SHIFT_04,53,1.4188411706132773,1.425200771957051,1.414661567197393,shifted,1.4304970652583433
SHIFT_04,54,1.414661567197393,1.4198360341326166,1.4069372692296125,shifted,1.4263266994863197
SHIFT_04,55,1.4069372692296125,1.4144464651672901,1.405328407061085,shifted,1.4187326700911569
SHIFT_04,56,1.405328407061085,1.4090320650610713,1.403188397713685,shifted,1.4170452695405997
SHIFT_04,57,1.403188397713685,1.4035928338139605,1.391700405470921,shifted,1.414844857432004
SHIFT_04,58,1.391700405470921,1.3981287714259576,1.3895542329106736,shifted,1.4036156422714032
SHIFT_04,59,1.3895542329106736,1.3926398778970626,1.395303761393002,shifted,1.401409277388226
SHIFT_04,60,1.395303761393002,1.3871261532272754,1.3746848681246915,shifted,1.4068290207755596
SHIFT_04,61,1.3746848681246915,1.381587597416596,1.3701569493662145,shifted,1.3867806723356397
SHIFT_04,62,1.3701569493662145,1.3760242104650249,1.3797383924453646,shifted,1.3822738841863544
SHIFT_04,63,1.3797383924453646,1.3704359923725615,1.3630720265109886,shifted,1.3913947043293982
SHIFT_04,64,1.3630720265109886,1.3648229431392058,1.3628410762779617,shifted,1.3751639271511307
SHIFT_04,65,1.3628410762779617,1.3591850627649582,1.3398850294844065,shifted,1.3748073907696567
SHIFT_04,66,1.3398850294844065,1.3535223512498185,1.3436527099746884,shifted,1.3525016891533417
SHIFT_04,67,1.3436527099746884,1.3478348085937866,1.3653257366777027,shifted,1.3560072532573486
SHIFT_04,68,1.3653257366777027,1.3421224347968626,1.3429137281435126,shifted,1.376806798998068
SHIFT_04,69,1.3429137281435126,1.3363852298590464,1.3311528981133178,shifted,1.355026559864039
SHIFT_04,70,1.3311528981133178,1.3306231937803383,1.3278325021935404,shifted,1.3435338227569997
SHIFT_04,71,1.3278325021935404,1.324836326560738,1.3085817327434048,shifted,1.340193327487521
SHIFT_04,72,1.3085817327434048,1.3190246282002454,1.3042785197172493,shifted,1.321466389307261
SHIFT_04,73,1.3042785197172493,1.3131880986988609,1.3064008158994747,shifted,1.3171766344821156
SHIFT_04,74,1.3064008158994747,1.3073267380565843,1.308722923895862,shifted,1.3190929946874217
SHIFT_04,75,1.308722923895862,1.3014405462734155,1.2735171595302646,shifted,1.3212023442828158
SHIFT_04,76,1.2735171595302646,1.2955295233493547,1.3123020002057935,shifted,1.2870651824853419
SHIFT_04,77,1.3123020002057935,1.2895936692844017,1.2755172903463259,shifted,1.324392272183914
SHIFT_04,78,1.2755172903463259,1.2836329840785567,1.2736827639184152,shifted,1.2887300767985976
SHIFT_04,79,1.2736827639184152,1.2776474677318195,1.2474969940419407,shifted,1.286824717125024
SHIFT_04,80,1.2474969940419407,1.2716371202441903,1.252965835718922,shifted,1.2613995688906954
SHIFT_04,81,1.252965835718922,1.265601941615669,1.2596438118328668,shifted,1.2665482093124862
SHIFT_04,82,1.2596438118328668,1.2595419318462553,1.2575175355039283,shifted,1.2728646991855377
SHIFT_04,83,1.2575175355039283,1.2534570909359497,1.2335462873252372,shifted,1.2706775511918196
SHIFT_04,84,1.2335462873252372,1.2473474188847518,1.2255876703065782,shifted,1.2473913114779156
SHIFT_04,85,1.2255876703065782,1.2412129156926621,1.2232660433733789,shifted,1.2395709636795855
SHIFT_04,86,1.2232660433733789,1.2350535813596804,1.2437428404166238,shifted,1.2371951351810244
SHIFT_04,87,1.2437428404166238,1.228869415885806,1.2163310460300563,shifted,1.2568392956237688
SHIFT_04,88,1.2163310460300563,1.22266041927104,1.2255289887022114,shifted,1.2302299845638909
SHIFT_04,89,1.2255289887022114,1.2164265915153816,1.2121333102893266,shifted,1.2389803986328243
SHIFT_04,90,1.2121333102893266,1.2101679326188313,1.2196483041356063,shifted,1.2259086338112055
SHIFT_04,91,1.2196483041356063,1.2038844425813888,1.2035535210891506,shifted,1.23303356207582
SHIFT_04,92,1.2035535210891506,1.1975761214030545,1.185743901931573,shifted,1.2173548515177735
SHIFT_04,93,1.185743901931573,1.1912429690838275,1.1762614280611767,shifted,1.200019856637527
SHIFT_04,94,1.1762614280611767,1.184884985623709,1.189146630784519,shifted,1.1907276829332458
SHIFT_04,95,1.189146630784519,1.178502171022698,1.1744978346142243,shifted,1.2030394583328903
SHIFT_04,96,1.1744978346142243,1.1720945252807948,1.1699251169292673,shifted,1.188757362516952
SHIFT_04,97,1.1699251169292673,1.1656620483979998,1.1724768966716772,shifted,1.1842073050668287
SHIFT_04,98,1.1724768966716772,1.1592047403743124,1.1550716703096322,shifted,1.1865384844392624
SHIFT_04,99,1.1550716703096322,1.1527226012097334,1.1530932901185174,shifted,1.1695940746667748
SHIFT_04,100,1.1530932901185174,1.1462156309042617,1.1335466808000918,shifted,1.1675497730085185
SHIFT_04,101,1.1335466808000918,1.1396838294578981,1.1220261186686187,shifted,1.148537096189707
SHIFT_04,102,1.1220261186686187,1.1331271968706427,1.115723847524804,shifted,1.137276423214744
SHIFT_04,103,1.115723847524804,1.1265457331424948,1.1139530527503367,shifted,1.1310558666074513
SHIFT_04,104,1.1139530527503367,1.1199394382734549,1.1273342251540484,shifted,1.1292120625179605
SHIFT_04,105,1.1273342251540484,1.1133083122635228,1.1098023256967358,shifted,1.142002873086362
SHIFT_04,106,1.1098023256967358,1.1066523551126988,1.0989915435584492,shifted,1.1249361153761468
SHIFT_04,107,1.0989915435584492,1.0999715668209826,1.0834171522775482,shifted,1.1143609874904796
SHIFT_04,108,1.0834171522775482,1.0932659473883743,1.0858972493527899,shifted,1.0991849003126504
SHIFT_04,109,1.0858972493527899,1.086535496814874,1.0962890494424757,shifted,1.1014468445686585
SHIFT_04,110,1.0962890494424757,1.0797802151004814,1.0834307075454717,shifted,1.111350352691755
SHIFT_04,111,1.0834307075454717,1.0730001022451967,1.0682566077927558,shifted,1.098797577434927
SHIFT_04,112,1.0682566077927558,1.0661951582490201,1.0588002691945486,shifted,1.084008114132197
SHIFT_04,113,1.0588002691945486,1.0593653831119512,1.0603208629250136,shifted,1.074741183330898
SHIFT_04,114,1.0603208629250136,1.0525107768339903,1.0467008241016882,shifted,1.0760763857619904
SHIFT_04,115,1.0467008241016882,1.045631339415137,1.0485425063689249,shifted,1.0627879211473565
SHIFT_04,116,1.0485425063689249,1.038727070855392,1.0413615970170547,shifted,1.0644332487886916
SHIFT_04,117,1.0413615970170547,1.0317979711547547,1.0356926413063907,shifted,1.0573640544139469
SHIFT_04,118,1.0356926413063907,1.0248440403132253,1.0124474130455323,shifted,1.0517551891607908
SHIFT_04,119,1.0124474130455323,1.0178652783308038,1.0003179466819638,shifted,1.0291701799608188
SHIFT_04,120,1.0003179466819638,1.01086168520749,1.0198804225926803,shifted,1.0173213933306795
SHIFT_04,121,1.0198804225926803,1.0038332609432845,0.9866891086699665,shifted,1.0360824514481106
SHIFT_04,122,0.9866891086699665,0.9967800055381867,0.9808514458238266,shifted,1.0038909581986437
SHIFT_04,123,0.9808514458238266,0.9897019189921968,0.9814646230515556,shifted,0.9981191461882322
SHIFT_04,124,0.9814646230515556,0.9825990013053147,0.9806850046496167,shifted,0.9985779151704142
SHIFT_04,125,0.9806850046496167,0.9754712524775404,0.9673493999465457,shifted,0.9976914444818857
SHIFT_04,126,0.9673493999465457,0.9683186725088743,0.9724811619556396,shifted,0.9846777021984533
SHIFT_04,127,0.9724811619556396,0.961141261399316,0.9418530977470466,shifted,0.9895007722840277
SHIFT_04,128,0.9418530977470466,0.9539390191488656,0.9346926349199746,shifted,0.9597850085155577
SHIFT_04,129,0.9346926349199746,0.9467119457575228,0.9328022637046053,shifted,0.952735562534404
SHIFT_04,130,0.9328022637046053,0.939460041225288,0.9384165393687948,shifted,0.9507762648516267
SHIFT_04,131,0.9384165393687948,0.9321833055521613,0.929874721114091,shifted,0.9560653735265445
SHIFT_04,132,0.929874721114091,0.9248817387381425,0.9135929783542878,shifted,0.9476817374596247
SHIFT_04,133,0.9135929783542878,0.9175553407832316,0.9180203983065495,shifted,0.931822450786991
SHIFT_04,134,0.9180203983065495,0.9102041116874284,0.9053795897342469,shifted,0.9359652280453784
SHIFT_04,135,0.9053795897342469,0.9028280514507332,0.8935544100314676,shifted,0.9236225586015332
SHIFT_04,136,0.8935544100314676,0.8954271600731458,0.881362424317473,shifted,0.9120676689930689
SHIFT_04,137,0.881362424317473,0.8880014375546664,0.8839235385132941,shifted,0.9001584976886896
SHIFT_04,138,0.8839235385132941,0.8805508838952949,0.8677325924734003,shifted,0.9024986927966451
SHIFT_04,139,0.8677325924734003,0.8730754990950311,0.8660511835750836,shifted,0.886727102658227
SHIFT_04,140,0.8660511835750836,0.8655752831538754,0.8495480193086331,shifted,0.8849696324313915
SHIFT_04,141,0.8495480193086331,0.8580502360718275,0.8463074016554283,shifted,0.868896484522877
SHIFT_04,142,0.8463074016554283,0.8505003578488877,0.8422482050487413,shifted,0.8656330435510768
SHIFT_04,143,0.8422482050487413,0.8429256484850556,0.8314143772077608,shifted,0.8615789733883341
SHIFT_04,144,0.8314143772077608,0.8353261079803315,0.832741973615057,shifted,0.8509815866781538
SHIFT_04,145,0.832741973615057,0.827701736334715,0.8220533597348173,shifted,0.852130381534483
SHIFT_04,146,0.8220533597348173,0.8200525335482065,0.8114157315373337,shifted,0.8416732505636002
SHIFT_04,147,0.8114157315373337,0.8123784996208061,0.8134992609090146,shifted,0.8312653644076932
SHIFT_04,148,0.8134992609090146,0.8046796345525136,0.7849217800264076,shifted,0.8331442814660358
SHIFT_04,149,0.7849217800264076,0.7969559383433289,0.8019390643758583,shifted,0.8054090853985651
SHIFT_04,150,0.8019390643758583,0.7892074109932519,0.7661911177073566,shifted,0.8217118556058108
SHIFT_04,151,0.7661911177073566,0.7814340525022828,0.7853754702298535,shifted,0.7870510239122747
SHIFT_04,152,0.7853754702298535,0.7736358628704219,0.7790003450272769,shifted,0.8054468693801099
SHIFT_04,153,0.7790003450272769,0.7658128420976688,0.7735978241328871,shifted,0.7991559462610824
SHIFT_04,154,0.7735978241328871,0.7579649901840235,0.7551848752651124,shifted,0.7938044186078411
SHIFT_04,155,0.7551848752651124,0.750092307129486,0.750969812479844,shifted,0.7758866942564598
SHIFT_04,156,0.750969812479844,0.7421947929340564,0.7436514634582551,shifted,0.7716820798485434
SHIFT_04,157,0.7436514634582551,0.7342724475977349,0.7290726356316483,shifted,0.7644801385782048
SHIFT_04,158,0.7290726356316483,0.7263252711205213,0.7225628158970164,shifted,0.7502656220894973
SHIFT_04,159,0.7225628158970164,0.7183532635024156,0.7198353655590597,shifted,0.7438446034818795
SHIFT_04,160,0.7198353655590597,0.7103564247434175,0.7061489163821991,shifted,0.7410768081134104
SHIFT_04,161,0.7061489163821991,0.7023347548435274,0.6944176548592703,shifted,0.7277242006768014
SHIFT_04,162,0.6944176548592703,0.6942882538027453,0.6893417665646301,shifted,0.7162600224825924
SHIFT_04,163,0.6893417665646301,0.6862169216210712,0.6805467765988138,shifted,0.711223974804712
SHIFT_04,164,0.6805467765988138,0.6781207582985049,0.6841697037067062,shifted,0.7025958113842914
SHIFT_04,165,0.6841697037067062,0.6699997638350463,0.6546517712512927,shifted,0.7059615646012505
SHIFT_04,166,0.6546517712512927,0.6618539382306958,0.6481930578747144,shifted,0.6773180279724136
SHIFT_04,167,0.6481930578747144,0.6536832814854532,0.6532892802462293,shifted,0.6709463707347012
SHIFT_04,168,0.6532892802462293,0.6454877935993183,0.632973873891667,shifted,0.6757351146568851
